[finalists] 50000 games (0 already done), 50000 to play on 6 workers -> sim/out/finalists.jsonl
[finalists] depth 3, 4 random opening plies, ply cap 300, pairs off (both sides identical; --pairs forces them on)
[finalists] rules {}, values {}
[finalists] 6/50000  3.0 games/s  ETA 4h38m01s
[finalists] 15/50000  3.7 games/s  ETA 3h42m19s
[finalists] 23/50000  3.8 games/s  ETA 3h37m26s
[finalists] 33/50000  4.1 games/s  ETA 3h21m59s
[finalists] 43/50000  4.3 games/s  ETA 3h13m44s
[finalists] 53/50000  4.4 games/s  ETA 3h08m35s
[finalists] 66/50000  4.7 games/s  ETA 2h56m38s
[finalists] 76/50000  4.7 games/s  ETA 2h55m16s
[finalists] 87/50000  4.8 games/s  ETA 2h52m12s
[finalists] 95/50000  4.7 games/s  ETA 2h55m12s
[finalists] 103/50000  4.7 games/s  ETA 2h57m43s
[finalists] 111/50000  4.6 games/s  ETA 2h59m52s
[finalists] 118/50000  4.5 games/s  ETA 3h03m17s
[finalists] 130/50000  4.6 games/s  ETA 2h59m07s
[finalists] 141/50000  4.7 games/s  ETA 2h56m54s
[finalists] 147/50000  4.6 games/s  ETA 3h00m58s
[finalists] 157/50000  4.6 games/s  ETA 3h00m00s
[finalists] 165/50000  4.6 games/s  ETA 3h01m19s
[finalists] 172/50000  4.5 games/s  ETA 3h03m34s
[finalists] 181/50000  4.5 games/s  ETA 3h03m35s
[finalists] 194/50000  4.6 games/s  ETA 2h59m48s
[finalists] 201/50000  4.6 games/s  ETA 3h01m46s
[finalists] 207/50000  4.5 games/s  ETA 3h04m30s
[finalists] 217/50000  4.5 games/s  ETA 3h03m37s
[finalists] 225/50000  4.5 games/s  ETA 3h04m26s
[finalists] 233/50000  4.5 games/s  ETA 3h05m12s
[finalists] 243/50000  4.5 games/s  ETA 3h04m22s
[finalists] 253/50000  4.5 games/s  ETA 3h03m36s
[finalists] 263/50000  4.5 games/s  ETA 3h02m54s
[finalists] 273/50000  4.5 games/s  ETA 3h02m14s
[finalists] 280/50000  4.5 games/s  ETA 3h03m35s
[finalists] 291/50000  4.5 games/s  ETA 3h02m18s
[finalists] 297/50000  4.5 games/s  ETA 3h04m10s
[finalists] 305/50000  4.5 games/s  ETA 3h04m45s
[finalists] 313/50000  4.5 games/s  ETA 3h05m17s
[finalists] 320/50000  4.4 games/s  ETA 3h06m23s
[finalists] 328/50000  4.4 games/s  ETA 3h06m52s
[finalists] 338/50000  4.4 games/s  ETA 3h06m12s
[finalists] 344/50000  4.4 games/s  ETA 3h07m44s
[finalists] 353/50000  4.4 games/s  ETA 3h07m37s
[finalists] 359/50000  4.4 games/s  ETA 3h09m04s
[finalists] 366/50000  4.4 games/s  ETA 3h09m57s
[finalists] 372/50000  4.3 games/s  ETA 3h11m18s
[finalists] 377/50000  4.3 games/s  ETA 3h13m08s
[finalists] 386/50000  4.3 games/s  ETA 3h12m53s
[finalists] 392/50000  4.3 games/s  ETA 3h14m08s
[finalists] 399/50000  4.2 games/s  ETA 3h14m51s
[finalists] 405/50000  4.2 games/s  ETA 3h16m01s
[finalists] 409/50000  4.2 games/s  ETA 3h18m08s
[finalists] 413/50000  4.1 games/s  ETA 3h20m13s
[finalists] 415/50000  4.1 games/s  ETA 3h23m13s
[finalists] 418/50000  4.0 games/s  ETA 3h25m42s
[finalists] 422/50000  4.0 games/s  ETA 3h27m40s
[finalists] 429/50000  4.0 games/s  ETA 3h28m06s
[finalists] 436/50000  4.0 games/s  ETA 3h28m31s
[finalists] 441/50000  3.9 games/s  ETA 3h29m53s
[finalists] 448/50000  3.9 games/s  ETA 3h30m16s
[finalists] 451/50000  3.9 games/s  ETA 3h32m31s
[finalists] 458/50000  3.9 games/s  ETA 3h32m50s
[finalists] 462/50000  3.8 games/s  ETA 3h34m33s
[finalists] 468/50000  3.8 games/s  ETA 3h35m18s
[finalists] 475/50000  3.8 games/s  ETA 3h35m35s
[finalists] 484/50000  3.8 games/s  ETA 3h34m57s
[finalists] 491/50000  3.8 games/s  ETA 3h35m13s
[finalists] 498/50000  3.8 games/s  ETA 3h35m28s
[finalists] 504/50000  3.8 games/s  ETA 3h36m10s
[finalists] 509/50000  3.8 games/s  ETA 3h37m15s
[finalists] 514/50000  3.8 games/s  ETA 3h38m20s
[finalists] 518/50000  3.8 games/s  ETA 3h39m49s
[finalists] 521/50000  3.7 games/s  ETA 3h41m43s
[finalists] 524/50000  3.7 games/s  ETA 3h43m35s
[finalists] 531/50000  3.7 games/s  ETA 3h43m43s
[finalists] 536/50000  3.7 games/s  ETA 3h44m41s
[finalists] 541/50000  3.7 games/s  ETA 3h45m38s
[finalists] 548/50000  3.7 games/s  ETA 3h45m43s
[finalists] 553/50000  3.6 games/s  ETA 3h46m38s
[finalists] 560/50000  3.6 games/s  ETA 3h46m43s
[finalists] 569/50000  3.6 games/s  ETA 3h45m59s
[finalists] 574/50000  3.6 games/s  ETA 3h46m52s
[finalists] 580/50000  3.6 games/s  ETA 3h47m20s
[finalists] 586/50000  3.6 games/s  ETA 3h47m48s
[finalists] 594/50000  3.6 games/s  ETA 3h47m28s
[finalists] 598/50000  3.6 games/s  ETA 3h48m41s
[finalists] 607/50000  3.6 games/s  ETA 3h47m58s
[finalists] 613/50000  3.6 games/s  ETA 3h48m24s
[finalists] 619/50000  3.6 games/s  ETA 3h48m49s
[finalists] 628/50000  3.6 games/s  ETA 3h48m07s
[finalists] 632/50000  3.6 games/s  ETA 3h49m15s
[finalists] 639/50000  3.6 games/s  ETA 3h49m17s
[finalists] 644/50000  3.6 games/s  ETA 3h50m03s
[finalists] 650/50000  3.6 games/s  ETA 3h50m25s
[finalists] 658/50000  3.6 games/s  ETA 3h50m05s
[finalists] 668/50000  3.6 games/s  ETA 3h49m03s
[finalists] 675/50000  3.6 games/s  ETA 3h49m05s
[finalists] 683/50000  3.6 games/s  ETA 3h48m47s
[finalists] 689/50000  3.6 games/s  ETA 3h49m09s
[finalists] 694/50000  3.6 games/s  ETA 3h49m50s
[finalists] 697/50000  3.6 games/s  ETA 3h51m12s
[finalists] 702/50000  3.5 games/s  ETA 3h51m52s
[finalists] 709/50000  3.5 games/s  ETA 3h51m52s
[finalists] 714/50000  3.5 games/s  ETA 3h52m31s
[finalists] 719/50000  3.5 games/s  ETA 3h53m10s
[finalists] 724/50000  3.5 games/s  ETA 3h53m48s
[finalists] 732/50000  3.5 games/s  ETA 3h53m27s
[finalists] 738/50000  3.5 games/s  ETA 3h53m45s
[finalists] 741/50000  3.5 games/s  ETA 3h55m01s
[finalists] 746/50000  3.5 games/s  ETA 3h55m37s
[finalists] 752/50000  3.5 games/s  ETA 3h55m53s
[finalists] 759/50000  3.5 games/s  ETA 3h55m51s
[finalists] 765/50000  3.5 games/s  ETA 3h56m07s
[finalists] 771/50000  3.5 games/s  ETA 3h56m22s
[finalists] 775/50000  3.5 games/s  ETA 3h57m15s
[finalists] 778/50000  3.4 games/s  ETA 3h58m26s
[finalists] 785/50000  3.4 games/s  ETA 3h58m22s
[finalists] 790/50000  3.4 games/s  ETA 3h58m55s
[finalists] 796/50000  3.4 games/s  ETA 3h59m09s
[finalists] 802/50000  3.4 games/s  ETA 3h59m22s
[finalists] 807/50000  3.4 games/s  ETA 3h59m54s
[finalists] 812/50000  3.4 games/s  ETA 4h00m25s
[finalists] 815/50000  3.4 games/s  ETA 4h01m32s
[finalists] 819/50000  3.4 games/s  ETA 4h02m20s
[finalists] 828/50000  3.4 games/s  ETA 4h01m38s
[finalists] 837/50000  3.4 games/s  ETA 4h00m57s
[finalists] 841/50000  3.4 games/s  ETA 4h01m44s
[finalists] 846/50000  3.4 games/s  ETA 4h02m13s
[finalists] 852/50000  3.4 games/s  ETA 4h02m25s
[finalists] 859/50000  3.4 games/s  ETA 4h02m19s
[finalists] 865/50000  3.4 games/s  ETA 4h02m30s
[finalists] 870/50000  3.4 games/s  ETA 4h02m58s
[finalists] 877/50000  3.4 games/s  ETA 4h02m51s
[finalists] 884/50000  3.4 games/s  ETA 4h02m45s
[finalists] 889/50000  3.4 games/s  ETA 4h03m12s
[finalists] 897/50000  3.4 games/s  ETA 4h02m49s
[finalists] 905/50000  3.4 games/s  ETA 4h02m27s
[finalists] 910/50000  3.4 games/s  ETA 4h02m53s
[finalists] 915/50000  3.4 games/s  ETA 4h03m19s
[finalists] 921/50000  3.4 games/s  ETA 4h03m29s
[finalists] 929/50000  3.4 games/s  ETA 4h03m07s
[finalists] 934/50000  3.4 games/s  ETA 4h03m32s
[finalists] 939/50000  3.4 games/s  ETA 4h03m57s
[finalists] 945/50000  3.3 games/s  ETA 4h04m06s
[finalists] 954/50000  3.4 games/s  ETA 4h03m29s
[finalists] 958/50000  3.3 games/s  ETA 4h04m09s
[finalists] 966/50000  3.4 games/s  ETA 4h03m47s
[finalists] 971/50000  3.3 games/s  ETA 4h04m11s
[finalists] 979/50000  3.4 games/s  ETA 4h03m49s
[finalists] 987/50000  3.4 games/s  ETA 4h03m27s
[finalists] 991/50000  3.3 games/s  ETA 4h04m06s
[finalists] 995/50000  3.3 games/s  ETA 4h04m45s
[finalists] 1001/50000  3.3 games/s  ETA 4h04m53s
[finalists] 1007/50000  3.3 games/s  ETA 4h05m01s
[finalists] 1014/50000  3.3 games/s  ETA 4h04m54s
[finalists] 1019/50000  3.3 games/s  ETA 4h05m17s
[finalists] 1027/50000  3.3 games/s  ETA 4h04m55s
[finalists] 1033/50000  3.3 games/s  ETA 4h05m03s
[finalists] 1038/50000  3.3 games/s  ETA 4h05m25s
[finalists] 1045/50000  3.3 games/s  ETA 4h05m18s
[finalists] 1049/50000  3.3 games/s  ETA 4h05m54s
[finalists] 1057/50000  3.3 games/s  ETA 4h05m32s
[finalists] 1065/50000  3.3 games/s  ETA 4h05m11s
[finalists] 1071/50000  3.3 games/s  ETA 4h05m18s
[finalists] 1075/50000  3.3 games/s  ETA 4h05m54s
[finalists] 1082/50000  3.3 games/s  ETA 4h05m47s
[finalists] 1090/50000  3.3 games/s  ETA 4h05m26s
[finalists] 1095/50000  3.3 games/s  ETA 4h05m46s
[finalists] 1098/50000  3.3 games/s  ETA 4h06m34s
[finalists] 1105/50000  3.3 games/s  ETA 4h06m27s
[finalists] 1111/50000  3.3 games/s  ETA 4h06m33s
[finalists] 1117/50000  3.3 games/s  ETA 4h06m40s
[finalists] 1122/50000  3.3 games/s  ETA 4h06m59s
[finalists] 1129/50000  3.3 games/s  ETA 4h06m52s
[finalists] 1133/50000  3.3 games/s  ETA 4h07m25s
[finalists] 1139/50000  3.3 games/s  ETA 4h07m31s
[finalists] 1144/50000  3.3 games/s  ETA 4h07m50s
[finalists] 1150/50000  3.3 games/s  ETA 4h07m55s
[finalists] 1156/50000  3.3 games/s  ETA 4h08m01s
[finalists] 1161/50000  3.3 games/s  ETA 4h08m19s
[finalists] 1163/50000  3.3 games/s  ETA 4h09m17s
[finalists] 1167/50000  3.3 games/s  ETA 4h09m48s
[finalists] 1173/50000  3.3 games/s  ETA 4h09m53s
[finalists] 1178/50000  3.3 games/s  ETA 4h10m11s
[finalists] 1183/50000  3.2 games/s  ETA 4h10m28s
[finalists] 1190/50000  3.2 games/s  ETA 4h10m20s
[finalists] 1195/50000  3.2 games/s  ETA 4h10m37s
[finalists] 1201/50000  3.2 games/s  ETA 4h10m42s
[finalists] 1207/50000  3.2 games/s  ETA 4h10m46s
[finalists] 1213/50000  3.2 games/s  ETA 4h10m50s
[finalists] 1216/50000  3.2 games/s  ETA 4h11m32s
[finalists] 1221/50000  3.2 games/s  ETA 4h11m49s
[finalists] 1227/50000  3.2 games/s  ETA 4h11m53s
[finalists] 1234/50000  3.2 games/s  ETA 4h11m44s
[finalists] 1236/50000  3.2 games/s  ETA 4h12m38s
[finalists] 1241/50000  3.2 games/s  ETA 4h12m54s
[finalists] 1246/50000  3.2 games/s  ETA 4h13m10s
[finalists] 1247/50000  3.2 games/s  ETA 4h14m15s
[finalists] 1251/50000  3.2 games/s  ETA 4h14m43s
[finalists] 1256/50000  3.2 games/s  ETA 4h14m59s
[finalists] 1259/50000  3.2 games/s  ETA 4h15m39s
[finalists] 1264/50000  3.2 games/s  ETA 4h15m54s
[finalists] 1268/50000  3.2 games/s  ETA 4h16m21s
[finalists] 1274/50000  3.2 games/s  ETA 4h16m23s
[finalists] 1277/50000  3.2 games/s  ETA 4h17m02s
[finalists] 1280/50000  3.2 games/s  ETA 4h17m41s
[finalists] 1288/50000  3.2 games/s  ETA 4h17m18s
[finalists] 1294/50000  3.2 games/s  ETA 4h17m20s
[finalists] 1299/50000  3.2 games/s  ETA 4h17m34s
[finalists] 1305/50000  3.2 games/s  ETA 4h17m36s
[finalists] 1310/50000  3.1 games/s  ETA 4h17m50s
[finalists] 1313/50000  3.1 games/s  ETA 4h18m28s
[finalists] 1320/50000  3.1 games/s  ETA 4h18m17s
[finalists] 1325/50000  3.1 games/s  ETA 4h18m30s
[finalists] 1332/50000  3.1 games/s  ETA 4h18m20s
[finalists] 1339/50000  3.1 games/s  ETA 4h18m09s
[finalists] 1343/50000  3.1 games/s  ETA 4h18m34s
[finalists] 1351/50000  3.1 games/s  ETA 4h18m12s
[finalists] 1354/50000  3.1 games/s  ETA 4h18m49s
[finalists] 1362/50000  3.1 games/s  ETA 4h18m26s
[finalists] 1368/50000  3.1 games/s  ETA 4h18m28s
[finalists] 1373/50000  3.1 games/s  ETA 4h18m40s
[finalists] 1378/50000  3.1 games/s  ETA 4h18m53s
[finalists] 1387/50000  3.1 games/s  ETA 4h18m20s
[finalists] 1395/50000  3.1 games/s  ETA 4h17m58s
[finalists] 1400/50000  3.1 games/s  ETA 4h18m11s
[finalists] 1406/50000  3.1 games/s  ETA 4h18m12s
[finalists] 1408/50000  3.1 games/s  ETA 4h18m58s
[finalists] 1414/50000  3.1 games/s  ETA 4h18m59s
[finalists] 1418/50000  3.1 games/s  ETA 4h19m22s
[finalists] 1423/50000  3.1 games/s  ETA 4h19m34s
[finalists] 1430/50000  3.1 games/s  ETA 4h19m24s
[finalists] 1439/50000  3.1 games/s  ETA 4h18m51s
[finalists] 1445/50000  3.1 games/s  ETA 4h18m52s
[finalists] 1451/50000  3.1 games/s  ETA 4h18m53s
[finalists] 1457/50000  3.1 games/s  ETA 4h18m54s
[finalists] 1463/50000  3.1 games/s  ETA 4h18m55s
[finalists] 1463/50000  3.1 games/s  ETA 4h20m01s
[finalists] 1469/50000  3.1 games/s  ETA 4h20m01s
[finalists] 1475/50000  3.1 games/s  ETA 4h20m02s
[finalists] 1479/50000  3.1 games/s  ETA 4h20m24s
[finalists] 1483/50000  3.1 games/s  ETA 4h20m46s
[finalists] 1490/50000  3.1 games/s  ETA 4h20m35s
[finalists] 1493/50000  3.1 games/s  ETA 4h21m08s
[finalists] 1497/50000  3.1 games/s  ETA 4h21m30s
[finalists] 1501/50000  3.1 games/s  ETA 4h21m51s
[finalists] 1504/50000  3.1 games/s  ETA 4h22m24s
[finalists] 1508/50000  3.1 games/s  ETA 4h22m45s
[finalists] 1514/50000  3.1 games/s  ETA 4h22m44s
[finalists] 1517/50000  3.1 games/s  ETA 4h23m16s
[finalists] 1522/50000  3.1 games/s  ETA 4h23m27s
[finalists] 1525/50000  3.1 games/s  ETA 4h23m58s
[finalists] 1533/50000  3.1 games/s  ETA 4h23m36s
[finalists] 1537/50000  3.1 games/s  ETA 4h23m57s
[finalists] 1543/50000  3.1 games/s  ETA 4h23m56s
[finalists] 1547/50000  3.1 games/s  ETA 4h24m16s
[finalists] 1552/50000  3.1 games/s  ETA 4h24m26s
[finalists] 1558/50000  3.1 games/s  ETA 4h24m25s
[finalists] 1562/50000  3.0 games/s  ETA 4h24m45s
[finalists] 1567/50000  3.0 games/s  ETA 4h24m55s
[finalists] 1571/50000  3.0 games/s  ETA 4h25m15s
[finalists] 1578/50000  3.0 games/s  ETA 4h25m03s
[finalists] 1585/50000  3.0 games/s  ETA 4h24m52s
[finalists] 1591/50000  3.0 games/s  ETA 4h24m51s
[finalists] 1598/50000  3.0 games/s  ETA 4h24m40s
[finalists] 1604/50000  3.0 games/s  ETA 4h24m39s
[finalists] 1610/50000  3.0 games/s  ETA 4h24m38s
[finalists] 1615/50000  3.0 games/s  ETA 4h24m47s
[finalists] 1620/50000  3.0 games/s  ETA 4h24m56s
[finalists] 1625/50000  3.0 games/s  ETA 4h25m05s
[finalists] 1632/50000  3.0 games/s  ETA 4h24m54s
[finalists] 1635/50000  3.0 games/s  ETA 4h25m23s
[finalists] 1639/50000  3.0 games/s  ETA 4h25m42s
[finalists] 1641/50000  3.0 games/s  ETA 4h26m21s
[finalists] 1646/50000  3.0 games/s  ETA 4h26m29s
[finalists] 1650/50000  3.0 games/s  ETA 4h26m48s
[finalists] 1655/50000  3.0 games/s  ETA 4h26m56s
[finalists] 1661/50000  3.0 games/s  ETA 4h26m55s
[finalists] 1667/50000  3.0 games/s  ETA 4h26m53s
[finalists] 1669/50000  3.0 games/s  ETA 4h27m31s
[finalists] 1675/50000  3.0 games/s  ETA 4h27m30s
[finalists] 1682/50000  3.0 games/s  ETA 4h27m18s
[finalists] 1690/50000  3.0 games/s  ETA 4h26m57s
[finalists] 1695/50000  3.0 games/s  ETA 4h27m05s
[finalists] 1697/50000  3.0 games/s  ETA 4h27m42s
[finalists] 1704/50000  3.0 games/s  ETA 4h27m31s
[finalists] 1705/50000  3.0 games/s  ETA 4h28m18s
[finalists] 1709/50000  3.0 games/s  ETA 4h28m35s
[finalists] 1712/50000  3.0 games/s  ETA 4h29m02s
[finalists] 1717/50000  3.0 games/s  ETA 4h29m10s
[finalists] 1722/50000  3.0 games/s  ETA 4h29m17s
[finalists] 1729/50000  3.0 games/s  ETA 4h29m05s
[finalists] 1737/50000  3.0 games/s  ETA 4h28m44s
[finalists] 1741/50000  3.0 games/s  ETA 4h29m01s
[finalists] 1744/50000  3.0 games/s  ETA 4h29m28s
[finalists] 1748/50000  3.0 games/s  ETA 4h29m45s
[finalists] 1753/50000  3.0 games/s  ETA 4h29m52s
[finalists] 1756/50000  3.0 games/s  ETA 4h30m18s
[finalists] 1762/50000  3.0 games/s  ETA 4h30m16s
[finalists] 1765/50000  3.0 games/s  ETA 4h30m42s
[finalists] 1772/50000  3.0 games/s  ETA 4h30m30s
[finalists] 1776/50000  3.0 games/s  ETA 4h30m46s
[finalists] 1783/50000  3.0 games/s  ETA 4h30m34s
[finalists] 1789/50000  3.0 games/s  ETA 4h30m32s
[finalists] 1796/50000  3.0 games/s  ETA 4h30m20s
[finalists] 1799/50000  3.0 games/s  ETA 4h30m45s
[finalists] 1809/50000  3.0 games/s  ETA 4h30m05s
[finalists] 1817/50000  3.0 games/s  ETA 4h29m44s
[finalists] 1822/50000  3.0 games/s  ETA 4h29m51s
[finalists] 1829/50000  3.0 games/s  ETA 4h29m40s
[finalists] 1836/50000  3.0 games/s  ETA 4h29m28s
[finalists] 1842/50000  3.0 games/s  ETA 4h29m26s
[finalists] 1849/50000  3.0 games/s  ETA 4h29m14s
[finalists] 1854/50000  3.0 games/s  ETA 4h29m21s
[finalists] 1858/50000  3.0 games/s  ETA 4h29m37s
[finalists] 1866/50000  3.0 games/s  ETA 4h29m16s
[finalists] 1870/50000  3.0 games/s  ETA 4h29m32s
[finalists] 1876/50000  3.0 games/s  ETA 4h29m30s
[finalists] 1880/50000  3.0 games/s  ETA 4h29m45s
[finalists] 1887/50000  3.0 games/s  ETA 4h29m34s
[finalists] 1894/50000  3.0 games/s  ETA 4h29m22s
[finalists] 1897/50000  3.0 games/s  ETA 4h29m46s
[finalists] 1902/50000  3.0 games/s  ETA 4h29m53s
[finalists] 1907/50000  3.0 games/s  ETA 4h29m59s
[finalists] 1909/50000  3.0 games/s  ETA 4h30m32s
[finalists] 1913/50000  3.0 games/s  ETA 4h30m47s
[finalists] 1914/50000  3.0 games/s  ETA 4h31m28s
[finalists] 1917/50000  2.9 games/s  ETA 4h31m52s
[finalists] 1922/50000  2.9 games/s  ETA 4h31m58s
[finalists] 1926/50000  2.9 games/s  ETA 4h32m13s
[finalists] 1934/50000  2.9 games/s  ETA 4h31m52s
[finalists] 1939/50000  2.9 games/s  ETA 4h31m58s
[finalists] 1945/50000  2.9 games/s  ETA 4h31m55s
[finalists] 1949/50000  2.9 games/s  ETA 4h32m10s
[finalists] 1953/50000  2.9 games/s  ETA 4h32m24s
[finalists] 1959/50000  2.9 games/s  ETA 4h32m21s
[finalists] 1964/50000  2.9 games/s  ETA 4h32m27s
[finalists] 1969/50000  2.9 games/s  ETA 4h32m32s
[finalists] 1972/50000  2.9 games/s  ETA 4h32m55s
[finalists] 1981/50000  2.9 games/s  ETA 4h32m26s
[finalists] 1986/50000  2.9 games/s  ETA 4h32m32s
[finalists] 1991/50000  2.9 games/s  ETA 4h32m37s
[finalists] 1997/50000  2.9 games/s  ETA 4h32m34s
[finalists] 2001/50000  2.9 games/s  ETA 4h32m48s
[finalists] 2007/50000  2.9 games/s  ETA 4h32m45s
[finalists] 2013/50000  2.9 games/s  ETA 4h32m42s
[finalists] 2020/50000  2.9 games/s  ETA 4h32m30s
[finalists] 2028/50000  2.9 games/s  ETA 4h32m10s
[finalists] 2031/50000  2.9 games/s  ETA 4h32m33s
[finalists] 2036/50000  2.9 games/s  ETA 4h32m38s
[finalists] 2041/50000  2.9 games/s  ETA 4h32m43s
[finalists] 2046/50000  2.9 games/s  ETA 4h32m48s
[finalists] 2048/50000  2.9 games/s  ETA 4h33m18s
[finalists] 2055/50000  2.9 games/s  ETA 4h33m07s
[finalists] 2059/50000  2.9 games/s  ETA 4h33m20s
[finalists] 2063/50000  2.9 games/s  ETA 4h33m34s
[finalists] 2065/50000  2.9 games/s  ETA 4h34m04s
[finalists] 2072/50000  2.9 games/s  ETA 4h33m52s
[finalists] 2078/50000  2.9 games/s  ETA 4h33m49s
[finalists] 2086/50000  2.9 games/s  ETA 4h33m29s
[finalists] 2093/50000  2.9 games/s  ETA 4h33m17s
[finalists] 2099/50000  2.9 games/s  ETA 4h33m14s
[finalists] 2108/50000  2.9 games/s  ETA 4h32m46s
[finalists] 2115/50000  2.9 games/s  ETA 4h32m35s
[finalists] 2120/50000  2.9 games/s  ETA 4h32m40s
[finalists] 2125/50000  2.9 games/s  ETA 4h32m45s
[finalists] 2135/50000  2.9 games/s  ETA 4h32m10s
[finalists] 2140/50000  2.9 games/s  ETA 4h32m15s
[finalists] 2145/50000  2.9 games/s  ETA 4h32m19s
[finalists] 2149/50000  2.9 games/s  ETA 4h32m32s
[finalists] 2153/50000  2.9 games/s  ETA 4h32m45s
[finalists] 2158/50000  2.9 games/s  ETA 4h32m50s
[finalists] 2161/50000  2.9 games/s  ETA 4h33m10s
[finalists] 2164/50000  2.9 games/s  ETA 4h33m31s
[finalists] 2169/50000  2.9 games/s  ETA 4h33m35s
[finalists] 2175/50000  2.9 games/s  ETA 4h33m32s
[finalists] 2181/50000  2.9 games/s  ETA 4h33m29s
[finalists] 2188/50000  2.9 games/s  ETA 4h33m17s
[finalists] 2194/50000  2.9 games/s  ETA 4h33m14s
[finalists] 2200/50000  2.9 games/s  ETA 4h33m11s
[finalists] 2203/50000  2.9 games/s  ETA 4h33m31s
[finalists] 2210/50000  2.9 games/s  ETA 4h33m20s
[finalists] 2216/50000  2.9 games/s  ETA 4h33m17s
[finalists] 2222/50000  2.9 games/s  ETA 4h33m13s
[finalists] 2225/50000  2.9 games/s  ETA 4h33m33s
[finalists] 2235/50000  2.9 games/s  ETA 4h32m59s
[finalists] 2240/50000  2.9 games/s  ETA 4h33m03s
[finalists] 2245/50000  2.9 games/s  ETA 4h33m08s
[finalists] 2248/50000  2.9 games/s  ETA 4h33m27s
[finalists] 2254/50000  2.9 games/s  ETA 4h33m24s
[finalists] 2259/50000  2.9 games/s  ETA 4h33m28s
[finalists] 2264/50000  2.9 games/s  ETA 4h33m33s
[finalists] 2271/50000  2.9 games/s  ETA 4h33m22s
[finalists] 2274/50000  2.9 games/s  ETA 4h33m41s
[finalists] 2280/50000  2.9 games/s  ETA 4h33m38s
[finalists] 2285/50000  2.9 games/s  ETA 4h33m42s
[finalists] 2288/50000  2.9 games/s  ETA 4h34m01s
[finalists] 2294/50000  2.9 games/s  ETA 4h33m57s
[finalists] 2302/50000  2.9 games/s  ETA 4h33m39s
[finalists] 2308/50000  2.9 games/s  ETA 4h33m36s
[finalists] 2312/50000  2.9 games/s  ETA 4h33m47s
[finalists] 2317/50000  2.9 games/s  ETA 4h33m51s
[finalists] 2323/50000  2.9 games/s  ETA 4h33m48s
[finalists] 2329/50000  2.9 games/s  ETA 4h33m44s
[finalists] 2337/50000  2.9 games/s  ETA 4h33m26s
[finalists] 2341/50000  2.9 games/s  ETA 4h33m37s
[finalists] 2346/50000  2.9 games/s  ETA 4h33m41s
[finalists] 2349/50000  2.9 games/s  ETA 4h34m00s
[finalists] 2358/50000  2.9 games/s  ETA 4h33m35s
[finalists] 2363/50000  2.9 games/s  ETA 4h33m38s
[finalists] 2368/50000  2.9 games/s  ETA 4h33m42s
[finalists] 2375/50000  2.9 games/s  ETA 4h33m32s
[finalists] 2382/50000  2.9 games/s  ETA 4h33m21s
[finalists] 2388/50000  2.9 games/s  ETA 4h33m18s
[finalists] 2395/50000  2.9 games/s  ETA 4h33m07s
[finalists] 2399/50000  2.9 games/s  ETA 4h33m18s
[finalists] 2404/50000  2.9 games/s  ETA 4h33m22s
[finalists] 2408/50000  2.9 games/s  ETA 4h33m33s
[finalists] 2414/50000  2.9 games/s  ETA 4h33m29s
[finalists] 2417/50000  2.9 games/s  ETA 4h33m47s
[finalists] 2423/50000  2.9 games/s  ETA 4h33m44s
[finalists] 2427/50000  2.9 games/s  ETA 4h33m55s
[finalists] 2431/50000  2.9 games/s  ETA 4h34m05s
[finalists] 2436/50000  2.9 games/s  ETA 4h34m09s
[finalists] 2440/50000  2.9 games/s  ETA 4h34m20s
[finalists] 2446/50000  2.9 games/s  ETA 4h34m16s
[finalists] 2450/50000  2.9 games/s  ETA 4h34m27s
[finalists] 2454/50000  2.9 games/s  ETA 4h34m37s
[finalists] 2459/50000  2.9 games/s  ETA 4h34m41s
[finalists] 2463/50000  2.9 games/s  ETA 4h34m51s
[finalists] 2468/50000  2.9 games/s  ETA 4h34m55s
[finalists] 2472/50000  2.9 games/s  ETA 4h35m05s
[finalists] 2477/50000  2.9 games/s  ETA 4h35m08s
[finalists] 2483/50000  2.9 games/s  ETA 4h35m05s
[finalists] 2490/50000  2.9 games/s  ETA 4h34m54s
[finalists] 2495/50000  2.9 games/s  ETA 4h34m57s
[finalists] 2500/50000  2.9 games/s  ETA 4h35m01s
[finalists] 2505/50000  2.9 games/s  ETA 4h35m04s
[finalists] 2511/50000  2.9 games/s  ETA 4h35m00s
[finalists] 2515/50000  2.9 games/s  ETA 4h35m10s
[finalists] 2518/50000  2.9 games/s  ETA 4h35m27s
[finalists] 2524/50000  2.9 games/s  ETA 4h35m24s
[finalists] 2530/50000  2.9 games/s  ETA 4h35m20s
[finalists] 2537/50000  2.9 games/s  ETA 4h35m09s
[finalists] 2542/50000  2.9 games/s  ETA 4h35m12s
[finalists] 2545/50000  2.9 games/s  ETA 4h35m29s
[finalists] 2554/50000  2.9 games/s  ETA 4h35m05s
[finalists] 2559/50000  2.9 games/s  ETA 4h35m08s
[finalists] 2566/50000  2.9 games/s  ETA 4h34m58s
[finalists] 2574/50000  2.9 games/s  ETA 4h34m41s
[finalists] 2578/50000  2.9 games/s  ETA 4h34m50s
[finalists] 2585/50000  2.9 games/s  ETA 4h34m40s
[finalists] 2589/50000  2.9 games/s  ETA 4h34m50s
[finalists] 2593/50000  2.9 games/s  ETA 4h35m00s
[finalists] 2598/50000  2.9 games/s  ETA 4h35m03s
[finalists] 2603/50000  2.9 games/s  ETA 4h35m06s
[finalists] 2609/50000  2.9 games/s  ETA 4h35m02s
[finalists] 2614/50000  2.9 games/s  ETA 4h35m05s
[finalists] 2618/50000  2.9 games/s  ETA 4h35m14s
[finalists] 2619/50000  2.9 games/s  ETA 4h35m44s
[finalists] 2625/50000  2.9 games/s  ETA 4h35m40s
[finalists] 2631/50000  2.9 games/s  ETA 4h35m37s
[finalists] 2637/50000  2.9 games/s  ETA 4h35m33s
[finalists] 2641/50000  2.9 games/s  ETA 4h35m42s
[finalists] 2646/50000  2.9 games/s  ETA 4h35m45s
[finalists] 2652/50000  2.9 games/s  ETA 4h35m41s
[finalists] 2657/50000  2.9 games/s  ETA 4h35m44s
[finalists] 2661/50000  2.9 games/s  ETA 4h35m53s
[finalists] 2667/50000  2.9 games/s  ETA 4h35m50s
[finalists] 2669/50000  2.9 games/s  ETA 4h36m12s
[finalists] 2671/50000  2.9 games/s  ETA 4h36m34s
[finalists] 2674/50000  2.8 games/s  ETA 4h36m50s
[finalists] 2680/50000  2.8 games/s  ETA 4h36m46s
[finalists] 2684/50000  2.8 games/s  ETA 4h36m55s
[finalists] 2688/50000  2.8 games/s  ETA 4h37m04s
[finalists] 2694/50000  2.8 games/s  ETA 4h37m00s
[finalists] 2699/50000  2.8 games/s  ETA 4h37m03s
[finalists] 2704/50000  2.8 games/s  ETA 4h37m06s
[finalists] 2709/50000  2.8 games/s  ETA 4h37m08s
[finalists] 2714/50000  2.8 games/s  ETA 4h37m11s
[finalists] 2719/50000  2.8 games/s  ETA 4h37m13s
[finalists] 2722/50000  2.8 games/s  ETA 4h37m28s
[finalists] 2726/50000  2.8 games/s  ETA 4h37m37s
[finalists] 2733/50000  2.8 games/s  ETA 4h37m27s
[finalists] 2742/50000  2.8 games/s  ETA 4h37m03s
[finalists] 2743/50000  2.8 games/s  ETA 4h37m31s
[finalists] 2748/50000  2.8 games/s  ETA 4h37m34s
[finalists] 2755/50000  2.8 games/s  ETA 4h37m23s
[finalists] 2761/50000  2.8 games/s  ETA 4h37m19s
[finalists] 2766/50000  2.8 games/s  ETA 4h37m22s
[finalists] 2770/50000  2.8 games/s  ETA 4h37m30s
[finalists] 2776/50000  2.8 games/s  ETA 4h37m26s
[finalists] 2786/50000  2.8 games/s  ETA 4h36m57s
[finalists] 2796/50000  2.8 games/s  ETA 4h36m28s
[finalists] 2805/50000  2.8 games/s  ETA 4h36m05s
[finalists] 2813/50000  2.9 games/s  ETA 4h35m49s
[finalists] 2819/50000  2.9 games/s  ETA 4h35m45s
[finalists] 2827/50000  2.9 games/s  ETA 4h35m29s
[finalists] 2838/50000  2.9 games/s  ETA 4h34m54s
[finalists] 2843/50000  2.9 games/s  ETA 4h34m56s
[finalists] 2850/50000  2.9 games/s  ETA 4h34m47s
[finalists] 2857/50000  2.9 games/s  ETA 4h34m37s
[finalists] 2863/50000  2.9 games/s  ETA 4h34m33s
[finalists] 2869/50000  2.9 games/s  ETA 4h34m29s
[finalists] 2874/50000  2.9 games/s  ETA 4h34m32s
[finalists] 2881/50000  2.9 games/s  ETA 4h34m22s
[finalists] 2889/50000  2.9 games/s  ETA 4h34m06s
[finalists] 2895/50000  2.9 games/s  ETA 4h34m03s
[finalists] 2901/50000  2.9 games/s  ETA 4h33m59s
[finalists] 2908/50000  2.9 games/s  ETA 4h33m49s
[finalists] 2912/50000  2.9 games/s  ETA 4h33m58s
[finalists] 2918/50000  2.9 games/s  ETA 4h33m54s
[finalists] 2924/50000  2.9 games/s  ETA 4h33m51s
[finalists] 2930/50000  2.9 games/s  ETA 4h33m47s
[finalists] 2935/50000  2.9 games/s  ETA 4h33m49s
[finalists] 2939/50000  2.9 games/s  ETA 4h33m58s
[finalists] 2945/50000  2.9 games/s  ETA 4h33m54s
[finalists] 2947/50000  2.9 games/s  ETA 4h34m14s
[finalists] 2956/50000  2.9 games/s  ETA 4h33m53s
[finalists] 2962/50000  2.9 games/s  ETA 4h33m49s
[finalists] 2966/50000  2.9 games/s  ETA 4h33m57s
[finalists] 2972/50000  2.9 games/s  ETA 4h33m54s
[finalists] 2978/50000  2.9 games/s  ETA 4h33m50s
[finalists] 2982/50000  2.9 games/s  ETA 4h33m58s
[finalists] 2990/50000  2.9 games/s  ETA 4h33m43s
[finalists] 2996/50000  2.9 games/s  ETA 4h33m39s
[finalists] 3000/50000  2.9 games/s  ETA 4h33m47s
[finalists] 3003/50000  2.9 games/s  ETA 4h34m01s
[finalists] 3008/50000  2.9 games/s  ETA 4h34m04s
[finalists] 3014/50000  2.9 games/s  ETA 4h34m00s
[finalists] 3021/50000  2.9 games/s  ETA 4h33m50s
[finalists] 3026/50000  2.9 games/s  ETA 4h33m53s
[finalists] 3033/50000  2.9 games/s  ETA 4h33m43s
[finalists] 3040/50000  2.9 games/s  ETA 4h33m34s
[finalists] 3045/50000  2.9 games/s  ETA 4h33m36s
[finalists] 3052/50000  2.9 games/s  ETA 4h33m27s
[finalists] 3056/50000  2.9 games/s  ETA 4h33m35s
[finalists] 3064/50000  2.9 games/s  ETA 4h33m20s
[finalists] 3067/50000  2.9 games/s  ETA 4h33m33s
[finalists] 3074/50000  2.9 games/s  ETA 4h33m24s
[finalists] 3081/50000  2.9 games/s  ETA 4h33m15s
[finalists] 3088/50000  2.9 games/s  ETA 4h33m05s
[finalists] 3094/50000  2.9 games/s  ETA 4h33m02s
[finalists] 3099/50000  2.9 games/s  ETA 4h33m04s
[finalists] 3105/50000  2.9 games/s  ETA 4h33m00s
[finalists] 3109/50000  2.9 games/s  ETA 4h33m08s
[finalists] 3113/50000  2.9 games/s  ETA 4h33m16s
[finalists] 3117/50000  2.9 games/s  ETA 4h33m24s
[finalists] 3122/50000  2.9 games/s  ETA 4h33m26s
[finalists] 3128/50000  2.9 games/s  ETA 4h33m22s
[finalists] 3135/50000  2.9 games/s  ETA 4h33m13s
[finalists] 3139/50000  2.9 games/s  ETA 4h33m20s
[finalists] 3145/50000  2.9 games/s  ETA 4h33m17s
[finalists] 3150/50000  2.9 games/s  ETA 4h33m19s
[finalists] 3156/50000  2.9 games/s  ETA 4h33m15s
[finalists] 3160/50000  2.9 games/s  ETA 4h33m23s
[finalists] 3166/50000  2.9 games/s  ETA 4h33m19s
[finalists] 3172/50000  2.9 games/s  ETA 4h33m16s
[finalists] 3178/50000  2.9 games/s  ETA 4h33m12s
[finalists] 3183/50000  2.9 games/s  ETA 4h33m14s
[finalists] 3192/50000  2.9 games/s  ETA 4h32m54s
[finalists] 3197/50000  2.9 games/s  ETA 4h32m56s
[finalists] 3205/50000  2.9 games/s  ETA 4h32m41s
[finalists] 3211/50000  2.9 games/s  ETA 4h32m38s
[finalists] 3217/50000  2.9 games/s  ETA 4h32m34s
[finalists] 3222/50000  2.9 games/s  ETA 4h32m36s
[finalists] 3230/50000  2.9 games/s  ETA 4h32m22s
[finalists] 3237/50000  2.9 games/s  ETA 4h32m13s
[finalists] 3244/50000  2.9 games/s  ETA 4h32m04s
[finalists] 3250/50000  2.9 games/s  ETA 4h32m01s
[finalists] 3254/50000  2.9 games/s  ETA 4h32m08s
[finalists] 3257/50000  2.9 games/s  ETA 4h32m21s
[finalists] 3262/50000  2.9 games/s  ETA 4h32m23s
[finalists] 3268/50000  2.9 games/s  ETA 4h32m19s
[finalists] 3273/50000  2.9 games/s  ETA 4h32m21s
[finalists] 3280/50000  2.9 games/s  ETA 4h32m12s
[finalists] 3287/50000  2.9 games/s  ETA 4h32m03s
[finalists] 3291/50000  2.9 games/s  ETA 4h32m11s
[finalists] 3295/50000  2.9 games/s  ETA 4h32m18s
[finalists] 3300/50000  2.9 games/s  ETA 4h32m20s
[finalists] 3306/50000  2.9 games/s  ETA 4h32m16s
[finalists] 3313/50000  2.9 games/s  ETA 4h32m07s
[finalists] 3318/50000  2.9 games/s  ETA 4h32m09s
[finalists] 3323/50000  2.9 games/s  ETA 4h32m11s
[finalists] 3331/50000  2.9 games/s  ETA 4h31m57s
[finalists] 3336/50000  2.9 games/s  ETA 4h31m59s
[finalists] 3340/50000  2.9 games/s  ETA 4h32m06s
[finalists] 3348/50000  2.9 games/s  ETA 4h31m52s
[finalists] 3354/50000  2.9 games/s  ETA 4h31m48s
[finalists] 3361/50000  2.9 games/s  ETA 4h31m40s
[finalists] 3366/50000  2.9 games/s  ETA 4h31m41s
[finalists] 3369/50000  2.9 games/s  ETA 4h31m54s
[finalists] 3374/50000  2.9 games/s  ETA 4h31m55s
[finalists] 3379/50000  2.9 games/s  ETA 4h31m57s
[finalists] 3385/50000  2.9 games/s  ETA 4h31m54s
[finalists] 3391/50000  2.9 games/s  ETA 4h31m50s
[finalists] 3396/50000  2.9 games/s  ETA 4h31m52s
[finalists] 3402/50000  2.9 games/s  ETA 4h31m48s
[finalists] 3411/50000  2.9 games/s  ETA 4h31m30s
[finalists] 3416/50000  2.9 games/s  ETA 4h31m31s
[finalists] 3423/50000  2.9 games/s  ETA 4h31m23s
[finalists] 3431/50000  2.9 games/s  ETA 4h31m09s
[finalists] 3438/50000  2.9 games/s  ETA 4h31m01s
[finalists] 3443/50000  2.9 games/s  ETA 4h31m02s
[finalists] 3448/50000  2.9 games/s  ETA 4h31m04s
[finalists] 3455/50000  2.9 games/s  ETA 4h30m56s
[finalists] 3460/50000  2.9 games/s  ETA 4h30m57s
[finalists] 3466/50000  2.9 games/s  ETA 4h30m54s
[finalists] 3473/50000  2.9 games/s  ETA 4h30m46s
[finalists] 3482/50000  2.9 games/s  ETA 4h30m27s
[finalists] 3487/50000  2.9 games/s  ETA 4h30m29s
[finalists] 3492/50000  2.9 games/s  ETA 4h30m31s
[finalists] 3499/50000  2.9 games/s  ETA 4h30m22s
[finalists] 3503/50000  2.9 games/s  ETA 4h30m29s
[finalists] 3509/50000  2.9 games/s  ETA 4h30m26s
[finalists] 3513/50000  2.9 games/s  ETA 4h30m32s
[finalists] 3517/50000  2.9 games/s  ETA 4h30m39s
[finalists] 3523/50000  2.9 games/s  ETA 4h30m35s
[finalists] 3527/50000  2.9 games/s  ETA 4h30m42s
[finalists] 3531/50000  2.9 games/s  ETA 4h30m49s
[finalists] 3535/50000  2.9 games/s  ETA 4h30m55s
[finalists] 3539/50000  2.9 games/s  ETA 4h31m02s
[finalists] 3543/50000  2.9 games/s  ETA 4h31m08s
[finalists] 3547/50000  2.9 games/s  ETA 4h31m15s
[finalists] 3551/50000  2.9 games/s  ETA 4h31m21s
[finalists] 3557/50000  2.9 games/s  ETA 4h31m18s
[finalists] 3561/50000  2.9 games/s  ETA 4h31m24s
[finalists] 3567/50000  2.9 games/s  ETA 4h31m21s
[finalists] 3571/50000  2.9 games/s  ETA 4h31m27s
[finalists] 3573/50000  2.8 games/s  ETA 4h31m43s
[finalists] 3579/50000  2.8 games/s  ETA 4h31m40s
[finalists] 3587/50000  2.8 games/s  ETA 4h31m26s
[finalists] 3594/50000  2.9 games/s  ETA 4h31m18s
[finalists] 3600/50000  2.9 games/s  ETA 4h31m15s
[finalists] 3608/50000  2.9 games/s  ETA 4h31m01s
[finalists] 3612/50000  2.9 games/s  ETA 4h31m08s
[finalists] 3618/50000  2.9 games/s  ETA 4h31m04s
[finalists] 3621/50000  2.8 games/s  ETA 4h31m15s
[finalists] 3628/50000  2.9 games/s  ETA 4h31m07s
[finalists] 3636/50000  2.9 games/s  ETA 4h30m54s
[finalists] 3639/50000  2.9 games/s  ETA 4h31m05s
[finalists] 3644/50000  2.8 games/s  ETA 4h31m07s
[finalists] 3649/50000  2.8 games/s  ETA 4h31m08s
[finalists] 3654/50000  2.8 games/s  ETA 4h31m09s
[finalists] 3658/50000  2.8 games/s  ETA 4h31m15s
[finalists] 3665/50000  2.8 games/s  ETA 4h31m07s
[finalists] 3671/50000  2.8 games/s  ETA 4h31m04s
[finalists] 3673/50000  2.8 games/s  ETA 4h31m19s
[finalists] 3677/50000  2.8 games/s  ETA 4h31m26s
[finalists] 3684/50000  2.8 games/s  ETA 4h31m17s
[finalists] 3689/50000  2.8 games/s  ETA 4h31m19s
[finalists] 3695/50000  2.8 games/s  ETA 4h31m15s
[finalists] 3701/50000  2.8 games/s  ETA 4h31m12s
[finalists] 3706/50000  2.8 games/s  ETA 4h31m13s
[finalists] 3711/50000  2.8 games/s  ETA 4h31m14s
[finalists] 3717/50000  2.8 games/s  ETA 4h31m11s
[finalists] 3722/50000  2.8 games/s  ETA 4h31m12s
[finalists] 3730/50000  2.8 games/s  ETA 4h30m59s
[finalists] 3737/50000  2.8 games/s  ETA 4h30m51s
[finalists] 3744/50000  2.8 games/s  ETA 4h30m43s
[finalists] 3749/50000  2.8 games/s  ETA 4h30m44s
[finalists] 3755/50000  2.8 games/s  ETA 4h30m41s
[finalists] 3761/50000  2.8 games/s  ETA 4h30m37s
[finalists] 3764/50000  2.8 games/s  ETA 4h30m48s
[finalists] 3768/50000  2.8 games/s  ETA 4h30m54s
[finalists] 3771/50000  2.8 games/s  ETA 4h31m05s
[finalists] 3776/50000  2.8 games/s  ETA 4h31m06s
[finalists] 3781/50000  2.8 games/s  ETA 4h31m07s
[finalists] 3790/50000  2.8 games/s  ETA 4h30m50s
[finalists] 3795/50000  2.8 games/s  ETA 4h30m51s
[finalists] 3802/50000  2.8 games/s  ETA 4h30m43s
[finalists] 3806/50000  2.8 games/s  ETA 4h30m49s
[finalists] 3811/50000  2.8 games/s  ETA 4h30m50s
[finalists] 3820/50000  2.8 games/s  ETA 4h30m32s
[finalists] 3824/50000  2.8 games/s  ETA 4h30m38s
[finalists] 3830/50000  2.8 games/s  ETA 4h30m35s
[finalists] 3838/50000  2.8 games/s  ETA 4h30m22s
[finalists] 3842/50000  2.8 games/s  ETA 4h30m28s
[finalists] 3848/50000  2.8 games/s  ETA 4h30m25s
[finalists] 3855/50000  2.8 games/s  ETA 4h30m17s
[finalists] 3859/50000  2.8 games/s  ETA 4h30m22s
[finalists] 3865/50000  2.8 games/s  ETA 4h30m19s
[finalists] 3870/50000  2.8 games/s  ETA 4h30m20s
[finalists] 3875/50000  2.8 games/s  ETA 4h30m21s
[finalists] 3879/50000  2.8 games/s  ETA 4h30m27s
[finalists] 3885/50000  2.8 games/s  ETA 4h30m24s
[finalists] 3890/50000  2.8 games/s  ETA 4h30m25s
[finalists] 3893/50000  2.8 games/s  ETA 4h30m35s
[finalists] 3899/50000  2.8 games/s  ETA 4h30m31s
[finalists] 3903/50000  2.8 games/s  ETA 4h30m37s
[finalists] 3909/50000  2.8 games/s  ETA 4h30m34s
[finalists] 3913/50000  2.8 games/s  ETA 4h30m39s
[finalists] 3920/50000  2.8 games/s  ETA 4h30m31s
[finalists] 3924/50000  2.8 games/s  ETA 4h30m37s
[finalists] 3928/50000  2.8 games/s  ETA 4h30m42s
[finalists] 3936/50000  2.8 games/s  ETA 4h30m30s
[finalists] 3941/50000  2.8 games/s  ETA 4h30m31s
[finalists] 3949/50000  2.8 games/s  ETA 4h30m18s
[finalists] 3955/50000  2.8 games/s  ETA 4h30m15s
[finalists] 3963/50000  2.8 games/s  ETA 4h30m03s
[finalists] 3968/50000  2.8 games/s  ETA 4h30m04s
[finalists] 3975/50000  2.8 games/s  ETA 4h29m56s
[finalists] 3980/50000  2.8 games/s  ETA 4h29m57s
[finalists] 3989/50000  2.8 games/s  ETA 4h29m40s
[finalists] 3994/50000  2.8 games/s  ETA 4h29m41s
[finalists] 3995/50000  2.8 games/s  ETA 4h30m00s
[finalists] 4003/50000  2.8 games/s  ETA 4h29m48s
[finalists] 4012/50000  2.8 games/s  ETA 4h29m31s
[finalists] 4017/50000  2.8 games/s  ETA 4h29m32s
[finalists] 4019/50000  2.8 games/s  ETA 4h29m47s
[finalists] 4025/50000  2.8 games/s  ETA 4h29m43s
[finalists] 4033/50000  2.8 games/s  ETA 4h29m31s
[finalists] 4041/50000  2.8 games/s  ETA 4h29m19s
[finalists] 4045/50000  2.8 games/s  ETA 4h29m24s
[finalists] 4049/50000  2.8 games/s  ETA 4h29m30s
[finalists] 4054/50000  2.8 games/s  ETA 4h29m31s
[finalists] 4060/50000  2.8 games/s  ETA 4h29m27s
[finalists] 4063/50000  2.8 games/s  ETA 4h29m37s
[finalists] 4068/50000  2.8 games/s  ETA 4h29m38s
[finalists] 4071/50000  2.8 games/s  ETA 4h29m47s
[finalists] 4078/50000  2.8 games/s  ETA 4h29m40s
[finalists] 4083/50000  2.8 games/s  ETA 4h29m41s
[finalists] 4089/50000  2.8 games/s  ETA 4h29m37s
[finalists] 4094/50000  2.8 games/s  ETA 4h29m38s
[finalists] 4098/50000  2.8 games/s  ETA 4h29m43s
[finalists] 4102/50000  2.8 games/s  ETA 4h29m49s
[finalists] 4108/50000  2.8 games/s  ETA 4h29m45s
[finalists] 4112/50000  2.8 games/s  ETA 4h29m50s
[finalists] 4118/50000  2.8 games/s  ETA 4h29m47s
[finalists] 4121/50000  2.8 games/s  ETA 4h29m56s
[finalists] 4124/50000  2.8 games/s  ETA 4h30m06s
[finalists] 4130/50000  2.8 games/s  ETA 4h30m02s
[finalists] 4134/50000  2.8 games/s  ETA 4h30m07s
[finalists] 4141/50000  2.8 games/s  ETA 4h30m00s
[finalists] 4144/50000  2.8 games/s  ETA 4h30m09s
[finalists] 4149/50000  2.8 games/s  ETA 4h30m10s
[finalists] 4155/50000  2.8 games/s  ETA 4h30m06s
[finalists] 4158/50000  2.8 games/s  ETA 4h30m16s
[finalists] 4165/50000  2.8 games/s  ETA 4h30m08s
[finalists] 4171/50000  2.8 games/s  ETA 4h30m05s
[finalists] 4176/50000  2.8 games/s  ETA 4h30m05s
[finalists] 4180/50000  2.8 games/s  ETA 4h30m10s
[finalists] 4187/50000  2.8 games/s  ETA 4h30m03s
[finalists] 4193/50000  2.8 games/s  ETA 4h29m59s
[finalists] 4197/50000  2.8 games/s  ETA 4h30m04s
[finalists] 4204/50000  2.8 games/s  ETA 4h29m57s
[finalists] 4211/50000  2.8 games/s  ETA 4h29m49s
[finalists] 4218/50000  2.8 games/s  ETA 4h29m41s
[finalists] 4222/50000  2.8 games/s  ETA 4h29m46s
[finalists] 4228/50000  2.8 games/s  ETA 4h29m43s
[finalists] 4234/50000  2.8 games/s  ETA 4h29m39s
[finalists] 4239/50000  2.8 games/s  ETA 4h29m40s
[finalists] 4243/50000  2.8 games/s  ETA 4h29m45s
[finalists] 4248/50000  2.8 games/s  ETA 4h29m46s
[finalists] 4252/50000  2.8 games/s  ETA 4h29m51s
[finalists] 4258/50000  2.8 games/s  ETA 4h29m47s
[finalists] 4264/50000  2.8 games/s  ETA 4h29m44s
[finalists] 4270/50000  2.8 games/s  ETA 4h29m40s
[finalists] 4274/50000  2.8 games/s  ETA 4h29m45s
[finalists] 4280/50000  2.8 games/s  ETA 4h29m42s
[finalists] 4285/50000  2.8 games/s  ETA 4h29m43s
[finalists] 4291/50000  2.8 games/s  ETA 4h29m39s
[finalists] 4295/50000  2.8 games/s  ETA 4h29m44s
[finalists] 4298/50000  2.8 games/s  ETA 4h29m53s
[finalists] 4303/50000  2.8 games/s  ETA 4h29m53s
[finalists] 4309/50000  2.8 games/s  ETA 4h29m50s
[finalists] 4310/50000  2.8 games/s  ETA 4h30m07s
[finalists] 4315/50000  2.8 games/s  ETA 4h30m08s
[finalists] 4318/50000  2.8 games/s  ETA 4h30m17s
[finalists] 4320/50000  2.8 games/s  ETA 4h30m30s
[finalists] 4324/50000  2.8 games/s  ETA 4h30m34s
[finalists] 4326/50000  2.8 games/s  ETA 4h30m47s
[finalists] 4332/50000  2.8 games/s  ETA 4h30m44s
[finalists] 4337/50000  2.8 games/s  ETA 4h30m44s
[finalists] 4341/50000  2.8 games/s  ETA 4h30m49s
[finalists] 4346/50000  2.8 games/s  ETA 4h30m49s
[finalists] 4350/50000  2.8 games/s  ETA 4h30m54s
[finalists] 4354/50000  2.8 games/s  ETA 4h30m59s
[finalists] 4356/50000  2.8 games/s  ETA 4h31m12s
[finalists] 4360/50000  2.8 games/s  ETA 4h31m16s
[finalists] 4362/50000  2.8 games/s  ETA 4h31m29s
[finalists] 4367/50000  2.8 games/s  ETA 4h31m29s
[finalists] 4374/50000  2.8 games/s  ETA 4h31m22s
[finalists] 4377/50000  2.8 games/s  ETA 4h31m30s
[finalists] 4385/50000  2.8 games/s  ETA 4h31m19s
[finalists] 4390/50000  2.8 games/s  ETA 4h31m19s
[finalists] 4396/50000  2.8 games/s  ETA 4h31m15s
[finalists] 4400/50000  2.8 games/s  ETA 4h31m20s
[finalists] 4403/50000  2.8 games/s  ETA 4h31m29s
[finalists] 4407/50000  2.8 games/s  ETA 4h31m33s
[finalists] 4412/50000  2.8 games/s  ETA 4h31m34s
[finalists] 4416/50000  2.8 games/s  ETA 4h31m38s
[finalists] 4419/50000  2.8 games/s  ETA 4h31m47s
[finalists] 4424/50000  2.8 games/s  ETA 4h31m47s
[finalists] 4427/50000  2.8 games/s  ETA 4h31m55s
[finalists] 4433/50000  2.8 games/s  ETA 4h31m52s
[finalists] 4436/50000  2.8 games/s  ETA 4h32m00s
[finalists] 4440/50000  2.8 games/s  ETA 4h32m05s
[finalists] 4445/50000  2.8 games/s  ETA 4h32m05s
[finalists] 4449/50000  2.8 games/s  ETA 4h32m09s
[finalists] 4456/50000  2.8 games/s  ETA 4h32m02s
[finalists] 4462/50000  2.8 games/s  ETA 4h31m58s
[finalists] 4466/50000  2.8 games/s  ETA 4h32m02s
[finalists] 4471/50000  2.8 games/s  ETA 4h32m03s
[finalists] 4475/50000  2.8 games/s  ETA 4h32m07s
[finalists] 4479/50000  2.8 games/s  ETA 4h32m11s
[finalists] 4485/50000  2.8 games/s  ETA 4h32m08s
[finalists] 4489/50000  2.8 games/s  ETA 4h32m12s
[finalists] 4495/50000  2.8 games/s  ETA 4h32m08s
[finalists] 4499/50000  2.8 games/s  ETA 4h32m13s
[finalists] 4503/50000  2.8 games/s  ETA 4h32m17s
[finalists] 4507/50000  2.8 games/s  ETA 4h32m21s
[finalists] 4510/50000  2.8 games/s  ETA 4h32m29s
[finalists] 4515/50000  2.8 games/s  ETA 4h32m30s
[finalists] 4519/50000  2.8 games/s  ETA 4h32m34s
[finalists] 4524/50000  2.8 games/s  ETA 4h32m34s
[finalists] 4530/50000  2.8 games/s  ETA 4h32m30s
[finalists] 4535/50000  2.8 games/s  ETA 4h32m31s
[finalists] 4537/50000  2.8 games/s  ETA 4h32m43s
[finalists] 4542/50000  2.8 games/s  ETA 4h32m43s
[finalists] 4545/50000  2.8 games/s  ETA 4h32m51s
[finalists] 4549/50000  2.8 games/s  ETA 4h32m55s
[finalists] 4553/50000  2.8 games/s  ETA 4h32m59s
[finalists] 4557/50000  2.8 games/s  ETA 4h33m03s
[finalists] 4561/50000  2.8 games/s  ETA 4h33m08s
[finalists] 4565/50000  2.8 games/s  ETA 4h33m12s
[finalists] 4569/50000  2.8 games/s  ETA 4h33m16s
[finalists] 4573/50000  2.8 games/s  ETA 4h33m20s
[finalists] 4577/50000  2.8 games/s  ETA 4h33m24s
[finalists] 4582/50000  2.8 games/s  ETA 4h33m24s
[finalists] 4586/50000  2.8 games/s  ETA 4h33m28s
[finalists] 4592/50000  2.8 games/s  ETA 4h33m24s
[finalists] 4599/50000  2.8 games/s  ETA 4h33m17s
[finalists] 4607/50000  2.8 games/s  ETA 4h33m05s
[finalists] 4612/50000  2.8 games/s  ETA 4h33m05s
[finalists] 4616/50000  2.8 games/s  ETA 4h33m09s
[finalists] 4621/50000  2.8 games/s  ETA 4h33m09s
[finalists] 4629/50000  2.8 games/s  ETA 4h32m58s
[finalists] 4634/50000  2.8 games/s  ETA 4h32m58s
[finalists] 4640/50000  2.8 games/s  ETA 4h32m54s
[finalists] 4646/50000  2.8 games/s  ETA 4h32m50s
[finalists] 4652/50000  2.8 games/s  ETA 4h32m46s
[finalists] 4660/50000  2.8 games/s  ETA 4h32m35s
[finalists] 4664/50000  2.8 games/s  ETA 4h32m39s
[finalists] 4672/50000  2.8 games/s  ETA 4h32m27s
[finalists] 4679/50000  2.8 games/s  ETA 4h32m20s
[finalists] 4687/50000  2.8 games/s  ETA 4h32m08s
[finalists] 4694/50000  2.8 games/s  ETA 4h32m01s
[finalists] 4701/50000  2.8 games/s  ETA 4h31m53s
[finalists] 4706/50000  2.8 games/s  ETA 4h31m53s
[finalists] 4711/50000  2.8 games/s  ETA 4h31m54s
[finalists] 4717/50000  2.8 games/s  ETA 4h31m50s
[finalists] 4720/50000  2.8 games/s  ETA 4h31m58s
[finalists] 4726/50000  2.8 games/s  ETA 4h31m54s
[finalists] 4730/50000  2.8 games/s  ETA 4h31m58s
[finalists] 4736/50000  2.8 games/s  ETA 4h31m54s
[finalists] 4743/50000  2.8 games/s  ETA 4h31m47s
[finalists] 4751/50000  2.8 games/s  ETA 4h31m35s
[finalists] 4758/50000  2.8 games/s  ETA 4h31m28s
[finalists] 4764/50000  2.8 games/s  ETA 4h31m24s
[finalists] 4769/50000  2.8 games/s  ETA 4h31m24s
[finalists] 4774/50000  2.8 games/s  ETA 4h31m24s
[finalists] 4782/50000  2.8 games/s  ETA 4h31m13s
[finalists] 4787/50000  2.8 games/s  ETA 4h31m13s
[finalists] 4792/50000  2.8 games/s  ETA 4h31m13s
[finalists] 4796/50000  2.8 games/s  ETA 4h31m17s
[finalists] 4802/50000  2.8 games/s  ETA 4h31m14s
[finalists] 4809/50000  2.8 games/s  ETA 4h31m06s
[finalists] 4814/50000  2.8 games/s  ETA 4h31m06s
[finalists] 4820/50000  2.8 games/s  ETA 4h31m03s
[finalists] 4824/50000  2.8 games/s  ETA 4h31m06s
[finalists] 4832/50000  2.8 games/s  ETA 4h30m55s
[finalists] 4839/50000  2.8 games/s  ETA 4h30m48s
[finalists] 4844/50000  2.8 games/s  ETA 4h30m48s
[finalists] 4849/50000  2.8 games/s  ETA 4h30m48s
[finalists] 4853/50000  2.8 games/s  ETA 4h30m52s
[finalists] 4859/50000  2.8 games/s  ETA 4h30m48s
[finalists] 4866/50000  2.8 games/s  ETA 4h30m41s
[finalists] 4872/50000  2.8 games/s  ETA 4h30m37s
[finalists] 4878/50000  2.8 games/s  ETA 4h30m34s
[finalists] 4884/50000  2.8 games/s  ETA 4h30m30s
[finalists] 4892/50000  2.8 games/s  ETA 4h30m19s
[finalists] 4895/50000  2.8 games/s  ETA 4h30m27s
[finalists] 4901/50000  2.8 games/s  ETA 4h30m23s
[finalists] 4908/50000  2.8 games/s  ETA 4h30m16s
[finalists] 4911/50000  2.8 games/s  ETA 4h30m23s
[finalists] 4915/50000  2.8 games/s  ETA 4h30m27s
[finalists] 4922/50000  2.8 games/s  ETA 4h30m20s
[finalists] 4927/50000  2.8 games/s  ETA 4h30m20s
[finalists] 4933/50000  2.8 games/s  ETA 4h30m16s
[finalists] 4942/50000  2.8 games/s  ETA 4h30m02s
[finalists] 4944/50000  2.8 games/s  ETA 4h30m12s
[finalists] 4949/50000  2.8 games/s  ETA 4h30m13s
[finalists] 4952/50000  2.8 games/s  ETA 4h30m20s
[finalists] 4956/50000  2.8 games/s  ETA 4h30m23s
[finalists] 4961/50000  2.8 games/s  ETA 4h30m23s
[finalists] 4964/50000  2.8 games/s  ETA 4h30m31s
[finalists] 4971/50000  2.8 games/s  ETA 4h30m24s
[finalists] 4975/50000  2.8 games/s  ETA 4h30m27s
[finalists] 4981/50000  2.8 games/s  ETA 4h30m24s
[finalists] 4984/50000  2.8 games/s  ETA 4h30m31s
[finalists] 4994/50000  2.8 games/s  ETA 4h30m13s
[finalists] 4997/50000  2.8 games/s  ETA 4h30m20s
[finalists] 5005/50000  2.8 games/s  ETA 4h30m09s
[finalists] 5010/50000  2.8 games/s  ETA 4h30m09s
[finalists] 5015/50000  2.8 games/s  ETA 4h30m09s
[finalists] 5022/50000  2.8 games/s  ETA 4h30m02s
[finalists] 5027/50000  2.8 games/s  ETA 4h30m02s
[finalists] 5035/50000  2.8 games/s  ETA 4h29m51s
[finalists] 5042/50000  2.8 games/s  ETA 4h29m44s
[finalists] 5046/50000  2.8 games/s  ETA 4h29m48s
[finalists] 5048/50000  2.8 games/s  ETA 4h29m58s
[finalists] 5055/50000  2.8 games/s  ETA 4h29m51s
[finalists] 5061/50000  2.8 games/s  ETA 4h29m47s
[finalists] 5064/50000  2.8 games/s  ETA 4h29m55s
[finalists] 5070/50000  2.8 games/s  ETA 4h29m51s
[finalists] 5075/50000  2.8 games/s  ETA 4h29m51s
[finalists] 5080/50000  2.8 games/s  ETA 4h29m51s
[finalists] 5085/50000  2.8 games/s  ETA 4h29m51s
[finalists] 5090/50000  2.8 games/s  ETA 4h29m51s
[finalists] 5094/50000  2.8 games/s  ETA 4h29m54s
[finalists] 5103/50000  2.8 games/s  ETA 4h29m40s
[finalists] 5107/50000  2.8 games/s  ETA 4h29m44s
[finalists] 5112/50000  2.8 games/s  ETA 4h29m43s
[finalists] 5122/50000  2.8 games/s  ETA 4h29m26s
[finalists] 5128/50000  2.8 games/s  ETA 4h29m22s
[finalists] 5132/50000  2.8 games/s  ETA 4h29m26s
[finalists] 5139/50000  2.8 games/s  ETA 4h29m19s
[finalists] 5145/50000  2.8 games/s  ETA 4h29m15s
[finalists] 5151/50000  2.8 games/s  ETA 4h29m12s
[finalists] 5157/50000  2.8 games/s  ETA 4h29m08s
[finalists] 5161/50000  2.8 games/s  ETA 4h29m11s
[finalists] 5165/50000  2.8 games/s  ETA 4h29m15s
[finalists] 5172/50000  2.8 games/s  ETA 4h29m08s
[finalists] 5177/50000  2.8 games/s  ETA 4h29m08s
[finalists] 5187/50000  2.8 games/s  ETA 4h28m50s
[finalists] 5193/50000  2.8 games/s  ETA 4h28m47s
[finalists] 5197/50000  2.8 games/s  ETA 4h28m50s
[finalists] 5200/50000  2.8 games/s  ETA 4h28m57s
[finalists] 5206/50000  2.8 games/s  ETA 4h28m53s
[finalists] 5212/50000  2.8 games/s  ETA 4h28m50s
[finalists] 5221/50000  2.8 games/s  ETA 4h28m36s
[finalists] 5228/50000  2.8 games/s  ETA 4h28m29s
[finalists] 5236/50000  2.8 games/s  ETA 4h28m19s
[finalists] 5241/50000  2.8 games/s  ETA 4h28m19s
[finalists] 5245/50000  2.8 games/s  ETA 4h28m22s
[finalists] 5249/50000  2.8 games/s  ETA 4h28m25s
[finalists] 5253/50000  2.8 games/s  ETA 4h28m29s
[finalists] 5259/50000  2.8 games/s  ETA 4h28m25s
[finalists] 5265/50000  2.8 games/s  ETA 4h28m22s
[finalists] 5271/50000  2.8 games/s  ETA 4h28m18s
[finalists] 5276/50000  2.8 games/s  ETA 4h28m18s
[finalists] 5280/50000  2.8 games/s  ETA 4h28m21s
[finalists] 5285/50000  2.8 games/s  ETA 4h28m21s
[finalists] 5291/50000  2.8 games/s  ETA 4h28m18s
[finalists] 5293/50000  2.8 games/s  ETA 4h28m28s
[finalists] 5296/50000  2.8 games/s  ETA 4h28m35s
[finalists] 5301/50000  2.8 games/s  ETA 4h28m34s
[finalists] 5305/50000  2.8 games/s  ETA 4h28m38s
[finalists] 5311/50000  2.8 games/s  ETA 4h28m34s
[finalists] 5315/50000  2.8 games/s  ETA 4h28m37s
[finalists] 5323/50000  2.8 games/s  ETA 4h28m27s
[finalists] 5331/50000  2.8 games/s  ETA 4h28m17s
[finalists] 5336/50000  2.8 games/s  ETA 4h28m17s
[finalists] 5342/50000  2.8 games/s  ETA 4h28m13s
[finalists] 5346/50000  2.8 games/s  ETA 4h28m16s
[finalists] 5354/50000  2.8 games/s  ETA 4h28m06s
[finalists] 5357/50000  2.8 games/s  ETA 4h28m13s
[finalists] 5361/50000  2.8 games/s  ETA 4h28m16s
[finalists] 5365/50000  2.8 games/s  ETA 4h28m19s
[finalists] 5370/50000  2.8 games/s  ETA 4h28m19s
[finalists] 5378/50000  2.8 games/s  ETA 4h28m09s
[finalists] 5382/50000  2.8 games/s  ETA 4h28m12s
[finalists] 5389/50000  2.8 games/s  ETA 4h28m05s
[finalists] 5397/50000  2.8 games/s  ETA 4h27m55s
[finalists] 5403/50000  2.8 games/s  ETA 4h27m51s
[finalists] 5410/50000  2.8 games/s  ETA 4h27m45s
[finalists] 5416/50000  2.8 games/s  ETA 4h27m41s
[finalists] 5422/50000  2.8 games/s  ETA 4h27m38s
[finalists] 5431/50000  2.8 games/s  ETA 4h27m24s
[finalists] 5438/50000  2.8 games/s  ETA 4h27m17s
[finalists] 5444/50000  2.8 games/s  ETA 4h27m14s
[finalists] 5452/50000  2.8 games/s  ETA 4h27m04s
[finalists] 5460/50000  2.8 games/s  ETA 4h26m54s
[finalists] 5467/50000  2.8 games/s  ETA 4h26m47s
[finalists] 5474/50000  2.8 games/s  ETA 4h26m40s
[finalists] 5482/50000  2.8 games/s  ETA 4h26m30s
[finalists] 5487/50000  2.8 games/s  ETA 4h26m30s
[finalists] 5493/50000  2.8 games/s  ETA 4h26m27s
[finalists] 5496/50000  2.8 games/s  ETA 4h26m33s
[finalists] 5504/50000  2.8 games/s  ETA 4h26m23s
[finalists] 5509/50000  2.8 games/s  ETA 4h26m23s
[finalists] 5513/50000  2.8 games/s  ETA 4h26m26s
[finalists] 5517/50000  2.8 games/s  ETA 4h26m29s
[finalists] 5522/50000  2.8 games/s  ETA 4h26m29s
[finalists] 5531/50000  2.8 games/s  ETA 4h26m16s
[finalists] 5536/50000  2.8 games/s  ETA 4h26m16s
[finalists] 5542/50000  2.8 games/s  ETA 4h26m13s
[finalists] 5547/50000  2.8 games/s  ETA 4h26m12s
[finalists] 5553/50000  2.8 games/s  ETA 4h26m09s
[finalists] 5559/50000  2.8 games/s  ETA 4h26m06s
[finalists] 5563/50000  2.8 games/s  ETA 4h26m09s
[finalists] 5570/50000  2.8 games/s  ETA 4h26m02s
[finalists] 5575/50000  2.8 games/s  ETA 4h26m02s
[finalists] 5580/50000  2.8 games/s  ETA 4h26m02s
[finalists] 5587/50000  2.8 games/s  ETA 4h25m55s
[finalists] 5591/50000  2.8 games/s  ETA 4h25m58s
[finalists] 5597/50000  2.8 games/s  ETA 4h25m55s
[finalists] 5600/50000  2.8 games/s  ETA 4h26m01s
[finalists] 5606/50000  2.8 games/s  ETA 4h25m58s
[finalists] 5609/50000  2.8 games/s  ETA 4h26m04s
[finalists] 5612/50000  2.8 games/s  ETA 4h26m10s
[finalists] 5616/50000  2.8 games/s  ETA 4h26m13s
[finalists] 5624/50000  2.8 games/s  ETA 4h26m03s
[finalists] 5630/50000  2.8 games/s  ETA 4h26m00s
[finalists] 5635/50000  2.8 games/s  ETA 4h26m00s
[finalists] 5643/50000  2.8 games/s  ETA 4h25m50s
[finalists] 5647/50000  2.8 games/s  ETA 4h25m53s
[finalists] 5651/50000  2.8 games/s  ETA 4h25m56s
[finalists] 5657/50000  2.8 games/s  ETA 4h25m52s
[finalists] 5662/50000  2.8 games/s  ETA 4h25m52s
[finalists] 5670/50000  2.8 games/s  ETA 4h25m42s
[finalists] 5674/50000  2.8 games/s  ETA 4h25m45s
[finalists] 5683/50000  2.8 games/s  ETA 4h25m33s
[finalists] 5692/50000  2.8 games/s  ETA 4h25m20s
[finalists] 5697/50000  2.8 games/s  ETA 4h25m20s
[finalists] 5703/50000  2.8 games/s  ETA 4h25m16s
[finalists] 5709/50000  2.8 games/s  ETA 4h25m13s
[finalists] 5716/50000  2.8 games/s  ETA 4h25m06s
[finalists] 5720/50000  2.8 games/s  ETA 4h25m09s
[finalists] 5725/50000  2.8 games/s  ETA 4h25m09s
[finalists] 5731/50000  2.8 games/s  ETA 4h25m06s
[finalists] 5737/50000  2.8 games/s  ETA 4h25m02s
[finalists] 5743/50000  2.8 games/s  ETA 4h24m59s
[finalists] 5747/50000  2.8 games/s  ETA 4h25m02s
[finalists] 5754/50000  2.8 games/s  ETA 4h24m55s
[finalists] 5759/50000  2.8 games/s  ETA 4h24m55s
[finalists] 5764/50000  2.8 games/s  ETA 4h24m55s
[finalists] 5771/50000  2.8 games/s  ETA 4h24m48s
[finalists] 5778/50000  2.8 games/s  ETA 4h24m42s
[finalists] 5782/50000  2.8 games/s  ETA 4h24m45s
[finalists] 5787/50000  2.8 games/s  ETA 4h24m45s
[finalists] 5793/50000  2.8 games/s  ETA 4h24m41s
[finalists] 5801/50000  2.8 games/s  ETA 4h24m32s
[finalists] 5808/50000  2.8 games/s  ETA 4h24m25s
[finalists] 5814/50000  2.8 games/s  ETA 4h24m22s
[finalists] 5820/50000  2.8 games/s  ETA 4h24m19s
[finalists] 5826/50000  2.8 games/s  ETA 4h24m15s
[finalists] 5831/50000  2.8 games/s  ETA 4h24m15s
[finalists] 5838/50000  2.8 games/s  ETA 4h24m09s
[finalists] 5843/50000  2.8 games/s  ETA 4h24m09s
[finalists] 5846/50000  2.8 games/s  ETA 4h24m15s
[finalists] 5856/50000  2.8 games/s  ETA 4h23m59s
[finalists] 5861/50000  2.8 games/s  ETA 4h23m59s
[finalists] 5869/50000  2.8 games/s  ETA 4h23m49s
[finalists] 5875/50000  2.8 games/s  ETA 4h23m46s
[finalists] 5882/50000  2.8 games/s  ETA 4h23m40s
[finalists] 5888/50000  2.8 games/s  ETA 4h23m36s
[finalists] 5891/50000  2.8 games/s  ETA 4h23m42s
[finalists] 5899/50000  2.8 games/s  ETA 4h23m33s
[finalists] 5905/50000  2.8 games/s  ETA 4h23m30s
[finalists] 5913/50000  2.8 games/s  ETA 4h23m20s
[finalists] 5920/50000  2.8 games/s  ETA 4h23m14s
[finalists] 5927/50000  2.8 games/s  ETA 4h23m08s
[finalists] 5933/50000  2.8 games/s  ETA 4h23m04s
[finalists] 5940/50000  2.8 games/s  ETA 4h22m58s
[finalists] 5948/50000  2.8 games/s  ETA 4h22m49s
[finalists] 5951/50000  2.8 games/s  ETA 4h22m55s
[finalists] 5959/50000  2.8 games/s  ETA 4h22m45s
[finalists] 5964/50000  2.8 games/s  ETA 4h22m45s
[finalists] 5968/50000  2.8 games/s  ETA 4h22m48s
[finalists] 5973/50000  2.8 games/s  ETA 4h22m48s
[finalists] 5983/50000  2.8 games/s  ETA 4h22m33s
[finalists] 5987/50000  2.8 games/s  ETA 4h22m35s
[finalists] 5994/50000  2.8 games/s  ETA 4h22m29s
[finalists] 5995/50000  2.8 games/s  ETA 4h22m41s
[finalists] 6003/50000  2.8 games/s  ETA 4h22m32s
[finalists] 6008/50000  2.8 games/s  ETA 4h22m31s
[finalists] 6012/50000  2.8 games/s  ETA 4h22m34s
[finalists] 6019/50000  2.8 games/s  ETA 4h22m28s
[finalists] 6024/50000  2.8 games/s  ETA 4h22m28s
[finalists] 6030/50000  2.8 games/s  ETA 4h22m24s
[finalists] 6036/50000  2.8 games/s  ETA 4h22m21s
[finalists] 6042/50000  2.8 games/s  ETA 4h22m18s
[finalists] 6047/50000  2.8 games/s  ETA 4h22m18s
[finalists] 6052/50000  2.8 games/s  ETA 4h22m17s
[finalists] 6056/50000  2.8 games/s  ETA 4h22m20s
[finalists] 6062/50000  2.8 games/s  ETA 4h22m17s
[finalists] 6067/50000  2.8 games/s  ETA 4h22m17s
[finalists] 6074/50000  2.8 games/s  ETA 4h22m10s
[finalists] 6081/50000  2.8 games/s  ETA 4h22m04s
[finalists] 6088/50000  2.8 games/s  ETA 4h21m58s
[finalists] 6093/50000  2.8 games/s  ETA 4h21m58s
[finalists] 6099/50000  2.8 games/s  ETA 4h21m55s
[finalists] 6106/50000  2.8 games/s  ETA 4h21m49s
[finalists] 6112/50000  2.8 games/s  ETA 4h21m45s
[finalists] 6118/50000  2.8 games/s  ETA 4h21m42s
[finalists] 6121/50000  2.8 games/s  ETA 4h21m48s
[finalists] 6126/50000  2.8 games/s  ETA 4h21m47s
[finalists] 6132/50000  2.8 games/s  ETA 4h21m44s
[finalists] 6137/50000  2.8 games/s  ETA 4h21m44s
[finalists] 6141/50000  2.8 games/s  ETA 4h21m47s
[finalists] 6145/50000  2.8 games/s  ETA 4h21m49s
[finalists] 6152/50000  2.8 games/s  ETA 4h21m43s
[finalists] 6156/50000  2.8 games/s  ETA 4h21m46s
[finalists] 6164/50000  2.8 games/s  ETA 4h21m37s
[finalists] 6169/50000  2.8 games/s  ETA 4h21m36s
[finalists] 6171/50000  2.8 games/s  ETA 4h21m45s
[finalists] 6176/50000  2.8 games/s  ETA 4h21m45s
[finalists] 6184/50000  2.8 games/s  ETA 4h21m36s
[finalists] 6189/50000  2.8 games/s  ETA 4h21m35s
[finalists] 6198/50000  2.8 games/s  ETA 4h21m23s
[finalists] 6203/50000  2.8 games/s  ETA 4h21m23s
[finalists] 6205/50000  2.8 games/s  ETA 4h21m31s
[finalists] 6214/50000  2.8 games/s  ETA 4h21m20s
[finalists] 6220/50000  2.8 games/s  ETA 4h21m16s
[finalists] 6226/50000  2.8 games/s  ETA 4h21m13s
[finalists] 6232/50000  2.8 games/s  ETA 4h21m10s
[finalists] 6241/50000  2.8 games/s  ETA 4h20m58s
[finalists] 6247/50000  2.8 games/s  ETA 4h20m55s
[finalists] 6254/50000  2.8 games/s  ETA 4h20m49s
[finalists] 6258/50000  2.8 games/s  ETA 4h20m52s
[finalists] 6263/50000  2.8 games/s  ETA 4h20m51s
[finalists] 6269/50000  2.8 games/s  ETA 4h20m48s
[finalists] 6274/50000  2.8 games/s  ETA 4h20m48s
[finalists] 6280/50000  2.8 games/s  ETA 4h20m45s
[finalists] 6287/50000  2.8 games/s  ETA 4h20m39s
[finalists] 6292/50000  2.8 games/s  ETA 4h20m38s
[finalists] 6296/50000  2.8 games/s  ETA 4h20m41s
[finalists] 6302/50000  2.8 games/s  ETA 4h20m38s
[finalists] 6310/50000  2.8 games/s  ETA 4h20m29s
[finalists] 6315/50000  2.8 games/s  ETA 4h20m28s
[finalists] 6323/50000  2.8 games/s  ETA 4h20m20s
[finalists] 6328/50000  2.8 games/s  ETA 4h20m19s
[finalists] 6335/50000  2.8 games/s  ETA 4h20m13s
[finalists] 6339/50000  2.8 games/s  ETA 4h20m16s
[finalists] 6345/50000  2.8 games/s  ETA 4h20m13s
[finalists] 6349/50000  2.8 games/s  ETA 4h20m15s
[finalists] 6353/50000  2.8 games/s  ETA 4h20m18s
[finalists] 6358/50000  2.8 games/s  ETA 4h20m17s
[finalists] 6363/50000  2.8 games/s  ETA 4h20m17s
[finalists] 6372/50000  2.8 games/s  ETA 4h20m05s
[finalists] 6378/50000  2.8 games/s  ETA 4h20m02s
[finalists] 6385/50000  2.8 games/s  ETA 4h19m56s
[finalists] 6389/50000  2.8 games/s  ETA 4h19m59s
[finalists] 6393/50000  2.8 games/s  ETA 4h20m01s
[finalists] 6398/50000  2.8 games/s  ETA 4h20m01s
[finalists] 6406/50000  2.8 games/s  ETA 4h19m52s
[finalists] 6413/50000  2.8 games/s  ETA 4h19m46s
[finalists] 6419/50000  2.8 games/s  ETA 4h19m43s
[finalists] 6427/50000  2.8 games/s  ETA 4h19m35s
[finalists] 6433/50000  2.8 games/s  ETA 4h19m31s
[finalists] 6440/50000  2.8 games/s  ETA 4h19m26s
[finalists] 6445/50000  2.8 games/s  ETA 4h19m25s
[finalists] 6450/50000  2.8 games/s  ETA 4h19m25s
[finalists] 6459/50000  2.8 games/s  ETA 4h19m13s
[finalists] 6464/50000  2.8 games/s  ETA 4h19m13s
[finalists] 6471/50000  2.8 games/s  ETA 4h19m07s
[finalists] 6475/50000  2.8 games/s  ETA 4h19m10s
[finalists] 6480/50000  2.8 games/s  ETA 4h19m09s
[finalists] 6486/50000  2.8 games/s  ETA 4h19m06s
[finalists] 6490/50000  2.8 games/s  ETA 4h19m09s
[finalists] 6494/50000  2.8 games/s  ETA 4h19m11s
[finalists] 6497/50000  2.8 games/s  ETA 4h19m16s
[finalists] 6501/50000  2.8 games/s  ETA 4h19m19s
[finalists] 6506/50000  2.8 games/s  ETA 4h19m18s
[finalists] 6510/50000  2.8 games/s  ETA 4h19m21s
[finalists] 6516/50000  2.8 games/s  ETA 4h19m17s
[finalists] 6521/50000  2.8 games/s  ETA 4h19m17s
[finalists] 6528/50000  2.8 games/s  ETA 4h19m11s
[finalists] 6536/50000  2.8 games/s  ETA 4h19m03s
[finalists] 6542/50000  2.8 games/s  ETA 4h19m00s
[finalists] 6547/50000  2.8 games/s  ETA 4h18m59s
[finalists] 6554/50000  2.8 games/s  ETA 4h18m53s
[finalists] 6560/50000  2.8 games/s  ETA 4h18m50s
[finalists] 6566/50000  2.8 games/s  ETA 4h18m47s
[finalists] 6572/50000  2.8 games/s  ETA 4h18m44s
[finalists] 6577/50000  2.8 games/s  ETA 4h18m44s
[finalists] 6584/50000  2.8 games/s  ETA 4h18m38s
[finalists] 6590/50000  2.8 games/s  ETA 4h18m35s
[finalists] 6596/50000  2.8 games/s  ETA 4h18m32s
[finalists] 6601/50000  2.8 games/s  ETA 4h18m31s
[finalists] 6607/50000  2.8 games/s  ETA 4h18m28s
[finalists] 6613/50000  2.8 games/s  ETA 4h18m25s
[finalists] 6617/50000  2.8 games/s  ETA 4h18m27s
[finalists] 6621/50000  2.8 games/s  ETA 4h18m30s
[finalists] 6629/50000  2.8 games/s  ETA 4h18m21s
[finalists] 6635/50000  2.8 games/s  ETA 4h18m18s
[finalists] 6640/50000  2.8 games/s  ETA 4h18m18s
[finalists] 6644/50000  2.8 games/s  ETA 4h18m20s
[finalists] 6648/50000  2.8 games/s  ETA 4h18m22s
[finalists] 6651/50000  2.8 games/s  ETA 4h18m27s
[finalists] 6657/50000  2.8 games/s  ETA 4h18m24s
[finalists] 6663/50000  2.8 games/s  ETA 4h18m21s
[finalists] 6666/50000  2.8 games/s  ETA 4h18m26s
[finalists] 6674/50000  2.8 games/s  ETA 4h18m18s
[finalists] 6679/50000  2.8 games/s  ETA 4h18m17s
[finalists] 6686/50000  2.8 games/s  ETA 4h18m11s
[finalists] 6693/50000  2.8 games/s  ETA 4h18m06s
[finalists] 6699/50000  2.8 games/s  ETA 4h18m03s
[finalists] 6703/50000  2.8 games/s  ETA 4h18m05s
[finalists] 6707/50000  2.8 games/s  ETA 4h18m07s
[finalists] 6712/50000  2.8 games/s  ETA 4h18m07s
[finalists] 6719/50000  2.8 games/s  ETA 4h18m01s
[finalists] 6725/50000  2.8 games/s  ETA 4h17m58s
[finalists] 6729/50000  2.8 games/s  ETA 4h18m00s
[finalists] 6737/50000  2.8 games/s  ETA 4h17m52s
[finalists] 6743/50000  2.8 games/s  ETA 4h17m49s
[finalists] 6748/50000  2.8 games/s  ETA 4h17m48s
[finalists] 6754/50000  2.8 games/s  ETA 4h17m45s
[finalists] 6762/50000  2.8 games/s  ETA 4h17m37s
[finalists] 6766/50000  2.8 games/s  ETA 4h17m39s
[finalists] 6771/50000  2.8 games/s  ETA 4h17m39s
[finalists] 6776/50000  2.8 games/s  ETA 4h17m38s
[finalists] 6782/50000  2.8 games/s  ETA 4h17m35s
[finalists] 6789/50000  2.8 games/s  ETA 4h17m29s
[finalists] 6793/50000  2.8 games/s  ETA 4h17m32s
[finalists] 6799/50000  2.8 games/s  ETA 4h17m29s
[finalists] 6808/50000  2.8 games/s  ETA 4h17m18s
[finalists] 6812/50000  2.8 games/s  ETA 4h17m20s
[finalists] 6818/50000  2.8 games/s  ETA 4h17m17s
[finalists] 6825/50000  2.8 games/s  ETA 4h17m11s
[finalists] 6830/50000  2.8 games/s  ETA 4h17m11s
[finalists] 6837/50000  2.8 games/s  ETA 4h17m05s
[finalists] 6845/50000  2.8 games/s  ETA 4h16m57s
[finalists] 6851/50000  2.8 games/s  ETA 4h16m54s
[finalists] 6854/50000  2.8 games/s  ETA 4h16m58s
[finalists] 6860/50000  2.8 games/s  ETA 4h16m55s
[finalists] 6868/50000  2.8 games/s  ETA 4h16m47s
[finalists] 6874/50000  2.8 games/s  ETA 4h16m44s
[finalists] 6883/50000  2.8 games/s  ETA 4h16m33s
[finalists] 6888/50000  2.8 games/s  ETA 4h16m33s
[finalists] 6894/50000  2.8 games/s  ETA 4h16m30s
[finalists] 6900/50000  2.8 games/s  ETA 4h16m27s
[finalists] 6906/50000  2.8 games/s  ETA 4h16m24s
[finalists] 6915/50000  2.8 games/s  ETA 4h16m13s
[finalists] 6924/50000  2.8 games/s  ETA 4h16m02s
[finalists] 6931/50000  2.8 games/s  ETA 4h15m57s
[finalists] 6938/50000  2.8 games/s  ETA 4h15m51s
[finalists] 6945/50000  2.8 games/s  ETA 4h15m46s
[finalists] 6951/50000  2.8 games/s  ETA 4h15m43s
[finalists] 6956/50000  2.8 games/s  ETA 4h15m42s
[finalists] 6963/50000  2.8 games/s  ETA 4h15m37s
[finalists] 6968/50000  2.8 games/s  ETA 4h15m36s
[finalists] 6975/50000  2.8 games/s  ETA 4h15m31s
[finalists] 6981/50000  2.8 games/s  ETA 4h15m28s
[finalists] 6986/50000  2.8 games/s  ETA 4h15m27s
[finalists] 6994/50000  2.8 games/s  ETA 4h15m19s
[finalists] 7000/50000  2.8 games/s  ETA 4h15m16s
[finalists] 7007/50000  2.8 games/s  ETA 4h15m11s
[finalists] 7015/50000  2.8 games/s  ETA 4h15m03s
[finalists] 7020/50000  2.8 games/s  ETA 4h15m02s
[finalists] 7028/50000  2.8 games/s  ETA 4h14m54s
[finalists] 7034/50000  2.8 games/s  ETA 4h14m51s
[finalists] 7039/50000  2.8 games/s  ETA 4h14m51s
[finalists] 7047/50000  2.8 games/s  ETA 4h14m43s
[finalists] 7053/50000  2.8 games/s  ETA 4h14m40s
[finalists] 7062/50000  2.8 games/s  ETA 4h14m29s
[finalists] 7069/50000  2.8 games/s  ETA 4h14m24s
[finalists] 7079/50000  2.8 games/s  ETA 4h14m11s
[finalists] 7089/50000  2.8 games/s  ETA 4h13m58s
[finalists] 7095/50000  2.8 games/s  ETA 4h13m55s
[finalists] 7099/50000  2.8 games/s  ETA 4h13m57s
[finalists] 7109/50000  2.8 games/s  ETA 4h13m44s
[finalists] 7117/50000  2.8 games/s  ETA 4h13m36s
[finalists] 7125/50000  2.8 games/s  ETA 4h13m28s
[finalists] 7134/50000  2.8 games/s  ETA 4h13m18s
[finalists] 7143/50000  2.8 games/s  ETA 4h13m08s
[finalists] 7148/50000  2.8 games/s  ETA 4h13m07s
[finalists] 7157/50000  2.8 games/s  ETA 4h12m57s
[finalists] 7165/50000  2.8 games/s  ETA 4h12m49s
[finalists] 7172/50000  2.8 games/s  ETA 4h12m44s
[finalists] 7181/50000  2.8 games/s  ETA 4h12m34s
[finalists] 7188/50000  2.8 games/s  ETA 4h12m28s
[finalists] 7194/50000  2.8 games/s  ETA 4h12m25s
[finalists] 7202/50000  2.8 games/s  ETA 4h12m18s
[finalists] 7211/50000  2.8 games/s  ETA 4h12m07s
[finalists] 7222/50000  2.8 games/s  ETA 4h11m52s
[finalists] 7230/50000  2.8 games/s  ETA 4h11m45s
[finalists] 7237/50000  2.8 games/s  ETA 4h11m39s
[finalists] 7244/50000  2.8 games/s  ETA 4h11m34s
[finalists] 7254/50000  2.8 games/s  ETA 4h11m22s
[finalists] 7260/50000  2.8 games/s  ETA 4h11m19s
[finalists] 7267/50000  2.8 games/s  ETA 4h11m14s
[finalists] 7272/50000  2.8 games/s  ETA 4h11m13s
[finalists] 7275/50000  2.8 games/s  ETA 4h11m18s
[finalists] 7280/50000  2.8 games/s  ETA 4h11m17s
[finalists] 7284/50000  2.8 games/s  ETA 4h11m19s
[finalists] 7291/50000  2.8 games/s  ETA 4h11m14s
[finalists] 7295/50000  2.8 games/s  ETA 4h11m16s
[finalists] 7302/50000  2.8 games/s  ETA 4h11m11s
[finalists] 7308/50000  2.8 games/s  ETA 4h11m08s
[finalists] 7315/50000  2.8 games/s  ETA 4h11m03s
[finalists] 7320/50000  2.8 games/s  ETA 4h11m03s
[finalists] 7327/50000  2.8 games/s  ETA 4h10m57s
[finalists] 7333/50000  2.8 games/s  ETA 4h10m55s
[finalists] 7339/50000  2.8 games/s  ETA 4h10m52s
[finalists] 7345/50000  2.8 games/s  ETA 4h10m49s
[finalists] 7349/50000  2.8 games/s  ETA 4h10m51s
[finalists] 7355/50000  2.8 games/s  ETA 4h10m48s
[finalists] 7362/50000  2.8 games/s  ETA 4h10m43s
[finalists] 7369/50000  2.8 games/s  ETA 4h10m38s
[finalists] 7377/50000  2.8 games/s  ETA 4h10m30s
[finalists] 7381/50000  2.8 games/s  ETA 4h10m32s
[finalists] 7387/50000  2.8 games/s  ETA 4h10m30s
[finalists] 7392/50000  2.8 games/s  ETA 4h10m29s
[finalists] 7399/50000  2.8 games/s  ETA 4h10m24s
[finalists] 7404/50000  2.8 games/s  ETA 4h10m24s
[finalists] 7412/50000  2.8 games/s  ETA 4h10m16s
[finalists] 7417/50000  2.8 games/s  ETA 4h10m16s
[finalists] 7424/50000  2.8 games/s  ETA 4h10m10s
[finalists] 7436/50000  2.8 games/s  ETA 4h09m53s
[finalists] 7443/50000  2.8 games/s  ETA 4h09m48s
[finalists] 7450/50000  2.8 games/s  ETA 4h09m43s
[finalists] 7455/50000  2.8 games/s  ETA 4h09m43s
[finalists] 7459/50000  2.8 games/s  ETA 4h09m45s
[finalists] 7467/50000  2.8 games/s  ETA 4h09m37s
[finalists] 7472/50000  2.8 games/s  ETA 4h09m37s
[finalists] 7482/50000  2.8 games/s  ETA 4h09m25s
[finalists] 7492/50000  2.8 games/s  ETA 4h09m13s
[finalists] 7499/50000  2.8 games/s  ETA 4h09m08s
[finalists] 7506/50000  2.8 games/s  ETA 4h09m03s
[finalists] 7512/50000  2.8 games/s  ETA 4h09m00s
[finalists] 7521/50000  2.8 games/s  ETA 4h08m50s
[finalists] 7529/50000  2.8 games/s  ETA 4h08m43s
[finalists] 7538/50000  2.8 games/s  ETA 4h08m33s
[finalists] 7545/50000  2.8 games/s  ETA 4h08m28s
[finalists] 7551/50000  2.8 games/s  ETA 4h08m25s
[finalists] 7559/50000  2.8 games/s  ETA 4h08m18s
[finalists] 7565/50000  2.8 games/s  ETA 4h08m15s
[finalists] 7573/50000  2.8 games/s  ETA 4h08m08s
[finalists] 7579/50000  2.8 games/s  ETA 4h08m05s
[finalists] 7587/50000  2.9 games/s  ETA 4h07m58s
[finalists] 7595/50000  2.9 games/s  ETA 4h07m51s
[finalists] 7600/50000  2.9 games/s  ETA 4h07m50s
[finalists] 7606/50000  2.9 games/s  ETA 4h07m48s
[finalists] 7610/50000  2.9 games/s  ETA 4h07m49s
[finalists] 7615/50000  2.9 games/s  ETA 4h07m49s
[finalists] 7619/50000  2.8 games/s  ETA 4h07m51s
[finalists] 7625/50000  2.8 games/s  ETA 4h07m48s
[finalists] 7629/50000  2.8 games/s  ETA 4h07m50s
[finalists] 7632/50000  2.8 games/s  ETA 4h07m54s
[finalists] 7636/50000  2.8 games/s  ETA 4h07m56s
[finalists] 7641/50000  2.8 games/s  ETA 4h07m56s
[finalists] 7647/50000  2.8 games/s  ETA 4h07m53s
[finalists] 7652/50000  2.8 games/s  ETA 4h07m53s
[finalists] 7658/50000  2.8 games/s  ETA 4h07m50s
[finalists] 7662/50000  2.8 games/s  ETA 4h07m52s
[finalists] 7665/50000  2.8 games/s  ETA 4h07m56s
[finalists] 7670/50000  2.8 games/s  ETA 4h07m56s
[finalists] 7673/50000  2.8 games/s  ETA 4h08m00s
[finalists] 7680/50000  2.8 games/s  ETA 4h07m55s
[finalists] 7688/50000  2.8 games/s  ETA 4h07m48s
[finalists] 7693/50000  2.8 games/s  ETA 4h07m47s
[finalists] 7699/50000  2.8 games/s  ETA 4h07m45s
[finalists] 7708/50000  2.8 games/s  ETA 4h07m35s
[finalists] 7716/50000  2.8 games/s  ETA 4h07m28s
[finalists] 7719/50000  2.8 games/s  ETA 4h07m32s
[finalists] 7729/50000  2.8 games/s  ETA 4h07m20s
[finalists] 7737/50000  2.8 games/s  ETA 4h07m13s
[finalists] 7746/50000  2.9 games/s  ETA 4h07m03s
[finalists] 7751/50000  2.9 games/s  ETA 4h07m03s
[finalists] 7757/50000  2.9 games/s  ETA 4h07m00s
[finalists] 7761/50000  2.8 games/s  ETA 4h07m02s
[finalists] 7768/50000  2.9 games/s  ETA 4h06m57s
[finalists] 7774/50000  2.9 games/s  ETA 4h06m55s
[finalists] 7780/50000  2.9 games/s  ETA 4h06m52s
[finalists] 7785/50000  2.9 games/s  ETA 4h06m52s
[finalists] 7789/50000  2.8 games/s  ETA 4h06m53s
[finalists] 7795/50000  2.8 games/s  ETA 4h06m51s
[finalists] 7802/50000  2.9 games/s  ETA 4h06m46s
[finalists] 7809/50000  2.9 games/s  ETA 4h06m41s
[finalists] 7816/50000  2.9 games/s  ETA 4h06m36s
[finalists] 7820/50000  2.9 games/s  ETA 4h06m38s
[finalists] 7824/50000  2.8 games/s  ETA 4h06m40s
[finalists] 7832/50000  2.9 games/s  ETA 4h06m32s
[finalists] 7838/50000  2.9 games/s  ETA 4h06m30s
[finalists] 7845/50000  2.9 games/s  ETA 4h06m25s
[finalists] 7853/50000  2.9 games/s  ETA 4h06m18s
[finalists] 7858/50000  2.9 games/s  ETA 4h06m17s
[finalists] 7863/50000  2.9 games/s  ETA 4h06m17s
[finalists] 7867/50000  2.9 games/s  ETA 4h06m19s
[finalists] 7871/50000  2.9 games/s  ETA 4h06m20s
[finalists] 7876/50000  2.8 games/s  ETA 4h06m20s
[finalists] 7883/50000  2.9 games/s  ETA 4h06m15s
[finalists] 7888/50000  2.9 games/s  ETA 4h06m15s
[finalists] 7894/50000  2.9 games/s  ETA 4h06m12s
[finalists] 7898/50000  2.8 games/s  ETA 4h06m14s
[finalists] 7904/50000  2.8 games/s  ETA 4h06m11s
[finalists] 7906/50000  2.8 games/s  ETA 4h06m17s
[finalists] 7911/50000  2.8 games/s  ETA 4h06m17s
[finalists] 7915/50000  2.8 games/s  ETA 4h06m19s
[finalists] 7920/50000  2.8 games/s  ETA 4h06m18s
[finalists] 7922/50000  2.8 games/s  ETA 4h06m24s
[finalists] 7932/50000  2.8 games/s  ETA 4h06m13s
[finalists] 7938/50000  2.8 games/s  ETA 4h06m10s
[finalists] 7945/50000  2.8 games/s  ETA 4h06m05s
[finalists] 7948/50000  2.8 games/s  ETA 4h06m09s
[finalists] 7954/50000  2.8 games/s  ETA 4h06m07s
[finalists] 7963/50000  2.8 games/s  ETA 4h05m57s
[finalists] 7971/50000  2.8 games/s  ETA 4h05m50s
[finalists] 7975/50000  2.8 games/s  ETA 4h05m52s
[finalists] 7984/50000  2.8 games/s  ETA 4h05m43s
[finalists] 7991/50000  2.9 games/s  ETA 4h05m38s
[finalists] 7995/50000  2.8 games/s  ETA 4h05m40s
[finalists] 7999/50000  2.8 games/s  ETA 4h05m41s
[finalists] 8004/50000  2.8 games/s  ETA 4h05m41s
[finalists] 8009/50000  2.8 games/s  ETA 4h05m40s
[finalists] 8015/50000  2.8 games/s  ETA 4h05m38s
[finalists] 8020/50000  2.8 games/s  ETA 4h05m37s
[finalists] 8024/50000  2.8 games/s  ETA 4h05m39s
[finalists] 8032/50000  2.8 games/s  ETA 4h05m32s
[finalists] 8036/50000  2.8 games/s  ETA 4h05m34s
[finalists] 8043/50000  2.8 games/s  ETA 4h05m29s
[finalists] 8047/50000  2.8 games/s  ETA 4h05m31s
[finalists] 8051/50000  2.8 games/s  ETA 4h05m32s
[finalists] 8053/50000  2.8 games/s  ETA 4h05m38s
[finalists] 8057/50000  2.8 games/s  ETA 4h05m40s
[finalists] 8064/50000  2.8 games/s  ETA 4h05m35s
[finalists] 8067/50000  2.8 games/s  ETA 4h05m39s
[finalists] 8072/50000  2.8 games/s  ETA 4h05m39s
[finalists] 8079/50000  2.8 games/s  ETA 4h05m34s
[finalists] 8085/50000  2.8 games/s  ETA 4h05m31s
[finalists] 8091/50000  2.8 games/s  ETA 4h05m28s
[finalists] 8095/50000  2.8 games/s  ETA 4h05m30s
[finalists] 8100/50000  2.8 games/s  ETA 4h05m30s
[finalists] 8106/50000  2.8 games/s  ETA 4h05m27s
[finalists] 8114/50000  2.8 games/s  ETA 4h05m20s
[finalists] 8119/50000  2.8 games/s  ETA 4h05m19s
[finalists] 8124/50000  2.8 games/s  ETA 4h05m19s
[finalists] 8127/50000  2.8 games/s  ETA 4h05m23s
[finalists] 8134/50000  2.8 games/s  ETA 4h05m18s
[finalists] 8139/50000  2.8 games/s  ETA 4h05m17s
[finalists] 8145/50000  2.8 games/s  ETA 4h05m15s
[finalists] 8150/50000  2.8 games/s  ETA 4h05m14s
[finalists] 8155/50000  2.8 games/s  ETA 4h05m14s
[finalists] 8161/50000  2.8 games/s  ETA 4h05m11s
[finalists] 8167/50000  2.8 games/s  ETA 4h05m08s
[finalists] 8171/50000  2.8 games/s  ETA 4h05m10s
[finalists] 8174/50000  2.8 games/s  ETA 4h05m14s
[finalists] 8177/50000  2.8 games/s  ETA 4h05m18s
[finalists] 8180/50000  2.8 games/s  ETA 4h05m21s
[finalists] 8187/50000  2.8 games/s  ETA 4h05m17s
[finalists] 8190/50000  2.8 games/s  ETA 4h05m20s
[finalists] 8195/50000  2.8 games/s  ETA 4h05m20s
[finalists] 8197/50000  2.8 games/s  ETA 4h05m26s
[finalists] 8200/50000  2.8 games/s  ETA 4h05m30s
[finalists] 8209/50000  2.8 games/s  ETA 4h05m20s
[finalists] 8215/50000  2.8 games/s  ETA 4h05m18s
[finalists] 8222/50000  2.8 games/s  ETA 4h05m13s
[finalists] 8229/50000  2.8 games/s  ETA 4h05m08s
[finalists] 8235/50000  2.8 games/s  ETA 4h05m05s
[finalists] 8238/50000  2.8 games/s  ETA 4h05m09s
[finalists] 8243/50000  2.8 games/s  ETA 4h05m09s
[finalists] 8248/50000  2.8 games/s  ETA 4h05m08s
[finalists] 8253/50000  2.8 games/s  ETA 4h05m07s
[finalists] 8260/50000  2.8 games/s  ETA 4h05m03s
[finalists] 8266/50000  2.8 games/s  ETA 4h05m00s
[finalists] 8272/50000  2.8 games/s  ETA 4h04m57s
[finalists] 8277/50000  2.8 games/s  ETA 4h04m57s
[finalists] 8284/50000  2.8 games/s  ETA 4h04m52s
[finalists] 8294/50000  2.8 games/s  ETA 4h04m41s
[finalists] 8298/50000  2.8 games/s  ETA 4h04m42s
[finalists] 8305/50000  2.8 games/s  ETA 4h04m38s
[finalists] 8310/50000  2.8 games/s  ETA 4h04m37s
[finalists] 8317/50000  2.8 games/s  ETA 4h04m32s
[finalists] 8322/50000  2.8 games/s  ETA 4h04m32s
[finalists] 8328/50000  2.8 games/s  ETA 4h04m29s
[finalists] 8333/50000  2.8 games/s  ETA 4h04m28s
[finalists] 8339/50000  2.8 games/s  ETA 4h04m26s
[finalists] 8343/50000  2.8 games/s  ETA 4h04m27s
[finalists] 8348/50000  2.8 games/s  ETA 4h04m27s
[finalists] 8349/50000  2.8 games/s  ETA 4h04m35s
[finalists] 8354/50000  2.8 games/s  ETA 4h04m34s
[finalists] 8358/50000  2.8 games/s  ETA 4h04m36s
[finalists] 8365/50000  2.8 games/s  ETA 4h04m31s
[finalists] 8369/50000  2.8 games/s  ETA 4h04m32s
[finalists] 8371/50000  2.8 games/s  ETA 4h04m38s
[finalists] 8374/50000  2.8 games/s  ETA 4h04m42s
[finalists] 8378/50000  2.8 games/s  ETA 4h04m43s
[finalists] 8384/50000  2.8 games/s  ETA 4h04m41s
[finalists] 8388/50000  2.8 games/s  ETA 4h04m42s
[finalists] 8395/50000  2.8 games/s  ETA 4h04m37s
[finalists] 8399/50000  2.8 games/s  ETA 4h04m39s
[finalists] 8401/50000  2.8 games/s  ETA 4h04m44s
[finalists] 8406/50000  2.8 games/s  ETA 4h04m44s
[finalists] 8411/50000  2.8 games/s  ETA 4h04m43s
[finalists] 8414/50000  2.8 games/s  ETA 4h04m47s
[finalists] 8418/50000  2.8 games/s  ETA 4h04m48s
[finalists] 8422/50000  2.8 games/s  ETA 4h04m50s
[finalists] 8428/50000  2.8 games/s  ETA 4h04m47s
[finalists] 8433/50000  2.8 games/s  ETA 4h04m47s
[finalists] 8440/50000  2.8 games/s  ETA 4h04m42s
[finalists] 8445/50000  2.8 games/s  ETA 4h04m41s
[finalists] 8449/50000  2.8 games/s  ETA 4h04m43s
[finalists] 8456/50000  2.8 games/s  ETA 4h04m38s
[finalists] 8459/50000  2.8 games/s  ETA 4h04m41s
[finalists] 8467/50000  2.8 games/s  ETA 4h04m35s
[finalists] 8473/50000  2.8 games/s  ETA 4h04m32s
[finalists] 8480/50000  2.8 games/s  ETA 4h04m27s
[finalists] 8486/50000  2.8 games/s  ETA 4h04m24s
[finalists] 8493/50000  2.8 games/s  ETA 4h04m20s
[finalists] 8497/50000  2.8 games/s  ETA 4h04m21s
[finalists] 8502/50000  2.8 games/s  ETA 4h04m20s
[finalists] 8510/50000  2.8 games/s  ETA 4h04m14s
[finalists] 8516/50000  2.8 games/s  ETA 4h04m11s
[finalists] 8522/50000  2.8 games/s  ETA 4h04m08s
[finalists] 8529/50000  2.8 games/s  ETA 4h04m03s
[finalists] 8537/50000  2.8 games/s  ETA 4h03m57s
[finalists] 8544/50000  2.8 games/s  ETA 4h03m52s
[finalists] 8551/50000  2.8 games/s  ETA 4h03m47s
[finalists] 8558/50000  2.8 games/s  ETA 4h03m42s
[finalists] 8563/50000  2.8 games/s  ETA 4h03m42s
[finalists] 8569/50000  2.8 games/s  ETA 4h03m39s
[finalists] 8572/50000  2.8 games/s  ETA 4h03m43s
[finalists] 8580/50000  2.8 games/s  ETA 4h03m36s
[finalists] 8587/50000  2.8 games/s  ETA 4h03m31s
[finalists] 8593/50000  2.8 games/s  ETA 4h03m28s
[finalists] 8599/50000  2.8 games/s  ETA 4h03m26s
[finalists] 8603/50000  2.8 games/s  ETA 4h03m27s
[finalists] 8608/50000  2.8 games/s  ETA 4h03m26s
[finalists] 8614/50000  2.8 games/s  ETA 4h03m24s
[finalists] 8619/50000  2.8 games/s  ETA 4h03m23s
[finalists] 8625/50000  2.8 games/s  ETA 4h03m20s
[finalists] 8630/50000  2.8 games/s  ETA 4h03m20s
[finalists] 8639/50000  2.8 games/s  ETA 4h03m11s
[finalists] 8642/50000  2.8 games/s  ETA 4h03m14s
[finalists] 8648/50000  2.8 games/s  ETA 4h03m12s
[finalists] 8653/50000  2.8 games/s  ETA 4h03m11s
[finalists] 8659/50000  2.8 games/s  ETA 4h03m08s
[finalists] 8660/50000  2.8 games/s  ETA 4h03m16s
[finalists] 8666/50000  2.8 games/s  ETA 4h03m13s
[finalists] 8671/50000  2.8 games/s  ETA 4h03m13s
[finalists] 8677/50000  2.8 games/s  ETA 4h03m10s
[finalists] 8684/50000  2.8 games/s  ETA 4h03m05s
[finalists] 8691/50000  2.8 games/s  ETA 4h03m01s
[finalists] 8695/50000  2.8 games/s  ETA 4h03m02s
[finalists] 8699/50000  2.8 games/s  ETA 4h03m03s
[finalists] 8704/50000  2.8 games/s  ETA 4h03m03s
[finalists] 8709/50000  2.8 games/s  ETA 4h03m02s
[finalists] 8715/50000  2.8 games/s  ETA 4h02m59s
[finalists] 8719/50000  2.8 games/s  ETA 4h03m01s
[finalists] 8726/50000  2.8 games/s  ETA 4h02m56s
[finalists] 8733/50000  2.8 games/s  ETA 4h02m51s
[finalists] 8739/50000  2.8 games/s  ETA 4h02m49s
[finalists] 8742/50000  2.8 games/s  ETA 4h02m52s
[finalists] 8749/50000  2.8 games/s  ETA 4h02m47s
[finalists] 8752/50000  2.8 games/s  ETA 4h02m51s
[finalists] 8755/50000  2.8 games/s  ETA 4h02m54s
[finalists] 8761/50000  2.8 games/s  ETA 4h02m51s
[finalists] 8765/50000  2.8 games/s  ETA 4h02m53s
[finalists] 8769/50000  2.8 games/s  ETA 4h02m54s
[finalists] 8774/50000  2.8 games/s  ETA 4h02m53s
[finalists] 8782/50000  2.8 games/s  ETA 4h02m47s
[finalists] 8788/50000  2.8 games/s  ETA 4h02m44s
[finalists] 8791/50000  2.8 games/s  ETA 4h02m47s
[finalists] 8796/50000  2.8 games/s  ETA 4h02m47s
[finalists] 8801/50000  2.8 games/s  ETA 4h02m46s
[finalists] 8807/50000  2.8 games/s  ETA 4h02m43s
[finalists] 8816/50000  2.8 games/s  ETA 4h02m35s
[finalists] 8822/50000  2.8 games/s  ETA 4h02m32s
[finalists] 8828/50000  2.8 games/s  ETA 4h02m29s
[finalists] 8836/50000  2.8 games/s  ETA 4h02m23s
[finalists] 8843/50000  2.8 games/s  ETA 4h02m18s
[finalists] 8847/50000  2.8 games/s  ETA 4h02m19s
[finalists] 8853/50000  2.8 games/s  ETA 4h02m17s
[finalists] 8857/50000  2.8 games/s  ETA 4h02m18s
[finalists] 8864/50000  2.8 games/s  ETA 4h02m13s
[finalists] 8869/50000  2.8 games/s  ETA 4h02m13s
[finalists] 8874/50000  2.8 games/s  ETA 4h02m12s
[finalists] 8879/50000  2.8 games/s  ETA 4h02m11s
[finalists] 8885/50000  2.8 games/s  ETA 4h02m09s
[finalists] 8891/50000  2.8 games/s  ETA 4h02m06s
[finalists] 8901/50000  2.8 games/s  ETA 4h01m55s
[finalists] 8906/50000  2.8 games/s  ETA 4h01m55s
[finalists] 8911/50000  2.8 games/s  ETA 4h01m54s
[finalists] 8917/50000  2.8 games/s  ETA 4h01m51s
[finalists] 8923/50000  2.8 games/s  ETA 4h01m49s
[finalists] 8929/50000  2.8 games/s  ETA 4h01m46s
[finalists] 8936/50000  2.8 games/s  ETA 4h01m41s
[finalists] 8941/50000  2.8 games/s  ETA 4h01m41s
[finalists] 8947/50000  2.8 games/s  ETA 4h01m38s
[finalists] 8951/50000  2.8 games/s  ETA 4h01m39s
[finalists] 8955/50000  2.8 games/s  ETA 4h01m41s
[finalists] 8962/50000  2.8 games/s  ETA 4h01m36s
[finalists] 8967/50000  2.8 games/s  ETA 4h01m35s
[finalists] 8973/50000  2.8 games/s  ETA 4h01m33s
[finalists] 8977/50000  2.8 games/s  ETA 4h01m34s
[finalists] 8986/50000  2.8 games/s  ETA 4h01m25s
[finalists] 8990/50000  2.8 games/s  ETA 4h01m27s
[finalists] 8995/50000  2.8 games/s  ETA 4h01m26s
[finalists] 9001/50000  2.8 games/s  ETA 4h01m23s
[finalists] 9007/50000  2.8 games/s  ETA 4h01m21s
[finalists] 9012/50000  2.8 games/s  ETA 4h01m20s
[finalists] 9018/50000  2.8 games/s  ETA 4h01m17s
[finalists] 9022/50000  2.8 games/s  ETA 4h01m18s
[finalists] 9024/50000  2.8 games/s  ETA 4h01m24s
[finalists] 9027/50000  2.8 games/s  ETA 4h01m27s
[finalists] 9030/50000  2.8 games/s  ETA 4h01m30s
[finalists] 9035/50000  2.8 games/s  ETA 4h01m29s
[finalists] 9039/50000  2.8 games/s  ETA 4h01m31s
[finalists] 9043/50000  2.8 games/s  ETA 4h01m32s
[finalists] 9047/50000  2.8 games/s  ETA 4h01m33s
[finalists] 9052/50000  2.8 games/s  ETA 4h01m32s
[finalists] 9058/50000  2.8 games/s  ETA 4h01m30s
[finalists] 9061/50000  2.8 games/s  ETA 4h01m33s
[finalists] 9064/50000  2.8 games/s  ETA 4h01m36s
[finalists] 9069/50000  2.8 games/s  ETA 4h01m35s
[finalists] 9076/50000  2.8 games/s  ETA 4h01m31s
[finalists] 9082/50000  2.8 games/s  ETA 4h01m28s
[finalists] 9087/50000  2.8 games/s  ETA 4h01m27s
[finalists] 9091/50000  2.8 games/s  ETA 4h01m28s
[finalists] 9095/50000  2.8 games/s  ETA 4h01m30s
[finalists] 9099/50000  2.8 games/s  ETA 4h01m31s
[finalists] 9103/50000  2.8 games/s  ETA 4h01m32s
[finalists] 9106/50000  2.8 games/s  ETA 4h01m35s
[finalists] 9111/50000  2.8 games/s  ETA 4h01m34s
[finalists] 9116/50000  2.8 games/s  ETA 4h01m34s
[finalists] 9120/50000  2.8 games/s  ETA 4h01m35s
[finalists] 9125/50000  2.8 games/s  ETA 4h01m34s
[finalists] 9132/50000  2.8 games/s  ETA 4h01m30s
[finalists] 9136/50000  2.8 games/s  ETA 4h01m31s
[finalists] 9140/50000  2.8 games/s  ETA 4h01m32s
[finalists] 9145/50000  2.8 games/s  ETA 4h01m31s
[finalists] 9150/50000  2.8 games/s  ETA 4h01m30s
[finalists] 9154/50000  2.8 games/s  ETA 4h01m32s
[finalists] 9158/50000  2.8 games/s  ETA 4h01m33s
[finalists] 9163/50000  2.8 games/s  ETA 4h01m32s
[finalists] 9168/50000  2.8 games/s  ETA 4h01m31s
[finalists] 9170/50000  2.8 games/s  ETA 4h01m36s
[finalists] 9176/50000  2.8 games/s  ETA 4h01m34s
[finalists] 9181/50000  2.8 games/s  ETA 4h01m33s
[finalists] 9186/50000  2.8 games/s  ETA 4h01m32s
[finalists] 9192/50000  2.8 games/s  ETA 4h01m29s
[finalists] 9198/50000  2.8 games/s  ETA 4h01m27s
[finalists] 9201/50000  2.8 games/s  ETA 4h01m30s
[finalists] 9206/50000  2.8 games/s  ETA 4h01m29s
[finalists] 9208/50000  2.8 games/s  ETA 4h01m34s
[finalists] 9210/50000  2.8 games/s  ETA 4h01m39s
[finalists] 9215/50000  2.8 games/s  ETA 4h01m38s
[finalists] 9219/50000  2.8 games/s  ETA 4h01m39s
[finalists] 9223/50000  2.8 games/s  ETA 4h01m40s
[finalists] 9230/50000  2.8 games/s  ETA 4h01m36s
[finalists] 9239/50000  2.8 games/s  ETA 4h01m27s
[finalists] 9243/50000  2.8 games/s  ETA 4h01m28s
[finalists] 9247/50000  2.8 games/s  ETA 4h01m30s
[finalists] 9251/50000  2.8 games/s  ETA 4h01m31s
[finalists] 9259/50000  2.8 games/s  ETA 4h01m24s
[finalists] 9263/50000  2.8 games/s  ETA 4h01m25s
[finalists] 9268/50000  2.8 games/s  ETA 4h01m24s
[finalists] 9272/50000  2.8 games/s  ETA 4h01m26s
[finalists] 9276/50000  2.8 games/s  ETA 4h01m27s
[finalists] 9282/50000  2.8 games/s  ETA 4h01m24s
[finalists] 9286/50000  2.8 games/s  ETA 4h01m25s
[finalists] 9290/50000  2.8 games/s  ETA 4h01m26s
[finalists] 9295/50000  2.8 games/s  ETA 4h01m25s
[finalists] 9299/50000  2.8 games/s  ETA 4h01m26s
[finalists] 9305/50000  2.8 games/s  ETA 4h01m24s
[finalists] 9308/50000  2.8 games/s  ETA 4h01m27s
[finalists] 9310/50000  2.8 games/s  ETA 4h01m32s
[finalists] 9314/50000  2.8 games/s  ETA 4h01m33s
[finalists] 9318/50000  2.8 games/s  ETA 4h01m34s
[finalists] 9323/50000  2.8 games/s  ETA 4h01m33s
[finalists] 9329/50000  2.8 games/s  ETA 4h01m30s
[finalists] 9335/50000  2.8 games/s  ETA 4h01m28s
[finalists] 9341/50000  2.8 games/s  ETA 4h01m25s
[finalists] 9345/50000  2.8 games/s  ETA 4h01m26s
[finalists] 9351/50000  2.8 games/s  ETA 4h01m23s
[finalists] 9355/50000  2.8 games/s  ETA 4h01m24s
[finalists] 9360/50000  2.8 games/s  ETA 4h01m23s
[finalists] 9365/50000  2.8 games/s  ETA 4h01m23s
[finalists] 9368/50000  2.8 games/s  ETA 4h01m26s
[finalists] 9372/50000  2.8 games/s  ETA 4h01m27s
[finalists] 9376/50000  2.8 games/s  ETA 4h01m28s
[finalists] 9379/50000  2.8 games/s  ETA 4h01m31s
[finalists] 9383/50000  2.8 games/s  ETA 4h01m32s
[finalists] 9386/50000  2.8 games/s  ETA 4h01m35s
[finalists] 9388/50000  2.8 games/s  ETA 4h01m40s
[finalists] 9393/50000  2.8 games/s  ETA 4h01m39s
[finalists] 9396/50000  2.8 games/s  ETA 4h01m42s
[finalists] 9400/50000  2.8 games/s  ETA 4h01m43s
[finalists] 9402/50000  2.8 games/s  ETA 4h01m48s
[finalists] 9407/50000  2.8 games/s  ETA 4h01m47s
[finalists] 9412/50000  2.8 games/s  ETA 4h01m46s
[finalists] 9414/50000  2.8 games/s  ETA 4h01m51s
[finalists] 9418/50000  2.8 games/s  ETA 4h01m52s
[finalists] 9423/50000  2.8 games/s  ETA 4h01m51s
[finalists] 9428/50000  2.8 games/s  ETA 4h01m50s
[finalists] 9434/50000  2.8 games/s  ETA 4h01m47s
[finalists] 9435/50000  2.8 games/s  ETA 4h01m54s
[finalists] 9442/50000  2.8 games/s  ETA 4h01m49s
[finalists] 9445/50000  2.8 games/s  ETA 4h01m52s
[finalists] 9448/50000  2.8 games/s  ETA 4h01m55s
[finalists] 9454/50000  2.8 games/s  ETA 4h01m52s
[finalists] 9457/50000  2.8 games/s  ETA 4h01m55s
[finalists] 9460/50000  2.8 games/s  ETA 4h01m58s
[finalists] 9462/50000  2.8 games/s  ETA 4h02m03s
[finalists] 9465/50000  2.8 games/s  ETA 4h02m06s
[finalists] 9468/50000  2.8 games/s  ETA 4h02m09s
[finalists] 9472/50000  2.8 games/s  ETA 4h02m10s
[finalists] 9473/50000  2.8 games/s  ETA 4h02m16s
[finalists] 9476/50000  2.8 games/s  ETA 4h02m19s
[finalists] 9481/50000  2.8 games/s  ETA 4h02m18s
[finalists] 9487/50000  2.8 games/s  ETA 4h02m15s
[finalists] 9490/50000  2.8 games/s  ETA 4h02m18s
[finalists] 9494/50000  2.8 games/s  ETA 4h02m19s
[finalists] 9497/50000  2.8 games/s  ETA 4h02m22s
[finalists] 9499/50000  2.8 games/s  ETA 4h02m27s
[finalists] 9504/50000  2.8 games/s  ETA 4h02m26s
[finalists] 9505/50000  2.8 games/s  ETA 4h02m33s
[finalists] 9512/50000  2.8 games/s  ETA 4h02m28s
[finalists] 9515/50000  2.8 games/s  ETA 4h02m31s
[finalists] 9519/50000  2.8 games/s  ETA 4h02m32s
[finalists] 9521/50000  2.8 games/s  ETA 4h02m36s
[finalists] 9525/50000  2.8 games/s  ETA 4h02m37s
[finalists] 9530/50000  2.8 games/s  ETA 4h02m36s
[finalists] 9534/50000  2.8 games/s  ETA 4h02m37s
[finalists] 9540/50000  2.8 games/s  ETA 4h02m35s
[finalists] 9543/50000  2.8 games/s  ETA 4h02m37s
[finalists] 9546/50000  2.8 games/s  ETA 4h02m40s
[finalists] 9549/50000  2.8 games/s  ETA 4h02m43s
[finalists] 9552/50000  2.8 games/s  ETA 4h02m46s
[finalists] 9555/50000  2.8 games/s  ETA 4h02m49s
[finalists] 9557/50000  2.8 games/s  ETA 4h02m53s
[finalists] 9559/50000  2.8 games/s  ETA 4h02m58s
[finalists] 9564/50000  2.8 games/s  ETA 4h02m57s
[finalists] 9567/50000  2.8 games/s  ETA 4h03m00s
[finalists] 9571/50000  2.8 games/s  ETA 4h03m01s
[finalists] 9573/50000  2.8 games/s  ETA 4h03m06s
[finalists] 9576/50000  2.8 games/s  ETA 4h03m08s
[finalists] 9579/50000  2.8 games/s  ETA 4h03m11s
[finalists] 9583/50000  2.8 games/s  ETA 4h03m12s
[finalists] 9588/50000  2.8 games/s  ETA 4h03m11s
[finalists] 9592/50000  2.8 games/s  ETA 4h03m12s
[finalists] 9596/50000  2.8 games/s  ETA 4h03m13s
[finalists] 9598/50000  2.8 games/s  ETA 4h03m18s
[finalists] 9599/50000  2.8 games/s  ETA 4h03m24s
[finalists] 9602/50000  2.8 games/s  ETA 4h03m27s
[finalists] 9604/50000  2.8 games/s  ETA 4h03m32s
[finalists] 9608/50000  2.8 games/s  ETA 4h03m32s
[finalists] 9611/50000  2.8 games/s  ETA 4h03m35s
[finalists] 9613/50000  2.8 games/s  ETA 4h03m40s
[finalists] 9615/50000  2.8 games/s  ETA 4h03m44s
[finalists] 9617/50000  2.8 games/s  ETA 4h03m49s
[finalists] 9618/50000  2.8 games/s  ETA 4h03m56s
[finalists] 9624/50000  2.8 games/s  ETA 4h03m53s
[finalists] 9631/50000  2.8 games/s  ETA 4h03m48s
[finalists] 9634/50000  2.8 games/s  ETA 4h03m51s
[finalists] 9637/50000  2.8 games/s  ETA 4h03m53s
[finalists] 9639/50000  2.8 games/s  ETA 4h03m58s
[finalists] 9641/50000  2.8 games/s  ETA 4h04m03s
[finalists] 9644/50000  2.8 games/s  ETA 4h04m05s
[finalists] 9646/50000  2.8 games/s  ETA 4h04m10s
[finalists] 9647/50000  2.8 games/s  ETA 4h04m16s
[finalists] 9649/50000  2.8 games/s  ETA 4h04m21s
[finalists] 9653/50000  2.8 games/s  ETA 4h04m22s
[finalists] 9658/50000  2.8 games/s  ETA 4h04m21s
[finalists] 9660/50000  2.8 games/s  ETA 4h04m25s
[finalists] 9664/50000  2.8 games/s  ETA 4h04m26s
[finalists] 9667/50000  2.7 games/s  ETA 4h04m29s
[finalists] 9670/50000  2.7 games/s  ETA 4h04m32s
[finalists] 9672/50000  2.7 games/s  ETA 4h04m36s
[finalists] 9677/50000  2.7 games/s  ETA 4h04m35s
[finalists] 9682/50000  2.7 games/s  ETA 4h04m34s
[finalists] 9685/50000  2.7 games/s  ETA 4h04m37s
[finalists] 9688/50000  2.7 games/s  ETA 4h04m40s
[finalists] 9695/50000  2.7 games/s  ETA 4h04m35s
[finalists] 9697/50000  2.7 games/s  ETA 4h04m39s
[finalists] 9702/50000  2.7 games/s  ETA 4h04m38s
[finalists] 9706/50000  2.7 games/s  ETA 4h04m39s
[finalists] 9712/50000  2.7 games/s  ETA 4h04m36s
[finalists] 9715/50000  2.7 games/s  ETA 4h04m39s
[finalists] 9719/50000  2.7 games/s  ETA 4h04m39s
[finalists] 9723/50000  2.7 games/s  ETA 4h04m40s
[finalists] 9727/50000  2.7 games/s  ETA 4h04m41s
[finalists] 9731/50000  2.7 games/s  ETA 4h04m42s
[finalists] 9734/50000  2.7 games/s  ETA 4h04m45s
[finalists] 9737/50000  2.7 games/s  ETA 4h04m47s
[finalists] 9740/50000  2.7 games/s  ETA 4h04m50s
[finalists] 9744/50000  2.7 games/s  ETA 4h04m51s
[finalists] 9749/50000  2.7 games/s  ETA 4h04m50s
[finalists] 9750/50000  2.7 games/s  ETA 4h04m56s
[finalists] 9755/50000  2.7 games/s  ETA 4h04m55s
[finalists] 9757/50000  2.7 games/s  ETA 4h04m59s
[finalists] 9759/50000  2.7 games/s  ETA 4h05m04s
[finalists] 9762/50000  2.7 games/s  ETA 4h05m06s
[finalists] 9766/50000  2.7 games/s  ETA 4h05m07s
[finalists] 9771/50000  2.7 games/s  ETA 4h05m06s
[finalists] 9774/50000  2.7 games/s  ETA 4h05m09s
[finalists] 9780/50000  2.7 games/s  ETA 4h05m06s
[finalists] 9786/50000  2.7 games/s  ETA 4h05m03s
[finalists] 9790/50000  2.7 games/s  ETA 4h05m04s
[finalists] 9793/50000  2.7 games/s  ETA 4h05m06s
[finalists] 9797/50000  2.7 games/s  ETA 4h05m07s
[finalists] 9799/50000  2.7 games/s  ETA 4h05m11s
[finalists] 9802/50000  2.7 games/s  ETA 4h05m14s
[finalists] 9808/50000  2.7 games/s  ETA 4h05m11s
[finalists] 9810/50000  2.7 games/s  ETA 4h05m15s
[finalists] 9813/50000  2.7 games/s  ETA 4h05m18s
[finalists] 9816/50000  2.7 games/s  ETA 4h05m21s
[finalists] 9820/50000  2.7 games/s  ETA 4h05m21s
[finalists] 9823/50000  2.7 games/s  ETA 4h05m24s
[finalists] 9825/50000  2.7 games/s  ETA 4h05m28s
[finalists] 9832/50000  2.7 games/s  ETA 4h05m24s
[finalists] 9836/50000  2.7 games/s  ETA 4h05m24s
[finalists] 9841/50000  2.7 games/s  ETA 4h05m23s
[finalists] 9844/50000  2.7 games/s  ETA 4h05m26s
[finalists] 9846/50000  2.7 games/s  ETA 4h05m30s
[finalists] 9849/50000  2.7 games/s  ETA 4h05m33s
[finalists] 9852/50000  2.7 games/s  ETA 4h05m35s
[finalists] 9857/50000  2.7 games/s  ETA 4h05m34s
[finalists] 9858/50000  2.7 games/s  ETA 4h05m40s
[finalists] 9861/50000  2.7 games/s  ETA 4h05m43s
[finalists] 9864/50000  2.7 games/s  ETA 4h05m45s
[finalists] 9867/50000  2.7 games/s  ETA 4h05m48s
[finalists] 9871/50000  2.7 games/s  ETA 4h05m49s
[finalists] 9873/50000  2.7 games/s  ETA 4h05m53s
[finalists] 9876/50000  2.7 games/s  ETA 4h05m56s
[finalists] 9882/50000  2.7 games/s  ETA 4h05m53s
[finalists] 9886/50000  2.7 games/s  ETA 4h05m53s
[finalists] 9892/50000  2.7 games/s  ETA 4h05m50s
[finalists] 9893/50000  2.7 games/s  ETA 4h05m57s
[finalists] 9896/50000  2.7 games/s  ETA 4h05m59s
[finalists] 9900/50000  2.7 games/s  ETA 4h06m00s
[finalists] 9901/50000  2.7 games/s  ETA 4h06m06s
[finalists] 9902/50000  2.7 games/s  ETA 4h06m12s
[finalists] 9905/50000  2.7 games/s  ETA 4h06m15s
[finalists] 9910/50000  2.7 games/s  ETA 4h06m14s
[finalists] 9912/50000  2.7 games/s  ETA 4h06m18s
[finalists] 9915/50000  2.7 games/s  ETA 4h06m20s
[finalists] 9918/50000  2.7 games/s  ETA 4h06m23s
[finalists] 9923/50000  2.7 games/s  ETA 4h06m22s
[finalists] 9926/50000  2.7 games/s  ETA 4h06m24s
[finalists] 9931/50000  2.7 games/s  ETA 4h06m23s
[finalists] 9934/50000  2.7 games/s  ETA 4h06m26s
[finalists] 9936/50000  2.7 games/s  ETA 4h06m30s
[finalists] 9940/50000  2.7 games/s  ETA 4h06m31s
[finalists] 9945/50000  2.7 games/s  ETA 4h06m29s
[finalists] 9948/50000  2.7 games/s  ETA 4h06m32s
[finalists] 9951/50000  2.7 games/s  ETA 4h06m34s
[finalists] 9957/50000  2.7 games/s  ETA 4h06m31s
[finalists] 9962/50000  2.7 games/s  ETA 4h06m30s
[finalists] 9965/50000  2.7 games/s  ETA 4h06m32s
[finalists] 9968/50000  2.7 games/s  ETA 4h06m35s
[finalists] 9972/50000  2.7 games/s  ETA 4h06m36s
[finalists] 9976/50000  2.7 games/s  ETA 4h06m36s
[finalists] 9981/50000  2.7 games/s  ETA 4h06m35s
[finalists] 9986/50000  2.7 games/s  ETA 4h06m34s
[finalists] 9991/50000  2.7 games/s  ETA 4h06m32s
[finalists] 9993/50000  2.7 games/s  ETA 4h06m37s
[finalists] 9996/50000  2.7 games/s  ETA 4h06m39s
[finalists] 10001/50000  2.7 games/s  ETA 4h06m38s
[finalists] 10007/50000  2.7 games/s  ETA 4h06m35s
[finalists] 10010/50000  2.7 games/s  ETA 4h06m37s
[finalists] 10015/50000  2.7 games/s  ETA 4h06m36s
[finalists] 10017/50000  2.7 games/s  ETA 4h06m40s
[finalists] 10019/50000  2.7 games/s  ETA 4h06m45s
[finalists] 10020/50000  2.7 games/s  ETA 4h06m51s
[finalists] 10023/50000  2.7 games/s  ETA 4h06m53s
[finalists] 10027/50000  2.7 games/s  ETA 4h06m54s
[finalists] 10029/50000  2.7 games/s  ETA 4h06m58s
[finalists] 10034/50000  2.7 games/s  ETA 4h06m57s
[finalists] 10035/50000  2.7 games/s  ETA 4h07m03s
[finalists] 10040/50000  2.7 games/s  ETA 4h07m02s
[finalists] 10045/50000  2.7 games/s  ETA 4h07m00s
[finalists] 10047/50000  2.7 games/s  ETA 4h07m05s
[finalists] 10050/50000  2.7 games/s  ETA 4h07m07s
[finalists] 10053/50000  2.7 games/s  ETA 4h07m10s
[finalists] 10057/50000  2.7 games/s  ETA 4h07m10s
[finalists] 10059/50000  2.7 games/s  ETA 4h07m14s
[finalists] 10064/50000  2.7 games/s  ETA 4h07m13s
[finalists] 10065/50000  2.7 games/s  ETA 4h07m19s
[finalists] 10070/50000  2.7 games/s  ETA 4h07m18s
[finalists] 10075/50000  2.7 games/s  ETA 4h07m17s
[finalists] 10079/50000  2.7 games/s  ETA 4h07m17s
[finalists] 10082/50000  2.7 games/s  ETA 4h07m20s
[finalists] 10089/50000  2.7 games/s  ETA 4h07m15s
[finalists] 10092/50000  2.7 games/s  ETA 4h07m17s
[finalists] 10099/50000  2.7 games/s  ETA 4h07m12s
[finalists] 10105/50000  2.7 games/s  ETA 4h07m09s
[finalists] 10109/50000  2.7 games/s  ETA 4h07m09s
[finalists] 10114/50000  2.7 games/s  ETA 4h07m08s
[finalists] 10115/50000  2.7 games/s  ETA 4h07m14s
[finalists] 10120/50000  2.7 games/s  ETA 4h07m13s
[finalists] 10124/50000  2.7 games/s  ETA 4h07m13s
[finalists] 10129/50000  2.7 games/s  ETA 4h07m12s
[finalists] 10133/50000  2.7 games/s  ETA 4h07m13s
[finalists] 10136/50000  2.7 games/s  ETA 4h07m15s
[finalists] 10140/50000  2.7 games/s  ETA 4h07m15s
[finalists] 10143/50000  2.7 games/s  ETA 4h07m18s
[finalists] 10147/50000  2.7 games/s  ETA 4h07m18s
[finalists] 10148/50000  2.7 games/s  ETA 4h07m24s
[finalists] 10154/50000  2.7 games/s  ETA 4h07m21s
[finalists] 10157/50000  2.7 games/s  ETA 4h07m24s
[finalists] 10161/50000  2.7 games/s  ETA 4h07m24s
[finalists] 10164/50000  2.7 games/s  ETA 4h07m26s
[finalists] 10167/50000  2.7 games/s  ETA 4h07m29s
[finalists] 10170/50000  2.7 games/s  ETA 4h07m31s
[finalists] 10176/50000  2.7 games/s  ETA 4h07m28s
[finalists] 10180/50000  2.7 games/s  ETA 4h07m28s
[finalists] 10185/50000  2.7 games/s  ETA 4h07m27s
[finalists] 10190/50000  2.7 games/s  ETA 4h07m26s
[finalists] 10194/50000  2.7 games/s  ETA 4h07m26s
[finalists] 10198/50000  2.7 games/s  ETA 4h07m27s
[finalists] 10200/50000  2.7 games/s  ETA 4h07m31s
[finalists] 10205/50000  2.7 games/s  ETA 4h07m30s
[finalists] 10207/50000  2.7 games/s  ETA 4h07m34s
[finalists] 10209/50000  2.7 games/s  ETA 4h07m38s
[finalists] 10213/50000  2.7 games/s  ETA 4h07m38s
[finalists] 10217/50000  2.7 games/s  ETA 4h07m39s
[finalists] 10218/50000  2.7 games/s  ETA 4h07m45s
[finalists] 10221/50000  2.7 games/s  ETA 4h07m47s
[finalists] 10224/50000  2.7 games/s  ETA 4h07m49s
[finalists] 10226/50000  2.7 games/s  ETA 4h07m54s
[finalists] 10230/50000  2.7 games/s  ETA 4h07m54s
[finalists] 10233/50000  2.7 games/s  ETA 4h07m56s
[finalists] 10236/50000  2.7 games/s  ETA 4h07m59s
[finalists] 10240/50000  2.7 games/s  ETA 4h07m59s
[finalists] 10241/50000  2.7 games/s  ETA 4h08m05s
[finalists] 10246/50000  2.7 games/s  ETA 4h08m04s
[finalists] 10249/50000  2.7 games/s  ETA 4h08m06s
[finalists] 10253/50000  2.7 games/s  ETA 4h08m07s
[finalists] 10255/50000  2.7 games/s  ETA 4h08m11s
[finalists] 10258/50000  2.7 games/s  ETA 4h08m13s
[finalists] 10263/50000  2.7 games/s  ETA 4h08m12s
[finalists] 10265/50000  2.7 games/s  ETA 4h08m16s
[finalists] 10268/50000  2.7 games/s  ETA 4h08m18s
[finalists] 10270/50000  2.7 games/s  ETA 4h08m22s
[finalists] 10275/50000  2.7 games/s  ETA 4h08m21s
[finalists] 10276/50000  2.7 games/s  ETA 4h08m26s
[finalists] 10280/50000  2.7 games/s  ETA 4h08m27s
[finalists] 10283/50000  2.7 games/s  ETA 4h08m29s
[finalists] 10289/50000  2.7 games/s  ETA 4h08m26s
[finalists] 10293/50000  2.7 games/s  ETA 4h08m26s
[finalists] 10298/50000  2.7 games/s  ETA 4h08m25s
[finalists] 10301/50000  2.7 games/s  ETA 4h08m27s
[finalists] 10305/50000  2.7 games/s  ETA 4h08m28s
[finalists] 10308/50000  2.7 games/s  ETA 4h08m30s
[finalists] 10312/50000  2.7 games/s  ETA 4h08m30s
[finalists] 10316/50000  2.7 games/s  ETA 4h08m31s
[finalists] 10319/50000  2.7 games/s  ETA 4h08m33s
[finalists] 10323/50000  2.7 games/s  ETA 4h08m33s
[finalists] 10329/50000  2.7 games/s  ETA 4h08m30s
[finalists] 10334/50000  2.7 games/s  ETA 4h08m29s
[finalists] 10339/50000  2.7 games/s  ETA 4h08m27s
[finalists] 10341/50000  2.7 games/s  ETA 4h08m31s
[finalists] 10342/50000  2.7 games/s  ETA 4h08m37s
[finalists] 10347/50000  2.7 games/s  ETA 4h08m36s
[finalists] 10351/50000  2.7 games/s  ETA 4h08m36s
[finalists] 10356/50000  2.7 games/s  ETA 4h08m35s
[finalists] 10359/50000  2.7 games/s  ETA 4h08m37s
[finalists] 10364/50000  2.7 games/s  ETA 4h08m36s
[finalists] 10371/50000  2.7 games/s  ETA 4h08m30s
[finalists] 10372/50000  2.7 games/s  ETA 4h08m36s
[finalists] 10376/50000  2.7 games/s  ETA 4h08m37s
[finalists] 10380/50000  2.7 games/s  ETA 4h08m37s
[finalists] 10385/50000  2.7 games/s  ETA 4h08m36s
[finalists] 10389/50000  2.7 games/s  ETA 4h08m36s
[finalists] 10392/50000  2.7 games/s  ETA 4h08m38s
[finalists] 10395/50000  2.7 games/s  ETA 4h08m40s
[finalists] 10398/50000  2.7 games/s  ETA 4h08m43s
[finalists] 10405/50000  2.7 games/s  ETA 4h08m38s
[finalists] 10408/50000  2.7 games/s  ETA 4h08m40s
[finalists] 10411/50000  2.7 games/s  ETA 4h08m42s
[finalists] 10416/50000  2.7 games/s  ETA 4h08m40s
[finalists] 10418/50000  2.7 games/s  ETA 4h08m44s
[finalists] 10423/50000  2.7 games/s  ETA 4h08m43s
[finalists] 10426/50000  2.7 games/s  ETA 4h08m45s
[finalists] 10429/50000  2.7 games/s  ETA 4h08m47s
[finalists] 10432/50000  2.7 games/s  ETA 4h08m49s
[finalists] 10435/50000  2.6 games/s  ETA 4h08m52s
[finalists] 10439/50000  2.6 games/s  ETA 4h08m52s
[finalists] 10443/50000  2.6 games/s  ETA 4h08m52s
[finalists] 10447/50000  2.6 games/s  ETA 4h08m53s
[finalists] 10450/50000  2.6 games/s  ETA 4h08m55s
[finalists] 10456/50000  2.6 games/s  ETA 4h08m52s
[finalists] 10461/50000  2.6 games/s  ETA 4h08m50s
[finalists] 10464/50000  2.6 games/s  ETA 4h08m52s
[finalists] 10469/50000  2.6 games/s  ETA 4h08m51s
[finalists] 10475/50000  2.6 games/s  ETA 4h08m48s
[finalists] 10480/50000  2.6 games/s  ETA 4h08m46s
[finalists] 10483/50000  2.6 games/s  ETA 4h08m48s
[finalists] 10488/50000  2.6 games/s  ETA 4h08m47s
[finalists] 10495/50000  2.6 games/s  ETA 4h08m42s
[finalists] 10497/50000  2.6 games/s  ETA 4h08m46s
[finalists] 10502/50000  2.6 games/s  ETA 4h08m44s
[finalists] 10504/50000  2.6 games/s  ETA 4h08m48s
[finalists] 10510/50000  2.6 games/s  ETA 4h08m45s
[finalists] 10514/50000  2.6 games/s  ETA 4h08m45s
[finalists] 10517/50000  2.6 games/s  ETA 4h08m47s
[finalists] 10522/50000  2.6 games/s  ETA 4h08m46s
[finalists] 10526/50000  2.6 games/s  ETA 4h08m46s
[finalists] 10529/50000  2.6 games/s  ETA 4h08m48s
[finalists] 10534/50000  2.6 games/s  ETA 4h08m47s
[finalists] 10538/50000  2.6 games/s  ETA 4h08m47s
[finalists] 10543/50000  2.6 games/s  ETA 4h08m46s
[finalists] 10544/50000  2.6 games/s  ETA 4h08m51s
[finalists] 10547/50000  2.6 games/s  ETA 4h08m53s
[finalists] 10549/50000  2.6 games/s  ETA 4h08m57s
[finalists] 10550/50000  2.6 games/s  ETA 4h09m03s
[finalists] 10556/50000  2.6 games/s  ETA 4h09m00s
[finalists] 10560/50000  2.6 games/s  ETA 4h09m00s
[finalists] 10563/50000  2.6 games/s  ETA 4h09m02s
[finalists] 10565/50000  2.6 games/s  ETA 4h09m06s
[finalists] 10569/50000  2.6 games/s  ETA 4h09m06s
[finalists] 10573/50000  2.6 games/s  ETA 4h09m07s
[finalists] 10577/50000  2.6 games/s  ETA 4h09m07s
[finalists] 10580/50000  2.6 games/s  ETA 4h09m09s
[finalists] 10584/50000  2.6 games/s  ETA 4h09m09s
[finalists] 10587/50000  2.6 games/s  ETA 4h09m11s
[finalists] 10590/50000  2.6 games/s  ETA 4h09m13s
[finalists] 10593/50000  2.6 games/s  ETA 4h09m15s
[finalists] 10597/50000  2.6 games/s  ETA 4h09m16s
[finalists] 10601/50000  2.6 games/s  ETA 4h09m16s
[finalists] 10606/50000  2.6 games/s  ETA 4h09m14s
[finalists] 10609/50000  2.6 games/s  ETA 4h09m17s
[finalists] 10614/50000  2.6 games/s  ETA 4h09m15s
[finalists] 10617/50000  2.6 games/s  ETA 4h09m17s
[finalists] 10622/50000  2.6 games/s  ETA 4h09m16s
[finalists] 10622/50000  2.6 games/s  ETA 4h09m23s
[finalists] 10626/50000  2.6 games/s  ETA 4h09m23s
[finalists] 10629/50000  2.6 games/s  ETA 4h09m25s
[finalists] 10634/50000  2.6 games/s  ETA 4h09m24s
[finalists] 10636/50000  2.6 games/s  ETA 4h09m28s
[finalists] 10641/50000  2.6 games/s  ETA 4h09m26s
[finalists] 10646/50000  2.6 games/s  ETA 4h09m25s
[finalists] 10649/50000  2.6 games/s  ETA 4h09m27s
[finalists] 10652/50000  2.6 games/s  ETA 4h09m29s
[finalists] 10654/50000  2.6 games/s  ETA 4h09m32s
[finalists] 10661/50000  2.6 games/s  ETA 4h09m27s
[finalists] 10663/50000  2.6 games/s  ETA 4h09m31s
[finalists] 10666/50000  2.6 games/s  ETA 4h09m33s
[finalists] 10672/50000  2.6 games/s  ETA 4h09m30s
[finalists] 10675/50000  2.6 games/s  ETA 4h09m32s
[finalists] 10679/50000  2.6 games/s  ETA 4h09m32s
[finalists] 10684/50000  2.6 games/s  ETA 4h09m31s
[finalists] 10687/50000  2.6 games/s  ETA 4h09m33s
[finalists] 10691/50000  2.6 games/s  ETA 4h09m33s
[finalists] 10694/50000  2.6 games/s  ETA 4h09m35s
[finalists] 10697/50000  2.6 games/s  ETA 4h09m37s
[finalists] 10703/50000  2.6 games/s  ETA 4h09m34s
[finalists] 10707/50000  2.6 games/s  ETA 4h09m34s
[finalists] 10712/50000  2.6 games/s  ETA 4h09m32s
[finalists] 10715/50000  2.6 games/s  ETA 4h09m34s
[finalists] 10720/50000  2.6 games/s  ETA 4h09m33s
[finalists] 10725/50000  2.6 games/s  ETA 4h09m31s
[finalists] 10730/50000  2.6 games/s  ETA 4h09m30s
[finalists] 10738/50000  2.6 games/s  ETA 4h09m23s
[finalists] 10744/50000  2.6 games/s  ETA 4h09m19s
[finalists] 10750/50000  2.6 games/s  ETA 4h09m16s
[finalists] 10753/50000  2.6 games/s  ETA 4h09m18s
[finalists] 10758/50000  2.6 games/s  ETA 4h09m16s
[finalists] 10762/50000  2.6 games/s  ETA 4h09m17s
[finalists] 10767/50000  2.6 games/s  ETA 4h09m15s
[finalists] 10772/50000  2.6 games/s  ETA 4h09m13s
[finalists] 10774/50000  2.6 games/s  ETA 4h09m17s
[finalists] 10779/50000  2.6 games/s  ETA 4h09m16s
[finalists] 10784/50000  2.6 games/s  ETA 4h09m14s
[finalists] 10789/50000  2.6 games/s  ETA 4h09m13s
[finalists] 10792/50000  2.6 games/s  ETA 4h09m15s
[finalists] 10797/50000  2.6 games/s  ETA 4h09m13s
[finalists] 10800/50000  2.6 games/s  ETA 4h09m15s
[finalists] 10803/50000  2.6 games/s  ETA 4h09m17s
[finalists] 10806/50000  2.6 games/s  ETA 4h09m19s
[finalists] 10811/50000  2.6 games/s  ETA 4h09m17s
[finalists] 10815/50000  2.6 games/s  ETA 4h09m17s
[finalists] 10818/50000  2.6 games/s  ETA 4h09m19s
[finalists] 10821/50000  2.6 games/s  ETA 4h09m21s
[finalists] 10826/50000  2.6 games/s  ETA 4h09m20s
[finalists] 10831/50000  2.6 games/s  ETA 4h09m18s
[finalists] 10836/50000  2.6 games/s  ETA 4h09m17s
[finalists] 10841/50000  2.6 games/s  ETA 4h09m15s
[finalists] 10844/50000  2.6 games/s  ETA 4h09m17s
[finalists] 10846/50000  2.6 games/s  ETA 4h09m21s
[finalists] 10848/50000  2.6 games/s  ETA 4h09m24s
[finalists] 10853/50000  2.6 games/s  ETA 4h09m23s
[finalists] 10857/50000  2.6 games/s  ETA 4h09m23s
[finalists] 10860/50000  2.6 games/s  ETA 4h09m25s
[finalists] 10861/50000  2.6 games/s  ETA 4h09m30s
[finalists] 10864/50000  2.6 games/s  ETA 4h09m32s
[finalists] 10871/50000  2.6 games/s  ETA 4h09m27s
[finalists] 10874/50000  2.6 games/s  ETA 4h09m29s
[finalists] 10878/50000  2.6 games/s  ETA 4h09m29s
[finalists] 10883/50000  2.6 games/s  ETA 4h09m28s
[finalists] 10889/50000  2.6 games/s  ETA 4h09m24s
[finalists] 10892/50000  2.6 games/s  ETA 4h09m26s
[finalists] 10896/50000  2.6 games/s  ETA 4h09m26s
[finalists] 10898/50000  2.6 games/s  ETA 4h09m30s
[finalists] 10902/50000  2.6 games/s  ETA 4h09m30s
[finalists] 10906/50000  2.6 games/s  ETA 4h09m30s
[finalists] 10911/50000  2.6 games/s  ETA 4h09m29s
[finalists] 10913/50000  2.6 games/s  ETA 4h09m32s
[finalists] 10917/50000  2.6 games/s  ETA 4h09m33s
[finalists] 10922/50000  2.6 games/s  ETA 4h09m31s
[finalists] 10925/50000  2.6 games/s  ETA 4h09m33s
[finalists] 10928/50000  2.6 games/s  ETA 4h09m35s
[finalists] 10932/50000  2.6 games/s  ETA 4h09m35s
[finalists] 10936/50000  2.6 games/s  ETA 4h09m35s
[finalists] 10940/50000  2.6 games/s  ETA 4h09m35s
[finalists] 10945/50000  2.6 games/s  ETA 4h09m34s
[finalists] 10947/50000  2.6 games/s  ETA 4h09m37s
[finalists] 10952/50000  2.6 games/s  ETA 4h09m36s
[finalists] 10955/50000  2.6 games/s  ETA 4h09m37s
[finalists] 10959/50000  2.6 games/s  ETA 4h09m38s
[finalists] 10964/50000  2.6 games/s  ETA 4h09m36s
[finalists] 10965/50000  2.6 games/s  ETA 4h09m41s
[finalists] 10970/50000  2.6 games/s  ETA 4h09m40s
[finalists] 10971/50000  2.6 games/s  ETA 4h09m45s
[finalists] 10975/50000  2.6 games/s  ETA 4h09m45s
[finalists] 10979/50000  2.6 games/s  ETA 4h09m45s
[finalists] 10983/50000  2.6 games/s  ETA 4h09m45s
[finalists] 10990/50000  2.6 games/s  ETA 4h09m40s
[finalists] 10994/50000  2.6 games/s  ETA 4h09m40s
[finalists] 10998/50000  2.6 games/s  ETA 4h09m41s
[finalists] 11003/50000  2.6 games/s  ETA 4h09m39s
[finalists] 11009/50000  2.6 games/s  ETA 4h09m36s
[finalists] 11014/50000  2.6 games/s  ETA 4h09m34s
[finalists] 11021/50000  2.6 games/s  ETA 4h09m29s
[finalists] 11024/50000  2.6 games/s  ETA 4h09m31s
[finalists] 11029/50000  2.6 games/s  ETA 4h09m29s
[finalists] 11035/50000  2.6 games/s  ETA 4h09m26s
[finalists] 11040/50000  2.6 games/s  ETA 4h09m24s
[finalists] 11045/50000  2.6 games/s  ETA 4h09m22s
[finalists] 11051/50000  2.6 games/s  ETA 4h09m19s
[finalists] 11055/50000  2.6 games/s  ETA 4h09m19s
[finalists] 11059/50000  2.6 games/s  ETA 4h09m19s
[finalists] 11063/50000  2.6 games/s  ETA 4h09m19s
[finalists] 11065/50000  2.6 games/s  ETA 4h09m23s
[finalists] 11069/50000  2.6 games/s  ETA 4h09m23s
[finalists] 11079/50000  2.6 games/s  ETA 4h09m13s
[finalists] 11082/50000  2.6 games/s  ETA 4h09m14s
[finalists] 11088/50000  2.6 games/s  ETA 4h09m11s
[finalists] 11093/50000  2.6 games/s  ETA 4h09m09s
[finalists] 11097/50000  2.6 games/s  ETA 4h09m10s
[finalists] 11102/50000  2.6 games/s  ETA 4h09m08s
[finalists] 11105/50000  2.6 games/s  ETA 4h09m10s
[finalists] 11109/50000  2.6 games/s  ETA 4h09m10s
[finalists] 11114/50000  2.6 games/s  ETA 4h09m08s
[finalists] 11120/50000  2.6 games/s  ETA 4h09m05s
[finalists] 11125/50000  2.6 games/s  ETA 4h09m03s
[finalists] 11130/50000  2.6 games/s  ETA 4h09m01s
[finalists] 11134/50000  2.6 games/s  ETA 4h09m02s
[finalists] 11138/50000  2.6 games/s  ETA 4h09m02s
[finalists] 11142/50000  2.6 games/s  ETA 4h09m02s
[finalists] 11145/50000  2.6 games/s  ETA 4h09m03s
[finalists] 11150/50000  2.6 games/s  ETA 4h09m02s
[finalists] 11155/50000  2.6 games/s  ETA 4h09m00s
[finalists] 11160/50000  2.6 games/s  ETA 4h08m59s
[finalists] 11163/50000  2.6 games/s  ETA 4h09m00s
[finalists] 11166/50000  2.6 games/s  ETA 4h09m02s
[finalists] 11167/50000  2.6 games/s  ETA 4h09m07s
[finalists] 11171/50000  2.6 games/s  ETA 4h09m07s
[finalists] 11175/50000  2.6 games/s  ETA 4h09m07s
[finalists] 11179/50000  2.6 games/s  ETA 4h09m08s
[finalists] 11183/50000  2.6 games/s  ETA 4h09m08s
[finalists] 11186/50000  2.6 games/s  ETA 4h09m09s
[finalists] 11191/50000  2.6 games/s  ETA 4h09m08s
[finalists] 11195/50000  2.6 games/s  ETA 4h09m08s
[finalists] 11200/50000  2.6 games/s  ETA 4h09m06s
[finalists] 11204/50000  2.6 games/s  ETA 4h09m06s
[finalists] 11209/50000  2.6 games/s  ETA 4h09m04s
[finalists] 11215/50000  2.6 games/s  ETA 4h09m01s
[finalists] 11223/50000  2.6 games/s  ETA 4h08m54s
[finalists] 11229/50000  2.6 games/s  ETA 4h08m51s
[finalists] 11232/50000  2.6 games/s  ETA 4h08m53s
[finalists] 11239/50000  2.6 games/s  ETA 4h08m48s
[finalists] 11246/50000  2.6 games/s  ETA 4h08m42s
[finalists] 11252/50000  2.6 games/s  ETA 4h08m39s
[finalists] 11256/50000  2.6 games/s  ETA 4h08m39s
[finalists] 11261/50000  2.6 games/s  ETA 4h08m37s
[finalists] 11267/50000  2.6 games/s  ETA 4h08m34s
[finalists] 11271/50000  2.6 games/s  ETA 4h08m34s
[finalists] 11274/50000  2.6 games/s  ETA 4h08m36s
[finalists] 11277/50000  2.6 games/s  ETA 4h08m38s
[finalists] 11284/50000  2.6 games/s  ETA 4h08m33s
[finalists] 11288/50000  2.6 games/s  ETA 4h08m33s
[finalists] 11292/50000  2.6 games/s  ETA 4h08m33s
[finalists] 11297/50000  2.6 games/s  ETA 4h08m31s
[finalists] 11302/50000  2.6 games/s  ETA 4h08m29s
[finalists] 11308/50000  2.6 games/s  ETA 4h08m26s
[finalists] 11312/50000  2.6 games/s  ETA 4h08m26s
[finalists] 11316/50000  2.6 games/s  ETA 4h08m26s
[finalists] 11320/50000  2.6 games/s  ETA 4h08m26s
[finalists] 11324/50000  2.6 games/s  ETA 4h08m26s
[finalists] 11327/50000  2.6 games/s  ETA 4h08m28s
[finalists] 11331/50000  2.6 games/s  ETA 4h08m28s
[finalists] 11336/50000  2.6 games/s  ETA 4h08m26s
[finalists] 11342/50000  2.6 games/s  ETA 4h08m23s
[finalists] 11347/50000  2.6 games/s  ETA 4h08m21s
[finalists] 11351/50000  2.6 games/s  ETA 4h08m21s
[finalists] 11357/50000  2.6 games/s  ETA 4h08m18s
[finalists] 11363/50000  2.6 games/s  ETA 4h08m14s
[finalists] 11364/50000  2.6 games/s  ETA 4h08m19s
[finalists] 11367/50000  2.6 games/s  ETA 4h08m21s
[finalists] 11373/50000  2.6 games/s  ETA 4h08m18s
[finalists] 11376/50000  2.6 games/s  ETA 4h08m20s
[finalists] 11383/50000  2.6 games/s  ETA 4h08m14s
[finalists] 11385/50000  2.6 games/s  ETA 4h08m18s
[finalists] 11390/50000  2.6 games/s  ETA 4h08m16s
[finalists] 11394/50000  2.6 games/s  ETA 4h08m16s
[finalists] 11399/50000  2.6 games/s  ETA 4h08m14s
[finalists] 11406/50000  2.6 games/s  ETA 4h08m09s
[finalists] 11412/50000  2.6 games/s  ETA 4h08m06s
[finalists] 11416/50000  2.6 games/s  ETA 4h08m06s
[finalists] 11420/50000  2.6 games/s  ETA 4h08m06s
[finalists] 11426/50000  2.6 games/s  ETA 4h08m03s
[finalists] 11431/50000  2.6 games/s  ETA 4h08m01s
[finalists] 11439/50000  2.6 games/s  ETA 4h07m54s
[finalists] 11443/50000  2.6 games/s  ETA 4h07m54s
[finalists] 11447/50000  2.6 games/s  ETA 4h07m54s
[finalists] 11450/50000  2.6 games/s  ETA 4h07m56s
[finalists] 11455/50000  2.6 games/s  ETA 4h07m54s
[finalists] 11458/50000  2.6 games/s  ETA 4h07m56s
[finalists] 11460/50000  2.6 games/s  ETA 4h07m59s
[finalists] 11463/50000  2.6 games/s  ETA 4h08m01s
[finalists] 11468/50000  2.6 games/s  ETA 4h07m59s
[finalists] 11473/50000  2.6 games/s  ETA 4h07m58s
[finalists] 11476/50000  2.6 games/s  ETA 4h07m59s
[finalists] 11482/50000  2.6 games/s  ETA 4h07m56s
[finalists] 11489/50000  2.6 games/s  ETA 4h07m51s
[finalists] 11493/50000  2.6 games/s  ETA 4h07m51s
[finalists] 11497/50000  2.6 games/s  ETA 4h07m51s
[finalists] 11500/50000  2.6 games/s  ETA 4h07m52s
[finalists] 11504/50000  2.6 games/s  ETA 4h07m52s
[finalists] 11508/50000  2.6 games/s  ETA 4h07m52s
[finalists] 11513/50000  2.6 games/s  ETA 4h07m51s
[finalists] 11517/50000  2.6 games/s  ETA 4h07m51s
[finalists] 11520/50000  2.6 games/s  ETA 4h07m52s
[finalists] 11524/50000  2.6 games/s  ETA 4h07m52s
[finalists] 11531/50000  2.6 games/s  ETA 4h07m47s
[finalists] 11537/50000  2.6 games/s  ETA 4h07m44s
[finalists] 11542/50000  2.6 games/s  ETA 4h07m42s
[finalists] 11545/50000  2.6 games/s  ETA 4h07m44s
[finalists] 11548/50000  2.6 games/s  ETA 4h07m45s
[finalists] 11553/50000  2.6 games/s  ETA 4h07m44s
[finalists] 11559/50000  2.6 games/s  ETA 4h07m40s
[finalists] 11562/50000  2.6 games/s  ETA 4h07m42s
[finalists] 11566/50000  2.6 games/s  ETA 4h07m42s
[finalists] 11571/50000  2.6 games/s  ETA 4h07m40s
[finalists] 11576/50000  2.6 games/s  ETA 4h07m38s
[finalists] 11579/50000  2.6 games/s  ETA 4h07m40s
[finalists] 11583/50000  2.6 games/s  ETA 4h07m40s
[finalists] 11588/50000  2.6 games/s  ETA 4h07m38s
[finalists] 11593/50000  2.6 games/s  ETA 4h07m37s
[finalists] 11600/50000  2.6 games/s  ETA 4h07m32s
[finalists] 11605/50000  2.6 games/s  ETA 4h07m30s
[finalists] 11612/50000  2.6 games/s  ETA 4h07m25s
[finalists] 11616/50000  2.6 games/s  ETA 4h07m25s
[finalists] 11622/50000  2.6 games/s  ETA 4h07m21s
[finalists] 11627/50000  2.6 games/s  ETA 4h07m20s
[finalists] 11631/50000  2.6 games/s  ETA 4h07m20s
[finalists] 11637/50000  2.6 games/s  ETA 4h07m16s
[finalists] 11645/50000  2.6 games/s  ETA 4h07m10s
[finalists] 11647/50000  2.6 games/s  ETA 4h07m13s
[finalists] 11655/50000  2.6 games/s  ETA 4h07m06s
[finalists] 11662/50000  2.6 games/s  ETA 4h07m01s
[finalists] 11668/50000  2.6 games/s  ETA 4h06m58s
[finalists] 11672/50000  2.6 games/s  ETA 4h06m58s
[finalists] 11675/50000  2.6 games/s  ETA 4h06m59s
[finalists] 11680/50000  2.6 games/s  ETA 4h06m58s
[finalists] 11685/50000  2.6 games/s  ETA 4h06m56s
[finalists] 11689/50000  2.6 games/s  ETA 4h06m56s
[finalists] 11693/50000  2.6 games/s  ETA 4h06m56s
[finalists] 11695/50000  2.6 games/s  ETA 4h06m59s
[finalists] 11700/50000  2.6 games/s  ETA 4h06m57s
[finalists] 11707/50000  2.6 games/s  ETA 4h06m52s
[finalists] 11711/50000  2.6 games/s  ETA 4h06m52s
[finalists] 11718/50000  2.6 games/s  ETA 4h06m47s
[finalists] 11726/50000  2.6 games/s  ETA 4h06m41s
[finalists] 11729/50000  2.6 games/s  ETA 4h06m42s
[finalists] 11737/50000  2.6 games/s  ETA 4h06m35s
[finalists] 11742/50000  2.6 games/s  ETA 4h06m34s
[finalists] 11746/50000  2.6 games/s  ETA 4h06m34s
[finalists] 11750/50000  2.6 games/s  ETA 4h06m34s
[finalists] 11758/50000  2.6 games/s  ETA 4h06m27s
[finalists] 11765/50000  2.6 games/s  ETA 4h06m22s
[finalists] 11769/50000  2.6 games/s  ETA 4h06m22s
[finalists] 11772/50000  2.6 games/s  ETA 4h06m23s
[finalists] 11776/50000  2.6 games/s  ETA 4h06m23s
[finalists] 11781/50000  2.6 games/s  ETA 4h06m22s
[finalists] 11789/50000  2.6 games/s  ETA 4h06m15s
[finalists] 11791/50000  2.6 games/s  ETA 4h06m18s
[finalists] 11795/50000  2.6 games/s  ETA 4h06m18s
[finalists] 11802/50000  2.6 games/s  ETA 4h06m13s
[finalists] 11811/50000  2.6 games/s  ETA 4h06m05s
[finalists] 11813/50000  2.6 games/s  ETA 4h06m08s
[finalists] 11819/50000  2.6 games/s  ETA 4h06m05s
[finalists] 11821/50000  2.6 games/s  ETA 4h06m08s
[finalists] 11827/50000  2.6 games/s  ETA 4h06m05s
[finalists] 11833/50000  2.6 games/s  ETA 4h06m01s
[finalists] 11839/50000  2.6 games/s  ETA 4h05m58s
[finalists] 11844/50000  2.6 games/s  ETA 4h05m56s
[finalists] 11849/50000  2.6 games/s  ETA 4h05m54s
[finalists] 11855/50000  2.6 games/s  ETA 4h05m51s
[finalists] 11859/50000  2.6 games/s  ETA 4h05m51s
[finalists] 11863/50000  2.6 games/s  ETA 4h05m51s
[finalists] 11869/50000  2.6 games/s  ETA 4h05m48s
[finalists] 11873/50000  2.6 games/s  ETA 4h05m48s
[finalists] 11879/50000  2.6 games/s  ETA 4h05m44s
[finalists] 11884/50000  2.6 games/s  ETA 4h05m42s
[finalists] 11887/50000  2.6 games/s  ETA 4h05m44s
[finalists] 11893/50000  2.6 games/s  ETA 4h05m41s
[finalists] 11897/50000  2.6 games/s  ETA 4h05m41s
[finalists] 11901/50000  2.6 games/s  ETA 4h05m40s
[finalists] 11909/50000  2.6 games/s  ETA 4h05m34s
[finalists] 11915/50000  2.6 games/s  ETA 4h05m31s
[finalists] 11921/50000  2.6 games/s  ETA 4h05m27s
[finalists] 11927/50000  2.6 games/s  ETA 4h05m24s
[finalists] 11934/50000  2.6 games/s  ETA 4h05m19s
[finalists] 11939/50000  2.6 games/s  ETA 4h05m17s
[finalists] 11943/50000  2.6 games/s  ETA 4h05m17s
[finalists] 11948/50000  2.6 games/s  ETA 4h05m15s
[finalists] 11952/50000  2.6 games/s  ETA 4h05m15s
[finalists] 11956/50000  2.6 games/s  ETA 4h05m15s
[finalists] 11960/50000  2.6 games/s  ETA 4h05m15s
[finalists] 11965/50000  2.6 games/s  ETA 4h05m13s
[finalists] 11968/50000  2.6 games/s  ETA 4h05m15s
[finalists] 11975/50000  2.6 games/s  ETA 4h05m10s
[finalists] 11981/50000  2.6 games/s  ETA 4h05m07s
[finalists] 11987/50000  2.6 games/s  ETA 4h05m03s
[finalists] 11992/50000  2.6 games/s  ETA 4h05m01s
[finalists] 11996/50000  2.6 games/s  ETA 4h05m01s
[finalists] 12003/50000  2.6 games/s  ETA 4h04m56s
[finalists] 12008/50000  2.6 games/s  ETA 4h04m55s
[finalists] 12013/50000  2.6 games/s  ETA 4h04m53s
[finalists] 12019/50000  2.6 games/s  ETA 4h04m50s
[finalists] 12024/50000  2.6 games/s  ETA 4h04m48s
[finalists] 12029/50000  2.6 games/s  ETA 4h04m46s
[finalists] 12036/50000  2.6 games/s  ETA 4h04m41s
[finalists] 12042/50000  2.6 games/s  ETA 4h04m38s
[finalists] 12046/50000  2.6 games/s  ETA 4h04m38s
[finalists] 12051/50000  2.6 games/s  ETA 4h04m36s
[finalists] 12057/50000  2.6 games/s  ETA 4h04m33s
[finalists] 12060/50000  2.6 games/s  ETA 4h04m34s
[finalists] 12065/50000  2.6 games/s  ETA 4h04m33s
[finalists] 12068/50000  2.6 games/s  ETA 4h04m34s
[finalists] 12070/50000  2.6 games/s  ETA 4h04m37s
[finalists] 12075/50000  2.6 games/s  ETA 4h04m35s
[finalists] 12078/50000  2.6 games/s  ETA 4h04m37s
[finalists] 12083/50000  2.6 games/s  ETA 4h04m35s
[finalists] 12085/50000  2.6 games/s  ETA 4h04m38s
[finalists] 12090/50000  2.6 games/s  ETA 4h04m36s
[finalists] 12094/50000  2.6 games/s  ETA 4h04m36s
[finalists] 12099/50000  2.6 games/s  ETA 4h04m35s
[finalists] 12105/50000  2.6 games/s  ETA 4h04m31s
[finalists] 12109/50000  2.6 games/s  ETA 4h04m31s
[finalists] 12115/50000  2.6 games/s  ETA 4h04m28s
[finalists] 12119/50000  2.6 games/s  ETA 4h04m28s
[finalists] 12124/50000  2.6 games/s  ETA 4h04m26s
[finalists] 12127/50000  2.6 games/s  ETA 4h04m27s
[finalists] 12134/50000  2.6 games/s  ETA 4h04m22s
[finalists] 12139/50000  2.6 games/s  ETA 4h04m21s
[finalists] 12145/50000  2.6 games/s  ETA 4h04m17s
[finalists] 12150/50000  2.6 games/s  ETA 4h04m16s
[finalists] 12155/50000  2.6 games/s  ETA 4h04m14s
[finalists] 12161/50000  2.6 games/s  ETA 4h04m11s
[finalists] 12166/50000  2.6 games/s  ETA 4h04m09s
[finalists] 12170/50000  2.6 games/s  ETA 4h04m09s
[finalists] 12175/50000  2.6 games/s  ETA 4h04m07s
[finalists] 12181/50000  2.6 games/s  ETA 4h04m04s
[finalists] 12187/50000  2.6 games/s  ETA 4h04m00s
[finalists] 12192/50000  2.6 games/s  ETA 4h03m59s
[finalists] 12197/50000  2.6 games/s  ETA 4h03m57s
[finalists] 12204/50000  2.6 games/s  ETA 4h03m52s
[finalists] 12208/50000  2.6 games/s  ETA 4h03m52s
[finalists] 12211/50000  2.6 games/s  ETA 4h03m53s
[finalists] 12215/50000  2.6 games/s  ETA 4h03m53s
[finalists] 12221/50000  2.6 games/s  ETA 4h03m50s
[finalists] 12226/50000  2.6 games/s  ETA 4h03m48s
[finalists] 12229/50000  2.6 games/s  ETA 4h03m49s
[finalists] 12232/50000  2.6 games/s  ETA 4h03m51s
[finalists] 12239/50000  2.6 games/s  ETA 4h03m46s
[finalists] 12245/50000  2.6 games/s  ETA 4h03m43s
[finalists] 12249/50000  2.6 games/s  ETA 4h03m43s
[finalists] 12253/50000  2.6 games/s  ETA 4h03m42s
[finalists] 12259/50000  2.6 games/s  ETA 4h03m39s
[finalists] 12262/50000  2.6 games/s  ETA 4h03m40s
[finalists] 12267/50000  2.6 games/s  ETA 4h03m39s
[finalists] 12272/50000  2.6 games/s  ETA 4h03m37s
[finalists] 12281/50000  2.6 games/s  ETA 4h03m29s
[finalists] 12286/50000  2.6 games/s  ETA 4h03m27s
[finalists] 12291/50000  2.6 games/s  ETA 4h03m25s
[finalists] 12296/50000  2.6 games/s  ETA 4h03m24s
[finalists] 12300/50000  2.6 games/s  ETA 4h03m24s
[finalists] 12305/50000  2.6 games/s  ETA 4h03m22s
[finalists] 12310/50000  2.6 games/s  ETA 4h03m20s
[finalists] 12314/50000  2.6 games/s  ETA 4h03m20s
[finalists] 12321/50000  2.6 games/s  ETA 4h03m15s
[finalists] 12327/50000  2.6 games/s  ETA 4h03m12s
[finalists] 12329/50000  2.6 games/s  ETA 4h03m15s
[finalists] 12335/50000  2.6 games/s  ETA 4h03m11s
[finalists] 12344/50000  2.6 games/s  ETA 4h03m03s
[finalists] 12352/50000  2.6 games/s  ETA 4h02m57s
[finalists] 12359/50000  2.6 games/s  ETA 4h02m52s
[finalists] 12364/50000  2.6 games/s  ETA 4h02m50s
[finalists] 12370/50000  2.6 games/s  ETA 4h02m47s
[finalists] 12375/50000  2.6 games/s  ETA 4h02m45s
[finalists] 12379/50000  2.6 games/s  ETA 4h02m45s
[finalists] 12388/50000  2.6 games/s  ETA 4h02m37s
[finalists] 12392/50000  2.6 games/s  ETA 4h02m37s
[finalists] 12397/50000  2.6 games/s  ETA 4h02m35s
[finalists] 12402/50000  2.6 games/s  ETA 4h02m33s
[finalists] 12406/50000  2.6 games/s  ETA 4h02m33s
[finalists] 12411/50000  2.6 games/s  ETA 4h02m32s
[finalists] 12414/50000  2.6 games/s  ETA 4h02m33s
[finalists] 12418/50000  2.6 games/s  ETA 4h02m33s
[finalists] 12422/50000  2.6 games/s  ETA 4h02m33s
[finalists] 12426/50000  2.6 games/s  ETA 4h02m32s
[finalists] 12435/50000  2.6 games/s  ETA 4h02m24s
[finalists] 12440/50000  2.6 games/s  ETA 4h02m23s
[finalists] 12445/50000  2.6 games/s  ETA 4h02m21s
[finalists] 12449/50000  2.6 games/s  ETA 4h02m21s
[finalists] 12453/50000  2.6 games/s  ETA 4h02m21s
[finalists] 12460/50000  2.6 games/s  ETA 4h02m16s
[finalists] 12465/50000  2.6 games/s  ETA 4h02m14s
[finalists] 12468/50000  2.6 games/s  ETA 4h02m15s
[finalists] 12472/50000  2.6 games/s  ETA 4h02m15s
[finalists] 12476/50000  2.6 games/s  ETA 4h02m15s
[finalists] 12482/50000  2.6 games/s  ETA 4h02m12s
[finalists] 12491/50000  2.6 games/s  ETA 4h02m04s
[finalists] 12497/50000  2.6 games/s  ETA 4h02m00s
[finalists] 12503/50000  2.6 games/s  ETA 4h01m57s
[finalists] 12509/50000  2.6 games/s  ETA 4h01m54s
[finalists] 12513/50000  2.6 games/s  ETA 4h01m54s
[finalists] 12515/50000  2.6 games/s  ETA 4h01m57s
[finalists] 12520/50000  2.6 games/s  ETA 4h01m55s
[finalists] 12526/50000  2.6 games/s  ETA 4h01m52s
[finalists] 12530/50000  2.6 games/s  ETA 4h01m51s
[finalists] 12536/50000  2.6 games/s  ETA 4h01m48s
[finalists] 12543/50000  2.6 games/s  ETA 4h01m43s
[finalists] 12546/50000  2.6 games/s  ETA 4h01m45s
[finalists] 12552/50000  2.6 games/s  ETA 4h01m41s
[finalists] 12557/50000  2.6 games/s  ETA 4h01m40s
[finalists] 12562/50000  2.6 games/s  ETA 4h01m38s
[finalists] 12566/50000  2.6 games/s  ETA 4h01m38s
[finalists] 12567/50000  2.6 games/s  ETA 4h01m42s
[finalists] 12570/50000  2.6 games/s  ETA 4h01m43s
[finalists] 12574/50000  2.6 games/s  ETA 4h01m43s
[finalists] 12581/50000  2.6 games/s  ETA 4h01m38s
[finalists] 12587/50000  2.6 games/s  ETA 4h01m35s
[finalists] 12594/50000  2.6 games/s  ETA 4h01m30s
[finalists] 12598/50000  2.6 games/s  ETA 4h01m30s
[finalists] 12605/50000  2.6 games/s  ETA 4h01m25s
[finalists] 12608/50000  2.6 games/s  ETA 4h01m26s
[finalists] 12609/50000  2.6 games/s  ETA 4h01m31s
[finalists] 12614/50000  2.6 games/s  ETA 4h01m29s
[finalists] 12619/50000  2.6 games/s  ETA 4h01m27s
[finalists] 12625/50000  2.6 games/s  ETA 4h01m24s
[finalists] 12628/50000  2.6 games/s  ETA 4h01m25s
[finalists] 12636/50000  2.6 games/s  ETA 4h01m19s
[finalists] 12641/50000  2.6 games/s  ETA 4h01m17s
[finalists] 12645/50000  2.6 games/s  ETA 4h01m17s
[finalists] 12651/50000  2.6 games/s  ETA 4h01m14s
[finalists] 12655/50000  2.6 games/s  ETA 4h01m14s
[finalists] 12658/50000  2.6 games/s  ETA 4h01m15s
[finalists] 12663/50000  2.6 games/s  ETA 4h01m13s
[finalists] 12668/50000  2.6 games/s  ETA 4h01m11s
[finalists] 12670/50000  2.6 games/s  ETA 4h01m14s
[finalists] 12673/50000  2.6 games/s  ETA 4h01m16s
[finalists] 12676/50000  2.6 games/s  ETA 4h01m17s
[finalists] 12680/50000  2.6 games/s  ETA 4h01m17s
[finalists] 12684/50000  2.6 games/s  ETA 4h01m16s
[finalists] 12688/50000  2.6 games/s  ETA 4h01m16s
[finalists] 12690/50000  2.6 games/s  ETA 4h01m19s
[finalists] 12694/50000  2.6 games/s  ETA 4h01m19s
[finalists] 12697/50000  2.6 games/s  ETA 4h01m20s
[finalists] 12698/50000  2.6 games/s  ETA 4h01m24s
[finalists] 12701/50000  2.6 games/s  ETA 4h01m26s
[finalists] 12702/50000  2.6 games/s  ETA 4h01m30s
[finalists] 12708/50000  2.6 games/s  ETA 4h01m27s
[finalists] 12711/50000  2.6 games/s  ETA 4h01m28s
[finalists] 12715/50000  2.6 games/s  ETA 4h01m28s
[finalists] 12720/50000  2.6 games/s  ETA 4h01m26s
[finalists] 12726/50000  2.6 games/s  ETA 4h01m23s
[finalists] 12731/50000  2.6 games/s  ETA 4h01m21s
[finalists] 12735/50000  2.6 games/s  ETA 4h01m21s
[finalists] 12738/50000  2.6 games/s  ETA 4h01m22s
[finalists] 12744/50000  2.6 games/s  ETA 4h01m19s
[finalists] 12748/50000  2.6 games/s  ETA 4h01m18s
[finalists] 12750/50000  2.6 games/s  ETA 4h01m21s
[finalists] 12754/50000  2.6 games/s  ETA 4h01m21s
[finalists] 12757/50000  2.6 games/s  ETA 4h01m22s
[finalists] 12760/50000  2.6 games/s  ETA 4h01m23s
[finalists] 12765/50000  2.6 games/s  ETA 4h01m22s
[finalists] 12769/50000  2.6 games/s  ETA 4h01m21s
[finalists] 12773/50000  2.6 games/s  ETA 4h01m21s
[finalists] 12776/50000  2.6 games/s  ETA 4h01m22s
[finalists] 12780/50000  2.6 games/s  ETA 4h01m22s
[finalists] 12787/50000  2.6 games/s  ETA 4h01m17s
[finalists] 12790/50000  2.6 games/s  ETA 4h01m19s
[finalists] 12792/50000  2.6 games/s  ETA 4h01m21s
[finalists] 12796/50000  2.6 games/s  ETA 4h01m21s
[finalists] 12799/50000  2.6 games/s  ETA 4h01m22s
[finalists] 12804/50000  2.6 games/s  ETA 4h01m21s
[finalists] 12809/50000  2.6 games/s  ETA 4h01m19s
[finalists] 12814/50000  2.6 games/s  ETA 4h01m17s
[finalists] 12817/50000  2.6 games/s  ETA 4h01m18s
[finalists] 12822/50000  2.6 games/s  ETA 4h01m16s
[finalists] 12828/50000  2.6 games/s  ETA 4h01m13s
[finalists] 12831/50000  2.6 games/s  ETA 4h01m14s
[finalists] 12836/50000  2.6 games/s  ETA 4h01m13s
[finalists] 12840/50000  2.6 games/s  ETA 4h01m12s
[finalists] 12843/50000  2.6 games/s  ETA 4h01m14s
[finalists] 12849/50000  2.6 games/s  ETA 4h01m10s
[finalists] 12855/50000  2.6 games/s  ETA 4h01m07s
[finalists] 12861/50000  2.6 games/s  ETA 4h01m04s
[finalists] 12865/50000  2.6 games/s  ETA 4h01m03s
[finalists] 12872/50000  2.6 games/s  ETA 4h00m59s
[finalists] 12877/50000  2.6 games/s  ETA 4h00m57s
[finalists] 12880/50000  2.6 games/s  ETA 4h00m58s
[finalists] 12884/50000  2.6 games/s  ETA 4h00m58s
[finalists] 12890/50000  2.6 games/s  ETA 4h00m54s
[finalists] 12892/50000  2.6 games/s  ETA 4h00m57s
[finalists] 12896/50000  2.6 games/s  ETA 4h00m57s
[finalists] 12901/50000  2.6 games/s  ETA 4h00m55s
[finalists] 12908/50000  2.6 games/s  ETA 4h00m50s
[finalists] 12912/50000  2.6 games/s  ETA 4h00m50s
[finalists] 12917/50000  2.6 games/s  ETA 4h00m48s
[finalists] 12919/50000  2.6 games/s  ETA 4h00m51s
[finalists] 12924/50000  2.6 games/s  ETA 4h00m49s
[finalists] 12929/50000  2.6 games/s  ETA 4h00m47s
[finalists] 12934/50000  2.6 games/s  ETA 4h00m46s
[finalists] 12941/50000  2.6 games/s  ETA 4h00m41s
[finalists] 12947/50000  2.6 games/s  ETA 4h00m37s
[finalists] 12952/50000  2.6 games/s  ETA 4h00m36s
[finalists] 12955/50000  2.6 games/s  ETA 4h00m37s
[finalists] 12959/50000  2.6 games/s  ETA 4h00m37s
[finalists] 12963/50000  2.6 games/s  ETA 4h00m36s
[finalists] 12967/50000  2.6 games/s  ETA 4h00m36s
[finalists] 12974/50000  2.6 games/s  ETA 4h00m31s
[finalists] 12979/50000  2.6 games/s  ETA 4h00m29s
[finalists] 12986/50000  2.6 games/s  ETA 4h00m25s
[finalists] 12991/50000  2.6 games/s  ETA 4h00m23s
[finalists] 12996/50000  2.6 games/s  ETA 4h00m21s
[finalists] 13001/50000  2.6 games/s  ETA 4h00m19s
[finalists] 13009/50000  2.6 games/s  ETA 4h00m13s
[finalists] 13012/50000  2.6 games/s  ETA 4h00m14s
[finalists] 13017/50000  2.6 games/s  ETA 4h00m12s
[finalists] 13021/50000  2.6 games/s  ETA 4h00m12s
[finalists] 13026/50000  2.6 games/s  ETA 4h00m10s
[finalists] 13029/50000  2.6 games/s  ETA 4h00m11s
[finalists] 13036/50000  2.6 games/s  ETA 4h00m07s
[finalists] 13041/50000  2.6 games/s  ETA 4h00m05s
[finalists] 13046/50000  2.6 games/s  ETA 4h00m03s
[finalists] 13049/50000  2.6 games/s  ETA 4h00m04s
[finalists] 13053/50000  2.6 games/s  ETA 4h00m04s
[finalists] 13061/50000  2.6 games/s  ETA 3h59m58s
[finalists] 13064/50000  2.6 games/s  ETA 3h59m59s
[finalists] 13068/50000  2.6 games/s  ETA 3h59m58s
[finalists] 13072/50000  2.6 games/s  ETA 3h59m58s
[finalists] 13076/50000  2.6 games/s  ETA 3h59m58s
[finalists] 13083/50000  2.6 games/s  ETA 3h59m53s
[finalists] 13092/50000  2.6 games/s  ETA 3h59m45s
[finalists] 13096/50000  2.6 games/s  ETA 3h59m45s
[finalists] 13100/50000  2.6 games/s  ETA 3h59m45s
[finalists] 13105/50000  2.6 games/s  ETA 3h59m43s
[finalists] 13107/50000  2.6 games/s  ETA 3h59m46s
[finalists] 13110/50000  2.6 games/s  ETA 3h59m47s
[finalists] 13115/50000  2.6 games/s  ETA 3h59m45s
[finalists] 13119/50000  2.6 games/s  ETA 3h59m45s
[finalists] 13123/50000  2.6 games/s  ETA 3h59m44s
[finalists] 13127/50000  2.6 games/s  ETA 3h59m44s
[finalists] 13133/50000  2.6 games/s  ETA 3h59m41s
[finalists] 13137/50000  2.6 games/s  ETA 3h59m40s
[finalists] 13142/50000  2.6 games/s  ETA 3h59m39s
[finalists] 13148/50000  2.6 games/s  ETA 3h59m35s
[finalists] 13154/50000  2.6 games/s  ETA 3h59m32s
[finalists] 13159/50000  2.6 games/s  ETA 3h59m30s
[finalists] 13163/50000  2.6 games/s  ETA 3h59m30s
[finalists] 13168/50000  2.6 games/s  ETA 3h59m28s
[finalists] 13172/50000  2.6 games/s  ETA 3h59m28s
[finalists] 13177/50000  2.6 games/s  ETA 3h59m26s
[finalists] 13185/50000  2.6 games/s  ETA 3h59m20s
[finalists] 13189/50000  2.6 games/s  ETA 3h59m19s
[finalists] 13195/50000  2.6 games/s  ETA 3h59m16s
[finalists] 13199/50000  2.6 games/s  ETA 3h59m16s
[finalists] 13201/50000  2.6 games/s  ETA 3h59m18s
[finalists] 13207/50000  2.6 games/s  ETA 3h59m15s
[finalists] 13213/50000  2.6 games/s  ETA 3h59m12s
[finalists] 13219/50000  2.6 games/s  ETA 3h59m08s
[finalists] 13223/50000  2.6 games/s  ETA 3h59m08s
[finalists] 13226/50000  2.6 games/s  ETA 3h59m09s
[finalists] 13231/50000  2.6 games/s  ETA 3h59m07s
[finalists] 13235/50000  2.6 games/s  ETA 3h59m07s
[finalists] 13239/50000  2.6 games/s  ETA 3h59m07s
[finalists] 13242/50000  2.6 games/s  ETA 3h59m08s
[finalists] 13246/50000  2.6 games/s  ETA 3h59m08s
[finalists] 13250/50000  2.6 games/s  ETA 3h59m07s
[finalists] 13257/50000  2.6 games/s  ETA 3h59m02s
[finalists] 13262/50000  2.6 games/s  ETA 3h59m01s
[finalists] 13270/50000  2.6 games/s  ETA 3h58m54s
[finalists] 13274/50000  2.6 games/s  ETA 3h58m54s
[finalists] 13277/50000  2.6 games/s  ETA 3h58m55s
[finalists] 13281/50000  2.6 games/s  ETA 3h58m55s
[finalists] 13288/50000  2.6 games/s  ETA 3h58m50s
[finalists] 13293/50000  2.6 games/s  ETA 3h58m48s
[finalists] 13297/50000  2.6 games/s  ETA 3h58m48s
[finalists] 13301/50000  2.6 games/s  ETA 3h58m48s
[finalists] 13304/50000  2.6 games/s  ETA 3h58m49s
[finalists] 13309/50000  2.6 games/s  ETA 3h58m47s
[finalists] 13312/50000  2.6 games/s  ETA 3h58m48s
[finalists] 13318/50000  2.6 games/s  ETA 3h58m45s
[finalists] 13321/50000  2.6 games/s  ETA 3h58m46s
[finalists] 13325/50000  2.6 games/s  ETA 3h58m46s
[finalists] 13328/50000  2.6 games/s  ETA 3h58m47s
[finalists] 13335/50000  2.6 games/s  ETA 3h58m42s
[finalists] 13341/50000  2.6 games/s  ETA 3h58m39s
[finalists] 13345/50000  2.6 games/s  ETA 3h58m38s
[finalists] 13350/50000  2.6 games/s  ETA 3h58m36s
[finalists] 13353/50000  2.6 games/s  ETA 3h58m38s
[finalists] 13357/50000  2.6 games/s  ETA 3h58m37s
[finalists] 13363/50000  2.6 games/s  ETA 3h58m34s
[finalists] 13365/50000  2.6 games/s  ETA 3h58m36s
[finalists] 13373/50000  2.6 games/s  ETA 3h58m30s
[finalists] 13380/50000  2.6 games/s  ETA 3h58m25s
[finalists] 13386/50000  2.6 games/s  ETA 3h58m22s
[finalists] 13392/50000  2.6 games/s  ETA 3h58m19s
[finalists] 13395/50000  2.6 games/s  ETA 3h58m20s
[finalists] 13398/50000  2.6 games/s  ETA 3h58m21s
[finalists] 13404/50000  2.6 games/s  ETA 3h58m18s
[finalists] 13407/50000  2.6 games/s  ETA 3h58m19s
[finalists] 13411/50000  2.6 games/s  ETA 3h58m19s
[finalists] 13417/50000  2.6 games/s  ETA 3h58m15s
[finalists] 13420/50000  2.6 games/s  ETA 3h58m16s
[finalists] 13423/50000  2.6 games/s  ETA 3h58m17s
[finalists] 13430/50000  2.6 games/s  ETA 3h58m13s
[finalists] 13435/50000  2.6 games/s  ETA 3h58m11s
[finalists] 13440/50000  2.6 games/s  ETA 3h58m09s
[finalists] 13444/50000  2.6 games/s  ETA 3h58m09s
[finalists] 13446/50000  2.6 games/s  ETA 3h58m11s
[finalists] 13451/50000  2.6 games/s  ETA 3h58m09s
[finalists] 13457/50000  2.6 games/s  ETA 3h58m06s
[finalists] 13462/50000  2.6 games/s  ETA 3h58m04s
[finalists] 13467/50000  2.6 games/s  ETA 3h58m02s
[finalists] 13470/50000  2.6 games/s  ETA 3h58m04s
[finalists] 13475/50000  2.6 games/s  ETA 3h58m02s
[finalists] 13480/50000  2.6 games/s  ETA 3h58m00s
[finalists] 13485/50000  2.6 games/s  ETA 3h57m58s
[finalists] 13490/50000  2.6 games/s  ETA 3h57m56s
[finalists] 13496/50000  2.6 games/s  ETA 3h57m53s
[finalists] 13499/50000  2.6 games/s  ETA 3h57m54s
[finalists] 13502/50000  2.6 games/s  ETA 3h57m55s
[finalists] 13508/50000  2.6 games/s  ETA 3h57m52s
[finalists] 13511/50000  2.6 games/s  ETA 3h57m53s
[finalists] 13517/50000  2.6 games/s  ETA 3h57m50s
[finalists] 13520/50000  2.6 games/s  ETA 3h57m51s
[finalists] 13527/50000  2.6 games/s  ETA 3h57m46s
[finalists] 13529/50000  2.6 games/s  ETA 3h57m48s
[finalists] 13533/50000  2.6 games/s  ETA 3h57m48s
[finalists] 13537/50000  2.6 games/s  ETA 3h57m48s
[finalists] 13543/50000  2.6 games/s  ETA 3h57m44s
[finalists] 13548/50000  2.6 games/s  ETA 3h57m43s
[finalists] 13551/50000  2.6 games/s  ETA 3h57m44s
[finalists] 13556/50000  2.6 games/s  ETA 3h57m42s
[finalists] 13560/50000  2.6 games/s  ETA 3h57m41s
[finalists] 13564/50000  2.6 games/s  ETA 3h57m41s
[finalists] 13568/50000  2.6 games/s  ETA 3h57m41s
[finalists] 13573/50000  2.6 games/s  ETA 3h57m39s
[finalists] 13576/50000  2.6 games/s  ETA 3h57m40s
[finalists] 13581/50000  2.6 games/s  ETA 3h57m38s
[finalists] 13588/50000  2.6 games/s  ETA 3h57m33s
[finalists] 13593/50000  2.6 games/s  ETA 3h57m31s
[finalists] 13597/50000  2.6 games/s  ETA 3h57m31s
[finalists] 13602/50000  2.6 games/s  ETA 3h57m29s
[finalists] 13606/50000  2.6 games/s  ETA 3h57m29s
[finalists] 13612/50000  2.6 games/s  ETA 3h57m25s
[finalists] 13614/50000  2.6 games/s  ETA 3h57m28s
[finalists] 13618/50000  2.6 games/s  ETA 3h57m28s
[finalists] 13623/50000  2.6 games/s  ETA 3h57m26s
[finalists] 13627/50000  2.6 games/s  ETA 3h57m25s
[finalists] 13632/50000  2.6 games/s  ETA 3h57m23s
[finalists] 13637/50000  2.6 games/s  ETA 3h57m22s
[finalists] 13642/50000  2.6 games/s  ETA 3h57m20s
[finalists] 13645/50000  2.6 games/s  ETA 3h57m21s
[finalists] 13647/50000  2.6 games/s  ETA 3h57m23s
[finalists] 13652/50000  2.6 games/s  ETA 3h57m21s
[finalists] 13658/50000  2.6 games/s  ETA 3h57m18s
[finalists] 13665/50000  2.6 games/s  ETA 3h57m13s
[finalists] 13669/50000  2.6 games/s  ETA 3h57m13s
[finalists] 13675/50000  2.6 games/s  ETA 3h57m10s
[finalists] 13680/50000  2.6 games/s  ETA 3h57m08s
[finalists] 13685/50000  2.6 games/s  ETA 3h57m06s
[finalists] 13693/50000  2.6 games/s  ETA 3h57m00s
[finalists] 13696/50000  2.6 games/s  ETA 3h57m01s
[finalists] 13700/50000  2.6 games/s  ETA 3h57m01s
[finalists] 13705/50000  2.6 games/s  ETA 3h56m59s
[finalists] 13711/50000  2.6 games/s  ETA 3h56m55s
[finalists] 13717/50000  2.6 games/s  ETA 3h56m52s
[finalists] 13722/50000  2.6 games/s  ETA 3h56m50s
[finalists] 13728/50000  2.6 games/s  ETA 3h56m47s
[finalists] 13733/50000  2.6 games/s  ETA 3h56m45s
[finalists] 13737/50000  2.6 games/s  ETA 3h56m45s
[finalists] 13742/50000  2.6 games/s  ETA 3h56m43s
[finalists] 13748/50000  2.6 games/s  ETA 3h56m40s
[finalists] 13753/50000  2.6 games/s  ETA 3h56m38s
[finalists] 13759/50000  2.6 games/s  ETA 3h56m35s
[finalists] 13764/50000  2.6 games/s  ETA 3h56m33s
[finalists] 13766/50000  2.6 games/s  ETA 3h56m35s
[finalists] 13770/50000  2.6 games/s  ETA 3h56m35s
[finalists] 13775/50000  2.6 games/s  ETA 3h56m33s
[finalists] 13779/50000  2.6 games/s  ETA 3h56m32s
[finalists] 13782/50000  2.6 games/s  ETA 3h56m33s
[finalists] 13785/50000  2.6 games/s  ETA 3h56m34s
[finalists] 13790/50000  2.6 games/s  ETA 3h56m33s
[finalists] 13792/50000  2.6 games/s  ETA 3h56m35s
[finalists] 13797/50000  2.6 games/s  ETA 3h56m33s
[finalists] 13800/50000  2.6 games/s  ETA 3h56m34s
[finalists] 13805/50000  2.6 games/s  ETA 3h56m32s
[finalists] 13811/50000  2.6 games/s  ETA 3h56m29s
[finalists] 13813/50000  2.5 games/s  ETA 3h56m31s
[finalists] 13816/50000  2.5 games/s  ETA 3h56m32s
[finalists] 13820/50000  2.5 games/s  ETA 3h56m32s
[finalists] 13829/50000  2.5 games/s  ETA 3h56m24s
[finalists] 13834/50000  2.5 games/s  ETA 3h56m23s
[finalists] 13838/50000  2.5 games/s  ETA 3h56m22s
[finalists] 13842/50000  2.5 games/s  ETA 3h56m22s
[finalists] 13848/50000  2.5 games/s  ETA 3h56m18s
[finalists] 13853/50000  2.5 games/s  ETA 3h56m17s
[finalists] 13857/50000  2.5 games/s  ETA 3h56m16s
[finalists] 13865/50000  2.6 games/s  ETA 3h56m10s
[finalists] 13869/50000  2.5 games/s  ETA 3h56m10s
[finalists] 13873/50000  2.5 games/s  ETA 3h56m09s
[finalists] 13879/50000  2.5 games/s  ETA 3h56m06s
[finalists] 13885/50000  2.5 games/s  ETA 3h56m03s
[finalists] 13889/50000  2.5 games/s  ETA 3h56m02s
[finalists] 13891/50000  2.5 games/s  ETA 3h56m05s
[finalists] 13894/50000  2.5 games/s  ETA 3h56m06s
[finalists] 13898/50000  2.5 games/s  ETA 3h56m05s
[finalists] 13905/50000  2.5 games/s  ETA 3h56m00s
[finalists] 13907/50000  2.5 games/s  ETA 3h56m03s
[finalists] 13914/50000  2.5 games/s  ETA 3h55m58s
[finalists] 13917/50000  2.5 games/s  ETA 3h55m59s
[finalists] 13923/50000  2.5 games/s  ETA 3h55m56s
[finalists] 13931/50000  2.5 games/s  ETA 3h55m50s
[finalists] 13937/50000  2.5 games/s  ETA 3h55m46s
[finalists] 13943/50000  2.5 games/s  ETA 3h55m43s
[finalists] 13948/50000  2.5 games/s  ETA 3h55m41s
[finalists] 13951/50000  2.5 games/s  ETA 3h55m42s
[finalists] 13956/50000  2.5 games/s  ETA 3h55m40s
[finalists] 13960/50000  2.5 games/s  ETA 3h55m40s
[finalists] 13963/50000  2.5 games/s  ETA 3h55m41s
[finalists] 13967/50000  2.5 games/s  ETA 3h55m40s
[finalists] 13972/50000  2.5 games/s  ETA 3h55m39s
[finalists] 13976/50000  2.5 games/s  ETA 3h55m38s
[finalists] 13981/50000  2.5 games/s  ETA 3h55m36s
[finalists] 13985/50000  2.5 games/s  ETA 3h55m36s
[finalists] 13991/50000  2.5 games/s  ETA 3h55m33s
[finalists] 13995/50000  2.5 games/s  ETA 3h55m32s
[finalists] 14001/50000  2.5 games/s  ETA 3h55m29s
[finalists] 14005/50000  2.5 games/s  ETA 3h55m28s
[finalists] 14009/50000  2.5 games/s  ETA 3h55m28s
[finalists] 14013/50000  2.5 games/s  ETA 3h55m27s
[finalists] 14015/50000  2.5 games/s  ETA 3h55m30s
[finalists] 14021/50000  2.5 games/s  ETA 3h55m27s
[finalists] 14023/50000  2.5 games/s  ETA 3h55m29s
[finalists] 14028/50000  2.5 games/s  ETA 3h55m27s
[finalists] 14035/50000  2.5 games/s  ETA 3h55m22s
[finalists] 14040/50000  2.5 games/s  ETA 3h55m20s
[finalists] 14046/50000  2.5 games/s  ETA 3h55m17s
[finalists] 14049/50000  2.5 games/s  ETA 3h55m18s
[finalists] 14055/50000  2.5 games/s  ETA 3h55m15s
[finalists] 14060/50000  2.5 games/s  ETA 3h55m13s
[finalists] 14064/50000  2.5 games/s  ETA 3h55m13s
[finalists] 14070/50000  2.5 games/s  ETA 3h55m09s
[finalists] 14076/50000  2.5 games/s  ETA 3h55m06s
[finalists] 14080/50000  2.5 games/s  ETA 3h55m06s
[finalists] 14086/50000  2.5 games/s  ETA 3h55m02s
[finalists] 14089/50000  2.5 games/s  ETA 3h55m03s
[finalists] 14094/50000  2.5 games/s  ETA 3h55m01s
[finalists] 14098/50000  2.5 games/s  ETA 3h55m01s
[finalists] 14103/50000  2.5 games/s  ETA 3h54m59s
[finalists] 14107/50000  2.5 games/s  ETA 3h54m59s
[finalists] 14110/50000  2.5 games/s  ETA 3h54m59s
[finalists] 14117/50000  2.5 games/s  ETA 3h54m55s
[finalists] 14121/50000  2.5 games/s  ETA 3h54m54s
[finalists] 14124/50000  2.5 games/s  ETA 3h54m55s
[finalists] 14129/50000  2.5 games/s  ETA 3h54m53s
[finalists] 14134/50000  2.5 games/s  ETA 3h54m51s
[finalists] 14140/50000  2.5 games/s  ETA 3h54m48s
[finalists] 14145/50000  2.5 games/s  ETA 3h54m46s
[finalists] 14149/50000  2.5 games/s  ETA 3h54m46s
[finalists] 14154/50000  2.5 games/s  ETA 3h54m44s
[finalists] 14157/50000  2.5 games/s  ETA 3h54m45s
[finalists] 14163/50000  2.5 games/s  ETA 3h54m42s
[finalists] 14166/50000  2.5 games/s  ETA 3h54m43s
[finalists] 14171/50000  2.5 games/s  ETA 3h54m41s
[finalists] 14174/50000  2.5 games/s  ETA 3h54m42s
[finalists] 14178/50000  2.5 games/s  ETA 3h54m41s
[finalists] 14180/50000  2.5 games/s  ETA 3h54m43s
[finalists] 14185/50000  2.5 games/s  ETA 3h54m41s
[finalists] 14190/50000  2.5 games/s  ETA 3h54m40s
[finalists] 14194/50000  2.5 games/s  ETA 3h54m39s
[finalists] 14198/50000  2.5 games/s  ETA 3h54m39s
[finalists] 14201/50000  2.5 games/s  ETA 3h54m40s
[finalists] 14206/50000  2.5 games/s  ETA 3h54m38s
[finalists] 14209/50000  2.5 games/s  ETA 3h54m39s
[finalists] 14216/50000  2.5 games/s  ETA 3h54m34s
[finalists] 14220/50000  2.5 games/s  ETA 3h54m33s
[finalists] 14224/50000  2.5 games/s  ETA 3h54m33s
[finalists] 14227/50000  2.5 games/s  ETA 3h54m34s
[finalists] 14231/50000  2.5 games/s  ETA 3h54m33s
[finalists] 14235/50000  2.5 games/s  ETA 3h54m33s
[finalists] 14239/50000  2.5 games/s  ETA 3h54m32s
[finalists] 14241/50000  2.5 games/s  ETA 3h54m35s
[finalists] 14246/50000  2.5 games/s  ETA 3h54m33s
[finalists] 14250/50000  2.5 games/s  ETA 3h54m32s
[finalists] 14256/50000  2.5 games/s  ETA 3h54m29s
[finalists] 14258/50000  2.5 games/s  ETA 3h54m31s
[finalists] 14263/50000  2.5 games/s  ETA 3h54m29s
[finalists] 14267/50000  2.5 games/s  ETA 3h54m29s
[finalists] 14270/50000  2.5 games/s  ETA 3h54m30s
[finalists] 14275/50000  2.5 games/s  ETA 3h54m28s
[finalists] 14280/50000  2.5 games/s  ETA 3h54m26s
[finalists] 14287/50000  2.5 games/s  ETA 3h54m21s
[finalists] 14293/50000  2.5 games/s  ETA 3h54m18s
[finalists] 14297/50000  2.5 games/s  ETA 3h54m17s
[finalists] 14302/50000  2.5 games/s  ETA 3h54m16s
[finalists] 14308/50000  2.5 games/s  ETA 3h54m12s
[finalists] 14310/50000  2.5 games/s  ETA 3h54m15s
[finalists] 14315/50000  2.5 games/s  ETA 3h54m13s
[finalists] 14319/50000  2.5 games/s  ETA 3h54m12s
[finalists] 14322/50000  2.5 games/s  ETA 3h54m13s
[finalists] 14327/50000  2.5 games/s  ETA 3h54m11s
[finalists] 14330/50000  2.5 games/s  ETA 3h54m12s
[finalists] 14334/50000  2.5 games/s  ETA 3h54m11s
[finalists] 14340/50000  2.5 games/s  ETA 3h54m08s
[finalists] 14344/50000  2.5 games/s  ETA 3h54m08s
[finalists] 14349/50000  2.5 games/s  ETA 3h54m06s
[finalists] 14354/50000  2.5 games/s  ETA 3h54m04s
[finalists] 14356/50000  2.5 games/s  ETA 3h54m06s
[finalists] 14361/50000  2.5 games/s  ETA 3h54m04s
[finalists] 14370/50000  2.5 games/s  ETA 3h53m57s
[finalists] 14372/50000  2.5 games/s  ETA 3h53m59s
[finalists] 14377/50000  2.5 games/s  ETA 3h53m57s
[finalists] 14382/50000  2.5 games/s  ETA 3h53m55s
[finalists] 14386/50000  2.5 games/s  ETA 3h53m55s
[finalists] 14388/50000  2.5 games/s  ETA 3h53m57s
[finalists] 14393/50000  2.5 games/s  ETA 3h53m55s
[finalists] 14398/50000  2.5 games/s  ETA 3h53m53s
[finalists] 14405/50000  2.5 games/s  ETA 3h53m49s
[finalists] 14411/50000  2.5 games/s  ETA 3h53m45s
[finalists] 14415/50000  2.5 games/s  ETA 3h53m45s
[finalists] 14419/50000  2.5 games/s  ETA 3h53m44s
[finalists] 14426/50000  2.5 games/s  ETA 3h53m40s
[finalists] 14431/50000  2.5 games/s  ETA 3h53m38s
[finalists] 14440/50000  2.5 games/s  ETA 3h53m30s
[finalists] 14443/50000  2.5 games/s  ETA 3h53m31s
[finalists] 14449/50000  2.5 games/s  ETA 3h53m28s
[finalists] 14452/50000  2.5 games/s  ETA 3h53m29s
[finalists] 14456/50000  2.5 games/s  ETA 3h53m28s
[finalists] 14463/50000  2.5 games/s  ETA 3h53m24s
[finalists] 14467/50000  2.5 games/s  ETA 3h53m23s
[finalists] 14473/50000  2.5 games/s  ETA 3h53m20s
[finalists] 14478/50000  2.5 games/s  ETA 3h53m18s
[finalists] 14482/50000  2.5 games/s  ETA 3h53m17s
[finalists] 14488/50000  2.5 games/s  ETA 3h53m14s
[finalists] 14494/50000  2.5 games/s  ETA 3h53m11s
[finalists] 14498/50000  2.5 games/s  ETA 3h53m10s
[finalists] 14502/50000  2.5 games/s  ETA 3h53m10s
[finalists] 14507/50000  2.5 games/s  ETA 3h53m08s
[finalists] 14511/50000  2.5 games/s  ETA 3h53m07s
[finalists] 14514/50000  2.5 games/s  ETA 3h53m08s
[finalists] 14517/50000  2.5 games/s  ETA 3h53m09s
[finalists] 14521/50000  2.5 games/s  ETA 3h53m09s
[finalists] 14526/50000  2.5 games/s  ETA 3h53m07s
[finalists] 14532/50000  2.5 games/s  ETA 3h53m03s
[finalists] 14536/50000  2.5 games/s  ETA 3h53m03s
[finalists] 14541/50000  2.5 games/s  ETA 3h53m01s
[finalists] 14547/50000  2.5 games/s  ETA 3h52m58s
[finalists] 14550/50000  2.5 games/s  ETA 3h52m58s
[finalists] 14552/50000  2.5 games/s  ETA 3h53m01s
[finalists] 14559/50000  2.5 games/s  ETA 3h52m56s
[finalists] 14563/50000  2.5 games/s  ETA 3h52m56s
[finalists] 14566/50000  2.5 games/s  ETA 3h52m56s
[finalists] 14570/50000  2.5 games/s  ETA 3h52m56s
[finalists] 14574/50000  2.5 games/s  ETA 3h52m55s
[finalists] 14580/50000  2.5 games/s  ETA 3h52m52s
[finalists] 14585/50000  2.5 games/s  ETA 3h52m50s
[finalists] 14591/50000  2.5 games/s  ETA 3h52m47s
[finalists] 14597/50000  2.5 games/s  ETA 3h52m44s
[finalists] 14599/50000  2.5 games/s  ETA 3h52m46s
[finalists] 14606/50000  2.5 games/s  ETA 3h52m41s
[finalists] 14612/50000  2.5 games/s  ETA 3h52m38s
[finalists] 14615/50000  2.5 games/s  ETA 3h52m39s
[finalists] 14620/50000  2.5 games/s  ETA 3h52m37s
[finalists] 14622/50000  2.5 games/s  ETA 3h52m39s
[finalists] 14627/50000  2.5 games/s  ETA 3h52m37s
[finalists] 14632/50000  2.5 games/s  ETA 3h52m35s
[finalists] 14637/50000  2.5 games/s  ETA 3h52m33s
[finalists] 14642/50000  2.5 games/s  ETA 3h52m31s
[finalists] 14648/50000  2.5 games/s  ETA 3h52m28s
[finalists] 14656/50000  2.5 games/s  ETA 3h52m22s
[finalists] 14661/50000  2.5 games/s  ETA 3h52m20s
[finalists] 14665/50000  2.5 games/s  ETA 3h52m20s
[finalists] 14668/50000  2.5 games/s  ETA 3h52m20s
[finalists] 14671/50000  2.5 games/s  ETA 3h52m21s
[finalists] 14675/50000  2.5 games/s  ETA 3h52m21s
[finalists] 14678/50000  2.5 games/s  ETA 3h52m21s
[finalists] 14685/50000  2.5 games/s  ETA 3h52m17s
[finalists] 14689/50000  2.5 games/s  ETA 3h52m16s
[finalists] 14694/50000  2.5 games/s  ETA 3h52m14s
[finalists] 14700/50000  2.5 games/s  ETA 3h52m11s
[finalists] 14707/50000  2.5 games/s  ETA 3h52m07s
[finalists] 14712/50000  2.5 games/s  ETA 3h52m05s
[finalists] 14718/50000  2.5 games/s  ETA 3h52m01s
[finalists] 14722/50000  2.5 games/s  ETA 3h52m01s
[finalists] 14727/50000  2.5 games/s  ETA 3h51m59s
[finalists] 14732/50000  2.5 games/s  ETA 3h51m57s
[finalists] 14738/50000  2.5 games/s  ETA 3h51m54s
[finalists] 14744/50000  2.5 games/s  ETA 3h51m51s
[finalists] 14751/50000  2.5 games/s  ETA 3h51m46s
[finalists] 14754/50000  2.5 games/s  ETA 3h51m47s
[finalists] 14758/50000  2.5 games/s  ETA 3h51m46s
[finalists] 14763/50000  2.5 games/s  ETA 3h51m44s
[finalists] 14768/50000  2.5 games/s  ETA 3h51m42s
[finalists] 14772/50000  2.5 games/s  ETA 3h51m42s
[finalists] 14777/50000  2.5 games/s  ETA 3h51m40s
[finalists] 14784/50000  2.5 games/s  ETA 3h51m35s
[finalists] 14788/50000  2.5 games/s  ETA 3h51m35s
[finalists] 14792/50000  2.5 games/s  ETA 3h51m34s
[finalists] 14794/50000  2.5 games/s  ETA 3h51m36s
[finalists] 14799/50000  2.5 games/s  ETA 3h51m34s
[finalists] 14803/50000  2.5 games/s  ETA 3h51m34s
[finalists] 14807/50000  2.5 games/s  ETA 3h51m33s
[finalists] 14812/50000  2.5 games/s  ETA 3h51m31s
[finalists] 14817/50000  2.5 games/s  ETA 3h51m29s
[finalists] 14822/50000  2.5 games/s  ETA 3h51m27s
[finalists] 14828/50000  2.5 games/s  ETA 3h51m24s
[finalists] 14834/50000  2.5 games/s  ETA 3h51m21s
[finalists] 14838/50000  2.5 games/s  ETA 3h51m20s
[finalists] 14847/50000  2.5 games/s  ETA 3h51m13s
[finalists] 14848/50000  2.5 games/s  ETA 3h51m17s
[finalists] 14853/50000  2.5 games/s  ETA 3h51m15s
[finalists] 14859/50000  2.5 games/s  ETA 3h51m11s
[finalists] 14864/50000  2.5 games/s  ETA 3h51m10s
[finalists] 14867/50000  2.5 games/s  ETA 3h51m10s
[finalists] 14874/50000  2.5 games/s  ETA 3h51m06s
[finalists] 14879/50000  2.5 games/s  ETA 3h51m04s
[finalists] 14884/50000  2.5 games/s  ETA 3h51m02s
[finalists] 14888/50000  2.5 games/s  ETA 3h51m01s
[finalists] 14891/50000  2.5 games/s  ETA 3h51m02s
[finalists] 14895/50000  2.5 games/s  ETA 3h51m02s
[finalists] 14899/50000  2.5 games/s  ETA 3h51m01s
[finalists] 14903/50000  2.5 games/s  ETA 3h51m00s
[finalists] 14906/50000  2.5 games/s  ETA 3h51m01s
[finalists] 14912/50000  2.5 games/s  ETA 3h50m58s
[finalists] 14915/50000  2.5 games/s  ETA 3h50m59s
[finalists] 14918/50000  2.5 games/s  ETA 3h50m59s
[finalists] 14920/50000  2.5 games/s  ETA 3h51m01s
[finalists] 14924/50000  2.5 games/s  ETA 3h51m01s
[finalists] 14927/50000  2.5 games/s  ETA 3h51m02s
[finalists] 14931/50000  2.5 games/s  ETA 3h51m01s
[finalists] 14938/50000  2.5 games/s  ETA 3h50m56s
[finalists] 14941/50000  2.5 games/s  ETA 3h50m57s
[finalists] 14945/50000  2.5 games/s  ETA 3h50m57s
[finalists] 14947/50000  2.5 games/s  ETA 3h50m59s
[finalists] 14952/50000  2.5 games/s  ETA 3h50m57s
[finalists] 14957/50000  2.5 games/s  ETA 3h50m55s
[finalists] 14962/50000  2.5 games/s  ETA 3h50m53s
[finalists] 14967/50000  2.5 games/s  ETA 3h50m51s
[finalists] 14971/50000  2.5 games/s  ETA 3h50m50s
[finalists] 14974/50000  2.5 games/s  ETA 3h50m51s
[finalists] 14980/50000  2.5 games/s  ETA 3h50m48s
[finalists] 14986/50000  2.5 games/s  ETA 3h50m45s
[finalists] 14992/50000  2.5 games/s  ETA 3h50m41s
[finalists] 14996/50000  2.5 games/s  ETA 3h50m41s
[finalists] 15000/50000  2.5 games/s  ETA 3h50m40s
[finalists] 15005/50000  2.5 games/s  ETA 3h50m38s
[finalists] 15012/50000  2.5 games/s  ETA 3h50m34s
[finalists] 15015/50000  2.5 games/s  ETA 3h50m34s
[finalists] 15017/50000  2.5 games/s  ETA 3h50m36s
[finalists] 15022/50000  2.5 games/s  ETA 3h50m34s
[finalists] 15027/50000  2.5 games/s  ETA 3h50m33s
[finalists] 15032/50000  2.5 games/s  ETA 3h50m31s
[finalists] 15038/50000  2.5 games/s  ETA 3h50m27s
[finalists] 15040/50000  2.5 games/s  ETA 3h50m29s
[finalists] 15042/50000  2.5 games/s  ETA 3h50m31s
[finalists] 15050/50000  2.5 games/s  ETA 3h50m26s
[finalists] 15052/50000  2.5 games/s  ETA 3h50m28s
[finalists] 15059/50000  2.5 games/s  ETA 3h50m23s
[finalists] 15064/50000  2.5 games/s  ETA 3h50m21s
[finalists] 15069/50000  2.5 games/s  ETA 3h50m19s
[finalists] 15074/50000  2.5 games/s  ETA 3h50m17s
[finalists] 15078/50000  2.5 games/s  ETA 3h50m17s
[finalists] 15082/50000  2.5 games/s  ETA 3h50m16s
[finalists] 15087/50000  2.5 games/s  ETA 3h50m14s
[finalists] 15090/50000  2.5 games/s  ETA 3h50m15s
[finalists] 15093/50000  2.5 games/s  ETA 3h50m15s
[finalists] 15096/50000  2.5 games/s  ETA 3h50m16s
[finalists] 15099/50000  2.5 games/s  ETA 3h50m17s
[finalists] 15104/50000  2.5 games/s  ETA 3h50m15s
[finalists] 15106/50000  2.5 games/s  ETA 3h50m17s
[finalists] 15111/50000  2.5 games/s  ETA 3h50m15s
[finalists] 15115/50000  2.5 games/s  ETA 3h50m14s
[finalists] 15117/50000  2.5 games/s  ETA 3h50m16s
[finalists] 15122/50000  2.5 games/s  ETA 3h50m14s
[finalists] 15125/50000  2.5 games/s  ETA 3h50m15s
[finalists] 15131/50000  2.5 games/s  ETA 3h50m12s
[finalists] 15136/50000  2.5 games/s  ETA 3h50m10s
[finalists] 15142/50000  2.5 games/s  ETA 3h50m07s
[finalists] 15145/50000  2.5 games/s  ETA 3h50m07s
[finalists] 15150/50000  2.5 games/s  ETA 3h50m06s
[finalists] 15156/50000  2.5 games/s  ETA 3h50m02s
[finalists] 15162/50000  2.5 games/s  ETA 3h49m59s
[finalists] 15167/50000  2.5 games/s  ETA 3h49m57s
[finalists] 15171/50000  2.5 games/s  ETA 3h49m56s
[finalists] 15175/50000  2.5 games/s  ETA 3h49m56s
[finalists] 15181/50000  2.5 games/s  ETA 3h49m53s
[finalists] 15186/50000  2.5 games/s  ETA 3h49m51s
[finalists] 15191/50000  2.5 games/s  ETA 3h49m49s
[finalists] 15194/50000  2.5 games/s  ETA 3h49m49s
[finalists] 15198/50000  2.5 games/s  ETA 3h49m49s
[finalists] 15202/50000  2.5 games/s  ETA 3h49m48s
[finalists] 15207/50000  2.5 games/s  ETA 3h49m46s
[finalists] 15210/50000  2.5 games/s  ETA 3h49m47s
[finalists] 15212/50000  2.5 games/s  ETA 3h49m49s
[finalists] 15214/50000  2.5 games/s  ETA 3h49m51s
[finalists] 15219/50000  2.5 games/s  ETA 3h49m49s
[finalists] 15225/50000  2.5 games/s  ETA 3h49m46s
[finalists] 15229/50000  2.5 games/s  ETA 3h49m45s
[finalists] 15232/50000  2.5 games/s  ETA 3h49m46s
[finalists] 15239/50000  2.5 games/s  ETA 3h49m41s
[finalists] 15245/50000  2.5 games/s  ETA 3h49m38s
[finalists] 15249/50000  2.5 games/s  ETA 3h49m37s
[finalists] 15251/50000  2.5 games/s  ETA 3h49m39s
[finalists] 15256/50000  2.5 games/s  ETA 3h49m37s
[finalists] 15262/50000  2.5 games/s  ETA 3h49m34s
[finalists] 15266/50000  2.5 games/s  ETA 3h49m33s
[finalists] 15270/50000  2.5 games/s  ETA 3h49m33s
[finalists] 15276/50000  2.5 games/s  ETA 3h49m30s
[finalists] 15282/50000  2.5 games/s  ETA 3h49m26s
[finalists] 15287/50000  2.5 games/s  ETA 3h49m24s
[finalists] 15292/50000  2.5 games/s  ETA 3h49m22s
[finalists] 15296/50000  2.5 games/s  ETA 3h49m22s
[finalists] 15298/50000  2.5 games/s  ETA 3h49m24s
[finalists] 15301/50000  2.5 games/s  ETA 3h49m24s
[finalists] 15305/50000  2.5 games/s  ETA 3h49m24s
[finalists] 15307/50000  2.5 games/s  ETA 3h49m26s
[finalists] 15310/50000  2.5 games/s  ETA 3h49m26s
[finalists] 15313/50000  2.5 games/s  ETA 3h49m27s
[finalists] 15315/50000  2.5 games/s  ETA 3h49m29s
[finalists] 15318/50000  2.5 games/s  ETA 3h49m30s
[finalists] 15320/50000  2.5 games/s  ETA 3h49m31s
[finalists] 15323/50000  2.5 games/s  ETA 3h49m32s
[finalists] 15327/50000  2.5 games/s  ETA 3h49m31s
[finalists] 15331/50000  2.5 games/s  ETA 3h49m31s
[finalists] 15336/50000  2.5 games/s  ETA 3h49m29s
[finalists] 15340/50000  2.5 games/s  ETA 3h49m28s
[finalists] 15343/50000  2.5 games/s  ETA 3h49m29s
[finalists] 15345/50000  2.5 games/s  ETA 3h49m31s
[finalists] 15347/50000  2.5 games/s  ETA 3h49m33s
[finalists] 15351/50000  2.5 games/s  ETA 3h49m32s
[finalists] 15354/50000  2.5 games/s  ETA 3h49m33s
[finalists] 15356/50000  2.5 games/s  ETA 3h49m35s
[finalists] 15359/50000  2.5 games/s  ETA 3h49m35s
[finalists] 15364/50000  2.5 games/s  ETA 3h49m33s
[finalists] 15365/50000  2.5 games/s  ETA 3h49m37s
[finalists] 15369/50000  2.5 games/s  ETA 3h49m36s
[finalists] 15372/50000  2.5 games/s  ETA 3h49m36s
[finalists] 15376/50000  2.5 games/s  ETA 3h49m36s
[finalists] 15382/50000  2.5 games/s  ETA 3h49m33s
[finalists] 15385/50000  2.5 games/s  ETA 3h49m33s
[finalists] 15388/50000  2.5 games/s  ETA 3h49m34s
[finalists] 15392/50000  2.5 games/s  ETA 3h49m33s
[finalists] 15395/50000  2.5 games/s  ETA 3h49m34s
[finalists] 15397/50000  2.5 games/s  ETA 3h49m36s
[finalists] 15404/50000  2.5 games/s  ETA 3h49m31s
[finalists] 15409/50000  2.5 games/s  ETA 3h49m29s
[finalists] 15413/50000  2.5 games/s  ETA 3h49m28s
[finalists] 15420/50000  2.5 games/s  ETA 3h49m24s
[finalists] 15426/50000  2.5 games/s  ETA 3h49m21s
[finalists] 15430/50000  2.5 games/s  ETA 3h49m20s
[finalists] 15435/50000  2.5 games/s  ETA 3h49m18s
[finalists] 15441/50000  2.5 games/s  ETA 3h49m15s
[finalists] 15442/50000  2.5 games/s  ETA 3h49m18s
[finalists] 15446/50000  2.5 games/s  ETA 3h49m17s
[finalists] 15450/50000  2.5 games/s  ETA 3h49m17s
[finalists] 15453/50000  2.5 games/s  ETA 3h49m17s
[finalists] 15458/50000  2.5 games/s  ETA 3h49m15s
[finalists] 15462/50000  2.5 games/s  ETA 3h49m15s
[finalists] 15468/50000  2.5 games/s  ETA 3h49m11s
[finalists] 15472/50000  2.5 games/s  ETA 3h49m11s
[finalists] 15474/50000  2.5 games/s  ETA 3h49m13s
[finalists] 15480/50000  2.5 games/s  ETA 3h49m09s
[finalists] 15485/50000  2.5 games/s  ETA 3h49m07s
[finalists] 15491/50000  2.5 games/s  ETA 3h49m04s
[finalists] 15496/50000  2.5 games/s  ETA 3h49m02s
[finalists] 15501/50000  2.5 games/s  ETA 3h49m00s
[finalists] 15506/50000  2.5 games/s  ETA 3h48m58s
[finalists] 15509/50000  2.5 games/s  ETA 3h48m59s
[finalists] 15513/50000  2.5 games/s  ETA 3h48m58s
[finalists] 15516/50000  2.5 games/s  ETA 3h48m59s
[finalists] 15522/50000  2.5 games/s  ETA 3h48m55s
[finalists] 15528/50000  2.5 games/s  ETA 3h48m52s
[finalists] 15535/50000  2.5 games/s  ETA 3h48m48s
[finalists] 15541/50000  2.5 games/s  ETA 3h48m44s
[finalists] 15544/50000  2.5 games/s  ETA 3h48m45s
[finalists] 15546/50000  2.5 games/s  ETA 3h48m47s
[finalists] 15549/50000  2.5 games/s  ETA 3h48m47s
[finalists] 15553/50000  2.5 games/s  ETA 3h48m47s
[finalists] 15560/50000  2.5 games/s  ETA 3h48m42s
[finalists] 15566/50000  2.5 games/s  ETA 3h48m39s
[finalists] 15571/50000  2.5 games/s  ETA 3h48m37s
[finalists] 15575/50000  2.5 games/s  ETA 3h48m36s
[finalists] 15581/50000  2.5 games/s  ETA 3h48m33s
[finalists] 15586/50000  2.5 games/s  ETA 3h48m31s
[finalists] 15592/50000  2.5 games/s  ETA 3h48m28s
[finalists] 15598/50000  2.5 games/s  ETA 3h48m25s
[finalists] 15602/50000  2.5 games/s  ETA 3h48m24s
[finalists] 15610/50000  2.5 games/s  ETA 3h48m18s
[finalists] 15615/50000  2.5 games/s  ETA 3h48m16s
[finalists] 15621/50000  2.5 games/s  ETA 3h48m13s
[finalists] 15624/50000  2.5 games/s  ETA 3h48m13s
[finalists] 15630/50000  2.5 games/s  ETA 3h48m10s
[finalists] 15634/50000  2.5 games/s  ETA 3h48m10s
[finalists] 15638/50000  2.5 games/s  ETA 3h48m09s
[finalists] 15643/50000  2.5 games/s  ETA 3h48m07s
[finalists] 15646/50000  2.5 games/s  ETA 3h48m07s
[finalists] 15650/50000  2.5 games/s  ETA 3h48m07s
[finalists] 15656/50000  2.5 games/s  ETA 3h48m03s
[finalists] 15659/50000  2.5 games/s  ETA 3h48m04s
[finalists] 15662/50000  2.5 games/s  ETA 3h48m05s
[finalists] 15665/50000  2.5 games/s  ETA 3h48m05s
[finalists] 15668/50000  2.5 games/s  ETA 3h48m06s
[finalists] 15670/50000  2.5 games/s  ETA 3h48m08s
[finalists] 15674/50000  2.5 games/s  ETA 3h48m07s
[finalists] 15680/50000  2.5 games/s  ETA 3h48m04s
[finalists] 15686/50000  2.5 games/s  ETA 3h48m00s
[finalists] 15690/50000  2.5 games/s  ETA 3h48m00s
[finalists] 15695/50000  2.5 games/s  ETA 3h47m58s
[finalists] 15701/50000  2.5 games/s  ETA 3h47m54s
[finalists] 15705/50000  2.5 games/s  ETA 3h47m54s
[finalists] 15710/50000  2.5 games/s  ETA 3h47m52s
[finalists] 15715/50000  2.5 games/s  ETA 3h47m50s
[finalists] 15718/50000  2.5 games/s  ETA 3h47m50s
[finalists] 15721/50000  2.5 games/s  ETA 3h47m51s
[finalists] 15726/50000  2.5 games/s  ETA 3h47m49s
[finalists] 15730/50000  2.5 games/s  ETA 3h47m48s
[finalists] 15736/50000  2.5 games/s  ETA 3h47m45s
[finalists] 15743/50000  2.5 games/s  ETA 3h47m41s
[finalists] 15747/50000  2.5 games/s  ETA 3h47m40s
[finalists] 15752/50000  2.5 games/s  ETA 3h47m38s
[finalists] 15756/50000  2.5 games/s  ETA 3h47m37s
[finalists] 15764/50000  2.5 games/s  ETA 3h47m31s
[finalists] 15770/50000  2.5 games/s  ETA 3h47m28s
[finalists] 15774/50000  2.5 games/s  ETA 3h47m27s
[finalists] 15782/50000  2.5 games/s  ETA 3h47m22s
[finalists] 15791/50000  2.5 games/s  ETA 3h47m15s
[finalists] 15794/50000  2.5 games/s  ETA 3h47m15s
[finalists] 15800/50000  2.5 games/s  ETA 3h47m12s
[finalists] 15806/50000  2.5 games/s  ETA 3h47m09s
[finalists] 15811/50000  2.5 games/s  ETA 3h47m07s
[finalists] 15819/50000  2.5 games/s  ETA 3h47m01s
[finalists] 15825/50000  2.5 games/s  ETA 3h46m58s
[finalists] 15831/50000  2.5 games/s  ETA 3h46m54s
[finalists] 15838/50000  2.5 games/s  ETA 3h46m50s
[finalists] 15845/50000  2.5 games/s  ETA 3h46m46s
[finalists] 15849/50000  2.5 games/s  ETA 3h46m45s
[finalists] 15855/50000  2.5 games/s  ETA 3h46m42s
[finalists] 15859/50000  2.5 games/s  ETA 3h46m41s
[finalists] 15867/50000  2.5 games/s  ETA 3h46m35s
[finalists] 15872/50000  2.5 games/s  ETA 3h46m33s
[finalists] 15878/50000  2.5 games/s  ETA 3h46m30s
[finalists] 15882/50000  2.5 games/s  ETA 3h46m29s
[finalists] 15888/50000  2.5 games/s  ETA 3h46m26s
[finalists] 15894/50000  2.5 games/s  ETA 3h46m23s
[finalists] 15902/50000  2.5 games/s  ETA 3h46m17s
[finalists] 15907/50000  2.5 games/s  ETA 3h46m15s
[finalists] 15912/50000  2.5 games/s  ETA 3h46m13s
[finalists] 15914/50000  2.5 games/s  ETA 3h46m15s
[finalists] 15920/50000  2.5 games/s  ETA 3h46m12s
[finalists] 15929/50000  2.5 games/s  ETA 3h46m05s
[finalists] 15935/50000  2.5 games/s  ETA 3h46m01s
[finalists] 15939/50000  2.5 games/s  ETA 3h46m01s
[finalists] 15944/50000  2.5 games/s  ETA 3h45m59s
[finalists] 15949/50000  2.5 games/s  ETA 3h45m57s
[finalists] 15953/50000  2.5 games/s  ETA 3h45m56s
[finalists] 15959/50000  2.5 games/s  ETA 3h45m53s
[finalists] 15964/50000  2.5 games/s  ETA 3h45m51s
[finalists] 15970/50000  2.5 games/s  ETA 3h45m48s
[finalists] 15974/50000  2.5 games/s  ETA 3h45m47s
[finalists] 15982/50000  2.5 games/s  ETA 3h45m41s
[finalists] 15988/50000  2.5 games/s  ETA 3h45m38s
[finalists] 15991/50000  2.5 games/s  ETA 3h45m39s
[finalists] 15996/50000  2.5 games/s  ETA 3h45m37s
[finalists] 16000/50000  2.5 games/s  ETA 3h45m36s
[finalists] 16009/50000  2.5 games/s  ETA 3h45m29s
[finalists] 16016/50000  2.5 games/s  ETA 3h45m25s
[finalists] 16023/50000  2.5 games/s  ETA 3h45m20s
[finalists] 16027/50000  2.5 games/s  ETA 3h45m19s
[finalists] 16036/50000  2.5 games/s  ETA 3h45m12s
[finalists] 16041/50000  2.5 games/s  ETA 3h45m10s
[finalists] 16051/50000  2.5 games/s  ETA 3h45m02s
[finalists] 16058/50000  2.5 games/s  ETA 3h44m58s
[finalists] 16065/50000  2.5 games/s  ETA 3h44m53s
[finalists] 16068/50000  2.5 games/s  ETA 3h44m54s
[finalists] 16078/50000  2.5 games/s  ETA 3h44m46s
[finalists] 16085/50000  2.5 games/s  ETA 3h44m41s
[finalists] 16093/50000  2.5 games/s  ETA 3h44m36s
[finalists] 16097/50000  2.5 games/s  ETA 3h44m35s
[finalists] 16101/50000  2.5 games/s  ETA 3h44m34s
[finalists] 16105/50000  2.5 games/s  ETA 3h44m34s
[finalists] 16111/50000  2.5 games/s  ETA 3h44m30s
[finalists] 16115/50000  2.5 games/s  ETA 3h44m30s
[finalists] 16120/50000  2.5 games/s  ETA 3h44m28s
[finalists] 16125/50000  2.5 games/s  ETA 3h44m26s
[finalists] 16129/50000  2.5 games/s  ETA 3h44m25s
[finalists] 16135/50000  2.5 games/s  ETA 3h44m22s
[finalists] 16140/50000  2.5 games/s  ETA 3h44m20s
[finalists] 16147/50000  2.5 games/s  ETA 3h44m15s
[finalists] 16153/50000  2.5 games/s  ETA 3h44m12s
[finalists] 16159/50000  2.5 games/s  ETA 3h44m09s
[finalists] 16166/50000  2.5 games/s  ETA 3h44m05s
[finalists] 16169/50000  2.5 games/s  ETA 3h44m05s
[finalists] 16176/50000  2.5 games/s  ETA 3h44m01s
[finalists] 16181/50000  2.5 games/s  ETA 3h43m59s
[finalists] 16187/50000  2.5 games/s  ETA 3h43m56s
[finalists] 16192/50000  2.5 games/s  ETA 3h43m54s
[finalists] 16196/50000  2.5 games/s  ETA 3h43m53s
[finalists] 16199/50000  2.5 games/s  ETA 3h43m53s
[finalists] 16206/50000  2.5 games/s  ETA 3h43m49s
[finalists] 16212/50000  2.5 games/s  ETA 3h43m46s
[finalists] 16218/50000  2.5 games/s  ETA 3h43m43s
[finalists] 16222/50000  2.5 games/s  ETA 3h43m42s
[finalists] 16225/50000  2.5 games/s  ETA 3h43m42s
[finalists] 16230/50000  2.5 games/s  ETA 3h43m40s
[finalists] 16234/50000  2.5 games/s  ETA 3h43m40s
[finalists] 16241/50000  2.5 games/s  ETA 3h43m35s
[finalists] 16245/50000  2.5 games/s  ETA 3h43m35s
[finalists] 16251/50000  2.5 games/s  ETA 3h43m31s
[finalists] 16259/50000  2.5 games/s  ETA 3h43m26s
[finalists] 16262/50000  2.5 games/s  ETA 3h43m26s
[finalists] 16267/50000  2.5 games/s  ETA 3h43m24s
[finalists] 16272/50000  2.5 games/s  ETA 3h43m22s
[finalists] 16276/50000  2.5 games/s  ETA 3h43m22s
[finalists] 16284/50000  2.5 games/s  ETA 3h43m16s
[finalists] 16286/50000  2.5 games/s  ETA 3h43m18s
[finalists] 16292/50000  2.5 games/s  ETA 3h43m14s
[finalists] 16296/50000  2.5 games/s  ETA 3h43m14s
[finalists] 16299/50000  2.5 games/s  ETA 3h43m14s
[finalists] 16303/50000  2.5 games/s  ETA 3h43m13s
[finalists] 16307/50000  2.5 games/s  ETA 3h43m13s
[finalists] 16313/50000  2.5 games/s  ETA 3h43m10s
[finalists] 16316/50000  2.5 games/s  ETA 3h43m10s
[finalists] 16322/50000  2.5 games/s  ETA 3h43m07s
[finalists] 16327/50000  2.5 games/s  ETA 3h43m05s
[finalists] 16335/50000  2.5 games/s  ETA 3h42m59s
[finalists] 16342/50000  2.5 games/s  ETA 3h42m55s
[finalists] 16346/50000  2.5 games/s  ETA 3h42m54s
[finalists] 16350/50000  2.5 games/s  ETA 3h42m53s
[finalists] 16354/50000  2.5 games/s  ETA 3h42m53s
[finalists] 16360/50000  2.5 games/s  ETA 3h42m49s
[finalists] 16363/50000  2.5 games/s  ETA 3h42m50s
[finalists] 16368/50000  2.5 games/s  ETA 3h42m48s
[finalists] 16374/50000  2.5 games/s  ETA 3h42m45s
[finalists] 16380/50000  2.5 games/s  ETA 3h42m42s
[finalists] 16386/50000  2.5 games/s  ETA 3h42m38s
[finalists] 16390/50000  2.5 games/s  ETA 3h42m38s
[finalists] 16395/50000  2.5 games/s  ETA 3h42m36s
[finalists] 16401/50000  2.5 games/s  ETA 3h42m33s
[finalists] 16407/50000  2.5 games/s  ETA 3h42m29s
[finalists] 16411/50000  2.5 games/s  ETA 3h42m29s
[finalists] 16416/50000  2.5 games/s  ETA 3h42m27s
[finalists] 16419/50000  2.5 games/s  ETA 3h42m27s
[finalists] 16422/50000  2.5 games/s  ETA 3h42m28s
[finalists] 16427/50000  2.5 games/s  ETA 3h42m26s
[finalists] 16433/50000  2.5 games/s  ETA 3h42m22s
[finalists] 16438/50000  2.5 games/s  ETA 3h42m21s
[finalists] 16444/50000  2.5 games/s  ETA 3h42m17s
[finalists] 16448/50000  2.5 games/s  ETA 3h42m17s
[finalists] 16455/50000  2.5 games/s  ETA 3h42m12s
[finalists] 16457/50000  2.5 games/s  ETA 3h42m14s
[finalists] 16461/50000  2.5 games/s  ETA 3h42m13s
[finalists] 16467/50000  2.5 games/s  ETA 3h42m10s
[finalists] 16474/50000  2.5 games/s  ETA 3h42m06s
[finalists] 16480/50000  2.5 games/s  ETA 3h42m02s
[finalists] 16484/50000  2.5 games/s  ETA 3h42m02s
[finalists] 16493/50000  2.5 games/s  ETA 3h41m55s
[finalists] 16498/50000  2.5 games/s  ETA 3h41m53s
[finalists] 16507/50000  2.5 games/s  ETA 3h41m46s
[finalists] 16512/50000  2.5 games/s  ETA 3h41m44s
[finalists] 16516/50000  2.5 games/s  ETA 3h41m43s
[finalists] 16521/50000  2.5 games/s  ETA 3h41m42s
[finalists] 16528/50000  2.5 games/s  ETA 3h41m37s
[finalists] 16539/50000  2.5 games/s  ETA 3h41m28s
[finalists] 16542/50000  2.5 games/s  ETA 3h41m28s
[finalists] 16547/50000  2.5 games/s  ETA 3h41m26s
[finalists] 16552/50000  2.5 games/s  ETA 3h41m25s
[finalists] 16559/50000  2.5 games/s  ETA 3h41m20s
[finalists] 16567/50000  2.5 games/s  ETA 3h41m15s
[finalists] 16575/50000  2.5 games/s  ETA 3h41m09s
[finalists] 16582/50000  2.5 games/s  ETA 3h41m05s
[finalists] 16590/50000  2.5 games/s  ETA 3h40m59s
[finalists] 16597/50000  2.5 games/s  ETA 3h40m55s
[finalists] 16602/50000  2.5 games/s  ETA 3h40m53s
[finalists] 16608/50000  2.5 games/s  ETA 3h40m50s
[finalists] 16615/50000  2.5 games/s  ETA 3h40m45s
[finalists] 16622/50000  2.5 games/s  ETA 3h40m41s
[finalists] 16632/50000  2.5 games/s  ETA 3h40m33s
[finalists] 16640/50000  2.5 games/s  ETA 3h40m28s
[finalists] 16648/50000  2.5 games/s  ETA 3h40m22s
[finalists] 16652/50000  2.5 games/s  ETA 3h40m21s
[finalists] 16662/50000  2.5 games/s  ETA 3h40m13s
[finalists] 16668/50000  2.5 games/s  ETA 3h40m10s
[finalists] 16672/50000  2.5 games/s  ETA 3h40m10s
[finalists] 16677/50000  2.5 games/s  ETA 3h40m08s
[finalists] 16686/50000  2.5 games/s  ETA 3h40m01s
[finalists] 16692/50000  2.5 games/s  ETA 3h39m58s
[finalists] 16697/50000  2.5 games/s  ETA 3h39m56s
[finalists] 16702/50000  2.5 games/s  ETA 3h39m54s
[finalists] 16707/50000  2.5 games/s  ETA 3h39m52s
[finalists] 16715/50000  2.5 games/s  ETA 3h39m46s
[finalists] 16723/50000  2.5 games/s  ETA 3h39m41s
[finalists] 16728/50000  2.5 games/s  ETA 3h39m39s
[finalists] 16734/50000  2.5 games/s  ETA 3h39m36s
[finalists] 16740/50000  2.5 games/s  ETA 3h39m33s
[finalists] 16748/50000  2.5 games/s  ETA 3h39m27s
[finalists] 16755/50000  2.5 games/s  ETA 3h39m23s
[finalists] 16764/50000  2.5 games/s  ETA 3h39m16s
[finalists] 16771/50000  2.5 games/s  ETA 3h39m12s
[finalists] 16779/50000  2.5 games/s  ETA 3h39m07s
[finalists] 16788/50000  2.5 games/s  ETA 3h39m00s
[finalists] 16795/50000  2.5 games/s  ETA 3h38m56s
[finalists] 16797/50000  2.5 games/s  ETA 3h38m57s
[finalists] 16806/50000  2.5 games/s  ETA 3h38m51s
[finalists] 16813/50000  2.5 games/s  ETA 3h38m46s
[finalists] 16817/50000  2.5 games/s  ETA 3h38m46s
[finalists] 16825/50000  2.5 games/s  ETA 3h38m40s
[finalists] 16833/50000  2.5 games/s  ETA 3h38m35s
[finalists] 16838/50000  2.5 games/s  ETA 3h38m33s
[finalists] 16844/50000  2.5 games/s  ETA 3h38m30s
[finalists] 16853/50000  2.5 games/s  ETA 3h38m23s
[finalists] 16859/50000  2.5 games/s  ETA 3h38m20s
[finalists] 16866/50000  2.5 games/s  ETA 3h38m16s
[finalists] 16872/50000  2.5 games/s  ETA 3h38m13s
[finalists] 16880/50000  2.5 games/s  ETA 3h38m07s
[finalists] 16888/50000  2.5 games/s  ETA 3h38m02s
[finalists] 16896/50000  2.5 games/s  ETA 3h37m56s
[finalists] 16900/50000  2.5 games/s  ETA 3h37m55s
[finalists] 16908/50000  2.5 games/s  ETA 3h37m50s
[finalists] 16914/50000  2.5 games/s  ETA 3h37m47s
[finalists] 16924/50000  2.5 games/s  ETA 3h37m39s
[finalists] 16931/50000  2.5 games/s  ETA 3h37m35s
[finalists] 16942/50000  2.5 games/s  ETA 3h37m26s
[finalists] 16952/50000  2.5 games/s  ETA 3h37m18s
[finalists] 16962/50000  2.5 games/s  ETA 3h37m11s
[finalists] 16966/50000  2.5 games/s  ETA 3h37m10s
[finalists] 16972/50000  2.5 games/s  ETA 3h37m07s
[finalists] 16980/50000  2.5 games/s  ETA 3h37m01s
[finalists] 16989/50000  2.5 games/s  ETA 3h36m55s
[finalists] 16997/50000  2.5 games/s  ETA 3h36m49s
[finalists] 17000/50000  2.5 games/s  ETA 3h36m50s
[finalists] 17005/50000  2.5 games/s  ETA 3h36m48s
[finalists] 17010/50000  2.5 games/s  ETA 3h36m46s
[finalists] 17017/50000  2.5 games/s  ETA 3h36m42s
[finalists] 17021/50000  2.5 games/s  ETA 3h36m41s
[finalists] 17029/50000  2.5 games/s  ETA 3h36m36s
[finalists] 17035/50000  2.5 games/s  ETA 3h36m32s
[finalists] 17041/50000  2.5 games/s  ETA 3h36m29s
[finalists] 17050/50000  2.5 games/s  ETA 3h36m23s
[finalists] 17055/50000  2.5 games/s  ETA 3h36m21s
[finalists] 17063/50000  2.5 games/s  ETA 3h36m16s
[finalists] 17069/50000  2.5 games/s  ETA 3h36m13s
[finalists] 17075/50000  2.5 games/s  ETA 3h36m09s
[finalists] 17081/50000  2.5 games/s  ETA 3h36m06s
[finalists] 17090/50000  2.5 games/s  ETA 3h36m00s
[finalists] 17096/50000  2.5 games/s  ETA 3h35m57s
[finalists] 17103/50000  2.5 games/s  ETA 3h35m53s
[finalists] 17113/50000  2.5 games/s  ETA 3h35m45s
[finalists] 17121/50000  2.5 games/s  ETA 3h35m40s
[finalists] 17130/50000  2.5 games/s  ETA 3h35m33s
[finalists] 17137/50000  2.5 games/s  ETA 3h35m29s
[finalists] 17144/50000  2.5 games/s  ETA 3h35m25s
[finalists] 17147/50000  2.5 games/s  ETA 3h35m25s
[finalists] 17154/50000  2.5 games/s  ETA 3h35m21s
[finalists] 17163/50000  2.5 games/s  ETA 3h35m14s
[finalists] 17170/50000  2.5 games/s  ETA 3h35m10s
[finalists] 17176/50000  2.5 games/s  ETA 3h35m07s
[finalists] 17186/50000  2.5 games/s  ETA 3h35m00s
[finalists] 17192/50000  2.5 games/s  ETA 3h34m57s
[finalists] 17198/50000  2.5 games/s  ETA 3h34m53s
[finalists] 17204/50000  2.5 games/s  ETA 3h34m50s
[finalists] 17214/50000  2.5 games/s  ETA 3h34m43s
[finalists] 17221/50000  2.5 games/s  ETA 3h34m39s
[finalists] 17229/50000  2.5 games/s  ETA 3h34m33s
[finalists] 17237/50000  2.5 games/s  ETA 3h34m28s
[finalists] 17246/50000  2.5 games/s  ETA 3h34m22s
[finalists] 17253/50000  2.5 games/s  ETA 3h34m17s
[finalists] 17262/50000  2.5 games/s  ETA 3h34m11s
[finalists] 17269/50000  2.5 games/s  ETA 3h34m07s
[finalists] 17274/50000  2.5 games/s  ETA 3h34m05s
[finalists] 17279/50000  2.5 games/s  ETA 3h34m03s
[finalists] 17288/50000  2.5 games/s  ETA 3h33m57s
[finalists] 17297/50000  2.5 games/s  ETA 3h33m50s
[finalists] 17305/50000  2.5 games/s  ETA 3h33m45s
[finalists] 17313/50000  2.5 games/s  ETA 3h33m40s
[finalists] 17321/50000  2.6 games/s  ETA 3h33m34s
[finalists] 17333/50000  2.6 games/s  ETA 3h33m25s
[finalists] 17343/50000  2.6 games/s  ETA 3h33m17s
[finalists] 17351/50000  2.6 games/s  ETA 3h33m12s
[finalists] 17360/50000  2.6 games/s  ETA 3h33m05s
[finalists] 17365/50000  2.6 games/s  ETA 3h33m03s
[finalists] 17377/50000  2.6 games/s  ETA 3h32m54s
[finalists] 17384/50000  2.6 games/s  ETA 3h32m50s
[finalists] 17393/50000  2.6 games/s  ETA 3h32m43s
[finalists] 17401/50000  2.6 games/s  ETA 3h32m38s
[finalists] 17407/50000  2.6 games/s  ETA 3h32m35s
[finalists] 17412/50000  2.6 games/s  ETA 3h32m33s
[finalists] 17418/50000  2.6 games/s  ETA 3h32m30s
[finalists] 17424/50000  2.6 games/s  ETA 3h32m27s
[finalists] 17431/50000  2.6 games/s  ETA 3h32m23s
[finalists] 17437/50000  2.6 games/s  ETA 3h32m20s
[finalists] 17441/50000  2.6 games/s  ETA 3h32m19s
[finalists] 17446/50000  2.6 games/s  ETA 3h32m17s
[finalists] 17451/50000  2.6 games/s  ETA 3h32m15s
[finalists] 17461/50000  2.6 games/s  ETA 3h32m08s
[finalists] 17468/50000  2.6 games/s  ETA 3h32m04s
[finalists] 17475/50000  2.6 games/s  ETA 3h32m00s
[finalists] 17482/50000  2.6 games/s  ETA 3h31m56s
[finalists] 17489/50000  2.6 games/s  ETA 3h31m52s
[finalists] 17496/50000  2.6 games/s  ETA 3h31m47s
[finalists] 17500/50000  2.6 games/s  ETA 3h31m47s
[finalists] 17507/50000  2.6 games/s  ETA 3h31m43s
[finalists] 17515/50000  2.6 games/s  ETA 3h31m37s
[finalists] 17519/50000  2.6 games/s  ETA 3h31m37s
[finalists] 17528/50000  2.6 games/s  ETA 3h31m30s
[finalists] 17538/50000  2.6 games/s  ETA 3h31m23s
[finalists] 17546/50000  2.6 games/s  ETA 3h31m18s
[finalists] 17553/50000  2.6 games/s  ETA 3h31m14s
[finalists] 17558/50000  2.6 games/s  ETA 3h31m12s
[finalists] 17567/50000  2.6 games/s  ETA 3h31m05s
[finalists] 17572/50000  2.6 games/s  ETA 3h31m03s
[finalists] 17579/50000  2.6 games/s  ETA 3h30m59s
[finalists] 17587/50000  2.6 games/s  ETA 3h30m54s
[finalists] 17597/50000  2.6 games/s  ETA 3h30m47s
[finalists] 17606/50000  2.6 games/s  ETA 3h30m41s
[finalists] 17614/50000  2.6 games/s  ETA 3h30m35s
[finalists] 17622/50000  2.6 games/s  ETA 3h30m30s
[finalists] 17632/50000  2.6 games/s  ETA 3h30m23s
[finalists] 17642/50000  2.6 games/s  ETA 3h30m15s
[finalists] 17646/50000  2.6 games/s  ETA 3h30m15s
[finalists] 17653/50000  2.6 games/s  ETA 3h30m11s
[finalists] 17661/50000  2.6 games/s  ETA 3h30m05s
[finalists] 17667/50000  2.6 games/s  ETA 3h30m02s
[finalists] 17675/50000  2.6 games/s  ETA 3h29m57s
[finalists] 17686/50000  2.6 games/s  ETA 3h29m49s
[finalists] 17691/50000  2.6 games/s  ETA 3h29m47s
[finalists] 17698/50000  2.6 games/s  ETA 3h29m43s
[finalists] 17705/50000  2.6 games/s  ETA 3h29m39s
[finalists] 17713/50000  2.6 games/s  ETA 3h29m34s
[finalists] 17719/50000  2.6 games/s  ETA 3h29m31s
[finalists] 17727/50000  2.6 games/s  ETA 3h29m26s
[finalists] 17733/50000  2.6 games/s  ETA 3h29m23s
[finalists] 17740/50000  2.6 games/s  ETA 3h29m19s
[finalists] 17750/50000  2.6 games/s  ETA 3h29m11s
[finalists] 17758/50000  2.6 games/s  ETA 3h29m06s
[finalists] 17766/50000  2.6 games/s  ETA 3h29m01s
[finalists] 17772/50000  2.6 games/s  ETA 3h28m58s
[finalists] 17783/50000  2.6 games/s  ETA 3h28m50s
[finalists] 17792/50000  2.6 games/s  ETA 3h28m43s
[finalists] 17797/50000  2.6 games/s  ETA 3h28m42s
[finalists] 17801/50000  2.6 games/s  ETA 3h28m41s
[finalists] 17810/50000  2.6 games/s  ETA 3h28m35s
[finalists] 17817/50000  2.6 games/s  ETA 3h28m31s
[finalists] 17825/50000  2.6 games/s  ETA 3h28m26s
[finalists] 17836/50000  2.6 games/s  ETA 3h28m17s
[finalists] 17843/50000  2.6 games/s  ETA 3h28m13s
[finalists] 17851/50000  2.6 games/s  ETA 3h28m08s
[finalists] 17857/50000  2.6 games/s  ETA 3h28m05s
[finalists] 17862/50000  2.6 games/s  ETA 3h28m03s
[finalists] 17872/50000  2.6 games/s  ETA 3h27m56s
[finalists] 17881/50000  2.6 games/s  ETA 3h27m50s
[finalists] 17890/50000  2.6 games/s  ETA 3h27m44s
[finalists] 17896/50000  2.6 games/s  ETA 3h27m41s
[finalists] 17902/50000  2.6 games/s  ETA 3h27m38s
[finalists] 17912/50000  2.6 games/s  ETA 3h27m31s
[finalists] 17920/50000  2.6 games/s  ETA 3h27m25s
[finalists] 17930/50000  2.6 games/s  ETA 3h27m18s
[finalists] 17940/50000  2.6 games/s  ETA 3h27m11s
[finalists] 17944/50000  2.6 games/s  ETA 3h27m10s
[finalists] 17949/50000  2.6 games/s  ETA 3h27m08s
[finalists] 17954/50000  2.6 games/s  ETA 3h27m07s
[finalists] 17961/50000  2.6 games/s  ETA 3h27m03s
[finalists] 17966/50000  2.6 games/s  ETA 3h27m01s
[finalists] 17971/50000  2.6 games/s  ETA 3h26m59s
[finalists] 17984/50000  2.6 games/s  ETA 3h26m49s
[finalists] 17991/50000  2.6 games/s  ETA 3h26m45s
[finalists] 18003/50000  2.6 games/s  ETA 3h26m35s
[finalists] 18009/50000  2.6 games/s  ETA 3h26m32s
[finalists] 18016/50000  2.6 games/s  ETA 3h26m28s
[finalists] 18023/50000  2.6 games/s  ETA 3h26m24s
[finalists] 18032/50000  2.6 games/s  ETA 3h26m18s
[finalists] 18040/50000  2.6 games/s  ETA 3h26m13s
[finalists] 18048/50000  2.6 games/s  ETA 3h26m08s
[finalists] 18055/50000  2.6 games/s  ETA 3h26m04s
[finalists] 18062/50000  2.6 games/s  ETA 3h26m00s
[finalists] 18072/50000  2.6 games/s  ETA 3h25m53s
[finalists] 18084/50000  2.6 games/s  ETA 3h25m44s
[finalists] 18091/50000  2.6 games/s  ETA 3h25m40s
[finalists] 18100/50000  2.6 games/s  ETA 3h25m34s
[finalists] 18107/50000  2.6 games/s  ETA 3h25m30s
[finalists] 18114/50000  2.6 games/s  ETA 3h25m26s
[finalists] 18119/50000  2.6 games/s  ETA 3h25m24s
[finalists] 18127/50000  2.6 games/s  ETA 3h25m19s
[finalists] 18133/50000  2.6 games/s  ETA 3h25m16s
[finalists] 18141/50000  2.6 games/s  ETA 3h25m11s
[finalists] 18150/50000  2.6 games/s  ETA 3h25m05s
[finalists] 18156/50000  2.6 games/s  ETA 3h25m02s
[finalists] 18162/50000  2.6 games/s  ETA 3h24m59s
[finalists] 18167/50000  2.6 games/s  ETA 3h24m57s
[finalists] 18171/50000  2.6 games/s  ETA 3h24m57s
[finalists] 18179/50000  2.6 games/s  ETA 3h24m52s
[finalists] 18185/50000  2.6 games/s  ETA 3h24m49s
[finalists] 18193/50000  2.6 games/s  ETA 3h24m44s
[finalists] 18203/50000  2.6 games/s  ETA 3h24m37s
[finalists] 18211/50000  2.6 games/s  ETA 3h24m32s
[finalists] 18218/50000  2.6 games/s  ETA 3h24m28s
[finalists] 18226/50000  2.6 games/s  ETA 3h24m23s
[finalists] 18233/50000  2.6 games/s  ETA 3h24m19s
[finalists] 18242/50000  2.6 games/s  ETA 3h24m13s
[finalists] 18247/50000  2.6 games/s  ETA 3h24m11s
[finalists] 18255/50000  2.6 games/s  ETA 3h24m06s
[finalists] 18264/50000  2.6 games/s  ETA 3h24m00s
[finalists] 18271/50000  2.6 games/s  ETA 3h23m56s
[finalists] 18282/50000  2.6 games/s  ETA 3h23m48s
[finalists] 18292/50000  2.6 games/s  ETA 3h23m41s
[finalists] 18300/50000  2.6 games/s  ETA 3h23m36s
[finalists] 18307/50000  2.6 games/s  ETA 3h23m32s
[finalists] 18316/50000  2.6 games/s  ETA 3h23m26s
[finalists] 18328/50000  2.6 games/s  ETA 3h23m17s
[finalists] 18336/50000  2.6 games/s  ETA 3h23m12s
[finalists] 18347/50000  2.6 games/s  ETA 3h23m04s
[finalists] 18357/50000  2.6 games/s  ETA 3h22m57s
[finalists] 18365/50000  2.6 games/s  ETA 3h22m52s
[finalists] 18368/50000  2.6 games/s  ETA 3h22m52s
[finalists] 18371/50000  2.6 games/s  ETA 3h22m53s
[finalists] 18378/50000  2.6 games/s  ETA 3h22m49s
[finalists] 18383/50000  2.6 games/s  ETA 3h22m47s
[finalists] 18390/50000  2.6 games/s  ETA 3h22m43s
[finalists] 18395/50000  2.6 games/s  ETA 3h22m41s
[finalists] 18400/50000  2.6 games/s  ETA 3h22m39s
[finalists] 18411/50000  2.6 games/s  ETA 3h22m31s
[finalists] 18416/50000  2.6 games/s  ETA 3h22m30s
[finalists] 18425/50000  2.6 games/s  ETA 3h22m24s
[finalists] 18437/50000  2.6 games/s  ETA 3h22m14s
[finalists] 18445/50000  2.6 games/s  ETA 3h22m10s
[finalists] 18452/50000  2.6 games/s  ETA 3h22m06s
[finalists] 18460/50000  2.6 games/s  ETA 3h22m01s
[finalists] 18471/50000  2.6 games/s  ETA 3h21m53s
[finalists] 18481/50000  2.6 games/s  ETA 3h21m46s
[finalists] 18488/50000  2.6 games/s  ETA 3h21m42s
[finalists] 18496/50000  2.6 games/s  ETA 3h21m37s
[finalists] 18505/50000  2.6 games/s  ETA 3h21m31s
[finalists] 18511/50000  2.6 games/s  ETA 3h21m28s
[finalists] 18519/50000  2.6 games/s  ETA 3h21m23s
[finalists] 18528/50000  2.6 games/s  ETA 3h21m17s
[finalists] 18538/50000  2.6 games/s  ETA 3h21m10s
[finalists] 18547/50000  2.6 games/s  ETA 3h21m05s
[finalists] 18554/50000  2.6 games/s  ETA 3h21m01s
[finalists] 18560/50000  2.6 games/s  ETA 3h20m58s
[finalists] 18564/50000  2.6 games/s  ETA 3h20m57s
[finalists] 18572/50000  2.6 games/s  ETA 3h20m52s
[finalists] 18579/50000  2.6 games/s  ETA 3h20m48s
[finalists] 18587/50000  2.6 games/s  ETA 3h20m44s
[finalists] 18600/50000  2.6 games/s  ETA 3h20m34s
[finalists] 18608/50000  2.6 games/s  ETA 3h20m29s
[finalists] 18612/50000  2.6 games/s  ETA 3h20m28s
[finalists] 18618/50000  2.6 games/s  ETA 3h20m25s
[finalists] 18625/50000  2.6 games/s  ETA 3h20m21s
[finalists] 18631/50000  2.6 games/s  ETA 3h20m19s
[finalists] 18634/50000  2.6 games/s  ETA 3h20m19s
[finalists] 18638/50000  2.6 games/s  ETA 3h20m18s
[finalists] 18642/50000  2.6 games/s  ETA 3h20m17s
[finalists] 18646/50000  2.6 games/s  ETA 3h20m17s
[finalists] 18652/50000  2.6 games/s  ETA 3h20m14s
[finalists] 18659/50000  2.6 games/s  ETA 3h20m10s
[finalists] 18665/50000  2.6 games/s  ETA 3h20m07s
[finalists] 18673/50000  2.6 games/s  ETA 3h20m02s
[finalists] 18683/50000  2.6 games/s  ETA 3h19m55s
[finalists] 18690/50000  2.6 games/s  ETA 3h19m52s
[finalists] 18696/50000  2.6 games/s  ETA 3h19m49s
[finalists] 18699/50000  2.6 games/s  ETA 3h19m49s
[finalists] 18705/50000  2.6 games/s  ETA 3h19m46s
[finalists] 18712/50000  2.6 games/s  ETA 3h19m42s
[finalists] 18716/50000  2.6 games/s  ETA 3h19m42s
[finalists] 18724/50000  2.6 games/s  ETA 3h19m37s
[finalists] 18728/50000  2.6 games/s  ETA 3h19m36s
[finalists] 18735/50000  2.6 games/s  ETA 3h19m32s
[finalists] 18740/50000  2.6 games/s  ETA 3h19m31s
[finalists] 18745/50000  2.6 games/s  ETA 3h19m29s
[finalists] 18749/50000  2.6 games/s  ETA 3h19m28s
[finalists] 18756/50000  2.6 games/s  ETA 3h19m24s
[finalists] 18762/50000  2.6 games/s  ETA 3h19m21s
[finalists] 18765/50000  2.6 games/s  ETA 3h19m22s
[finalists] 18771/50000  2.6 games/s  ETA 3h19m19s
[finalists] 18781/50000  2.6 games/s  ETA 3h19m12s
[finalists] 18788/50000  2.6 games/s  ETA 3h19m08s
[finalists] 18797/50000  2.6 games/s  ETA 3h19m02s
[finalists] 18803/50000  2.6 games/s  ETA 3h19m00s
[finalists] 18811/50000  2.6 games/s  ETA 3h18m55s
[finalists] 18818/50000  2.6 games/s  ETA 3h18m51s
[finalists] 18827/50000  2.6 games/s  ETA 3h18m45s
[finalists] 18835/50000  2.6 games/s  ETA 3h18m40s
[finalists] 18842/50000  2.6 games/s  ETA 3h18m36s
[finalists] 18849/50000  2.6 games/s  ETA 3h18m33s
[finalists] 18857/50000  2.6 games/s  ETA 3h18m28s
[finalists] 18865/50000  2.6 games/s  ETA 3h18m23s
[finalists] 18871/50000  2.6 games/s  ETA 3h18m20s
[finalists] 18880/50000  2.6 games/s  ETA 3h18m14s
[finalists] 18891/50000  2.6 games/s  ETA 3h18m07s
[finalists] 18898/50000  2.6 games/s  ETA 3h18m03s
[finalists] 18904/50000  2.6 games/s  ETA 3h18m00s
[finalists] 18912/50000  2.6 games/s  ETA 3h17m55s
[finalists] 18917/50000  2.6 games/s  ETA 3h17m54s
[finalists] 18921/50000  2.6 games/s  ETA 3h17m53s
[finalists] 18931/50000  2.6 games/s  ETA 3h17m46s
[finalists] 18937/50000  2.6 games/s  ETA 3h17m43s
[finalists] 18946/50000  2.6 games/s  ETA 3h17m37s
[finalists] 18952/50000  2.6 games/s  ETA 3h17m35s
[finalists] 18959/50000  2.6 games/s  ETA 3h17m31s
[finalists] 18965/50000  2.6 games/s  ETA 3h17m28s
[finalists] 18971/50000  2.6 games/s  ETA 3h17m25s
[finalists] 18982/50000  2.6 games/s  ETA 3h17m18s
[finalists] 18990/50000  2.6 games/s  ETA 3h17m13s
[finalists] 18999/50000  2.6 games/s  ETA 3h17m07s
[finalists] 19003/50000  2.6 games/s  ETA 3h17m06s
[finalists] 19009/50000  2.6 games/s  ETA 3h17m04s
[finalists] 19015/50000  2.6 games/s  ETA 3h17m01s
[finalists] 19021/50000  2.6 games/s  ETA 3h16m58s
[finalists] 19028/50000  2.6 games/s  ETA 3h16m54s
[finalists] 19032/50000  2.6 games/s  ETA 3h16m53s
[finalists] 19038/50000  2.6 games/s  ETA 3h16m51s
[finalists] 19044/50000  2.6 games/s  ETA 3h16m48s
[finalists] 19050/50000  2.6 games/s  ETA 3h16m45s
[finalists] 19057/50000  2.6 games/s  ETA 3h16m41s
[finalists] 19061/50000  2.6 games/s  ETA 3h16m41s
[finalists] 19065/50000  2.6 games/s  ETA 3h16m40s
[finalists] 19069/50000  2.6 games/s  ETA 3h16m39s
[finalists] 19075/50000  2.6 games/s  ETA 3h16m36s
[finalists] 19081/50000  2.6 games/s  ETA 3h16m34s
[finalists] 19086/50000  2.6 games/s  ETA 3h16m32s
[finalists] 19091/50000  2.6 games/s  ETA 3h16m30s
[finalists] 19094/50000  2.6 games/s  ETA 3h16m30s
[finalists] 19097/50000  2.6 games/s  ETA 3h16m31s
[finalists] 19105/50000  2.6 games/s  ETA 3h16m26s
[finalists] 19107/50000  2.6 games/s  ETA 3h16m27s
[finalists] 19114/50000  2.6 games/s  ETA 3h16m23s
[finalists] 19117/50000  2.6 games/s  ETA 3h16m24s
[finalists] 19125/50000  2.6 games/s  ETA 3h16m19s
[finalists] 19130/50000  2.6 games/s  ETA 3h16m17s
[finalists] 19137/50000  2.6 games/s  ETA 3h16m13s
[finalists] 19143/50000  2.6 games/s  ETA 3h16m11s
[finalists] 19147/50000  2.6 games/s  ETA 3h16m10s
[finalists] 19149/50000  2.6 games/s  ETA 3h16m11s
[finalists] 19153/50000  2.6 games/s  ETA 3h16m10s
[finalists] 19160/50000  2.6 games/s  ETA 3h16m07s
[finalists] 19167/50000  2.6 games/s  ETA 3h16m03s
[finalists] 19172/50000  2.6 games/s  ETA 3h16m01s
[finalists] 19174/50000  2.6 games/s  ETA 3h16m02s
[finalists] 19178/50000  2.6 games/s  ETA 3h16m02s
[finalists] 19182/50000  2.6 games/s  ETA 3h16m01s
[finalists] 19188/50000  2.6 games/s  ETA 3h15m58s
[finalists] 19195/50000  2.6 games/s  ETA 3h15m54s
[finalists] 19203/50000  2.6 games/s  ETA 3h15m50s
[finalists] 19208/50000  2.6 games/s  ETA 3h15m48s
[finalists] 19213/50000  2.6 games/s  ETA 3h15m46s
[finalists] 19222/50000  2.6 games/s  ETA 3h15m40s
[finalists] 19226/50000  2.6 games/s  ETA 3h15m40s
[finalists] 19232/50000  2.6 games/s  ETA 3h15m37s
[finalists] 19240/50000  2.6 games/s  ETA 3h15m32s
[finalists] 19244/50000  2.6 games/s  ETA 3h15m31s
[finalists] 19245/50000  2.6 games/s  ETA 3h15m34s
[finalists] 19252/50000  2.6 games/s  ETA 3h15m30s
[finalists] 19257/50000  2.6 games/s  ETA 3h15m28s
[finalists] 19262/50000  2.6 games/s  ETA 3h15m26s
[finalists] 19266/50000  2.6 games/s  ETA 3h15m25s
[finalists] 19270/50000  2.6 games/s  ETA 3h15m25s
[finalists] 19274/50000  2.6 games/s  ETA 3h15m24s
[finalists] 19279/50000  2.6 games/s  ETA 3h15m22s
[finalists] 19285/50000  2.6 games/s  ETA 3h15m19s
[finalists] 19291/50000  2.6 games/s  ETA 3h15m17s
[finalists] 19296/50000  2.6 games/s  ETA 3h15m15s
[finalists] 19300/50000  2.6 games/s  ETA 3h15m14s
[finalists] 19305/50000  2.6 games/s  ETA 3h15m12s
[finalists] 19311/50000  2.6 games/s  ETA 3h15m10s
[finalists] 19316/50000  2.6 games/s  ETA 3h15m08s
[finalists] 19325/50000  2.6 games/s  ETA 3h15m02s
[finalists] 19328/50000  2.6 games/s  ETA 3h15m02s
[finalists] 19336/50000  2.6 games/s  ETA 3h14m58s
[finalists] 19340/50000  2.6 games/s  ETA 3h14m57s
[finalists] 19348/50000  2.6 games/s  ETA 3h14m52s
[finalists] 19355/50000  2.6 games/s  ETA 3h14m48s
[finalists] 19360/50000  2.6 games/s  ETA 3h14m47s
[finalists] 19368/50000  2.6 games/s  ETA 3h14m42s
[finalists] 19375/50000  2.6 games/s  ETA 3h14m38s
[finalists] 19385/50000  2.6 games/s  ETA 3h14m32s
[finalists] 19392/50000  2.6 games/s  ETA 3h14m28s
[finalists] 19397/50000  2.6 games/s  ETA 3h14m26s
[finalists] 19404/50000  2.6 games/s  ETA 3h14m22s
[finalists] 19411/50000  2.6 games/s  ETA 3h14m19s
[finalists] 19419/50000  2.6 games/s  ETA 3h14m14s
[finalists] 19427/50000  2.6 games/s  ETA 3h14m09s
[finalists] 19435/50000  2.6 games/s  ETA 3h14m05s
[finalists] 19443/50000  2.6 games/s  ETA 3h14m00s
[finalists] 19450/50000  2.6 games/s  ETA 3h13m56s
[finalists] 19457/50000  2.6 games/s  ETA 3h13m52s
[finalists] 19463/50000  2.6 games/s  ETA 3h13m50s
[finalists] 19467/50000  2.6 games/s  ETA 3h13m49s
[finalists] 19474/50000  2.6 games/s  ETA 3h13m45s
[finalists] 19484/50000  2.6 games/s  ETA 3h13m39s
[finalists] 19490/50000  2.6 games/s  ETA 3h13m36s
[finalists] 19497/50000  2.6 games/s  ETA 3h13m32s
[finalists] 19501/50000  2.6 games/s  ETA 3h13m31s
[finalists] 19510/50000  2.6 games/s  ETA 3h13m26s
[finalists] 19515/50000  2.6 games/s  ETA 3h13m24s
[finalists] 19519/50000  2.6 games/s  ETA 3h13m23s
[finalists] 19522/50000  2.6 games/s  ETA 3h13m23s
[finalists] 19526/50000  2.6 games/s  ETA 3h13m23s
[finalists] 19531/50000  2.6 games/s  ETA 3h13m21s
[finalists] 19536/50000  2.6 games/s  ETA 3h13m19s
[finalists] 19541/50000  2.6 games/s  ETA 3h13m17s
[finalists] 19546/50000  2.6 games/s  ETA 3h13m16s
[finalists] 19552/50000  2.6 games/s  ETA 3h13m13s
[finalists] 19556/50000  2.6 games/s  ETA 3h13m12s
[finalists] 19564/50000  2.6 games/s  ETA 3h13m07s
[finalists] 19569/50000  2.6 games/s  ETA 3h13m06s
[finalists] 19577/50000  2.6 games/s  ETA 3h13m01s
[finalists] 19582/50000  2.6 games/s  ETA 3h12m59s
[finalists] 19588/50000  2.6 games/s  ETA 3h12m57s
[finalists] 19593/50000  2.6 games/s  ETA 3h12m55s
[finalists] 19598/50000  2.6 games/s  ETA 3h12m53s
[finalists] 19601/50000  2.6 games/s  ETA 3h12m53s
[finalists] 19604/50000  2.6 games/s  ETA 3h12m53s
[finalists] 19610/50000  2.6 games/s  ETA 3h12m51s
[finalists] 19615/50000  2.6 games/s  ETA 3h12m49s
[finalists] 19618/50000  2.6 games/s  ETA 3h12m49s
[finalists] 19622/50000  2.6 games/s  ETA 3h12m48s
[finalists] 19626/50000  2.6 games/s  ETA 3h12m48s
[finalists] 19630/50000  2.6 games/s  ETA 3h12m47s
[finalists] 19635/50000  2.6 games/s  ETA 3h12m45s
[finalists] 19640/50000  2.6 games/s  ETA 3h12m43s
[finalists] 19648/50000  2.6 games/s  ETA 3h12m39s
[finalists] 19655/50000  2.6 games/s  ETA 3h12m35s
[finalists] 19659/50000  2.6 games/s  ETA 3h12m34s
[finalists] 19665/50000  2.6 games/s  ETA 3h12m31s
[finalists] 19673/50000  2.6 games/s  ETA 3h12m27s
[finalists] 19679/50000  2.6 games/s  ETA 3h12m24s
[finalists] 19686/50000  2.6 games/s  ETA 3h12m20s
[finalists] 19692/50000  2.6 games/s  ETA 3h12m18s
[finalists] 19697/50000  2.6 games/s  ETA 3h12m16s
[finalists] 19702/50000  2.6 games/s  ETA 3h12m14s
[finalists] 19705/50000  2.6 games/s  ETA 3h12m14s
[finalists] 19712/50000  2.6 games/s  ETA 3h12m11s
[finalists] 19718/50000  2.6 games/s  ETA 3h12m08s
[finalists] 19724/50000  2.6 games/s  ETA 3h12m05s
[finalists] 19732/50000  2.6 games/s  ETA 3h12m01s
[finalists] 19740/50000  2.6 games/s  ETA 3h11m56s
[finalists] 19745/50000  2.6 games/s  ETA 3h11m54s
[finalists] 19754/50000  2.6 games/s  ETA 3h11m49s
[finalists] 19758/50000  2.6 games/s  ETA 3h11m48s
[finalists] 19767/50000  2.6 games/s  ETA 3h11m42s
[finalists] 19772/50000  2.6 games/s  ETA 3h11m40s
[finalists] 19782/50000  2.6 games/s  ETA 3h11m34s
[finalists] 19791/50000  2.6 games/s  ETA 3h11m28s
[finalists] 19797/50000  2.6 games/s  ETA 3h11m26s
[finalists] 19802/50000  2.6 games/s  ETA 3h11m24s
[finalists] 19813/50000  2.6 games/s  ETA 3h11m16s
[finalists] 19820/50000  2.6 games/s  ETA 3h11m13s
[finalists] 19828/50000  2.6 games/s  ETA 3h11m08s
[finalists] 19838/50000  2.6 games/s  ETA 3h11m01s
[finalists] 19844/50000  2.6 games/s  ETA 3h10m59s
[finalists] 19849/50000  2.6 games/s  ETA 3h10m57s
[finalists] 19857/50000  2.6 games/s  ETA 3h10m52s
[finalists] 19865/50000  2.6 games/s  ETA 3h10m48s
[finalists] 19870/50000  2.6 games/s  ETA 3h10m46s
[finalists] 19876/50000  2.6 games/s  ETA 3h10m43s
[finalists] 19884/50000  2.6 games/s  ETA 3h10m39s
[finalists] 19888/50000  2.6 games/s  ETA 3h10m38s
[finalists] 19896/50000  2.6 games/s  ETA 3h10m33s
[finalists] 19901/50000  2.6 games/s  ETA 3h10m32s
[finalists] 19907/50000  2.6 games/s  ETA 3h10m29s
[finalists] 19912/50000  2.6 games/s  ETA 3h10m27s
[finalists] 19916/50000  2.6 games/s  ETA 3h10m26s
[finalists] 19919/50000  2.6 games/s  ETA 3h10m26s
[finalists] 19928/50000  2.6 games/s  ETA 3h10m21s
[finalists] 19934/50000  2.6 games/s  ETA 3h10m18s
[finalists] 19941/50000  2.6 games/s  ETA 3h10m15s
[finalists] 19948/50000  2.6 games/s  ETA 3h10m11s
[finalists] 19951/50000  2.6 games/s  ETA 3h10m11s
[finalists] 19959/50000  2.6 games/s  ETA 3h10m06s
[finalists] 19967/50000  2.6 games/s  ETA 3h10m02s
[finalists] 19973/50000  2.6 games/s  ETA 3h09m59s
[finalists] 19980/50000  2.6 games/s  ETA 3h09m56s
[finalists] 19988/50000  2.6 games/s  ETA 3h09m51s
[finalists] 19993/50000  2.6 games/s  ETA 3h09m49s
[finalists] 20001/50000  2.6 games/s  ETA 3h09m45s
[finalists] 20010/50000  2.6 games/s  ETA 3h09m39s
[finalists] 20016/50000  2.6 games/s  ETA 3h09m36s
[finalists] 20023/50000  2.6 games/s  ETA 3h09m33s
[finalists] 20026/50000  2.6 games/s  ETA 3h09m33s
[finalists] 20034/50000  2.6 games/s  ETA 3h09m28s
[finalists] 20043/50000  2.6 games/s  ETA 3h09m23s
[finalists] 20052/50000  2.6 games/s  ETA 3h09m17s
[finalists] 20058/50000  2.6 games/s  ETA 3h09m15s
[finalists] 20064/50000  2.6 games/s  ETA 3h09m12s
[finalists] 20068/50000  2.6 games/s  ETA 3h09m11s
[finalists] 20074/50000  2.6 games/s  ETA 3h09m08s
[finalists] 20080/50000  2.6 games/s  ETA 3h09m06s
[finalists] 20087/50000  2.6 games/s  ETA 3h09m02s
[finalists] 20093/50000  2.6 games/s  ETA 3h08m59s
[finalists] 20100/50000  2.6 games/s  ETA 3h08m56s
[finalists] 20110/50000  2.6 games/s  ETA 3h08m49s
[finalists] 20119/50000  2.6 games/s  ETA 3h08m44s
[finalists] 20129/50000  2.6 games/s  ETA 3h08m37s
[finalists] 20137/50000  2.6 games/s  ETA 3h08m33s
[finalists] 20145/50000  2.6 games/s  ETA 3h08m28s
[finalists] 20152/50000  2.6 games/s  ETA 3h08m25s
[finalists] 20160/50000  2.6 games/s  ETA 3h08m20s
[finalists] 20170/50000  2.6 games/s  ETA 3h08m14s
[finalists] 20178/50000  2.6 games/s  ETA 3h08m09s
[finalists] 20187/50000  2.6 games/s  ETA 3h08m04s
[finalists] 20197/50000  2.6 games/s  ETA 3h07m57s
[finalists] 20204/50000  2.6 games/s  ETA 3h07m54s
[finalists] 20209/50000  2.6 games/s  ETA 3h07m52s
[finalists] 20212/50000  2.6 games/s  ETA 3h07m52s
[finalists] 20218/50000  2.6 games/s  ETA 3h07m49s
[finalists] 20223/50000  2.6 games/s  ETA 3h07m48s
[finalists] 20229/50000  2.6 games/s  ETA 3h07m45s
[finalists] 20236/50000  2.6 games/s  ETA 3h07m41s
[finalists] 20243/50000  2.6 games/s  ETA 3h07m38s
[finalists] 20249/50000  2.6 games/s  ETA 3h07m35s
[finalists] 20256/50000  2.6 games/s  ETA 3h07m32s
[finalists] 20260/50000  2.6 games/s  ETA 3h07m31s
[finalists] 20267/50000  2.6 games/s  ETA 3h07m27s
[finalists] 20271/50000  2.6 games/s  ETA 3h07m26s
[finalists] 20279/50000  2.6 games/s  ETA 3h07m22s
[finalists] 20286/50000  2.6 games/s  ETA 3h07m18s
[finalists] 20293/50000  2.6 games/s  ETA 3h07m15s
[finalists] 20296/50000  2.6 games/s  ETA 3h07m15s
[finalists] 20302/50000  2.6 games/s  ETA 3h07m12s
[finalists] 20307/50000  2.6 games/s  ETA 3h07m10s
[finalists] 20312/50000  2.6 games/s  ETA 3h07m09s
[finalists] 20318/50000  2.6 games/s  ETA 3h07m06s
[finalists] 20323/50000  2.6 games/s  ETA 3h07m04s
[finalists] 20331/50000  2.6 games/s  ETA 3h07m00s
[finalists] 20339/50000  2.6 games/s  ETA 3h06m55s
[finalists] 20345/50000  2.6 games/s  ETA 3h06m53s
[finalists] 20350/50000  2.6 games/s  ETA 3h06m51s
[finalists] 20358/50000  2.6 games/s  ETA 3h06m46s
[finalists] 20365/50000  2.6 games/s  ETA 3h06m43s
[finalists] 20369/50000  2.6 games/s  ETA 3h06m42s
[finalists] 20377/50000  2.6 games/s  ETA 3h06m37s
[finalists] 20388/50000  2.6 games/s  ETA 3h06m30s
[finalists] 20394/50000  2.6 games/s  ETA 3h06m27s
[finalists] 20398/50000  2.6 games/s  ETA 3h06m27s
[finalists] 20405/50000  2.6 games/s  ETA 3h06m23s
[finalists] 20412/50000  2.6 games/s  ETA 3h06m19s
[finalists] 20420/50000  2.6 games/s  ETA 3h06m15s
[finalists] 20425/50000  2.6 games/s  ETA 3h06m13s
[finalists] 20434/50000  2.6 games/s  ETA 3h06m08s
[finalists] 20443/50000  2.6 games/s  ETA 3h06m02s
[finalists] 20448/50000  2.6 games/s  ETA 3h06m01s
[finalists] 20454/50000  2.6 games/s  ETA 3h05m58s
[finalists] 20460/50000  2.6 games/s  ETA 3h05m55s
[finalists] 20464/50000  2.6 games/s  ETA 3h05m55s
[finalists] 20470/50000  2.6 games/s  ETA 3h05m52s
[finalists] 20480/50000  2.6 games/s  ETA 3h05m46s
[finalists] 20486/50000  2.6 games/s  ETA 3h05m43s
[finalists] 20493/50000  2.6 games/s  ETA 3h05m39s
[finalists] 20501/50000  2.6 games/s  ETA 3h05m35s
[finalists] 20510/50000  2.6 games/s  ETA 3h05m29s
[finalists] 20515/50000  2.6 games/s  ETA 3h05m28s
[finalists] 20524/50000  2.7 games/s  ETA 3h05m22s
[finalists] 20534/50000  2.7 games/s  ETA 3h05m16s
[finalists] 20543/50000  2.7 games/s  ETA 3h05m11s
[finalists] 20549/50000  2.7 games/s  ETA 3h05m08s
[finalists] 20558/50000  2.7 games/s  ETA 3h05m03s
[finalists] 20565/50000  2.7 games/s  ETA 3h04m59s
[finalists] 20573/50000  2.7 games/s  ETA 3h04m55s
[finalists] 20581/50000  2.7 games/s  ETA 3h04m50s
[finalists] 20591/50000  2.7 games/s  ETA 3h04m44s
[finalists] 20601/50000  2.7 games/s  ETA 3h04m38s
[finalists] 20604/50000  2.7 games/s  ETA 3h04m38s
[finalists] 20609/50000  2.7 games/s  ETA 3h04m36s
[finalists] 20616/50000  2.7 games/s  ETA 3h04m32s
[finalists] 20618/50000  2.7 games/s  ETA 3h04m33s
[finalists] 20623/50000  2.7 games/s  ETA 3h04m32s
[finalists] 20627/50000  2.7 games/s  ETA 3h04m31s
[finalists] 20633/50000  2.7 games/s  ETA 3h04m28s
[finalists] 20640/50000  2.7 games/s  ETA 3h04m25s
[finalists] 20645/50000  2.7 games/s  ETA 3h04m23s
[finalists] 20650/50000  2.7 games/s  ETA 3h04m21s
[finalists] 20656/50000  2.7 games/s  ETA 3h04m19s
[finalists] 20662/50000  2.7 games/s  ETA 3h04m16s
[finalists] 20668/50000  2.7 games/s  ETA 3h04m13s
[finalists] 20677/50000  2.7 games/s  ETA 3h04m08s
[finalists] 20686/50000  2.7 games/s  ETA 3h04m03s
[finalists] 20690/50000  2.7 games/s  ETA 3h04m02s
[finalists] 20699/50000  2.7 games/s  ETA 3h03m56s
[finalists] 20708/50000  2.7 games/s  ETA 3h03m51s
[finalists] 20714/50000  2.7 games/s  ETA 3h03m48s
[finalists] 20721/50000  2.7 games/s  ETA 3h03m45s
[finalists] 20728/50000  2.7 games/s  ETA 3h03m41s
[finalists] 20738/50000  2.7 games/s  ETA 3h03m35s
[finalists] 20747/50000  2.7 games/s  ETA 3h03m30s
[finalists] 20755/50000  2.7 games/s  ETA 3h03m25s
[finalists] 20762/50000  2.7 games/s  ETA 3h03m22s
[finalists] 20768/50000  2.7 games/s  ETA 3h03m19s
[finalists] 20778/50000  2.7 games/s  ETA 3h03m13s
[finalists] 20787/50000  2.7 games/s  ETA 3h03m08s
[finalists] 20796/50000  2.7 games/s  ETA 3h03m02s
[finalists] 20802/50000  2.7 games/s  ETA 3h03m00s
[finalists] 20809/50000  2.7 games/s  ETA 3h02m56s
[finalists] 20818/50000  2.7 games/s  ETA 3h02m51s
[finalists] 20827/50000  2.7 games/s  ETA 3h02m46s
[finalists] 20837/50000  2.7 games/s  ETA 3h02m39s
[finalists] 20844/50000  2.7 games/s  ETA 3h02m36s
[finalists] 20850/50000  2.7 games/s  ETA 3h02m33s
[finalists] 20859/50000  2.7 games/s  ETA 3h02m28s
[finalists] 20865/50000  2.7 games/s  ETA 3h02m25s
[finalists] 20869/50000  2.7 games/s  ETA 3h02m25s
[finalists] 20872/50000  2.7 games/s  ETA 3h02m25s
[finalists] 20878/50000  2.7 games/s  ETA 3h02m22s
[finalists] 20885/50000  2.7 games/s  ETA 3h02m18s
[finalists] 20888/50000  2.7 games/s  ETA 3h02m19s
[finalists] 20894/50000  2.7 games/s  ETA 3h02m16s
[finalists] 20902/50000  2.7 games/s  ETA 3h02m12s
[finalists] 20910/50000  2.7 games/s  ETA 3h02m07s
[finalists] 20916/50000  2.7 games/s  ETA 3h02m05s
[finalists] 20921/50000  2.7 games/s  ETA 3h02m03s
[finalists] 20929/50000  2.7 games/s  ETA 3h01m58s
[finalists] 20938/50000  2.7 games/s  ETA 3h01m53s
[finalists] 20945/50000  2.7 games/s  ETA 3h01m50s
[finalists] 20952/50000  2.7 games/s  ETA 3h01m46s
[finalists] 20959/50000  2.7 games/s  ETA 3h01m43s
[finalists] 20965/50000  2.7 games/s  ETA 3h01m40s
[finalists] 20971/50000  2.7 games/s  ETA 3h01m37s
[finalists] 20974/50000  2.7 games/s  ETA 3h01m38s
[finalists] 20981/50000  2.7 games/s  ETA 3h01m34s
[finalists] 20989/50000  2.7 games/s  ETA 3h01m30s
[finalists] 20991/50000  2.7 games/s  ETA 3h01m31s
[finalists] 20994/50000  2.7 games/s  ETA 3h01m31s
[finalists] 20999/50000  2.7 games/s  ETA 3h01m29s
[finalists] 21003/50000  2.7 games/s  ETA 3h01m28s
[finalists] 21007/50000  2.7 games/s  ETA 3h01m27s
[finalists] 21012/50000  2.7 games/s  ETA 3h01m26s
[finalists] 21017/50000  2.7 games/s  ETA 3h01m24s
[finalists] 21020/50000  2.7 games/s  ETA 3h01m24s
[finalists] 21024/50000  2.7 games/s  ETA 3h01m23s
[finalists] 21030/50000  2.7 games/s  ETA 3h01m21s
[finalists] 21036/50000  2.7 games/s  ETA 3h01m18s
[finalists] 21044/50000  2.7 games/s  ETA 3h01m14s
[finalists] 21052/50000  2.7 games/s  ETA 3h01m09s
[finalists] 21057/50000  2.7 games/s  ETA 3h01m08s
[finalists] 21064/50000  2.7 games/s  ETA 3h01m04s
[finalists] 21070/50000  2.7 games/s  ETA 3h01m01s
[finalists] 21075/50000  2.7 games/s  ETA 3h01m00s
[finalists] 21084/50000  2.7 games/s  ETA 3h00m54s
[finalists] 21091/50000  2.7 games/s  ETA 3h00m51s
[finalists] 21099/50000  2.7 games/s  ETA 3h00m47s
[finalists] 21106/50000  2.7 games/s  ETA 3h00m43s
[finalists] 21112/50000  2.7 games/s  ETA 3h00m41s
[finalists] 21120/50000  2.7 games/s  ETA 3h00m36s
[finalists] 21126/50000  2.7 games/s  ETA 3h00m34s
[finalists] 21133/50000  2.7 games/s  ETA 3h00m30s
[finalists] 21141/50000  2.7 games/s  ETA 3h00m26s
[finalists] 21148/50000  2.7 games/s  ETA 3h00m22s
[finalists] 21156/50000  2.7 games/s  ETA 3h00m18s
[finalists] 21160/50000  2.7 games/s  ETA 3h00m17s
[finalists] 21168/50000  2.7 games/s  ETA 3h00m13s
[finalists] 21176/50000  2.7 games/s  ETA 3h00m08s
[finalists] 21184/50000  2.7 games/s  ETA 3h00m04s
[finalists] 21190/50000  2.7 games/s  ETA 3h00m01s
[finalists] 21198/50000  2.7 games/s  ETA 2h59m57s
[finalists] 21204/50000  2.7 games/s  ETA 2h59m54s
[finalists] 21208/50000  2.7 games/s  ETA 2h59m54s
[finalists] 21216/50000  2.7 games/s  ETA 2h59m49s
[finalists] 21222/50000  2.7 games/s  ETA 2h59m47s
[finalists] 21231/50000  2.7 games/s  ETA 2h59m41s
[finalists] 21237/50000  2.7 games/s  ETA 2h59m39s
[finalists] 21247/50000  2.7 games/s  ETA 2h59m33s
[finalists] 21255/50000  2.7 games/s  ETA 2h59m28s
[finalists] 21260/50000  2.7 games/s  ETA 2h59m27s
[finalists] 21268/50000  2.7 games/s  ETA 2h59m22s
[finalists] 21274/50000  2.7 games/s  ETA 2h59m20s
[finalists] 21283/50000  2.7 games/s  ETA 2h59m15s
[finalists] 21288/50000  2.7 games/s  ETA 2h59m13s
[finalists] 21294/50000  2.7 games/s  ETA 2h59m10s
[finalists] 21298/50000  2.7 games/s  ETA 2h59m09s
[finalists] 21302/50000  2.7 games/s  ETA 2h59m09s
[finalists] 21310/50000  2.7 games/s  ETA 2h59m04s
[finalists] 21315/50000  2.7 games/s  ETA 2h59m03s
[finalists] 21322/50000  2.7 games/s  ETA 2h58m59s
[finalists] 21330/50000  2.7 games/s  ETA 2h58m55s
[finalists] 21338/50000  2.7 games/s  ETA 2h58m50s
[finalists] 21345/50000  2.7 games/s  ETA 2h58m47s
[finalists] 21355/50000  2.7 games/s  ETA 2h58m41s
[finalists] 21362/50000  2.7 games/s  ETA 2h58m38s
[finalists] 21368/50000  2.7 games/s  ETA 2h58m35s
[finalists] 21375/50000  2.7 games/s  ETA 2h58m31s
[finalists] 21383/50000  2.7 games/s  ETA 2h58m27s
[finalists] 21388/50000  2.7 games/s  ETA 2h58m25s
[finalists] 21393/50000  2.7 games/s  ETA 2h58m24s
[finalists] 21396/50000  2.7 games/s  ETA 2h58m24s
[finalists] 21404/50000  2.7 games/s  ETA 2h58m20s
[finalists] 21412/50000  2.7 games/s  ETA 2h58m15s
[finalists] 21421/50000  2.7 games/s  ETA 2h58m10s
[finalists] 21427/50000  2.7 games/s  ETA 2h58m07s
[finalists] 21436/50000  2.7 games/s  ETA 2h58m02s
[finalists] 21441/50000  2.7 games/s  ETA 2h58m01s
[finalists] 21447/50000  2.7 games/s  ETA 2h57m58s
[finalists] 21451/50000  2.7 games/s  ETA 2h57m57s
[finalists] 21461/50000  2.7 games/s  ETA 2h57m51s
[finalists] 21465/50000  2.7 games/s  ETA 2h57m50s
[finalists] 21473/50000  2.7 games/s  ETA 2h57m46s
[finalists] 21483/50000  2.7 games/s  ETA 2h57m40s
[finalists] 21490/50000  2.7 games/s  ETA 2h57m36s
[finalists] 21497/50000  2.7 games/s  ETA 2h57m33s
[finalists] 21503/50000  2.7 games/s  ETA 2h57m30s
[finalists] 21510/50000  2.7 games/s  ETA 2h57m27s
[finalists] 21513/50000  2.7 games/s  ETA 2h57m27s
[finalists] 21519/50000  2.7 games/s  ETA 2h57m25s
[finalists] 21521/50000  2.7 games/s  ETA 2h57m25s
[finalists] 21527/50000  2.7 games/s  ETA 2h57m23s
[finalists] 21535/50000  2.7 games/s  ETA 2h57m19s
[finalists] 21539/50000  2.7 games/s  ETA 2h57m18s
[finalists] 21545/50000  2.7 games/s  ETA 2h57m15s
[finalists] 21548/50000  2.7 games/s  ETA 2h57m15s
[finalists] 21555/50000  2.7 games/s  ETA 2h57m12s
[finalists] 21559/50000  2.7 games/s  ETA 2h57m11s
[finalists] 21564/50000  2.7 games/s  ETA 2h57m09s
[finalists] 21568/50000  2.7 games/s  ETA 2h57m08s
[finalists] 21573/50000  2.7 games/s  ETA 2h57m07s
[finalists] 21582/50000  2.7 games/s  ETA 2h57m02s
[finalists] 21590/50000  2.7 games/s  ETA 2h56m57s
[finalists] 21597/50000  2.7 games/s  ETA 2h56m54s
[finalists] 21602/50000  2.7 games/s  ETA 2h56m52s
[finalists] 21607/50000  2.7 games/s  ETA 2h56m51s
[finalists] 21614/50000  2.7 games/s  ETA 2h56m47s
[finalists] 21620/50000  2.7 games/s  ETA 2h56m45s
[finalists] 21627/50000  2.7 games/s  ETA 2h56m41s
[finalists] 21639/50000  2.7 games/s  ETA 2h56m33s
[finalists] 21649/50000  2.7 games/s  ETA 2h56m27s
[finalists] 21657/50000  2.7 games/s  ETA 2h56m23s
[finalists] 21664/50000  2.7 games/s  ETA 2h56m20s
[finalists] 21673/50000  2.7 games/s  ETA 2h56m15s
[finalists] 21680/50000  2.7 games/s  ETA 2h56m11s
[finalists] 21687/50000  2.7 games/s  ETA 2h56m08s
[finalists] 21695/50000  2.7 games/s  ETA 2h56m03s
[finalists] 21700/50000  2.7 games/s  ETA 2h56m02s
[finalists] 21707/50000  2.7 games/s  ETA 2h55m58s
[finalists] 21712/50000  2.7 games/s  ETA 2h55m57s
[finalists] 21719/50000  2.7 games/s  ETA 2h55m53s
[finalists] 21724/50000  2.7 games/s  ETA 2h55m52s
[finalists] 21732/50000  2.7 games/s  ETA 2h55m47s
[finalists] 21739/50000  2.7 games/s  ETA 2h55m44s
[finalists] 21748/50000  2.7 games/s  ETA 2h55m39s
[finalists] 21758/50000  2.7 games/s  ETA 2h55m33s
[finalists] 21762/50000  2.7 games/s  ETA 2h55m32s
[finalists] 21770/50000  2.7 games/s  ETA 2h55m28s
[finalists] 21779/50000  2.7 games/s  ETA 2h55m23s
[finalists] 21789/50000  2.7 games/s  ETA 2h55m17s
[finalists] 21798/50000  2.7 games/s  ETA 2h55m11s
[finalists] 21804/50000  2.7 games/s  ETA 2h55m09s
[finalists] 21815/50000  2.7 games/s  ETA 2h55m02s
[finalists] 21820/50000  2.7 games/s  ETA 2h55m00s
[finalists] 21828/50000  2.7 games/s  ETA 2h54m56s
[finalists] 21834/50000  2.7 games/s  ETA 2h54m54s
[finalists] 21839/50000  2.7 games/s  ETA 2h54m52s
[finalists] 21845/50000  2.7 games/s  ETA 2h54m49s
[finalists] 21850/50000  2.7 games/s  ETA 2h54m48s
[finalists] 21857/50000  2.7 games/s  ETA 2h54m44s
[finalists] 21865/50000  2.7 games/s  ETA 2h54m40s
[finalists] 21870/50000  2.7 games/s  ETA 2h54m38s
[finalists] 21876/50000  2.7 games/s  ETA 2h54m36s
[finalists] 21883/50000  2.7 games/s  ETA 2h54m33s
[finalists] 21892/50000  2.7 games/s  ETA 2h54m27s
[finalists] 21899/50000  2.7 games/s  ETA 2h54m24s
[finalists] 21908/50000  2.7 games/s  ETA 2h54m19s
[finalists] 21913/50000  2.7 games/s  ETA 2h54m17s
[finalists] 21917/50000  2.7 games/s  ETA 2h54m16s
[finalists] 21924/50000  2.7 games/s  ETA 2h54m13s
[finalists] 21932/50000  2.7 games/s  ETA 2h54m09s
[finalists] 21937/50000  2.7 games/s  ETA 2h54m07s
[finalists] 21942/50000  2.7 games/s  ETA 2h54m05s
[finalists] 21945/50000  2.7 games/s  ETA 2h54m05s
[finalists] 21950/50000  2.7 games/s  ETA 2h54m04s
[finalists] 21954/50000  2.7 games/s  ETA 2h54m03s
[finalists] 21961/50000  2.7 games/s  ETA 2h54m00s
[finalists] 21965/50000  2.7 games/s  ETA 2h53m59s
[finalists] 21973/50000  2.7 games/s  ETA 2h53m55s
[finalists] 21978/50000  2.7 games/s  ETA 2h53m53s
[finalists] 21987/50000  2.7 games/s  ETA 2h53m48s
[finalists] 21995/50000  2.7 games/s  ETA 2h53m44s
[finalists] 22001/50000  2.7 games/s  ETA 2h53m41s
[finalists] 22006/50000  2.7 games/s  ETA 2h53m39s
[finalists] 22013/50000  2.7 games/s  ETA 2h53m36s
[finalists] 22021/50000  2.7 games/s  ETA 2h53m32s
[finalists] 22030/50000  2.7 games/s  ETA 2h53m27s
[finalists] 22041/50000  2.7 games/s  ETA 2h53m20s
[finalists] 22047/50000  2.7 games/s  ETA 2h53m17s
[finalists] 22055/50000  2.7 games/s  ETA 2h53m13s
[finalists] 22061/50000  2.7 games/s  ETA 2h53m11s
[finalists] 22067/50000  2.7 games/s  ETA 2h53m08s
[finalists] 22072/50000  2.7 games/s  ETA 2h53m06s
[finalists] 22078/50000  2.7 games/s  ETA 2h53m04s
[finalists] 22084/50000  2.7 games/s  ETA 2h53m01s
[finalists] 22094/50000  2.7 games/s  ETA 2h52m56s
[finalists] 22097/50000  2.7 games/s  ETA 2h52m56s
[finalists] 22103/50000  2.7 games/s  ETA 2h52m53s
[finalists] 22108/50000  2.7 games/s  ETA 2h52m51s
[finalists] 22113/50000  2.7 games/s  ETA 2h52m50s
[finalists] 22116/50000  2.7 games/s  ETA 2h52m50s
[finalists] 22122/50000  2.7 games/s  ETA 2h52m47s
[finalists] 22131/50000  2.7 games/s  ETA 2h52m42s
[finalists] 22139/50000  2.7 games/s  ETA 2h52m38s
[finalists] 22147/50000  2.7 games/s  ETA 2h52m34s
[finalists] 22157/50000  2.7 games/s  ETA 2h52m28s
[finalists] 22163/50000  2.7 games/s  ETA 2h52m25s
[finalists] 22168/50000  2.7 games/s  ETA 2h52m24s
[finalists] 22176/50000  2.7 games/s  ETA 2h52m19s
[finalists] 22181/50000  2.7 games/s  ETA 2h52m18s
[finalists] 22189/50000  2.7 games/s  ETA 2h52m14s
[finalists] 22195/50000  2.7 games/s  ETA 2h52m11s
[finalists] 22201/50000  2.7 games/s  ETA 2h52m09s
[finalists] 22205/50000  2.7 games/s  ETA 2h52m08s
[finalists] 22210/50000  2.7 games/s  ETA 2h52m06s
[finalists] 22215/50000  2.7 games/s  ETA 2h52m04s
[finalists] 22221/50000  2.7 games/s  ETA 2h52m02s
[finalists] 22228/50000  2.7 games/s  ETA 2h51m58s
[finalists] 22236/50000  2.7 games/s  ETA 2h51m54s
[finalists] 22246/50000  2.7 games/s  ETA 2h51m48s
[finalists] 22252/50000  2.7 games/s  ETA 2h51m46s
[finalists] 22256/50000  2.7 games/s  ETA 2h51m45s
[finalists] 22265/50000  2.7 games/s  ETA 2h51m40s
[finalists] 22271/50000  2.7 games/s  ETA 2h51m38s
[finalists] 22276/50000  2.7 games/s  ETA 2h51m36s
[finalists] 22285/50000  2.7 games/s  ETA 2h51m31s
[finalists] 22289/50000  2.7 games/s  ETA 2h51m30s
[finalists] 22293/50000  2.7 games/s  ETA 2h51m29s
[finalists] 22301/50000  2.7 games/s  ETA 2h51m25s
[finalists] 22310/50000  2.7 games/s  ETA 2h51m20s
[finalists] 22316/50000  2.7 games/s  ETA 2h51m17s
[finalists] 22320/50000  2.7 games/s  ETA 2h51m17s
[finalists] 22327/50000  2.7 games/s  ETA 2h51m13s
[finalists] 22334/50000  2.7 games/s  ETA 2h51m10s
[finalists] 22344/50000  2.7 games/s  ETA 2h51m04s
[finalists] 22349/50000  2.7 games/s  ETA 2h51m02s
[finalists] 22357/50000  2.7 games/s  ETA 2h50m58s
[finalists] 22364/50000  2.7 games/s  ETA 2h50m55s
[finalists] 22367/50000  2.7 games/s  ETA 2h50m55s
[finalists] 22375/50000  2.7 games/s  ETA 2h50m51s
[finalists] 22382/50000  2.7 games/s  ETA 2h50m47s
[finalists] 22390/50000  2.7 games/s  ETA 2h50m43s
[finalists] 22395/50000  2.7 games/s  ETA 2h50m42s
[finalists] 22404/50000  2.7 games/s  ETA 2h50m37s
[finalists] 22413/50000  2.7 games/s  ETA 2h50m32s
[finalists] 22422/50000  2.7 games/s  ETA 2h50m27s
[finalists] 22429/50000  2.7 games/s  ETA 2h50m23s
[finalists] 22439/50000  2.7 games/s  ETA 2h50m18s
[finalists] 22445/50000  2.7 games/s  ETA 2h50m15s
[finalists] 22452/50000  2.7 games/s  ETA 2h50m12s
[finalists] 22457/50000  2.7 games/s  ETA 2h50m10s
[finalists] 22464/50000  2.7 games/s  ETA 2h50m07s
[finalists] 22471/50000  2.7 games/s  ETA 2h50m03s
[finalists] 22474/50000  2.7 games/s  ETA 2h50m03s
[finalists] 22482/50000  2.7 games/s  ETA 2h49m59s
[finalists] 22486/50000  2.7 games/s  ETA 2h49m58s
[finalists] 22493/50000  2.7 games/s  ETA 2h49m55s
[finalists] 22499/50000  2.7 games/s  ETA 2h49m53s
[finalists] 22504/50000  2.7 games/s  ETA 2h49m51s
[finalists] 22508/50000  2.7 games/s  ETA 2h49m50s
[finalists] 22510/50000  2.7 games/s  ETA 2h49m51s
[finalists] 22514/50000  2.7 games/s  ETA 2h49m50s
[finalists] 22517/50000  2.7 games/s  ETA 2h49m50s
[finalists] 22522/50000  2.7 games/s  ETA 2h49m48s
[finalists] 22528/50000  2.7 games/s  ETA 2h49m46s
[finalists] 22533/50000  2.7 games/s  ETA 2h49m44s
[finalists] 22539/50000  2.7 games/s  ETA 2h49m42s
[finalists] 22542/50000  2.7 games/s  ETA 2h49m42s
[finalists] 22546/50000  2.7 games/s  ETA 2h49m41s
[finalists] 22549/50000  2.7 games/s  ETA 2h49m41s
[finalists] 22558/50000  2.7 games/s  ETA 2h49m36s
[finalists] 22562/50000  2.7 games/s  ETA 2h49m35s
[finalists] 22567/50000  2.7 games/s  ETA 2h49m33s
[finalists] 22572/50000  2.7 games/s  ETA 2h49m31s
[finalists] 22580/50000  2.7 games/s  ETA 2h49m27s
[finalists] 22589/50000  2.7 games/s  ETA 2h49m22s
[finalists] 22592/50000  2.7 games/s  ETA 2h49m22s
[finalists] 22597/50000  2.7 games/s  ETA 2h49m21s
[finalists] 22603/50000  2.7 games/s  ETA 2h49m18s
[finalists] 22611/50000  2.7 games/s  ETA 2h49m14s
[finalists] 22616/50000  2.7 games/s  ETA 2h49m12s
[finalists] 22622/50000  2.7 games/s  ETA 2h49m10s
[finalists] 22628/50000  2.7 games/s  ETA 2h49m07s
[finalists] 22634/50000  2.7 games/s  ETA 2h49m05s
[finalists] 22641/50000  2.7 games/s  ETA 2h49m02s
[finalists] 22647/50000  2.7 games/s  ETA 2h48m59s
[finalists] 22652/50000  2.7 games/s  ETA 2h48m57s
[finalists] 22659/50000  2.7 games/s  ETA 2h48m54s
[finalists] 22663/50000  2.7 games/s  ETA 2h48m53s
[finalists] 22669/50000  2.7 games/s  ETA 2h48m51s
[finalists] 22677/50000  2.7 games/s  ETA 2h48m47s
[finalists] 22686/50000  2.7 games/s  ETA 2h48m42s
[finalists] 22691/50000  2.7 games/s  ETA 2h48m40s
[finalists] 22699/50000  2.7 games/s  ETA 2h48m36s
[finalists] 22704/50000  2.7 games/s  ETA 2h48m34s
[finalists] 22712/50000  2.7 games/s  ETA 2h48m30s
[finalists] 22717/50000  2.7 games/s  ETA 2h48m28s
[finalists] 22722/50000  2.7 games/s  ETA 2h48m27s
[finalists] 22726/50000  2.7 games/s  ETA 2h48m26s
[finalists] 22735/50000  2.7 games/s  ETA 2h48m21s
[finalists] 22744/50000  2.7 games/s  ETA 2h48m16s
[finalists] 22754/50000  2.7 games/s  ETA 2h48m10s
[finalists] 22760/50000  2.7 games/s  ETA 2h48m08s
[finalists] 22769/50000  2.7 games/s  ETA 2h48m03s
[finalists] 22779/50000  2.7 games/s  ETA 2h47m57s
[finalists] 22790/50000  2.7 games/s  ETA 2h47m51s
[finalists] 22796/50000  2.7 games/s  ETA 2h47m48s
[finalists] 22805/50000  2.7 games/s  ETA 2h47m43s
[finalists] 22811/50000  2.7 games/s  ETA 2h47m41s
[finalists] 22816/50000  2.7 games/s  ETA 2h47m39s
[finalists] 22825/50000  2.7 games/s  ETA 2h47m34s
[finalists] 22831/50000  2.7 games/s  ETA 2h47m32s
[finalists] 22840/50000  2.7 games/s  ETA 2h47m27s
[finalists] 22847/50000  2.7 games/s  ETA 2h47m23s
[finalists] 22850/50000  2.7 games/s  ETA 2h47m23s
[finalists] 22857/50000  2.7 games/s  ETA 2h47m20s
[finalists] 22865/50000  2.7 games/s  ETA 2h47m16s
[finalists] 22874/50000  2.7 games/s  ETA 2h47m11s
[finalists] 22880/50000  2.7 games/s  ETA 2h47m09s
[finalists] 22889/50000  2.7 games/s  ETA 2h47m04s
[finalists] 22893/50000  2.7 games/s  ETA 2h47m03s
[finalists] 22898/50000  2.7 games/s  ETA 2h47m01s
[finalists] 22902/50000  2.7 games/s  ETA 2h47m00s
[finalists] 22910/50000  2.7 games/s  ETA 2h46m56s
[finalists] 22918/50000  2.7 games/s  ETA 2h46m52s
[finalists] 22927/50000  2.7 games/s  ETA 2h46m47s
[finalists] 22937/50000  2.7 games/s  ETA 2h46m42s
[finalists] 22945/50000  2.7 games/s  ETA 2h46m37s
[finalists] 22952/50000  2.7 games/s  ETA 2h46m34s
[finalists] 22961/50000  2.7 games/s  ETA 2h46m29s
[finalists] 22966/50000  2.7 games/s  ETA 2h46m28s
[finalists] 22973/50000  2.7 games/s  ETA 2h46m24s
[finalists] 22981/50000  2.7 games/s  ETA 2h46m20s
[finalists] 22989/50000  2.7 games/s  ETA 2h46m16s
[finalists] 22999/50000  2.7 games/s  ETA 2h46m11s
[finalists] 23005/50000  2.7 games/s  ETA 2h46m08s
[finalists] 23011/50000  2.7 games/s  ETA 2h46m06s
[finalists] 23018/50000  2.7 games/s  ETA 2h46m02s
[finalists] 23024/50000  2.7 games/s  ETA 2h46m00s
[finalists] 23035/50000  2.7 games/s  ETA 2h45m53s
[finalists] 23042/50000  2.7 games/s  ETA 2h45m50s
[finalists] 23048/50000  2.7 games/s  ETA 2h45m48s
[finalists] 23056/50000  2.7 games/s  ETA 2h45m44s
[finalists] 23064/50000  2.7 games/s  ETA 2h45m40s
[finalists] 23071/50000  2.7 games/s  ETA 2h45m36s
[finalists] 23077/50000  2.7 games/s  ETA 2h45m34s
[finalists] 23081/50000  2.7 games/s  ETA 2h45m33s
[finalists] 23086/50000  2.7 games/s  ETA 2h45m31s
[finalists] 23094/50000  2.7 games/s  ETA 2h45m27s
[finalists] 23103/50000  2.7 games/s  ETA 2h45m22s
[finalists] 23110/50000  2.7 games/s  ETA 2h45m19s
[finalists] 23116/50000  2.7 games/s  ETA 2h45m17s
[finalists] 23122/50000  2.7 games/s  ETA 2h45m14s
[finalists] 23130/50000  2.7 games/s  ETA 2h45m10s
[finalists] 23138/50000  2.7 games/s  ETA 2h45m06s
[finalists] 23144/50000  2.7 games/s  ETA 2h45m04s
[finalists] 23150/50000  2.7 games/s  ETA 2h45m01s
[finalists] 23153/50000  2.7 games/s  ETA 2h45m01s
[finalists] 23161/50000  2.7 games/s  ETA 2h44m57s
[finalists] 23166/50000  2.7 games/s  ETA 2h44m55s
[finalists] 23173/50000  2.7 games/s  ETA 2h44m52s
[finalists] 23176/50000  2.7 games/s  ETA 2h44m52s
[finalists] 23185/50000  2.7 games/s  ETA 2h44m47s
[finalists] 23192/50000  2.7 games/s  ETA 2h44m44s
[finalists] 23197/50000  2.7 games/s  ETA 2h44m42s
[finalists] 23201/50000  2.7 games/s  ETA 2h44m41s
[finalists] 23208/50000  2.7 games/s  ETA 2h44m38s
[finalists] 23218/50000  2.7 games/s  ETA 2h44m33s
[finalists] 23225/50000  2.7 games/s  ETA 2h44m29s
[finalists] 23232/50000  2.7 games/s  ETA 2h44m26s
[finalists] 23240/50000  2.7 games/s  ETA 2h44m22s
[finalists] 23250/50000  2.7 games/s  ETA 2h44m16s
[finalists] 23254/50000  2.7 games/s  ETA 2h44m15s
[finalists] 23261/50000  2.7 games/s  ETA 2h44m12s
[finalists] 23268/50000  2.7 games/s  ETA 2h44m09s
[finalists] 23280/50000  2.7 games/s  ETA 2h44m02s
[finalists] 23288/50000  2.7 games/s  ETA 2h43m58s
[finalists] 23295/50000  2.7 games/s  ETA 2h43m55s
[finalists] 23303/50000  2.7 games/s  ETA 2h43m51s
[finalists] 23312/50000  2.7 games/s  ETA 2h43m46s
[finalists] 23319/50000  2.7 games/s  ETA 2h43m42s
[finalists] 23326/50000  2.7 games/s  ETA 2h43m39s
[finalists] 23334/50000  2.7 games/s  ETA 2h43m35s
[finalists] 23343/50000  2.7 games/s  ETA 2h43m30s
[finalists] 23348/50000  2.7 games/s  ETA 2h43m29s
[finalists] 23356/50000  2.7 games/s  ETA 2h43m25s
[finalists] 23364/50000  2.7 games/s  ETA 2h43m21s
[finalists] 23369/50000  2.7 games/s  ETA 2h43m19s
[finalists] 23376/50000  2.7 games/s  ETA 2h43m16s
[finalists] 23383/50000  2.7 games/s  ETA 2h43m13s
[finalists] 23390/50000  2.7 games/s  ETA 2h43m09s
[finalists] 23401/50000  2.7 games/s  ETA 2h43m03s
[finalists] 23409/50000  2.7 games/s  ETA 2h42m59s
[finalists] 23417/50000  2.7 games/s  ETA 2h42m55s
[finalists] 23422/50000  2.7 games/s  ETA 2h42m53s
[finalists] 23427/50000  2.7 games/s  ETA 2h42m52s
[finalists] 23439/50000  2.7 games/s  ETA 2h42m44s
[finalists] 23447/50000  2.7 games/s  ETA 2h42m40s
[finalists] 23457/50000  2.7 games/s  ETA 2h42m35s
[finalists] 23464/50000  2.7 games/s  ETA 2h42m32s
[finalists] 23473/50000  2.7 games/s  ETA 2h42m27s
[finalists] 23481/50000  2.7 games/s  ETA 2h42m23s
[finalists] 23486/50000  2.7 games/s  ETA 2h42m21s
[finalists] 23493/50000  2.7 games/s  ETA 2h42m18s
[finalists] 23500/50000  2.7 games/s  ETA 2h42m15s
[finalists] 23507/50000  2.7 games/s  ETA 2h42m12s
[finalists] 23516/50000  2.7 games/s  ETA 2h42m07s
[finalists] 23525/50000  2.7 games/s  ETA 2h42m02s
[finalists] 23537/50000  2.7 games/s  ETA 2h41m55s
[finalists] 23543/50000  2.7 games/s  ETA 2h41m53s
[finalists] 23552/50000  2.7 games/s  ETA 2h41m48s
[finalists] 23560/50000  2.7 games/s  ETA 2h41m44s
[finalists] 23569/50000  2.7 games/s  ETA 2h41m39s
[finalists] 23575/50000  2.7 games/s  ETA 2h41m37s
[finalists] 23583/50000  2.7 games/s  ETA 2h41m33s
[finalists] 23590/50000  2.7 games/s  ETA 2h41m29s
[finalists] 23599/50000  2.7 games/s  ETA 2h41m25s
[finalists] 23605/50000  2.7 games/s  ETA 2h41m22s
[finalists] 23614/50000  2.7 games/s  ETA 2h41m17s
[finalists] 23618/50000  2.7 games/s  ETA 2h41m17s
[finalists] 23625/50000  2.7 games/s  ETA 2h41m13s
[finalists] 23630/50000  2.7 games/s  ETA 2h41m12s
[finalists] 23640/50000  2.7 games/s  ETA 2h41m06s
[finalists] 23647/50000  2.7 games/s  ETA 2h41m03s
[finalists] 23653/50000  2.7 games/s  ETA 2h41m01s
[finalists] 23662/50000  2.7 games/s  ETA 2h40m56s
[finalists] 23668/50000  2.7 games/s  ETA 2h40m53s
[finalists] 23677/50000  2.7 games/s  ETA 2h40m49s
[finalists] 23684/50000  2.7 games/s  ETA 2h40m45s
[finalists] 23694/50000  2.7 games/s  ETA 2h40m40s
[finalists] 23701/50000  2.7 games/s  ETA 2h40m37s
[finalists] 23709/50000  2.7 games/s  ETA 2h40m33s
[finalists] 23714/50000  2.7 games/s  ETA 2h40m31s
[finalists] 23721/50000  2.7 games/s  ETA 2h40m28s
[finalists] 23728/50000  2.7 games/s  ETA 2h40m25s
[finalists] 23737/50000  2.7 games/s  ETA 2h40m20s
[finalists] 23742/50000  2.7 games/s  ETA 2h40m18s
[finalists] 23747/50000  2.7 games/s  ETA 2h40m17s
[finalists] 23755/50000  2.7 games/s  ETA 2h40m13s
[finalists] 23762/50000  2.7 games/s  ETA 2h40m10s
[finalists] 23769/50000  2.7 games/s  ETA 2h40m06s
[finalists] 23777/50000  2.7 games/s  ETA 2h40m02s
[finalists] 23786/50000  2.7 games/s  ETA 2h39m58s
[finalists] 23791/50000  2.7 games/s  ETA 2h39m56s
[finalists] 23800/50000  2.7 games/s  ETA 2h39m51s
[finalists] 23806/50000  2.7 games/s  ETA 2h39m49s
[finalists] 23812/50000  2.7 games/s  ETA 2h39m47s
[finalists] 23818/50000  2.7 games/s  ETA 2h39m44s
[finalists] 23826/50000  2.7 games/s  ETA 2h39m40s
[finalists] 23835/50000  2.7 games/s  ETA 2h39m35s
[finalists] 23839/50000  2.7 games/s  ETA 2h39m35s
[finalists] 23847/50000  2.7 games/s  ETA 2h39m31s
[finalists] 23852/50000  2.7 games/s  ETA 2h39m29s
[finalists] 23860/50000  2.7 games/s  ETA 2h39m25s
[finalists] 23866/50000  2.7 games/s  ETA 2h39m23s
[finalists] 23872/50000  2.7 games/s  ETA 2h39m20s
[finalists] 23882/50000  2.7 games/s  ETA 2h39m15s
[finalists] 23893/50000  2.7 games/s  ETA 2h39m09s
[finalists] 23901/50000  2.7 games/s  ETA 2h39m05s
[finalists] 23906/50000  2.7 games/s  ETA 2h39m03s
[finalists] 23914/50000  2.7 games/s  ETA 2h38m59s
[finalists] 23925/50000  2.7 games/s  ETA 2h38m53s
[finalists] 23932/50000  2.7 games/s  ETA 2h38m50s
[finalists] 23943/50000  2.7 games/s  ETA 2h38m43s
[finalists] 23949/50000  2.7 games/s  ETA 2h38m41s
[finalists] 23957/50000  2.7 games/s  ETA 2h38m37s
[finalists] 23966/50000  2.7 games/s  ETA 2h38m32s
[finalists] 23973/50000  2.7 games/s  ETA 2h38m29s
[finalists] 23980/50000  2.7 games/s  ETA 2h38m26s
[finalists] 23988/50000  2.7 games/s  ETA 2h38m22s
[finalists] 23996/50000  2.7 games/s  ETA 2h38m18s
[finalists] 24004/50000  2.7 games/s  ETA 2h38m14s
[finalists] 24009/50000  2.7 games/s  ETA 2h38m13s
[finalists] 24016/50000  2.7 games/s  ETA 2h38m10s
[finalists] 24022/50000  2.7 games/s  ETA 2h38m07s
[finalists] 24027/50000  2.7 games/s  ETA 2h38m06s
[finalists] 24036/50000  2.7 games/s  ETA 2h38m01s
[finalists] 24041/50000  2.7 games/s  ETA 2h37m59s
[finalists] 24047/50000  2.7 games/s  ETA 2h37m57s
[finalists] 24057/50000  2.7 games/s  ETA 2h37m51s
[finalists] 24064/50000  2.7 games/s  ETA 2h37m48s
[finalists] 24073/50000  2.7 games/s  ETA 2h37m44s
[finalists] 24077/50000  2.7 games/s  ETA 2h37m43s
[finalists] 24084/50000  2.7 games/s  ETA 2h37m40s
[finalists] 24089/50000  2.7 games/s  ETA 2h37m38s
[finalists] 24094/50000  2.7 games/s  ETA 2h37m36s
[finalists] 24098/50000  2.7 games/s  ETA 2h37m35s
[finalists] 24102/50000  2.7 games/s  ETA 2h37m34s
[finalists] 24107/50000  2.7 games/s  ETA 2h37m33s
[finalists] 24110/50000  2.7 games/s  ETA 2h37m33s
[finalists] 24116/50000  2.7 games/s  ETA 2h37m30s
[finalists] 24121/50000  2.7 games/s  ETA 2h37m29s
[finalists] 24128/50000  2.7 games/s  ETA 2h37m26s
[finalists] 24136/50000  2.7 games/s  ETA 2h37m22s
[finalists] 24143/50000  2.7 games/s  ETA 2h37m18s
[finalists] 24147/50000  2.7 games/s  ETA 2h37m18s
[finalists] 24153/50000  2.7 games/s  ETA 2h37m15s
[finalists] 24160/50000  2.7 games/s  ETA 2h37m12s
[finalists] 24167/50000  2.7 games/s  ETA 2h37m09s
[finalists] 24174/50000  2.7 games/s  ETA 2h37m06s
[finalists] 24177/50000  2.7 games/s  ETA 2h37m06s
[finalists] 24183/50000  2.7 games/s  ETA 2h37m03s
[finalists] 24190/50000  2.7 games/s  ETA 2h37m00s
[finalists] 24197/50000  2.7 games/s  ETA 2h36m57s
[finalists] 24202/50000  2.7 games/s  ETA 2h36m55s
[finalists] 24209/50000  2.7 games/s  ETA 2h36m52s
[finalists] 24215/50000  2.7 games/s  ETA 2h36m50s
[finalists] 24224/50000  2.7 games/s  ETA 2h36m45s
[finalists] 24230/50000  2.7 games/s  ETA 2h36m43s
[finalists] 24236/50000  2.7 games/s  ETA 2h36m40s
[finalists] 24246/50000  2.7 games/s  ETA 2h36m35s
[finalists] 24249/50000  2.7 games/s  ETA 2h36m35s
[finalists] 24255/50000  2.7 games/s  ETA 2h36m32s
[finalists] 24261/50000  2.7 games/s  ETA 2h36m30s
[finalists] 24266/50000  2.7 games/s  ETA 2h36m28s
[finalists] 24275/50000  2.7 games/s  ETA 2h36m24s
[finalists] 24279/50000  2.7 games/s  ETA 2h36m23s
[finalists] 24287/50000  2.7 games/s  ETA 2h36m19s
[finalists] 24292/50000  2.7 games/s  ETA 2h36m17s
[finalists] 24297/50000  2.7 games/s  ETA 2h36m16s
[finalists] 24305/50000  2.7 games/s  ETA 2h36m12s
[finalists] 24312/50000  2.7 games/s  ETA 2h36m09s
[finalists] 24318/50000  2.7 games/s  ETA 2h36m06s
[finalists] 24326/50000  2.7 games/s  ETA 2h36m02s
[finalists] 24336/50000  2.7 games/s  ETA 2h35m57s
[finalists] 24341/50000  2.7 games/s  ETA 2h35m55s
[finalists] 24348/50000  2.7 games/s  ETA 2h35m52s
[finalists] 24355/50000  2.7 games/s  ETA 2h35m49s
[finalists] 24361/50000  2.7 games/s  ETA 2h35m47s
[finalists] 24365/50000  2.7 games/s  ETA 2h35m46s
[finalists] 24370/50000  2.7 games/s  ETA 2h35m44s
[finalists] 24377/50000  2.7 games/s  ETA 2h35m41s
[finalists] 24385/50000  2.7 games/s  ETA 2h35m37s
[finalists] 24391/50000  2.7 games/s  ETA 2h35m35s
[finalists] 24395/50000  2.7 games/s  ETA 2h35m34s
[finalists] 24400/50000  2.7 games/s  ETA 2h35m32s
[finalists] 24407/50000  2.7 games/s  ETA 2h35m29s
[finalists] 24413/50000  2.7 games/s  ETA 2h35m27s
[finalists] 24418/50000  2.7 games/s  ETA 2h35m25s
[finalists] 24422/50000  2.7 games/s  ETA 2h35m24s
[finalists] 24431/50000  2.7 games/s  ETA 2h35m20s
[finalists] 24437/50000  2.7 games/s  ETA 2h35m17s
[finalists] 24443/50000  2.7 games/s  ETA 2h35m15s
[finalists] 24448/50000  2.7 games/s  ETA 2h35m13s
[finalists] 24453/50000  2.7 games/s  ETA 2h35m12s
[finalists] 24461/50000  2.7 games/s  ETA 2h35m08s
[finalists] 24467/50000  2.7 games/s  ETA 2h35m05s
[finalists] 24472/50000  2.7 games/s  ETA 2h35m04s
[finalists] 24477/50000  2.7 games/s  ETA 2h35m02s
[finalists] 24487/50000  2.7 games/s  ETA 2h34m57s
[finalists] 24497/50000  2.7 games/s  ETA 2h34m51s
[finalists] 24502/50000  2.7 games/s  ETA 2h34m50s
[finalists] 24510/50000  2.7 games/s  ETA 2h34m46s
[finalists] 24516/50000  2.7 games/s  ETA 2h34m44s
[finalists] 24525/50000  2.7 games/s  ETA 2h34m39s
[finalists] 24534/50000  2.7 games/s  ETA 2h34m34s
[finalists] 24545/50000  2.7 games/s  ETA 2h34m28s
[finalists] 24550/50000  2.7 games/s  ETA 2h34m27s
[finalists] 24553/50000  2.7 games/s  ETA 2h34m26s
[finalists] 24558/50000  2.7 games/s  ETA 2h34m25s
[finalists] 24562/50000  2.7 games/s  ETA 2h34m24s
[finalists] 24570/50000  2.7 games/s  ETA 2h34m20s
[finalists] 24579/50000  2.7 games/s  ETA 2h34m15s
[finalists] 24587/50000  2.7 games/s  ETA 2h34m12s
[finalists] 24592/50000  2.7 games/s  ETA 2h34m10s
[finalists] 24596/50000  2.7 games/s  ETA 2h34m09s
[finalists] 24602/50000  2.7 games/s  ETA 2h34m07s
[finalists] 24610/50000  2.7 games/s  ETA 2h34m03s
[finalists] 24615/50000  2.7 games/s  ETA 2h34m01s
[finalists] 24620/50000  2.7 games/s  ETA 2h34m00s
[finalists] 24624/50000  2.7 games/s  ETA 2h33m59s
[finalists] 24630/50000  2.7 games/s  ETA 2h33m56s
[finalists] 24636/50000  2.7 games/s  ETA 2h33m54s
[finalists] 24641/50000  2.7 games/s  ETA 2h33m52s
[finalists] 24646/50000  2.7 games/s  ETA 2h33m51s
[finalists] 24651/50000  2.7 games/s  ETA 2h33m49s
[finalists] 24656/50000  2.7 games/s  ETA 2h33m47s
[finalists] 24662/50000  2.7 games/s  ETA 2h33m45s
[finalists] 24668/50000  2.7 games/s  ETA 2h33m43s
[finalists] 24674/50000  2.7 games/s  ETA 2h33m40s
[finalists] 24684/50000  2.7 games/s  ETA 2h33m35s
[finalists] 24690/50000  2.7 games/s  ETA 2h33m33s
[finalists] 24695/50000  2.7 games/s  ETA 2h33m31s
[finalists] 24702/50000  2.7 games/s  ETA 2h33m28s
[finalists] 24708/50000  2.7 games/s  ETA 2h33m25s
[finalists] 24714/50000  2.7 games/s  ETA 2h33m23s
[finalists] 24719/50000  2.7 games/s  ETA 2h33m21s
[finalists] 24725/50000  2.7 games/s  ETA 2h33m19s
[finalists] 24731/50000  2.7 games/s  ETA 2h33m17s
[finalists] 24737/50000  2.7 games/s  ETA 2h33m14s
[finalists] 24744/50000  2.7 games/s  ETA 2h33m11s
[finalists] 24748/50000  2.7 games/s  ETA 2h33m10s
[finalists] 24753/50000  2.7 games/s  ETA 2h33m09s
[finalists] 24759/50000  2.7 games/s  ETA 2h33m06s
[finalists] 24762/50000  2.7 games/s  ETA 2h33m06s
[finalists] 24766/50000  2.7 games/s  ETA 2h33m05s
[finalists] 24773/50000  2.7 games/s  ETA 2h33m02s
[finalists] 24777/50000  2.7 games/s  ETA 2h33m01s
[finalists] 24782/50000  2.7 games/s  ETA 2h33m00s
[finalists] 24788/50000  2.7 games/s  ETA 2h32m57s
[finalists] 24794/50000  2.7 games/s  ETA 2h32m55s
[finalists] 24799/50000  2.7 games/s  ETA 2h32m53s
[finalists] 24803/50000  2.7 games/s  ETA 2h32m52s
[finalists] 24807/50000  2.7 games/s  ETA 2h32m51s
[finalists] 24809/50000  2.7 games/s  ETA 2h32m52s
[finalists] 24814/50000  2.7 games/s  ETA 2h32m50s
[finalists] 24816/50000  2.7 games/s  ETA 2h32m51s
[finalists] 24821/50000  2.7 games/s  ETA 2h32m49s
[finalists] 24826/50000  2.7 games/s  ETA 2h32m48s
[finalists] 24832/50000  2.7 games/s  ETA 2h32m45s
[finalists] 24836/50000  2.7 games/s  ETA 2h32m44s
[finalists] 24843/50000  2.7 games/s  ETA 2h32m41s
[finalists] 24847/50000  2.7 games/s  ETA 2h32m40s
[finalists] 24852/50000  2.7 games/s  ETA 2h32m39s
[finalists] 24857/50000  2.7 games/s  ETA 2h32m37s
[finalists] 24865/50000  2.7 games/s  ETA 2h32m33s
[finalists] 24871/50000  2.7 games/s  ETA 2h32m31s
[finalists] 24876/50000  2.7 games/s  ETA 2h32m29s
[finalists] 24884/50000  2.7 games/s  ETA 2h32m25s
[finalists] 24890/50000  2.7 games/s  ETA 2h32m23s
[finalists] 24899/50000  2.7 games/s  ETA 2h32m18s
[finalists] 24904/50000  2.7 games/s  ETA 2h32m17s
[finalists] 24908/50000  2.7 games/s  ETA 2h32m16s
[finalists] 24917/50000  2.7 games/s  ETA 2h32m11s
[finalists] 24924/50000  2.7 games/s  ETA 2h32m08s
[finalists] 24931/50000  2.7 games/s  ETA 2h32m05s
[finalists] 24942/50000  2.7 games/s  ETA 2h31m59s
[finalists] 24948/50000  2.7 games/s  ETA 2h31m57s
[finalists] 24954/50000  2.7 games/s  ETA 2h31m54s
[finalists] 24962/50000  2.7 games/s  ETA 2h31m51s
[finalists] 24968/50000  2.7 games/s  ETA 2h31m48s
[finalists] 24978/50000  2.7 games/s  ETA 2h31m43s
[finalists] 24985/50000  2.7 games/s  ETA 2h31m40s
[finalists] 24991/50000  2.7 games/s  ETA 2h31m37s
[finalists] 24995/50000  2.7 games/s  ETA 2h31m37s
[finalists] 25000/50000  2.7 games/s  ETA 2h31m35s
[finalists] 25006/50000  2.7 games/s  ETA 2h31m33s
[finalists] 25013/50000  2.7 games/s  ETA 2h31m29s
[finalists] 25021/50000  2.7 games/s  ETA 2h31m26s
[finalists] 25027/50000  2.7 games/s  ETA 2h31m23s
[finalists] 25037/50000  2.7 games/s  ETA 2h31m18s
[finalists] 25044/50000  2.7 games/s  ETA 2h31m15s
[finalists] 25052/50000  2.8 games/s  ETA 2h31m11s
[finalists] 25058/50000  2.8 games/s  ETA 2h31m09s
[finalists] 25064/50000  2.8 games/s  ETA 2h31m06s
[finalists] 25068/50000  2.8 games/s  ETA 2h31m05s
[finalists] 25071/50000  2.7 games/s  ETA 2h31m05s
[finalists] 25077/50000  2.7 games/s  ETA 2h31m03s
[finalists] 25085/50000  2.8 games/s  ETA 2h30m59s
[finalists] 25091/50000  2.8 games/s  ETA 2h30m57s
[finalists] 25100/50000  2.8 games/s  ETA 2h30m52s
[finalists] 25106/50000  2.8 games/s  ETA 2h30m50s
[finalists] 25113/50000  2.8 games/s  ETA 2h30m47s
[finalists] 25120/50000  2.8 games/s  ETA 2h30m44s
[finalists] 25122/50000  2.8 games/s  ETA 2h30m44s
[finalists] 25130/50000  2.8 games/s  ETA 2h30m40s
[finalists] 25138/50000  2.8 games/s  ETA 2h30m37s
[finalists] 25145/50000  2.8 games/s  ETA 2h30m34s
[finalists] 25152/50000  2.8 games/s  ETA 2h30m30s
[finalists] 25159/50000  2.8 games/s  ETA 2h30m27s
[finalists] 25165/50000  2.8 games/s  ETA 2h30m25s
[finalists] 25172/50000  2.8 games/s  ETA 2h30m22s
[finalists] 25182/50000  2.8 games/s  ETA 2h30m17s
[finalists] 25192/50000  2.8 games/s  ETA 2h30m11s
[finalists] 25196/50000  2.8 games/s  ETA 2h30m11s
[finalists] 25206/50000  2.8 games/s  ETA 2h30m05s
[finalists] 25211/50000  2.8 games/s  ETA 2h30m04s
[finalists] 25220/50000  2.8 games/s  ETA 2h29m59s
[finalists] 25226/50000  2.8 games/s  ETA 2h29m57s
[finalists] 25233/50000  2.8 games/s  ETA 2h29m54s
[finalists] 25242/50000  2.8 games/s  ETA 2h29m49s
[finalists] 25248/50000  2.8 games/s  ETA 2h29m47s
[finalists] 25254/50000  2.8 games/s  ETA 2h29m45s
[finalists] 25264/50000  2.8 games/s  ETA 2h29m39s
[finalists] 25271/50000  2.8 games/s  ETA 2h29m36s
[finalists] 25281/50000  2.8 games/s  ETA 2h29m31s
[finalists] 25290/50000  2.8 games/s  ETA 2h29m27s
[finalists] 25296/50000  2.8 games/s  ETA 2h29m24s
[finalists] 25306/50000  2.8 games/s  ETA 2h29m19s
[finalists] 25311/50000  2.8 games/s  ETA 2h29m17s
[finalists] 25319/50000  2.8 games/s  ETA 2h29m14s
[finalists] 25326/50000  2.8 games/s  ETA 2h29m10s
[finalists] 25333/50000  2.8 games/s  ETA 2h29m07s
[finalists] 25346/50000  2.8 games/s  ETA 2h29m00s
[finalists] 25354/50000  2.8 games/s  ETA 2h28m56s
[finalists] 25363/50000  2.8 games/s  ETA 2h28m52s
[finalists] 25370/50000  2.8 games/s  ETA 2h28m49s
[finalists] 25378/50000  2.8 games/s  ETA 2h28m45s
[finalists] 25385/50000  2.8 games/s  ETA 2h28m42s
[finalists] 25395/50000  2.8 games/s  ETA 2h28m37s
[finalists] 25402/50000  2.8 games/s  ETA 2h28m34s
[finalists] 25409/50000  2.8 games/s  ETA 2h28m31s
[finalists] 25414/50000  2.8 games/s  ETA 2h28m29s
[finalists] 25420/50000  2.8 games/s  ETA 2h28m27s
[finalists] 25427/50000  2.8 games/s  ETA 2h28m24s
[finalists] 25435/50000  2.8 games/s  ETA 2h28m20s
[finalists] 25444/50000  2.8 games/s  ETA 2h28m15s
[finalists] 25450/50000  2.8 games/s  ETA 2h28m13s
[finalists] 25456/50000  2.8 games/s  ETA 2h28m11s
[finalists] 25461/50000  2.8 games/s  ETA 2h28m09s
[finalists] 25465/50000  2.8 games/s  ETA 2h28m08s
[finalists] 25473/50000  2.8 games/s  ETA 2h28m04s
[finalists] 25479/50000  2.8 games/s  ETA 2h28m02s
[finalists] 25486/50000  2.8 games/s  ETA 2h27m59s
[finalists] 25494/50000  2.8 games/s  ETA 2h27m55s
[finalists] 25498/50000  2.8 games/s  ETA 2h27m54s
[finalists] 25505/50000  2.8 games/s  ETA 2h27m51s
[finalists] 25512/50000  2.8 games/s  ETA 2h27m48s
[finalists] 25516/50000  2.8 games/s  ETA 2h27m47s
[finalists] 25520/50000  2.8 games/s  ETA 2h27m46s
[finalists] 25526/50000  2.8 games/s  ETA 2h27m44s
[finalists] 25534/50000  2.8 games/s  ETA 2h27m40s
[finalists] 25542/50000  2.8 games/s  ETA 2h27m36s
[finalists] 25549/50000  2.8 games/s  ETA 2h27m33s
[finalists] 25558/50000  2.8 games/s  ETA 2h27m29s
[finalists] 25568/50000  2.8 games/s  ETA 2h27m24s
[finalists] 25575/50000  2.8 games/s  ETA 2h27m21s
[finalists] 25584/50000  2.8 games/s  ETA 2h27m16s
[finalists] 25587/50000  2.8 games/s  ETA 2h27m16s
[finalists] 25593/50000  2.8 games/s  ETA 2h27m14s
[finalists] 25598/50000  2.8 games/s  ETA 2h27m12s
[finalists] 25603/50000  2.8 games/s  ETA 2h27m10s
[finalists] 25612/50000  2.8 games/s  ETA 2h27m06s
[finalists] 25618/50000  2.8 games/s  ETA 2h27m04s
[finalists] 25627/50000  2.8 games/s  ETA 2h26m59s
[finalists] 25638/50000  2.8 games/s  ETA 2h26m53s
[finalists] 25641/50000  2.8 games/s  ETA 2h26m53s
[finalists] 25647/50000  2.8 games/s  ETA 2h26m51s
[finalists] 25657/50000  2.8 games/s  ETA 2h26m46s
[finalists] 25663/50000  2.8 games/s  ETA 2h26m43s
[finalists] 25671/50000  2.8 games/s  ETA 2h26m40s
[finalists] 25678/50000  2.8 games/s  ETA 2h26m37s
[finalists] 25688/50000  2.8 games/s  ETA 2h26m31s
[finalists] 25693/50000  2.8 games/s  ETA 2h26m30s
[finalists] 25702/50000  2.8 games/s  ETA 2h26m25s
[finalists] 25710/50000  2.8 games/s  ETA 2h26m22s
[finalists] 25719/50000  2.8 games/s  ETA 2h26m17s
[finalists] 25729/50000  2.8 games/s  ETA 2h26m12s
[finalists] 25736/50000  2.8 games/s  ETA 2h26m09s
[finalists] 25744/50000  2.8 games/s  ETA 2h26m05s
[finalists] 25753/50000  2.8 games/s  ETA 2h26m01s
[finalists] 25762/50000  2.8 games/s  ETA 2h25m56s
[finalists] 25768/50000  2.8 games/s  ETA 2h25m54s
[finalists] 25774/50000  2.8 games/s  ETA 2h25m52s
[finalists] 25789/50000  2.8 games/s  ETA 2h25m43s
[finalists] 25797/50000  2.8 games/s  ETA 2h25m39s
[finalists] 25804/50000  2.8 games/s  ETA 2h25m36s
[finalists] 25813/50000  2.8 games/s  ETA 2h25m32s
[finalists] 25823/50000  2.8 games/s  ETA 2h25m27s
[finalists] 25829/50000  2.8 games/s  ETA 2h25m25s
[finalists] 25836/50000  2.8 games/s  ETA 2h25m22s
[finalists] 25844/50000  2.8 games/s  ETA 2h25m18s
[finalists] 25851/50000  2.8 games/s  ETA 2h25m15s
[finalists] 25862/50000  2.8 games/s  ETA 2h25m09s
[finalists] 25868/50000  2.8 games/s  ETA 2h25m07s
[finalists] 25875/50000  2.8 games/s  ETA 2h25m04s
[finalists] 25885/50000  2.8 games/s  ETA 2h24m59s
[finalists] 25894/50000  2.8 games/s  ETA 2h24m54s
[finalists] 25899/50000  2.8 games/s  ETA 2h24m53s
[finalists] 25911/50000  2.8 games/s  ETA 2h24m46s
[finalists] 25918/50000  2.8 games/s  ETA 2h24m43s
[finalists] 25928/50000  2.8 games/s  ETA 2h24m38s
[finalists] 25938/50000  2.8 games/s  ETA 2h24m33s
[finalists] 25945/50000  2.8 games/s  ETA 2h24m30s
[finalists] 25953/50000  2.8 games/s  ETA 2h24m26s
[finalists] 25962/50000  2.8 games/s  ETA 2h24m22s
[finalists] 25967/50000  2.8 games/s  ETA 2h24m20s
[finalists] 25975/50000  2.8 games/s  ETA 2h24m16s
[finalists] 25984/50000  2.8 games/s  ETA 2h24m12s
[finalists] 25992/50000  2.8 games/s  ETA 2h24m08s
[finalists] 26003/50000  2.8 games/s  ETA 2h24m03s
[finalists] 26012/50000  2.8 games/s  ETA 2h23m58s
[finalists] 26020/50000  2.8 games/s  ETA 2h23m54s
[finalists] 26034/50000  2.8 games/s  ETA 2h23m47s
[finalists] 26043/50000  2.8 games/s  ETA 2h23m42s
[finalists] 26050/50000  2.8 games/s  ETA 2h23m39s
[finalists] 26057/50000  2.8 games/s  ETA 2h23m36s
[finalists] 26064/50000  2.8 games/s  ETA 2h23m33s
[finalists] 26071/50000  2.8 games/s  ETA 2h23m30s
[finalists] 26079/50000  2.8 games/s  ETA 2h23m27s
[finalists] 26086/50000  2.8 games/s  ETA 2h23m24s
[finalists] 26093/50000  2.8 games/s  ETA 2h23m21s
[finalists] 26103/50000  2.8 games/s  ETA 2h23m16s
[finalists] 26112/50000  2.8 games/s  ETA 2h23m11s
[finalists] 26119/50000  2.8 games/s  ETA 2h23m08s
[finalists] 26127/50000  2.8 games/s  ETA 2h23m05s
[finalists] 26134/50000  2.8 games/s  ETA 2h23m02s
[finalists] 26139/50000  2.8 games/s  ETA 2h23m00s
[finalists] 26145/50000  2.8 games/s  ETA 2h22m58s
[finalists] 26152/50000  2.8 games/s  ETA 2h22m55s
[finalists] 26159/50000  2.8 games/s  ETA 2h22m52s
[finalists] 26167/50000  2.8 games/s  ETA 2h22m48s
[finalists] 26176/50000  2.8 games/s  ETA 2h22m44s
[finalists] 26185/50000  2.8 games/s  ETA 2h22m39s
[finalists] 26194/50000  2.8 games/s  ETA 2h22m35s
[finalists] 26202/50000  2.8 games/s  ETA 2h22m31s
[finalists] 26207/50000  2.8 games/s  ETA 2h22m30s
[finalists] 26215/50000  2.8 games/s  ETA 2h22m26s
[finalists] 26223/50000  2.8 games/s  ETA 2h22m22s
[finalists] 26229/50000  2.8 games/s  ETA 2h22m20s
[finalists] 26237/50000  2.8 games/s  ETA 2h22m16s
[finalists] 26246/50000  2.8 games/s  ETA 2h22m12s
[finalists] 26254/50000  2.8 games/s  ETA 2h22m08s
[finalists] 26260/50000  2.8 games/s  ETA 2h22m06s
[finalists] 26268/50000  2.8 games/s  ETA 2h22m02s
[finalists] 26278/50000  2.8 games/s  ETA 2h21m57s
[finalists] 26286/50000  2.8 games/s  ETA 2h21m54s
[finalists] 26295/50000  2.8 games/s  ETA 2h21m49s
[finalists] 26302/50000  2.8 games/s  ETA 2h21m46s
[finalists] 26311/50000  2.8 games/s  ETA 2h21m42s
[finalists] 26318/50000  2.8 games/s  ETA 2h21m39s
[finalists] 26325/50000  2.8 games/s  ETA 2h21m36s
[finalists] 26335/50000  2.8 games/s  ETA 2h21m31s
[finalists] 26343/50000  2.8 games/s  ETA 2h21m27s
[finalists] 26348/50000  2.8 games/s  ETA 2h21m26s
[finalists] 26356/50000  2.8 games/s  ETA 2h21m22s
[finalists] 26360/50000  2.8 games/s  ETA 2h21m21s
[finalists] 26368/50000  2.8 games/s  ETA 2h21m18s
[finalists] 26374/50000  2.8 games/s  ETA 2h21m15s
[finalists] 26383/50000  2.8 games/s  ETA 2h21m11s
[finalists] 26390/50000  2.8 games/s  ETA 2h21m08s
[finalists] 26394/50000  2.8 games/s  ETA 2h21m07s
[finalists] 26401/50000  2.8 games/s  ETA 2h21m04s
[finalists] 26410/50000  2.8 games/s  ETA 2h21m00s
[finalists] 26416/50000  2.8 games/s  ETA 2h20m57s
[finalists] 26423/50000  2.8 games/s  ETA 2h20m55s
[finalists] 26433/50000  2.8 games/s  ETA 2h20m50s
[finalists] 26444/50000  2.8 games/s  ETA 2h20m44s
[finalists] 26450/50000  2.8 games/s  ETA 2h20m42s
[finalists] 26459/50000  2.8 games/s  ETA 2h20m37s
[finalists] 26467/50000  2.8 games/s  ETA 2h20m34s
[finalists] 26480/50000  2.8 games/s  ETA 2h20m27s
[finalists] 26489/50000  2.8 games/s  ETA 2h20m22s
[finalists] 26498/50000  2.8 games/s  ETA 2h20m18s
[finalists] 26506/50000  2.8 games/s  ETA 2h20m14s
[finalists] 26514/50000  2.8 games/s  ETA 2h20m11s
[finalists] 26522/50000  2.8 games/s  ETA 2h20m07s
[finalists] 26532/50000  2.8 games/s  ETA 2h20m02s
[finalists] 26539/50000  2.8 games/s  ETA 2h19m59s
[finalists] 26549/50000  2.8 games/s  ETA 2h19m54s
[finalists] 26554/50000  2.8 games/s  ETA 2h19m53s
[finalists] 26565/50000  2.8 games/s  ETA 2h19m47s
[finalists] 26574/50000  2.8 games/s  ETA 2h19m43s
[finalists] 26584/50000  2.8 games/s  ETA 2h19m38s
[finalists] 26591/50000  2.8 games/s  ETA 2h19m35s
[finalists] 26598/50000  2.8 games/s  ETA 2h19m32s
[finalists] 26607/50000  2.8 games/s  ETA 2h19m27s
[finalists] 26617/50000  2.8 games/s  ETA 2h19m22s
[finalists] 26624/50000  2.8 games/s  ETA 2h19m20s
[finalists] 26631/50000  2.8 games/s  ETA 2h19m17s
[finalists] 26642/50000  2.8 games/s  ETA 2h19m11s
[finalists] 26647/50000  2.8 games/s  ETA 2h19m09s
[finalists] 26651/50000  2.8 games/s  ETA 2h19m08s
[finalists] 26660/50000  2.8 games/s  ETA 2h19m04s
[finalists] 26666/50000  2.8 games/s  ETA 2h19m02s
[finalists] 26671/50000  2.8 games/s  ETA 2h19m00s
[finalists] 26678/50000  2.8 games/s  ETA 2h18m57s
[finalists] 26686/50000  2.8 games/s  ETA 2h18m54s
[finalists] 26692/50000  2.8 games/s  ETA 2h18m51s
[finalists] 26698/50000  2.8 games/s  ETA 2h18m49s
[finalists] 26701/50000  2.8 games/s  ETA 2h18m49s
[finalists] 26707/50000  2.8 games/s  ETA 2h18m47s
[finalists] 26712/50000  2.8 games/s  ETA 2h18m45s
[finalists] 26717/50000  2.8 games/s  ETA 2h18m43s
[finalists] 26722/50000  2.8 games/s  ETA 2h18m42s
[finalists] 26726/50000  2.8 games/s  ETA 2h18m41s
[finalists] 26731/50000  2.8 games/s  ETA 2h18m39s
[finalists] 26736/50000  2.8 games/s  ETA 2h18m38s
[finalists] 26745/50000  2.8 games/s  ETA 2h18m33s
[finalists] 26756/50000  2.8 games/s  ETA 2h18m28s
[finalists] 26761/50000  2.8 games/s  ETA 2h18m26s
[finalists] 26769/50000  2.8 games/s  ETA 2h18m23s
[finalists] 26776/50000  2.8 games/s  ETA 2h18m20s
[finalists] 26784/50000  2.8 games/s  ETA 2h18m16s
[finalists] 26792/50000  2.8 games/s  ETA 2h18m12s
[finalists] 26797/50000  2.8 games/s  ETA 2h18m11s
[finalists] 26804/50000  2.8 games/s  ETA 2h18m08s
[finalists] 26808/50000  2.8 games/s  ETA 2h18m07s
[finalists] 26812/50000  2.8 games/s  ETA 2h18m06s
[finalists] 26819/50000  2.8 games/s  ETA 2h18m03s
[finalists] 26828/50000  2.8 games/s  ETA 2h17m59s
[finalists] 26835/50000  2.8 games/s  ETA 2h17m56s
[finalists] 26843/50000  2.8 games/s  ETA 2h17m52s
[finalists] 26850/50000  2.8 games/s  ETA 2h17m49s
[finalists] 26859/50000  2.8 games/s  ETA 2h17m45s
[finalists] 26865/50000  2.8 games/s  ETA 2h17m43s
[finalists] 26869/50000  2.8 games/s  ETA 2h17m42s
[finalists] 26878/50000  2.8 games/s  ETA 2h17m38s
[finalists] 26887/50000  2.8 games/s  ETA 2h17m33s
[finalists] 26893/50000  2.8 games/s  ETA 2h17m31s
[finalists] 26898/50000  2.8 games/s  ETA 2h17m30s
[finalists] 26906/50000  2.8 games/s  ETA 2h17m26s
[finalists] 26911/50000  2.8 games/s  ETA 2h17m24s
[finalists] 26918/50000  2.8 games/s  ETA 2h17m21s
[finalists] 26923/50000  2.8 games/s  ETA 2h17m20s
[finalists] 26931/50000  2.8 games/s  ETA 2h17m16s
[finalists] 26939/50000  2.8 games/s  ETA 2h17m13s
[finalists] 26946/50000  2.8 games/s  ETA 2h17m10s
[finalists] 26952/50000  2.8 games/s  ETA 2h17m07s
[finalists] 26959/50000  2.8 games/s  ETA 2h17m05s
[finalists] 26965/50000  2.8 games/s  ETA 2h17m02s
[finalists] 26974/50000  2.8 games/s  ETA 2h16m58s
[finalists] 26981/50000  2.8 games/s  ETA 2h16m55s
[finalists] 26987/50000  2.8 games/s  ETA 2h16m53s
[finalists] 26996/50000  2.8 games/s  ETA 2h16m49s
[finalists] 27004/50000  2.8 games/s  ETA 2h16m45s
[finalists] 27010/50000  2.8 games/s  ETA 2h16m43s
[finalists] 27015/50000  2.8 games/s  ETA 2h16m41s
[finalists] 27019/50000  2.8 games/s  ETA 2h16m40s
[finalists] 27023/50000  2.8 games/s  ETA 2h16m39s
[finalists] 27031/50000  2.8 games/s  ETA 2h16m36s
[finalists] 27037/50000  2.8 games/s  ETA 2h16m33s
[finalists] 27042/50000  2.8 games/s  ETA 2h16m32s
[finalists] 27050/50000  2.8 games/s  ETA 2h16m28s
[finalists] 27057/50000  2.8 games/s  ETA 2h16m25s
[finalists] 27065/50000  2.8 games/s  ETA 2h16m22s
[finalists] 27074/50000  2.8 games/s  ETA 2h16m18s
[finalists] 27081/50000  2.8 games/s  ETA 2h16m15s
[finalists] 27089/50000  2.8 games/s  ETA 2h16m11s
[finalists] 27096/50000  2.8 games/s  ETA 2h16m08s
[finalists] 27101/50000  2.8 games/s  ETA 2h16m07s
[finalists] 27108/50000  2.8 games/s  ETA 2h16m04s
[finalists] 27116/50000  2.8 games/s  ETA 2h16m00s
[finalists] 27120/50000  2.8 games/s  ETA 2h15m59s
[finalists] 27125/50000  2.8 games/s  ETA 2h15m58s
[finalists] 27134/50000  2.8 games/s  ETA 2h15m53s
[finalists] 27141/50000  2.8 games/s  ETA 2h15m50s
[finalists] 27148/50000  2.8 games/s  ETA 2h15m47s
[finalists] 27153/50000  2.8 games/s  ETA 2h15m46s
[finalists] 27160/50000  2.8 games/s  ETA 2h15m43s
[finalists] 27166/50000  2.8 games/s  ETA 2h15m41s
[finalists] 27171/50000  2.8 games/s  ETA 2h15m39s
[finalists] 27174/50000  2.8 games/s  ETA 2h15m39s
[finalists] 27182/50000  2.8 games/s  ETA 2h15m35s
[finalists] 27186/50000  2.8 games/s  ETA 2h15m34s
[finalists] 27190/50000  2.8 games/s  ETA 2h15m33s
[finalists] 27195/50000  2.8 games/s  ETA 2h15m32s
[finalists] 27200/50000  2.8 games/s  ETA 2h15m30s
[finalists] 27207/50000  2.8 games/s  ETA 2h15m27s
[finalists] 27213/50000  2.8 games/s  ETA 2h15m25s
[finalists] 27220/50000  2.8 games/s  ETA 2h15m22s
[finalists] 27226/50000  2.8 games/s  ETA 2h15m20s
[finalists] 27236/50000  2.8 games/s  ETA 2h15m15s
[finalists] 27244/50000  2.8 games/s  ETA 2h15m11s
[finalists] 27249/50000  2.8 games/s  ETA 2h15m10s
[finalists] 27257/50000  2.8 games/s  ETA 2h15m06s
[finalists] 27262/50000  2.8 games/s  ETA 2h15m05s
[finalists] 27269/50000  2.8 games/s  ETA 2h15m02s
[finalists] 27274/50000  2.8 games/s  ETA 2h15m00s
[finalists] 27282/50000  2.8 games/s  ETA 2h14m57s
[finalists] 27291/50000  2.8 games/s  ETA 2h14m52s
[finalists] 27298/50000  2.8 games/s  ETA 2h14m49s
[finalists] 27305/50000  2.8 games/s  ETA 2h14m47s
[finalists] 27312/50000  2.8 games/s  ETA 2h14m44s
[finalists] 27316/50000  2.8 games/s  ETA 2h14m43s
[finalists] 27322/50000  2.8 games/s  ETA 2h14m40s
[finalists] 27328/50000  2.8 games/s  ETA 2h14m38s
[finalists] 27337/50000  2.8 games/s  ETA 2h14m34s
[finalists] 27345/50000  2.8 games/s  ETA 2h14m30s
[finalists] 27351/50000  2.8 games/s  ETA 2h14m28s
[finalists] 27357/50000  2.8 games/s  ETA 2h14m26s
[finalists] 27364/50000  2.8 games/s  ETA 2h14m23s
[finalists] 27371/50000  2.8 games/s  ETA 2h14m20s
[finalists] 27377/50000  2.8 games/s  ETA 2h14m18s
[finalists] 27384/50000  2.8 games/s  ETA 2h14m15s
[finalists] 27391/50000  2.8 games/s  ETA 2h14m12s
[finalists] 27397/50000  2.8 games/s  ETA 2h14m10s
[finalists] 27405/50000  2.8 games/s  ETA 2h14m06s
[finalists] 27413/50000  2.8 games/s  ETA 2h14m03s
[finalists] 27422/50000  2.8 games/s  ETA 2h13m59s
[finalists] 27428/50000  2.8 games/s  ETA 2h13m56s
[finalists] 27436/50000  2.8 games/s  ETA 2h13m53s
[finalists] 27443/50000  2.8 games/s  ETA 2h13m50s
[finalists] 27451/50000  2.8 games/s  ETA 2h13m46s
[finalists] 27460/50000  2.8 games/s  ETA 2h13m42s
[finalists] 27466/50000  2.8 games/s  ETA 2h13m40s
[finalists] 27473/50000  2.8 games/s  ETA 2h13m37s
[finalists] 27482/50000  2.8 games/s  ETA 2h13m33s
[finalists] 27490/50000  2.8 games/s  ETA 2h13m29s
[finalists] 27495/50000  2.8 games/s  ETA 2h13m28s
[finalists] 27503/50000  2.8 games/s  ETA 2h13m24s
[finalists] 27509/50000  2.8 games/s  ETA 2h13m22s
[finalists] 27514/50000  2.8 games/s  ETA 2h13m20s
[finalists] 27521/50000  2.8 games/s  ETA 2h13m17s
[finalists] 27529/50000  2.8 games/s  ETA 2h13m14s
[finalists] 27541/50000  2.8 games/s  ETA 2h13m08s
[finalists] 27550/50000  2.8 games/s  ETA 2h13m04s
[finalists] 27559/50000  2.8 games/s  ETA 2h12m59s
[finalists] 27566/50000  2.8 games/s  ETA 2h12m56s
[finalists] 27572/50000  2.8 games/s  ETA 2h12m54s
[finalists] 27583/50000  2.8 games/s  ETA 2h12m49s
[finalists] 27589/50000  2.8 games/s  ETA 2h12m47s
[finalists] 27595/50000  2.8 games/s  ETA 2h12m44s
[finalists] 27599/50000  2.8 games/s  ETA 2h12m43s
[finalists] 27606/50000  2.8 games/s  ETA 2h12m40s
[finalists] 27617/50000  2.8 games/s  ETA 2h12m35s
[finalists] 27622/50000  2.8 games/s  ETA 2h12m33s
[finalists] 27632/50000  2.8 games/s  ETA 2h12m29s
[finalists] 27641/50000  2.8 games/s  ETA 2h12m24s
[finalists] 27646/50000  2.8 games/s  ETA 2h12m23s
[finalists] 27652/50000  2.8 games/s  ETA 2h12m21s
[finalists] 27659/50000  2.8 games/s  ETA 2h12m18s
[finalists] 27664/50000  2.8 games/s  ETA 2h12m16s
[finalists] 27668/50000  2.8 games/s  ETA 2h12m15s
[finalists] 27679/50000  2.8 games/s  ETA 2h12m10s
[finalists] 27684/50000  2.8 games/s  ETA 2h12m08s
[finalists] 27692/50000  2.8 games/s  ETA 2h12m05s
[finalists] 27697/50000  2.8 games/s  ETA 2h12m03s
[finalists] 27705/50000  2.8 games/s  ETA 2h11m59s
[finalists] 27713/50000  2.8 games/s  ETA 2h11m56s
[finalists] 27720/50000  2.8 games/s  ETA 2h11m53s
[finalists] 27728/50000  2.8 games/s  ETA 2h11m50s
[finalists] 27735/50000  2.8 games/s  ETA 2h11m47s
[finalists] 27744/50000  2.8 games/s  ETA 2h11m43s
[finalists] 27751/50000  2.8 games/s  ETA 2h11m40s
[finalists] 27757/50000  2.8 games/s  ETA 2h11m37s
[finalists] 27762/50000  2.8 games/s  ETA 2h11m36s
[finalists] 27768/50000  2.8 games/s  ETA 2h11m34s
[finalists] 27773/50000  2.8 games/s  ETA 2h11m32s
[finalists] 27781/50000  2.8 games/s  ETA 2h11m28s
[finalists] 27792/50000  2.8 games/s  ETA 2h11m23s
[finalists] 27798/50000  2.8 games/s  ETA 2h11m21s
[finalists] 27805/50000  2.8 games/s  ETA 2h11m18s
[finalists] 27814/50000  2.8 games/s  ETA 2h11m14s
[finalists] 27820/50000  2.8 games/s  ETA 2h11m12s
[finalists] 27827/50000  2.8 games/s  ETA 2h11m09s
[finalists] 27837/50000  2.8 games/s  ETA 2h11m04s
[finalists] 27842/50000  2.8 games/s  ETA 2h11m02s
[finalists] 27847/50000  2.8 games/s  ETA 2h11m01s
[finalists] 27855/50000  2.8 games/s  ETA 2h10m57s
[finalists] 27861/50000  2.8 games/s  ETA 2h10m55s
[finalists] 27868/50000  2.8 games/s  ETA 2h10m52s
[finalists] 27879/50000  2.8 games/s  ETA 2h10m47s
[finalists] 27886/50000  2.8 games/s  ETA 2h10m44s
[finalists] 27895/50000  2.8 games/s  ETA 2h10m40s
[finalists] 27900/50000  2.8 games/s  ETA 2h10m38s
[finalists] 27908/50000  2.8 games/s  ETA 2h10m35s
[finalists] 27911/50000  2.8 games/s  ETA 2h10m34s
[finalists] 27915/50000  2.8 games/s  ETA 2h10m33s
[finalists] 27919/50000  2.8 games/s  ETA 2h10m32s
[finalists] 27927/50000  2.8 games/s  ETA 2h10m29s
[finalists] 27936/50000  2.8 games/s  ETA 2h10m25s
[finalists] 27941/50000  2.8 games/s  ETA 2h10m23s
[finalists] 27948/50000  2.8 games/s  ETA 2h10m20s
[finalists] 27956/50000  2.8 games/s  ETA 2h10m17s
[finalists] 27962/50000  2.8 games/s  ETA 2h10m15s
[finalists] 27968/50000  2.8 games/s  ETA 2h10m12s
[finalists] 27972/50000  2.8 games/s  ETA 2h10m11s
[finalists] 27984/50000  2.8 games/s  ETA 2h10m05s
[finalists] 27991/50000  2.8 games/s  ETA 2h10m03s
[finalists] 27998/50000  2.8 games/s  ETA 2h10m00s
[finalists] 28004/50000  2.8 games/s  ETA 2h09m57s
[finalists] 28010/50000  2.8 games/s  ETA 2h09m55s
[finalists] 28015/50000  2.8 games/s  ETA 2h09m54s
[finalists] 28020/50000  2.8 games/s  ETA 2h09m52s
[finalists] 28028/50000  2.8 games/s  ETA 2h09m49s
[finalists] 28036/50000  2.8 games/s  ETA 2h09m45s
[finalists] 28042/50000  2.8 games/s  ETA 2h09m43s
[finalists] 28049/50000  2.8 games/s  ETA 2h09m40s
[finalists] 28053/50000  2.8 games/s  ETA 2h09m39s
[finalists] 28059/50000  2.8 games/s  ETA 2h09m37s
[finalists] 28069/50000  2.8 games/s  ETA 2h09m32s
[finalists] 28076/50000  2.8 games/s  ETA 2h09m29s
[finalists] 28085/50000  2.8 games/s  ETA 2h09m25s
[finalists] 28095/50000  2.8 games/s  ETA 2h09m20s
[finalists] 28103/50000  2.8 games/s  ETA 2h09m17s
[finalists] 28108/50000  2.8 games/s  ETA 2h09m15s
[finalists] 28115/50000  2.8 games/s  ETA 2h09m12s
[finalists] 28122/50000  2.8 games/s  ETA 2h09m10s
[finalists] 28129/50000  2.8 games/s  ETA 2h09m07s
[finalists] 28136/50000  2.8 games/s  ETA 2h09m04s
[finalists] 28144/50000  2.8 games/s  ETA 2h09m00s
[finalists] 28152/50000  2.8 games/s  ETA 2h08m57s
[finalists] 28156/50000  2.8 games/s  ETA 2h08m56s
[finalists] 28163/50000  2.8 games/s  ETA 2h08m53s
[finalists] 28170/50000  2.8 games/s  ETA 2h08m50s
[finalists] 28180/50000  2.8 games/s  ETA 2h08m45s
[finalists] 28193/50000  2.8 games/s  ETA 2h08m39s
[finalists] 28200/50000  2.8 games/s  ETA 2h08m36s
[finalists] 28205/50000  2.8 games/s  ETA 2h08m34s
[finalists] 28212/50000  2.8 games/s  ETA 2h08m32s
[finalists] 28218/50000  2.8 games/s  ETA 2h08m29s
[finalists] 28226/50000  2.8 games/s  ETA 2h08m26s
[finalists] 28235/50000  2.8 games/s  ETA 2h08m22s
[finalists] 28245/50000  2.8 games/s  ETA 2h08m17s
[finalists] 28254/50000  2.8 games/s  ETA 2h08m13s
[finalists] 28261/50000  2.8 games/s  ETA 2h08m10s
[finalists] 28269/50000  2.8 games/s  ETA 2h08m07s
[finalists] 28275/50000  2.8 games/s  ETA 2h08m04s
[finalists] 28283/50000  2.8 games/s  ETA 2h08m01s
[finalists] 28292/50000  2.8 games/s  ETA 2h07m57s
[finalists] 28294/50000  2.8 games/s  ETA 2h07m57s
[finalists] 28300/50000  2.8 games/s  ETA 2h07m55s
[finalists] 28304/50000  2.8 games/s  ETA 2h07m54s
[finalists] 28309/50000  2.8 games/s  ETA 2h07m52s
[finalists] 28319/50000  2.8 games/s  ETA 2h07m48s
[finalists] 28327/50000  2.8 games/s  ETA 2h07m44s
[finalists] 28334/50000  2.8 games/s  ETA 2h07m41s
[finalists] 28342/50000  2.8 games/s  ETA 2h07m38s
[finalists] 28351/50000  2.8 games/s  ETA 2h07m34s
[finalists] 28358/50000  2.8 games/s  ETA 2h07m31s
[finalists] 28363/50000  2.8 games/s  ETA 2h07m29s
[finalists] 28371/50000  2.8 games/s  ETA 2h07m26s
[finalists] 28377/50000  2.8 games/s  ETA 2h07m24s
[finalists] 28387/50000  2.8 games/s  ETA 2h07m19s
[finalists] 28393/50000  2.8 games/s  ETA 2h07m17s
[finalists] 28401/50000  2.8 games/s  ETA 2h07m13s
[finalists] 28407/50000  2.8 games/s  ETA 2h07m11s
[finalists] 28412/50000  2.8 games/s  ETA 2h07m10s
[finalists] 28421/50000  2.8 games/s  ETA 2h07m05s
[finalists] 28428/50000  2.8 games/s  ETA 2h07m03s
[finalists] 28437/50000  2.8 games/s  ETA 2h06m59s
[finalists] 28443/50000  2.8 games/s  ETA 2h06m56s
[finalists] 28446/50000  2.8 games/s  ETA 2h06m56s
[finalists] 28450/50000  2.8 games/s  ETA 2h06m55s
[finalists] 28461/50000  2.8 games/s  ETA 2h06m50s
[finalists] 28465/50000  2.8 games/s  ETA 2h06m49s
[finalists] 28472/50000  2.8 games/s  ETA 2h06m46s
[finalists] 28479/50000  2.8 games/s  ETA 2h06m43s
[finalists] 28488/50000  2.8 games/s  ETA 2h06m39s
[finalists] 28494/50000  2.8 games/s  ETA 2h06m37s
[finalists] 28500/50000  2.8 games/s  ETA 2h06m35s
[finalists] 28505/50000  2.8 games/s  ETA 2h06m33s
[finalists] 28510/50000  2.8 games/s  ETA 2h06m31s
[finalists] 28517/50000  2.8 games/s  ETA 2h06m29s
[finalists] 28525/50000  2.8 games/s  ETA 2h06m25s
[finalists] 28532/50000  2.8 games/s  ETA 2h06m22s
[finalists] 28538/50000  2.8 games/s  ETA 2h06m20s
[finalists] 28546/50000  2.8 games/s  ETA 2h06m17s
[finalists] 28550/50000  2.8 games/s  ETA 2h06m16s
[finalists] 28557/50000  2.8 games/s  ETA 2h06m13s
[finalists] 28562/50000  2.8 games/s  ETA 2h06m11s
[finalists] 28570/50000  2.8 games/s  ETA 2h06m08s
[finalists] 28580/50000  2.8 games/s  ETA 2h06m03s
[finalists] 28585/50000  2.8 games/s  ETA 2h06m02s
[finalists] 28592/50000  2.8 games/s  ETA 2h05m59s
[finalists] 28598/50000  2.8 games/s  ETA 2h05m57s
[finalists] 28605/50000  2.8 games/s  ETA 2h05m54s
[finalists] 28611/50000  2.8 games/s  ETA 2h05m52s
[finalists] 28619/50000  2.8 games/s  ETA 2h05m48s
[finalists] 28627/50000  2.8 games/s  ETA 2h05m45s
[finalists] 28636/50000  2.8 games/s  ETA 2h05m41s
[finalists] 28642/50000  2.8 games/s  ETA 2h05m38s
[finalists] 28650/50000  2.8 games/s  ETA 2h05m35s
[finalists] 28653/50000  2.8 games/s  ETA 2h05m35s
[finalists] 28661/50000  2.8 games/s  ETA 2h05m31s
[finalists] 28665/50000  2.8 games/s  ETA 2h05m30s
[finalists] 28672/50000  2.8 games/s  ETA 2h05m27s
[finalists] 28677/50000  2.8 games/s  ETA 2h05m26s
[finalists] 28687/50000  2.8 games/s  ETA 2h05m21s
[finalists] 28694/50000  2.8 games/s  ETA 2h05m18s
[finalists] 28699/50000  2.8 games/s  ETA 2h05m17s
[finalists] 28708/50000  2.8 games/s  ETA 2h05m13s
[finalists] 28717/50000  2.8 games/s  ETA 2h05m09s
[finalists] 28723/50000  2.8 games/s  ETA 2h05m06s
[finalists] 28733/50000  2.8 games/s  ETA 2h05m02s
[finalists] 28740/50000  2.8 games/s  ETA 2h04m59s
[finalists] 28747/50000  2.8 games/s  ETA 2h04m56s
[finalists] 28754/50000  2.8 games/s  ETA 2h04m53s
[finalists] 28758/50000  2.8 games/s  ETA 2h04m52s
[finalists] 28767/50000  2.8 games/s  ETA 2h04m48s
[finalists] 28773/50000  2.8 games/s  ETA 2h04m46s
[finalists] 28781/50000  2.8 games/s  ETA 2h04m43s
[finalists] 28788/50000  2.8 games/s  ETA 2h04m40s
[finalists] 28794/50000  2.8 games/s  ETA 2h04m38s
[finalists] 28801/50000  2.8 games/s  ETA 2h04m35s
[finalists] 28808/50000  2.8 games/s  ETA 2h04m32s
[finalists] 28817/50000  2.8 games/s  ETA 2h04m28s
[finalists] 28824/50000  2.8 games/s  ETA 2h04m25s
[finalists] 28832/50000  2.8 games/s  ETA 2h04m22s
[finalists] 28843/50000  2.8 games/s  ETA 2h04m16s
[finalists] 28850/50000  2.8 games/s  ETA 2h04m14s
[finalists] 28857/50000  2.8 games/s  ETA 2h04m11s
[finalists] 28865/50000  2.8 games/s  ETA 2h04m07s
[finalists] 28873/50000  2.8 games/s  ETA 2h04m04s
[finalists] 28881/50000  2.8 games/s  ETA 2h04m01s
[finalists] 28888/50000  2.8 games/s  ETA 2h03m58s
[finalists] 28894/50000  2.8 games/s  ETA 2h03m56s
[finalists] 28899/50000  2.8 games/s  ETA 2h03m54s
[finalists] 28905/50000  2.8 games/s  ETA 2h03m52s
[finalists] 28911/50000  2.8 games/s  ETA 2h03m50s
[finalists] 28914/50000  2.8 games/s  ETA 2h03m49s
[finalists] 28920/50000  2.8 games/s  ETA 2h03m47s
[finalists] 28926/50000  2.8 games/s  ETA 2h03m45s
[finalists] 28930/50000  2.8 games/s  ETA 2h03m44s
[finalists] 28939/50000  2.8 games/s  ETA 2h03m40s
[finalists] 28946/50000  2.8 games/s  ETA 2h03m37s
[finalists] 28954/50000  2.8 games/s  ETA 2h03m34s
[finalists] 28961/50000  2.8 games/s  ETA 2h03m31s
[finalists] 28968/50000  2.8 games/s  ETA 2h03m28s
[finalists] 28975/50000  2.8 games/s  ETA 2h03m25s
[finalists] 28984/50000  2.8 games/s  ETA 2h03m21s
[finalists] 28993/50000  2.8 games/s  ETA 2h03m17s
[finalists] 29001/50000  2.8 games/s  ETA 2h03m14s
[finalists] 29007/50000  2.8 games/s  ETA 2h03m12s
[finalists] 29011/50000  2.8 games/s  ETA 2h03m11s
[finalists] 29018/50000  2.8 games/s  ETA 2h03m08s
[finalists] 29026/50000  2.8 games/s  ETA 2h03m04s
[finalists] 29037/50000  2.8 games/s  ETA 2h02m59s
[finalists] 29045/50000  2.8 games/s  ETA 2h02m56s
[finalists] 29049/50000  2.8 games/s  ETA 2h02m55s
[finalists] 29055/50000  2.8 games/s  ETA 2h02m53s
[finalists] 29061/50000  2.8 games/s  ETA 2h02m50s
[finalists] 29068/50000  2.8 games/s  ETA 2h02m48s
[finalists] 29072/50000  2.8 games/s  ETA 2h02m47s
[finalists] 29078/50000  2.8 games/s  ETA 2h02m44s
[finalists] 29082/50000  2.8 games/s  ETA 2h02m43s
[finalists] 29091/50000  2.8 games/s  ETA 2h02m39s
[finalists] 29099/50000  2.8 games/s  ETA 2h02m36s
[finalists] 29106/50000  2.8 games/s  ETA 2h02m33s
[finalists] 29113/50000  2.8 games/s  ETA 2h02m30s
[finalists] 29123/50000  2.8 games/s  ETA 2h02m26s
[finalists] 29128/50000  2.8 games/s  ETA 2h02m24s
[finalists] 29131/50000  2.8 games/s  ETA 2h02m24s
[finalists] 29136/50000  2.8 games/s  ETA 2h02m22s
[finalists] 29142/50000  2.8 games/s  ETA 2h02m20s
[finalists] 29148/50000  2.8 games/s  ETA 2h02m18s
[finalists] 29155/50000  2.8 games/s  ETA 2h02m15s
[finalists] 29159/50000  2.8 games/s  ETA 2h02m14s
[finalists] 29167/50000  2.8 games/s  ETA 2h02m11s
[finalists] 29173/50000  2.8 games/s  ETA 2h02m09s
[finalists] 29180/50000  2.8 games/s  ETA 2h02m06s
[finalists] 29186/50000  2.8 games/s  ETA 2h02m04s
[finalists] 29193/50000  2.8 games/s  ETA 2h02m01s
[finalists] 29199/50000  2.8 games/s  ETA 2h01m59s
[finalists] 29208/50000  2.8 games/s  ETA 2h01m55s
[finalists] 29213/50000  2.8 games/s  ETA 2h01m53s
[finalists] 29221/50000  2.8 games/s  ETA 2h01m50s
[finalists] 29228/50000  2.8 games/s  ETA 2h01m47s
[finalists] 29234/50000  2.8 games/s  ETA 2h01m45s
[finalists] 29242/50000  2.8 games/s  ETA 2h01m41s
[finalists] 29248/50000  2.8 games/s  ETA 2h01m39s
[finalists] 29254/50000  2.8 games/s  ETA 2h01m37s
[finalists] 29262/50000  2.8 games/s  ETA 2h01m33s
[finalists] 29270/50000  2.8 games/s  ETA 2h01m30s
[finalists] 29275/50000  2.8 games/s  ETA 2h01m28s
[finalists] 29282/50000  2.8 games/s  ETA 2h01m26s
[finalists] 29291/50000  2.8 games/s  ETA 2h01m22s
[finalists] 29296/50000  2.8 games/s  ETA 2h01m20s
[finalists] 29300/50000  2.8 games/s  ETA 2h01m19s
[finalists] 29310/50000  2.8 games/s  ETA 2h01m15s
[finalists] 29315/50000  2.8 games/s  ETA 2h01m13s
[finalists] 29323/50000  2.8 games/s  ETA 2h01m10s
[finalists] 29330/50000  2.8 games/s  ETA 2h01m07s
[finalists] 29337/50000  2.8 games/s  ETA 2h01m04s
[finalists] 29344/50000  2.8 games/s  ETA 2h01m01s
[finalists] 29350/50000  2.8 games/s  ETA 2h00m59s
[finalists] 29356/50000  2.8 games/s  ETA 2h00m57s
[finalists] 29361/50000  2.8 games/s  ETA 2h00m55s
[finalists] 29366/50000  2.8 games/s  ETA 2h00m54s
[finalists] 29370/50000  2.8 games/s  ETA 2h00m53s
[finalists] 29375/50000  2.8 games/s  ETA 2h00m51s
[finalists] 29381/50000  2.8 games/s  ETA 2h00m49s
[finalists] 29388/50000  2.8 games/s  ETA 2h00m46s
[finalists] 29396/50000  2.8 games/s  ETA 2h00m43s
[finalists] 29399/50000  2.8 games/s  ETA 2h00m42s
[finalists] 29408/50000  2.8 games/s  ETA 2h00m38s
[finalists] 29414/50000  2.8 games/s  ETA 2h00m36s
[finalists] 29422/50000  2.8 games/s  ETA 2h00m33s
[finalists] 29429/50000  2.8 games/s  ETA 2h00m30s
[finalists] 29433/50000  2.8 games/s  ETA 2h00m29s
[finalists] 29439/50000  2.8 games/s  ETA 2h00m27s
[finalists] 29444/50000  2.8 games/s  ETA 2h00m25s
[finalists] 29450/50000  2.8 games/s  ETA 2h00m23s
[finalists] 29456/50000  2.8 games/s  ETA 2h00m21s
[finalists] 29460/50000  2.8 games/s  ETA 2h00m20s
[finalists] 29464/50000  2.8 games/s  ETA 2h00m19s
[finalists] 29474/50000  2.8 games/s  ETA 2h00m14s
[finalists] 29483/50000  2.8 games/s  ETA 2h00m10s
[finalists] 29490/50000  2.8 games/s  ETA 2h00m08s
[finalists] 29497/50000  2.8 games/s  ETA 2h00m05s
[finalists] 29505/50000  2.8 games/s  ETA 2h00m01s
[finalists] 29513/50000  2.8 games/s  ETA 1h59m58s
[finalists] 29521/50000  2.8 games/s  ETA 1h59m55s
[finalists] 29526/50000  2.8 games/s  ETA 1h59m53s
[finalists] 29533/50000  2.8 games/s  ETA 1h59m50s
[finalists] 29537/50000  2.8 games/s  ETA 1h59m49s
[finalists] 29544/50000  2.8 games/s  ETA 1h59m47s
[finalists] 29550/50000  2.8 games/s  ETA 1h59m44s
[finalists] 29558/50000  2.8 games/s  ETA 1h59m41s
[finalists] 29565/50000  2.8 games/s  ETA 1h59m38s
[finalists] 29574/50000  2.8 games/s  ETA 1h59m34s
[finalists] 29579/50000  2.8 games/s  ETA 1h59m33s
[finalists] 29588/50000  2.8 games/s  ETA 1h59m29s
[finalists] 29596/50000  2.8 games/s  ETA 1h59m25s
[finalists] 29602/50000  2.8 games/s  ETA 1h59m23s
[finalists] 29610/50000  2.8 games/s  ETA 1h59m20s
[finalists] 29617/50000  2.8 games/s  ETA 1h59m17s
[finalists] 29623/50000  2.8 games/s  ETA 1h59m15s
[finalists] 29631/50000  2.8 games/s  ETA 1h59m11s
[finalists] 29641/50000  2.8 games/s  ETA 1h59m07s
[finalists] 29646/50000  2.8 games/s  ETA 1h59m05s
[finalists] 29653/50000  2.8 games/s  ETA 1h59m03s
[finalists] 29656/50000  2.8 games/s  ETA 1h59m02s
[finalists] 29665/50000  2.8 games/s  ETA 1h58m58s
[finalists] 29673/50000  2.8 games/s  ETA 1h58m55s
[finalists] 29681/50000  2.8 games/s  ETA 1h58m52s
[finalists] 29690/50000  2.8 games/s  ETA 1h58m48s
[finalists] 29695/50000  2.8 games/s  ETA 1h58m46s
[finalists] 29703/50000  2.8 games/s  ETA 1h58m43s
[finalists] 29712/50000  2.8 games/s  ETA 1h58m39s
[finalists] 29715/50000  2.8 games/s  ETA 1h58m38s
[finalists] 29722/50000  2.8 games/s  ETA 1h58m35s
[finalists] 29725/50000  2.8 games/s  ETA 1h58m35s
[finalists] 29731/50000  2.8 games/s  ETA 1h58m33s
[finalists] 29734/50000  2.8 games/s  ETA 1h58m33s
[finalists] 29741/50000  2.8 games/s  ETA 1h58m30s
[finalists] 29747/50000  2.8 games/s  ETA 1h58m28s
[finalists] 29754/50000  2.8 games/s  ETA 1h58m25s
[finalists] 29759/50000  2.8 games/s  ETA 1h58m23s
[finalists] 29764/50000  2.8 games/s  ETA 1h58m22s
[finalists] 29769/50000  2.8 games/s  ETA 1h58m20s
[finalists] 29773/50000  2.8 games/s  ETA 1h58m19s
[finalists] 29777/50000  2.8 games/s  ETA 1h58m18s
[finalists] 29784/50000  2.8 games/s  ETA 1h58m15s
[finalists] 29789/50000  2.8 games/s  ETA 1h58m14s
[finalists] 29797/50000  2.8 games/s  ETA 1h58m10s
[finalists] 29803/50000  2.8 games/s  ETA 1h58m08s
[finalists] 29809/50000  2.8 games/s  ETA 1h58m06s
[finalists] 29816/50000  2.8 games/s  ETA 1h58m03s
[finalists] 29820/50000  2.8 games/s  ETA 1h58m02s
[finalists] 29829/50000  2.8 games/s  ETA 1h57m58s
[finalists] 29836/50000  2.8 games/s  ETA 1h57m56s
[finalists] 29843/50000  2.8 games/s  ETA 1h57m53s
[finalists] 29851/50000  2.8 games/s  ETA 1h57m49s
[finalists] 29857/50000  2.9 games/s  ETA 1h57m47s
[finalists] 29864/50000  2.9 games/s  ETA 1h57m44s
[finalists] 29868/50000  2.8 games/s  ETA 1h57m43s
[finalists] 29875/50000  2.9 games/s  ETA 1h57m41s
[finalists] 29880/50000  2.9 games/s  ETA 1h57m39s
[finalists] 29889/50000  2.9 games/s  ETA 1h57m35s
[finalists] 29895/50000  2.9 games/s  ETA 1h57m33s
[finalists] 29901/50000  2.9 games/s  ETA 1h57m31s
[finalists] 29908/50000  2.9 games/s  ETA 1h57m28s
[finalists] 29915/50000  2.9 games/s  ETA 1h57m25s
[finalists] 29920/50000  2.9 games/s  ETA 1h57m24s
[finalists] 29927/50000  2.9 games/s  ETA 1h57m21s
[finalists] 29935/50000  2.9 games/s  ETA 1h57m18s
[finalists] 29942/50000  2.9 games/s  ETA 1h57m15s
[finalists] 29948/50000  2.9 games/s  ETA 1h57m13s
[finalists] 29957/50000  2.9 games/s  ETA 1h57m09s
[finalists] 29962/50000  2.9 games/s  ETA 1h57m07s
[finalists] 29968/50000  2.9 games/s  ETA 1h57m05s
[finalists] 29976/50000  2.9 games/s  ETA 1h57m02s
[finalists] 29984/50000  2.9 games/s  ETA 1h56m58s
[finalists] 29994/50000  2.9 games/s  ETA 1h56m54s
[finalists] 29997/50000  2.9 games/s  ETA 1h56m53s
[finalists] 30006/50000  2.9 games/s  ETA 1h56m49s
[finalists] 30012/50000  2.9 games/s  ETA 1h56m47s
[finalists] 30018/50000  2.9 games/s  ETA 1h56m45s
[finalists] 30023/50000  2.9 games/s  ETA 1h56m43s
[finalists] 30032/50000  2.9 games/s  ETA 1h56m40s
[finalists] 30039/50000  2.9 games/s  ETA 1h56m37s
[finalists] 30044/50000  2.9 games/s  ETA 1h56m35s
[finalists] 30050/50000  2.9 games/s  ETA 1h56m33s
[finalists] 30058/50000  2.9 games/s  ETA 1h56m30s
[finalists] 30066/50000  2.9 games/s  ETA 1h56m26s
[finalists] 30073/50000  2.9 games/s  ETA 1h56m24s
[finalists] 30079/50000  2.9 games/s  ETA 1h56m21s
[finalists] 30085/50000  2.9 games/s  ETA 1h56m19s
[finalists] 30093/50000  2.9 games/s  ETA 1h56m16s
[finalists] 30098/50000  2.9 games/s  ETA 1h56m14s
[finalists] 30106/50000  2.9 games/s  ETA 1h56m11s
[finalists] 30109/50000  2.9 games/s  ETA 1h56m11s
[finalists] 30114/50000  2.9 games/s  ETA 1h56m09s
[finalists] 30120/50000  2.9 games/s  ETA 1h56m07s
[finalists] 30127/50000  2.9 games/s  ETA 1h56m04s
[finalists] 30136/50000  2.9 games/s  ETA 1h56m00s
[finalists] 30142/50000  2.9 games/s  ETA 1h55m58s
[finalists] 30147/50000  2.9 games/s  ETA 1h55m56s
[finalists] 30151/50000  2.9 games/s  ETA 1h55m55s
[finalists] 30156/50000  2.9 games/s  ETA 1h55m54s
[finalists] 30161/50000  2.9 games/s  ETA 1h55m52s
[finalists] 30164/50000  2.9 games/s  ETA 1h55m52s
[finalists] 30167/50000  2.9 games/s  ETA 1h55m51s
[finalists] 30174/50000  2.9 games/s  ETA 1h55m49s
[finalists] 30180/50000  2.9 games/s  ETA 1h55m46s
[finalists] 30188/50000  2.9 games/s  ETA 1h55m43s
[finalists] 30195/50000  2.9 games/s  ETA 1h55m40s
[finalists] 30204/50000  2.9 games/s  ETA 1h55m36s
[finalists] 30209/50000  2.9 games/s  ETA 1h55m35s
[finalists] 30216/50000  2.9 games/s  ETA 1h55m32s
[finalists] 30220/50000  2.9 games/s  ETA 1h55m31s
[finalists] 30224/50000  2.9 games/s  ETA 1h55m30s
[finalists] 30231/50000  2.9 games/s  ETA 1h55m27s
[finalists] 30237/50000  2.9 games/s  ETA 1h55m25s
[finalists] 30245/50000  2.9 games/s  ETA 1h55m22s
[finalists] 30251/50000  2.9 games/s  ETA 1h55m20s
[finalists] 30258/50000  2.9 games/s  ETA 1h55m17s
[finalists] 30266/50000  2.9 games/s  ETA 1h55m14s
[finalists] 30270/50000  2.9 games/s  ETA 1h55m13s
[finalists] 30276/50000  2.9 games/s  ETA 1h55m10s
[finalists] 30286/50000  2.9 games/s  ETA 1h55m06s
[finalists] 30292/50000  2.9 games/s  ETA 1h55m04s
[finalists] 30298/50000  2.9 games/s  ETA 1h55m02s
[finalists] 30304/50000  2.9 games/s  ETA 1h54m59s
[finalists] 30314/50000  2.9 games/s  ETA 1h54m55s
[finalists] 30321/50000  2.9 games/s  ETA 1h54m52s
[finalists] 30329/50000  2.9 games/s  ETA 1h54m49s
[finalists] 30338/50000  2.9 games/s  ETA 1h54m45s
[finalists] 30342/50000  2.9 games/s  ETA 1h54m44s
[finalists] 30347/50000  2.9 games/s  ETA 1h54m42s
[finalists] 30351/50000  2.9 games/s  ETA 1h54m41s
[finalists] 30356/50000  2.9 games/s  ETA 1h54m40s
[finalists] 30360/50000  2.9 games/s  ETA 1h54m39s
[finalists] 30365/50000  2.9 games/s  ETA 1h54m37s
[finalists] 30372/50000  2.9 games/s  ETA 1h54m34s
[finalists] 30379/50000  2.9 games/s  ETA 1h54m32s
[finalists] 30392/50000  2.9 games/s  ETA 1h54m26s
[finalists] 30399/50000  2.9 games/s  ETA 1h54m23s
[finalists] 30408/50000  2.9 games/s  ETA 1h54m19s
[finalists] 30416/50000  2.9 games/s  ETA 1h54m16s
[finalists] 30424/50000  2.9 games/s  ETA 1h54m12s
[finalists] 30431/50000  2.9 games/s  ETA 1h54m10s
[finalists] 30438/50000  2.9 games/s  ETA 1h54m07s
[finalists] 30448/50000  2.9 games/s  ETA 1h54m02s
[finalists] 30454/50000  2.9 games/s  ETA 1h54m00s
[finalists] 30461/50000  2.9 games/s  ETA 1h53m57s
[finalists] 30467/50000  2.9 games/s  ETA 1h53m55s
[finalists] 30474/50000  2.9 games/s  ETA 1h53m53s
[finalists] 30484/50000  2.9 games/s  ETA 1h53m48s
[finalists] 30492/50000  2.9 games/s  ETA 1h53m45s
[finalists] 30500/50000  2.9 games/s  ETA 1h53m41s
[finalists] 30507/50000  2.9 games/s  ETA 1h53m39s
[finalists] 30515/50000  2.9 games/s  ETA 1h53m35s
[finalists] 30524/50000  2.9 games/s  ETA 1h53m32s
[finalists] 30536/50000  2.9 games/s  ETA 1h53m26s
[finalists] 30545/50000  2.9 games/s  ETA 1h53m22s
[finalists] 30550/50000  2.9 games/s  ETA 1h53m20s
[finalists] 30556/50000  2.9 games/s  ETA 1h53m18s
[finalists] 30563/50000  2.9 games/s  ETA 1h53m16s
[finalists] 30568/50000  2.9 games/s  ETA 1h53m14s
[finalists] 30577/50000  2.9 games/s  ETA 1h53m10s
[finalists] 30583/50000  2.9 games/s  ETA 1h53m08s
[finalists] 30589/50000  2.9 games/s  ETA 1h53m06s
[finalists] 30595/50000  2.9 games/s  ETA 1h53m04s
[finalists] 30601/50000  2.9 games/s  ETA 1h53m01s
[finalists] 30606/50000  2.9 games/s  ETA 1h53m00s
[finalists] 30612/50000  2.9 games/s  ETA 1h52m58s
[finalists] 30618/50000  2.9 games/s  ETA 1h52m56s
[finalists] 30626/50000  2.9 games/s  ETA 1h52m52s
[finalists] 30632/50000  2.9 games/s  ETA 1h52m50s
[finalists] 30638/50000  2.9 games/s  ETA 1h52m48s
[finalists] 30641/50000  2.9 games/s  ETA 1h52m48s
[finalists] 30649/50000  2.9 games/s  ETA 1h52m44s
[finalists] 30655/50000  2.9 games/s  ETA 1h52m42s
[finalists] 30660/50000  2.9 games/s  ETA 1h52m40s
[finalists] 30668/50000  2.9 games/s  ETA 1h52m37s
[finalists] 30673/50000  2.9 games/s  ETA 1h52m36s
[finalists] 30676/50000  2.9 games/s  ETA 1h52m35s
[finalists] 30680/50000  2.9 games/s  ETA 1h52m34s
[finalists] 30686/50000  2.9 games/s  ETA 1h52m32s
[finalists] 30689/50000  2.9 games/s  ETA 1h52m31s
[finalists] 30694/50000  2.9 games/s  ETA 1h52m30s
[finalists] 30701/50000  2.9 games/s  ETA 1h52m27s
[finalists] 30709/50000  2.9 games/s  ETA 1h52m24s
[finalists] 30713/50000  2.9 games/s  ETA 1h52m23s
[finalists] 30716/50000  2.9 games/s  ETA 1h52m22s
[finalists] 30719/50000  2.9 games/s  ETA 1h52m22s
[finalists] 30726/50000  2.9 games/s  ETA 1h52m19s
[finalists] 30731/50000  2.9 games/s  ETA 1h52m18s
[finalists] 30738/50000  2.9 games/s  ETA 1h52m15s
[finalists] 30745/50000  2.9 games/s  ETA 1h52m12s
[finalists] 30753/50000  2.9 games/s  ETA 1h52m09s
[finalists] 30761/50000  2.9 games/s  ETA 1h52m06s
[finalists] 30767/50000  2.9 games/s  ETA 1h52m03s
[finalists] 30771/50000  2.9 games/s  ETA 1h52m02s
[finalists] 30776/50000  2.9 games/s  ETA 1h52m01s
[finalists] 30782/50000  2.9 games/s  ETA 1h51m59s
[finalists] 30787/50000  2.9 games/s  ETA 1h51m57s
[finalists] 30793/50000  2.9 games/s  ETA 1h51m55s
[finalists] 30799/50000  2.9 games/s  ETA 1h51m53s
[finalists] 30804/50000  2.9 games/s  ETA 1h51m51s
[finalists] 30810/50000  2.9 games/s  ETA 1h51m49s
[finalists] 30818/50000  2.9 games/s  ETA 1h51m46s
[finalists] 30826/50000  2.9 games/s  ETA 1h51m42s
[finalists] 30837/50000  2.9 games/s  ETA 1h51m37s
[finalists] 30843/50000  2.9 games/s  ETA 1h51m35s
[finalists] 30848/50000  2.9 games/s  ETA 1h51m34s
[finalists] 30855/50000  2.9 games/s  ETA 1h51m31s
[finalists] 30862/50000  2.9 games/s  ETA 1h51m28s
[finalists] 30867/50000  2.9 games/s  ETA 1h51m27s
[finalists] 30873/50000  2.9 games/s  ETA 1h51m24s
[finalists] 30881/50000  2.9 games/s  ETA 1h51m21s
[finalists] 30887/50000  2.9 games/s  ETA 1h51m19s
[finalists] 30893/50000  2.9 games/s  ETA 1h51m17s
[finalists] 30899/50000  2.9 games/s  ETA 1h51m15s
[finalists] 30904/50000  2.9 games/s  ETA 1h51m13s
[finalists] 30908/50000  2.9 games/s  ETA 1h51m12s
[finalists] 30914/50000  2.9 games/s  ETA 1h51m10s
[finalists] 30921/50000  2.9 games/s  ETA 1h51m07s
[finalists] 30930/50000  2.9 games/s  ETA 1h51m03s
[finalists] 30936/50000  2.9 games/s  ETA 1h51m01s
[finalists] 30942/50000  2.9 games/s  ETA 1h50m59s
[finalists] 30948/50000  2.9 games/s  ETA 1h50m57s
[finalists] 30953/50000  2.9 games/s  ETA 1h50m55s
[finalists] 30959/50000  2.9 games/s  ETA 1h50m53s
[finalists] 30965/50000  2.9 games/s  ETA 1h50m51s
[finalists] 30973/50000  2.9 games/s  ETA 1h50m48s
[finalists] 30979/50000  2.9 games/s  ETA 1h50m46s
[finalists] 30987/50000  2.9 games/s  ETA 1h50m42s
[finalists] 30993/50000  2.9 games/s  ETA 1h50m40s
[finalists] 30999/50000  2.9 games/s  ETA 1h50m38s
[finalists] 31006/50000  2.9 games/s  ETA 1h50m35s
[finalists] 31016/50000  2.9 games/s  ETA 1h50m31s
[finalists] 31019/50000  2.9 games/s  ETA 1h50m30s
[finalists] 31023/50000  2.9 games/s  ETA 1h50m29s
[finalists] 31031/50000  2.9 games/s  ETA 1h50m26s
[finalists] 31039/50000  2.9 games/s  ETA 1h50m23s
[finalists] 31045/50000  2.9 games/s  ETA 1h50m21s
[finalists] 31051/50000  2.9 games/s  ETA 1h50m19s
[finalists] 31057/50000  2.9 games/s  ETA 1h50m16s
[finalists] 31062/50000  2.9 games/s  ETA 1h50m15s
[finalists] 31068/50000  2.9 games/s  ETA 1h50m13s
[finalists] 31074/50000  2.9 games/s  ETA 1h50m10s
[finalists] 31080/50000  2.9 games/s  ETA 1h50m08s
[finalists] 31083/50000  2.9 games/s  ETA 1h50m08s
[finalists] 31089/50000  2.9 games/s  ETA 1h50m06s
[finalists] 31095/50000  2.9 games/s  ETA 1h50m04s
[finalists] 31097/50000  2.9 games/s  ETA 1h50m04s
[finalists] 31101/50000  2.9 games/s  ETA 1h50m03s
[finalists] 31108/50000  2.9 games/s  ETA 1h50m00s
[finalists] 31113/50000  2.9 games/s  ETA 1h49m58s
[finalists] 31118/50000  2.9 games/s  ETA 1h49m57s
[finalists] 31124/50000  2.9 games/s  ETA 1h49m55s
[finalists] 31129/50000  2.9 games/s  ETA 1h49m53s
[finalists] 31137/50000  2.9 games/s  ETA 1h49m50s
[finalists] 31142/50000  2.9 games/s  ETA 1h49m48s
[finalists] 31145/50000  2.9 games/s  ETA 1h49m48s
[finalists] 31153/50000  2.9 games/s  ETA 1h49m44s
[finalists] 31160/50000  2.9 games/s  ETA 1h49m42s
[finalists] 31164/50000  2.9 games/s  ETA 1h49m41s
[finalists] 31169/50000  2.9 games/s  ETA 1h49m39s
[finalists] 31177/50000  2.9 games/s  ETA 1h49m36s
[finalists] 31184/50000  2.9 games/s  ETA 1h49m33s
[finalists] 31191/50000  2.9 games/s  ETA 1h49m30s
[finalists] 31197/50000  2.9 games/s  ETA 1h49m28s
[finalists] 31202/50000  2.9 games/s  ETA 1h49m27s
[finalists] 31211/50000  2.9 games/s  ETA 1h49m23s
[finalists] 31216/50000  2.9 games/s  ETA 1h49m21s
[finalists] 31221/50000  2.9 games/s  ETA 1h49m20s
[finalists] 31230/50000  2.9 games/s  ETA 1h49m16s
[finalists] 31236/50000  2.9 games/s  ETA 1h49m14s
[finalists] 31241/50000  2.9 games/s  ETA 1h49m12s
[finalists] 31249/50000  2.9 games/s  ETA 1h49m09s
[finalists] 31256/50000  2.9 games/s  ETA 1h49m06s
[finalists] 31265/50000  2.9 games/s  ETA 1h49m02s
[finalists] 31270/50000  2.9 games/s  ETA 1h49m01s
[finalists] 31278/50000  2.9 games/s  ETA 1h48m57s
[finalists] 31285/50000  2.9 games/s  ETA 1h48m55s
[finalists] 31293/50000  2.9 games/s  ETA 1h48m51s
[finalists] 31299/50000  2.9 games/s  ETA 1h48m49s
[finalists] 31304/50000  2.9 games/s  ETA 1h48m48s
[finalists] 31315/50000  2.9 games/s  ETA 1h48m43s
[finalists] 31321/50000  2.9 games/s  ETA 1h48m40s
[finalists] 31330/50000  2.9 games/s  ETA 1h48m37s
[finalists] 31338/50000  2.9 games/s  ETA 1h48m33s
[finalists] 31348/50000  2.9 games/s  ETA 1h48m29s
[finalists] 31352/50000  2.9 games/s  ETA 1h48m28s
[finalists] 31358/50000  2.9 games/s  ETA 1h48m26s
[finalists] 31367/50000  2.9 games/s  ETA 1h48m22s
[finalists] 31375/50000  2.9 games/s  ETA 1h48m19s
[finalists] 31385/50000  2.9 games/s  ETA 1h48m14s
[finalists] 31391/50000  2.9 games/s  ETA 1h48m12s
[finalists] 31401/50000  2.9 games/s  ETA 1h48m08s
[finalists] 31407/50000  2.9 games/s  ETA 1h48m06s
[finalists] 31414/50000  2.9 games/s  ETA 1h48m03s
[finalists] 31419/50000  2.9 games/s  ETA 1h48m01s
[finalists] 31427/50000  2.9 games/s  ETA 1h47m58s
[finalists] 31433/50000  2.9 games/s  ETA 1h47m56s
[finalists] 31445/50000  2.9 games/s  ETA 1h47m51s
[finalists] 31452/50000  2.9 games/s  ETA 1h47m48s
[finalists] 31460/50000  2.9 games/s  ETA 1h47m45s
[finalists] 31467/50000  2.9 games/s  ETA 1h47m42s
[finalists] 31475/50000  2.9 games/s  ETA 1h47m39s
[finalists] 31479/50000  2.9 games/s  ETA 1h47m38s
[finalists] 31486/50000  2.9 games/s  ETA 1h47m35s
[finalists] 31493/50000  2.9 games/s  ETA 1h47m32s
[finalists] 31497/50000  2.9 games/s  ETA 1h47m31s
[finalists] 31502/50000  2.9 games/s  ETA 1h47m30s
[finalists] 31509/50000  2.9 games/s  ETA 1h47m27s
[finalists] 31511/50000  2.9 games/s  ETA 1h47m27s
[finalists] 31518/50000  2.9 games/s  ETA 1h47m24s
[finalists] 31524/50000  2.9 games/s  ETA 1h47m22s
[finalists] 31530/50000  2.9 games/s  ETA 1h47m20s
[finalists] 31537/50000  2.9 games/s  ETA 1h47m17s
[finalists] 31543/50000  2.9 games/s  ETA 1h47m15s
[finalists] 31547/50000  2.9 games/s  ETA 1h47m14s
[finalists] 31554/50000  2.9 games/s  ETA 1h47m11s
[finalists] 31558/50000  2.9 games/s  ETA 1h47m10s
[finalists] 31565/50000  2.9 games/s  ETA 1h47m08s
[finalists] 31572/50000  2.9 games/s  ETA 1h47m05s
[finalists] 31579/50000  2.9 games/s  ETA 1h47m02s
[finalists] 31590/50000  2.9 games/s  ETA 1h46m57s
[finalists] 31597/50000  2.9 games/s  ETA 1h46m55s
[finalists] 31603/50000  2.9 games/s  ETA 1h46m52s
[finalists] 31615/50000  2.9 games/s  ETA 1h46m47s
[finalists] 31623/50000  2.9 games/s  ETA 1h46m44s
[finalists] 31630/50000  2.9 games/s  ETA 1h46m41s
[finalists] 31641/50000  2.9 games/s  ETA 1h46m36s
[finalists] 31643/50000  2.9 games/s  ETA 1h46m36s
[finalists] 31649/50000  2.9 games/s  ETA 1h46m34s
[finalists] 31653/50000  2.9 games/s  ETA 1h46m33s
[finalists] 31658/50000  2.9 games/s  ETA 1h46m31s
[finalists] 31665/50000  2.9 games/s  ETA 1h46m29s
[finalists] 31672/50000  2.9 games/s  ETA 1h46m26s
[finalists] 31680/50000  2.9 games/s  ETA 1h46m23s
[finalists] 31691/50000  2.9 games/s  ETA 1h46m18s
[finalists] 31699/50000  2.9 games/s  ETA 1h46m15s
[finalists] 31704/50000  2.9 games/s  ETA 1h46m13s
[finalists] 31712/50000  2.9 games/s  ETA 1h46m10s
[finalists] 31716/50000  2.9 games/s  ETA 1h46m09s
[finalists] 31724/50000  2.9 games/s  ETA 1h46m06s
[finalists] 31731/50000  2.9 games/s  ETA 1h46m03s
[finalists] 31738/50000  2.9 games/s  ETA 1h46m00s
[finalists] 31744/50000  2.9 games/s  ETA 1h45m58s
[finalists] 31751/50000  2.9 games/s  ETA 1h45m55s
[finalists] 31758/50000  2.9 games/s  ETA 1h45m53s
[finalists] 31762/50000  2.9 games/s  ETA 1h45m52s
[finalists] 31769/50000  2.9 games/s  ETA 1h45m49s
[finalists] 31773/50000  2.9 games/s  ETA 1h45m48s
[finalists] 31781/50000  2.9 games/s  ETA 1h45m45s
[finalists] 31789/50000  2.9 games/s  ETA 1h45m41s
[finalists] 31795/50000  2.9 games/s  ETA 1h45m39s
[finalists] 31798/50000  2.9 games/s  ETA 1h45m39s
[finalists] 31805/50000  2.9 games/s  ETA 1h45m36s
[finalists] 31812/50000  2.9 games/s  ETA 1h45m33s
[finalists] 31815/50000  2.9 games/s  ETA 1h45m33s
[finalists] 31819/50000  2.9 games/s  ETA 1h45m32s
[finalists] 31822/50000  2.9 games/s  ETA 1h45m31s
[finalists] 31829/50000  2.9 games/s  ETA 1h45m29s
[finalists] 31836/50000  2.9 games/s  ETA 1h45m26s
[finalists] 31842/50000  2.9 games/s  ETA 1h45m24s
[finalists] 31846/50000  2.9 games/s  ETA 1h45m23s
[finalists] 31851/50000  2.9 games/s  ETA 1h45m21s
[finalists] 31859/50000  2.9 games/s  ETA 1h45m18s
[finalists] 31862/50000  2.9 games/s  ETA 1h45m17s
[finalists] 31869/50000  2.9 games/s  ETA 1h45m15s
[finalists] 31874/50000  2.9 games/s  ETA 1h45m13s
[finalists] 31881/50000  2.9 games/s  ETA 1h45m11s
[finalists] 31888/50000  2.9 games/s  ETA 1h45m08s
[finalists] 31891/50000  2.9 games/s  ETA 1h45m07s
[finalists] 31896/50000  2.9 games/s  ETA 1h45m06s
[finalists] 31900/50000  2.9 games/s  ETA 1h45m05s
[finalists] 31905/50000  2.9 games/s  ETA 1h45m03s
[finalists] 31911/50000  2.9 games/s  ETA 1h45m01s
[finalists] 31916/50000  2.9 games/s  ETA 1h44m59s
[finalists] 31921/50000  2.9 games/s  ETA 1h44m58s
[finalists] 31930/50000  2.9 games/s  ETA 1h44m54s
[finalists] 31938/50000  2.9 games/s  ETA 1h44m51s
[finalists] 31945/50000  2.9 games/s  ETA 1h44m48s
[finalists] 31951/50000  2.9 games/s  ETA 1h44m46s
[finalists] 31960/50000  2.9 games/s  ETA 1h44m42s
[finalists] 31964/50000  2.9 games/s  ETA 1h44m41s
[finalists] 31969/50000  2.9 games/s  ETA 1h44m40s
[finalists] 31977/50000  2.9 games/s  ETA 1h44m36s
[finalists] 31987/50000  2.9 games/s  ETA 1h44m32s
[finalists] 31994/50000  2.9 games/s  ETA 1h44m29s
[finalists] 32001/50000  2.9 games/s  ETA 1h44m27s
[finalists] 32009/50000  2.9 games/s  ETA 1h44m23s
[finalists] 32014/50000  2.9 games/s  ETA 1h44m22s
[finalists] 32021/50000  2.9 games/s  ETA 1h44m19s
[finalists] 32028/50000  2.9 games/s  ETA 1h44m16s
[finalists] 32037/50000  2.9 games/s  ETA 1h44m13s
[finalists] 32043/50000  2.9 games/s  ETA 1h44m11s
[finalists] 32049/50000  2.9 games/s  ETA 1h44m08s
[finalists] 32059/50000  2.9 games/s  ETA 1h44m04s
[finalists] 32069/50000  2.9 games/s  ETA 1h44m00s
[finalists] 32074/50000  2.9 games/s  ETA 1h43m58s
[finalists] 32081/50000  2.9 games/s  ETA 1h43m55s
[finalists] 32089/50000  2.9 games/s  ETA 1h43m52s
[finalists] 32096/50000  2.9 games/s  ETA 1h43m50s
[finalists] 32103/50000  2.9 games/s  ETA 1h43m47s
[finalists] 32111/50000  2.9 games/s  ETA 1h43m44s
[finalists] 32119/50000  2.9 games/s  ETA 1h43m40s
[finalists] 32122/50000  2.9 games/s  ETA 1h43m40s
[finalists] 32130/50000  2.9 games/s  ETA 1h43m37s
[finalists] 32138/50000  2.9 games/s  ETA 1h43m34s
[finalists] 32144/50000  2.9 games/s  ETA 1h43m31s
[finalists] 32151/50000  2.9 games/s  ETA 1h43m29s
[finalists] 32158/50000  2.9 games/s  ETA 1h43m26s
[finalists] 32163/50000  2.9 games/s  ETA 1h43m24s
[finalists] 32171/50000  2.9 games/s  ETA 1h43m21s
[finalists] 32178/50000  2.9 games/s  ETA 1h43m19s
[finalists] 32184/50000  2.9 games/s  ETA 1h43m16s
[finalists] 32189/50000  2.9 games/s  ETA 1h43m15s
[finalists] 32197/50000  2.9 games/s  ETA 1h43m12s
[finalists] 32204/50000  2.9 games/s  ETA 1h43m09s
[finalists] 32210/50000  2.9 games/s  ETA 1h43m07s
[finalists] 32217/50000  2.9 games/s  ETA 1h43m04s
[finalists] 32221/50000  2.9 games/s  ETA 1h43m03s
[finalists] 32226/50000  2.9 games/s  ETA 1h43m01s
[finalists] 32232/50000  2.9 games/s  ETA 1h42m59s
[finalists] 32238/50000  2.9 games/s  ETA 1h42m57s
[finalists] 32245/50000  2.9 games/s  ETA 1h42m55s
[finalists] 32252/50000  2.9 games/s  ETA 1h42m52s
[finalists] 32256/50000  2.9 games/s  ETA 1h42m51s
[finalists] 32263/50000  2.9 games/s  ETA 1h42m48s
[finalists] 32269/50000  2.9 games/s  ETA 1h42m46s
[finalists] 32275/50000  2.9 games/s  ETA 1h42m44s
[finalists] 32279/50000  2.9 games/s  ETA 1h42m43s
[finalists] 32287/50000  2.9 games/s  ETA 1h42m40s
[finalists] 32294/50000  2.9 games/s  ETA 1h42m37s
[finalists] 32302/50000  2.9 games/s  ETA 1h42m34s
[finalists] 32308/50000  2.9 games/s  ETA 1h42m32s
[finalists] 32315/50000  2.9 games/s  ETA 1h42m29s
[finalists] 32325/50000  2.9 games/s  ETA 1h42m25s
[finalists] 32332/50000  2.9 games/s  ETA 1h42m22s
[finalists] 32338/50000  2.9 games/s  ETA 1h42m20s
[finalists] 32342/50000  2.9 games/s  ETA 1h42m19s
[finalists] 32346/50000  2.9 games/s  ETA 1h42m18s
[finalists] 32353/50000  2.9 games/s  ETA 1h42m15s
[finalists] 32358/50000  2.9 games/s  ETA 1h42m13s
[finalists] 32363/50000  2.9 games/s  ETA 1h42m12s
[finalists] 32367/50000  2.9 games/s  ETA 1h42m11s
[finalists] 32373/50000  2.9 games/s  ETA 1h42m09s
[finalists] 32378/50000  2.9 games/s  ETA 1h42m07s
[finalists] 32385/50000  2.9 games/s  ETA 1h42m04s
[finalists] 32390/50000  2.9 games/s  ETA 1h42m03s
[finalists] 32397/50000  2.9 games/s  ETA 1h42m00s
[finalists] 32400/50000  2.9 games/s  ETA 1h42m00s
[finalists] 32407/50000  2.9 games/s  ETA 1h41m57s
[finalists] 32414/50000  2.9 games/s  ETA 1h41m54s
[finalists] 32419/50000  2.9 games/s  ETA 1h41m53s
[finalists] 32423/50000  2.9 games/s  ETA 1h41m52s
[finalists] 32427/50000  2.9 games/s  ETA 1h41m51s
[finalists] 32435/50000  2.9 games/s  ETA 1h41m47s
[finalists] 32442/50000  2.9 games/s  ETA 1h41m45s
[finalists] 32448/50000  2.9 games/s  ETA 1h41m43s
[finalists] 32455/50000  2.9 games/s  ETA 1h41m40s
[finalists] 32460/50000  2.9 games/s  ETA 1h41m38s
[finalists] 32468/50000  2.9 games/s  ETA 1h41m35s
[finalists] 32476/50000  2.9 games/s  ETA 1h41m32s
[finalists] 32484/50000  2.9 games/s  ETA 1h41m29s
[finalists] 32488/50000  2.9 games/s  ETA 1h41m28s
[finalists] 32495/50000  2.9 games/s  ETA 1h41m25s
[finalists] 32501/50000  2.9 games/s  ETA 1h41m23s
[finalists] 32508/50000  2.9 games/s  ETA 1h41m20s
[finalists] 32513/50000  2.9 games/s  ETA 1h41m19s
[finalists] 32519/50000  2.9 games/s  ETA 1h41m16s
[finalists] 32526/50000  2.9 games/s  ETA 1h41m14s
[finalists] 32532/50000  2.9 games/s  ETA 1h41m12s
[finalists] 32538/50000  2.9 games/s  ETA 1h41m09s
[finalists] 32544/50000  2.9 games/s  ETA 1h41m07s
[finalists] 32549/50000  2.9 games/s  ETA 1h41m06s
[finalists] 32557/50000  2.9 games/s  ETA 1h41m03s
[finalists] 32564/50000  2.9 games/s  ETA 1h41m00s
[finalists] 32569/50000  2.9 games/s  ETA 1h40m58s
[finalists] 32573/50000  2.9 games/s  ETA 1h40m57s
[finalists] 32581/50000  2.9 games/s  ETA 1h40m54s
[finalists] 32589/50000  2.9 games/s  ETA 1h40m51s
[finalists] 32594/50000  2.9 games/s  ETA 1h40m49s
[finalists] 32598/50000  2.9 games/s  ETA 1h40m48s
[finalists] 32603/50000  2.9 games/s  ETA 1h40m47s
[finalists] 32609/50000  2.9 games/s  ETA 1h40m44s
[finalists] 32615/50000  2.9 games/s  ETA 1h40m42s
[finalists] 32621/50000  2.9 games/s  ETA 1h40m40s
[finalists] 32630/50000  2.9 games/s  ETA 1h40m36s
[finalists] 32636/50000  2.9 games/s  ETA 1h40m34s
[finalists] 32644/50000  2.9 games/s  ETA 1h40m31s
[finalists] 32650/50000  2.9 games/s  ETA 1h40m29s
[finalists] 32655/50000  2.9 games/s  ETA 1h40m27s
[finalists] 32664/50000  2.9 games/s  ETA 1h40m24s
[finalists] 32669/50000  2.9 games/s  ETA 1h40m22s
[finalists] 32678/50000  2.9 games/s  ETA 1h40m18s
[finalists] 32686/50000  2.9 games/s  ETA 1h40m15s
[finalists] 32691/50000  2.9 games/s  ETA 1h40m14s
[finalists] 32697/50000  2.9 games/s  ETA 1h40m11s
[finalists] 32702/50000  2.9 games/s  ETA 1h40m10s
[finalists] 32707/50000  2.9 games/s  ETA 1h40m08s
[finalists] 32714/50000  2.9 games/s  ETA 1h40m06s
[finalists] 32721/50000  2.9 games/s  ETA 1h40m03s
[finalists] 32728/50000  2.9 games/s  ETA 1h40m00s
[finalists] 32733/50000  2.9 games/s  ETA 1h39m59s
[finalists] 32740/50000  2.9 games/s  ETA 1h39m56s
[finalists] 32746/50000  2.9 games/s  ETA 1h39m54s
[finalists] 32751/50000  2.9 games/s  ETA 1h39m52s
[finalists] 32756/50000  2.9 games/s  ETA 1h39m51s
[finalists] 32761/50000  2.9 games/s  ETA 1h39m49s
[finalists] 32767/50000  2.9 games/s  ETA 1h39m47s
[finalists] 32769/50000  2.9 games/s  ETA 1h39m47s
[finalists] 32776/50000  2.9 games/s  ETA 1h39m44s
[finalists] 32781/50000  2.9 games/s  ETA 1h39m43s
[finalists] 32788/50000  2.9 games/s  ETA 1h39m40s
[finalists] 32796/50000  2.9 games/s  ETA 1h39m37s
[finalists] 32798/50000  2.9 games/s  ETA 1h39m37s
[finalists] 32805/50000  2.9 games/s  ETA 1h39m34s
[finalists] 32812/50000  2.9 games/s  ETA 1h39m32s
[finalists] 32816/50000  2.9 games/s  ETA 1h39m30s
[finalists] 32825/50000  2.9 games/s  ETA 1h39m27s
[finalists] 32832/50000  2.9 games/s  ETA 1h39m24s
[finalists] 32839/50000  2.9 games/s  ETA 1h39m21s
[finalists] 32846/50000  2.9 games/s  ETA 1h39m19s
[finalists] 32851/50000  2.9 games/s  ETA 1h39m17s
[finalists] 32859/50000  2.9 games/s  ETA 1h39m14s
[finalists] 32863/50000  2.9 games/s  ETA 1h39m13s
[finalists] 32867/50000  2.9 games/s  ETA 1h39m12s
[finalists] 32873/50000  2.9 games/s  ETA 1h39m10s
[finalists] 32880/50000  2.9 games/s  ETA 1h39m07s
[finalists] 32888/50000  2.9 games/s  ETA 1h39m04s
[finalists] 32891/50000  2.9 games/s  ETA 1h39m03s
[finalists] 32897/50000  2.9 games/s  ETA 1h39m01s
[finalists] 32904/50000  2.9 games/s  ETA 1h38m59s
[finalists] 32907/50000  2.9 games/s  ETA 1h38m58s
[finalists] 32912/50000  2.9 games/s  ETA 1h38m56s
[finalists] 32916/50000  2.9 games/s  ETA 1h38m55s
[finalists] 32923/50000  2.9 games/s  ETA 1h38m53s
[finalists] 32929/50000  2.9 games/s  ETA 1h38m51s
[finalists] 32938/50000  2.9 games/s  ETA 1h38m47s
[finalists] 32945/50000  2.9 games/s  ETA 1h38m44s
[finalists] 32950/50000  2.9 games/s  ETA 1h38m43s
[finalists] 32952/50000  2.9 games/s  ETA 1h38m43s
[finalists] 32960/50000  2.9 games/s  ETA 1h38m39s
[finalists] 32967/50000  2.9 games/s  ETA 1h38m37s
[finalists] 32975/50000  2.9 games/s  ETA 1h38m34s
[finalists] 32983/50000  2.9 games/s  ETA 1h38m30s
[finalists] 32992/50000  2.9 games/s  ETA 1h38m27s
[finalists] 32996/50000  2.9 games/s  ETA 1h38m26s
[finalists] 33001/50000  2.9 games/s  ETA 1h38m24s
[finalists] 33007/50000  2.9 games/s  ETA 1h38m22s
[finalists] 33014/50000  2.9 games/s  ETA 1h38m19s
[finalists] 33021/50000  2.9 games/s  ETA 1h38m17s
[finalists] 33026/50000  2.9 games/s  ETA 1h38m15s
[finalists] 33036/50000  2.9 games/s  ETA 1h38m11s
[finalists] 33040/50000  2.9 games/s  ETA 1h38m10s
[finalists] 33047/50000  2.9 games/s  ETA 1h38m07s
[finalists] 33052/50000  2.9 games/s  ETA 1h38m05s
[finalists] 33060/50000  2.9 games/s  ETA 1h38m02s
[finalists] 33068/50000  2.9 games/s  ETA 1h37m59s
[finalists] 33073/50000  2.9 games/s  ETA 1h37m57s
[finalists] 33081/50000  2.9 games/s  ETA 1h37m54s
[finalists] 33089/50000  2.9 games/s  ETA 1h37m51s
[finalists] 33095/50000  2.9 games/s  ETA 1h37m49s
[finalists] 33103/50000  2.9 games/s  ETA 1h37m46s
[finalists] 33109/50000  2.9 games/s  ETA 1h37m44s
[finalists] 33117/50000  2.9 games/s  ETA 1h37m41s
[finalists] 33124/50000  2.9 games/s  ETA 1h37m38s
[finalists] 33131/50000  2.9 games/s  ETA 1h37m35s
[finalists] 33138/50000  2.9 games/s  ETA 1h37m33s
[finalists] 33143/50000  2.9 games/s  ETA 1h37m31s
[finalists] 33150/50000  2.9 games/s  ETA 1h37m28s
[finalists] 33160/50000  2.9 games/s  ETA 1h37m24s
[finalists] 33167/50000  2.9 games/s  ETA 1h37m21s
[finalists] 33171/50000  2.9 games/s  ETA 1h37m20s
[finalists] 33176/50000  2.9 games/s  ETA 1h37m19s
[finalists] 33187/50000  2.9 games/s  ETA 1h37m14s
[finalists] 33193/50000  2.9 games/s  ETA 1h37m12s
[finalists] 33199/50000  2.9 games/s  ETA 1h37m10s
[finalists] 33209/50000  2.9 games/s  ETA 1h37m06s
[finalists] 33213/50000  2.9 games/s  ETA 1h37m04s
[finalists] 33221/50000  2.9 games/s  ETA 1h37m01s
[finalists] 33230/50000  2.9 games/s  ETA 1h36m58s
[finalists] 33238/50000  2.9 games/s  ETA 1h36m54s
[finalists] 33243/50000  2.9 games/s  ETA 1h36m53s
[finalists] 33250/50000  2.9 games/s  ETA 1h36m50s
[finalists] 33258/50000  2.9 games/s  ETA 1h36m47s
[finalists] 33266/50000  2.9 games/s  ETA 1h36m44s
[finalists] 33276/50000  2.9 games/s  ETA 1h36m40s
[finalists] 33284/50000  2.9 games/s  ETA 1h36m37s
[finalists] 33291/50000  2.9 games/s  ETA 1h36m34s
[finalists] 33297/50000  2.9 games/s  ETA 1h36m32s
[finalists] 33301/50000  2.9 games/s  ETA 1h36m31s
[finalists] 33309/50000  2.9 games/s  ETA 1h36m28s
[finalists] 33313/50000  2.9 games/s  ETA 1h36m26s
[finalists] 33320/50000  2.9 games/s  ETA 1h36m24s
[finalists] 33325/50000  2.9 games/s  ETA 1h36m22s
[finalists] 33329/50000  2.9 games/s  ETA 1h36m21s
[finalists] 33334/50000  2.9 games/s  ETA 1h36m20s
[finalists] 33340/50000  2.9 games/s  ETA 1h36m17s
[finalists] 33349/50000  2.9 games/s  ETA 1h36m14s
[finalists] 33356/50000  2.9 games/s  ETA 1h36m11s
[finalists] 33361/50000  2.9 games/s  ETA 1h36m09s
[finalists] 33368/50000  2.9 games/s  ETA 1h36m07s
[finalists] 33372/50000  2.9 games/s  ETA 1h36m06s
[finalists] 33377/50000  2.9 games/s  ETA 1h36m04s
[finalists] 33382/50000  2.9 games/s  ETA 1h36m03s
[finalists] 33389/50000  2.9 games/s  ETA 1h36m00s
[finalists] 33396/50000  2.9 games/s  ETA 1h35m57s
[finalists] 33404/50000  2.9 games/s  ETA 1h35m54s
[finalists] 33412/50000  2.9 games/s  ETA 1h35m51s
[finalists] 33417/50000  2.9 games/s  ETA 1h35m49s
[finalists] 33423/50000  2.9 games/s  ETA 1h35m47s
[finalists] 33430/50000  2.9 games/s  ETA 1h35m45s
[finalists] 33438/50000  2.9 games/s  ETA 1h35m41s
[finalists] 33443/50000  2.9 games/s  ETA 1h35m40s
[finalists] 33447/50000  2.9 games/s  ETA 1h35m39s
[finalists] 33454/50000  2.9 games/s  ETA 1h35m36s
[finalists] 33460/50000  2.9 games/s  ETA 1h35m34s
[finalists] 33471/50000  2.9 games/s  ETA 1h35m29s
[finalists] 33476/50000  2.9 games/s  ETA 1h35m28s
[finalists] 33487/50000  2.9 games/s  ETA 1h35m23s
[finalists] 33495/50000  2.9 games/s  ETA 1h35m20s
[finalists] 33504/50000  2.9 games/s  ETA 1h35m16s
[finalists] 33513/50000  2.9 games/s  ETA 1h35m12s
[finalists] 33520/50000  2.9 games/s  ETA 1h35m10s
[finalists] 33526/50000  2.9 games/s  ETA 1h35m08s
[finalists] 33536/50000  2.9 games/s  ETA 1h35m04s
[finalists] 33544/50000  2.9 games/s  ETA 1h35m00s
[finalists] 33550/50000  2.9 games/s  ETA 1h34m58s
[finalists] 33558/50000  2.9 games/s  ETA 1h34m55s
[finalists] 33567/50000  2.9 games/s  ETA 1h34m51s
[finalists] 33573/50000  2.9 games/s  ETA 1h34m49s
[finalists] 33581/50000  2.9 games/s  ETA 1h34m46s
[finalists] 33590/50000  2.9 games/s  ETA 1h34m43s
[finalists] 33599/50000  2.9 games/s  ETA 1h34m39s
[finalists] 33604/50000  2.9 games/s  ETA 1h34m37s
[finalists] 33614/50000  2.9 games/s  ETA 1h34m33s
[finalists] 33621/50000  2.9 games/s  ETA 1h34m30s
[finalists] 33635/50000  2.9 games/s  ETA 1h34m24s
[finalists] 33642/50000  2.9 games/s  ETA 1h34m22s
[finalists] 33645/50000  2.9 games/s  ETA 1h34m21s
[finalists] 33653/50000  2.9 games/s  ETA 1h34m18s
[finalists] 33661/50000  2.9 games/s  ETA 1h34m15s
[finalists] 33666/50000  2.9 games/s  ETA 1h34m13s
[finalists] 33672/50000  2.9 games/s  ETA 1h34m11s
[finalists] 33678/50000  2.9 games/s  ETA 1h34m09s
[finalists] 33686/50000  2.9 games/s  ETA 1h34m06s
[finalists] 33696/50000  2.9 games/s  ETA 1h34m02s
[finalists] 33702/50000  2.9 games/s  ETA 1h34m00s
[finalists] 33711/50000  2.9 games/s  ETA 1h33m56s
[finalists] 33718/50000  2.9 games/s  ETA 1h33m53s
[finalists] 33727/50000  2.9 games/s  ETA 1h33m50s
[finalists] 33735/50000  2.9 games/s  ETA 1h33m46s
[finalists] 33747/50000  2.9 games/s  ETA 1h33m41s
[finalists] 33754/50000  2.9 games/s  ETA 1h33m39s
[finalists] 33760/50000  2.9 games/s  ETA 1h33m37s
[finalists] 33765/50000  2.9 games/s  ETA 1h33m35s
[finalists] 33771/50000  2.9 games/s  ETA 1h33m33s
[finalists] 33781/50000  2.9 games/s  ETA 1h33m29s
[finalists] 33790/50000  2.9 games/s  ETA 1h33m25s
[finalists] 33797/50000  2.9 games/s  ETA 1h33m22s
[finalists] 33802/50000  2.9 games/s  ETA 1h33m21s
[finalists] 33810/50000  2.9 games/s  ETA 1h33m18s
[finalists] 33816/50000  2.9 games/s  ETA 1h33m16s
[finalists] 33823/50000  2.9 games/s  ETA 1h33m13s
[finalists] 33829/50000  2.9 games/s  ETA 1h33m11s
[finalists] 33837/50000  2.9 games/s  ETA 1h33m08s
[finalists] 33846/50000  2.9 games/s  ETA 1h33m04s
[finalists] 33850/50000  2.9 games/s  ETA 1h33m03s
[finalists] 33859/50000  2.9 games/s  ETA 1h32m59s
[finalists] 33864/50000  2.9 games/s  ETA 1h32m58s
[finalists] 33872/50000  2.9 games/s  ETA 1h32m55s
[finalists] 33881/50000  2.9 games/s  ETA 1h32m51s
[finalists] 33887/50000  2.9 games/s  ETA 1h32m49s
[finalists] 33896/50000  2.9 games/s  ETA 1h32m45s
[finalists] 33902/50000  2.9 games/s  ETA 1h32m43s
[finalists] 33909/50000  2.9 games/s  ETA 1h32m40s
[finalists] 33914/50000  2.9 games/s  ETA 1h32m39s
[finalists] 33920/50000  2.9 games/s  ETA 1h32m37s
[finalists] 33925/50000  2.9 games/s  ETA 1h32m35s
[finalists] 33932/50000  2.9 games/s  ETA 1h32m33s
[finalists] 33937/50000  2.9 games/s  ETA 1h32m31s
[finalists] 33945/50000  2.9 games/s  ETA 1h32m28s
[finalists] 33952/50000  2.9 games/s  ETA 1h32m25s
[finalists] 33960/50000  2.9 games/s  ETA 1h32m22s
[finalists] 33968/50000  2.9 games/s  ETA 1h32m19s
[finalists] 33975/50000  2.9 games/s  ETA 1h32m16s
[finalists] 33984/50000  2.9 games/s  ETA 1h32m13s
[finalists] 33990/50000  2.9 games/s  ETA 1h32m11s
[finalists] 33997/50000  2.9 games/s  ETA 1h32m08s
[finalists] 34004/50000  2.9 games/s  ETA 1h32m05s
[finalists] 34012/50000  2.9 games/s  ETA 1h32m02s
[finalists] 34018/50000  2.9 games/s  ETA 1h32m00s
[finalists] 34023/50000  2.9 games/s  ETA 1h31m59s
[finalists] 34029/50000  2.9 games/s  ETA 1h31m56s
[finalists] 34038/50000  2.9 games/s  ETA 1h31m53s
[finalists] 34047/50000  2.9 games/s  ETA 1h31m49s
[finalists] 34055/50000  2.9 games/s  ETA 1h31m46s
[finalists] 34064/50000  2.9 games/s  ETA 1h31m42s
[finalists] 34072/50000  2.9 games/s  ETA 1h31m39s
[finalists] 34079/50000  2.9 games/s  ETA 1h31m37s
[finalists] 34089/50000  2.9 games/s  ETA 1h31m33s
[finalists] 34095/50000  2.9 games/s  ETA 1h31m30s
[finalists] 34103/50000  2.9 games/s  ETA 1h31m27s
[finalists] 34107/50000  2.9 games/s  ETA 1h31m26s
[finalists] 34113/50000  2.9 games/s  ETA 1h31m24s
[finalists] 34123/50000  2.9 games/s  ETA 1h31m20s
[finalists] 34128/50000  2.9 games/s  ETA 1h31m18s
[finalists] 34138/50000  2.9 games/s  ETA 1h31m14s
[finalists] 34146/50000  2.9 games/s  ETA 1h31m11s
[finalists] 34150/50000  2.9 games/s  ETA 1h31m10s
[finalists] 34157/50000  2.9 games/s  ETA 1h31m08s
[finalists] 34163/50000  2.9 games/s  ETA 1h31m05s
[finalists] 34171/50000  2.9 games/s  ETA 1h31m02s
[finalists] 34179/50000  2.9 games/s  ETA 1h30m59s
[finalists] 34184/50000  2.9 games/s  ETA 1h30m58s
[finalists] 34192/50000  2.9 games/s  ETA 1h30m54s
[finalists] 34198/50000  2.9 games/s  ETA 1h30m52s
[finalists] 34205/50000  2.9 games/s  ETA 1h30m50s
[finalists] 34210/50000  2.9 games/s  ETA 1h30m48s
[finalists] 34216/50000  2.9 games/s  ETA 1h30m46s
[finalists] 34222/50000  2.9 games/s  ETA 1h30m44s
[finalists] 34230/50000  2.9 games/s  ETA 1h30m41s
[finalists] 34241/50000  2.9 games/s  ETA 1h30m36s
[finalists] 34249/50000  2.9 games/s  ETA 1h30m33s
[finalists] 34254/50000  2.9 games/s  ETA 1h30m32s
[finalists] 34261/50000  2.9 games/s  ETA 1h30m29s
[finalists] 34270/50000  2.9 games/s  ETA 1h30m25s
[finalists] 34277/50000  2.9 games/s  ETA 1h30m23s
[finalists] 34286/50000  2.9 games/s  ETA 1h30m19s
[finalists] 34298/50000  2.9 games/s  ETA 1h30m14s
[finalists] 34302/50000  2.9 games/s  ETA 1h30m13s
[finalists] 34310/50000  2.9 games/s  ETA 1h30m10s
[finalists] 34317/50000  2.9 games/s  ETA 1h30m07s
[finalists] 34326/50000  2.9 games/s  ETA 1h30m04s
[finalists] 34337/50000  2.9 games/s  ETA 1h29m59s
[finalists] 34345/50000  2.9 games/s  ETA 1h29m56s
[finalists] 34352/50000  2.9 games/s  ETA 1h29m53s
[finalists] 34358/50000  2.9 games/s  ETA 1h29m51s
[finalists] 34365/50000  2.9 games/s  ETA 1h29m49s
[finalists] 34371/50000  2.9 games/s  ETA 1h29m46s
[finalists] 34379/50000  2.9 games/s  ETA 1h29m43s
[finalists] 34390/50000  2.9 games/s  ETA 1h29m39s
[finalists] 34397/50000  2.9 games/s  ETA 1h29m36s
[finalists] 34404/50000  2.9 games/s  ETA 1h29m34s
[finalists] 34414/50000  2.9 games/s  ETA 1h29m29s
[finalists] 34421/50000  2.9 games/s  ETA 1h29m27s
[finalists] 34429/50000  2.9 games/s  ETA 1h29m24s
[finalists] 34435/50000  2.9 games/s  ETA 1h29m22s
[finalists] 34441/50000  2.9 games/s  ETA 1h29m20s
[finalists] 34450/50000  2.9 games/s  ETA 1h29m16s
[finalists] 34460/50000  2.9 games/s  ETA 1h29m12s
[finalists] 34467/50000  2.9 games/s  ETA 1h29m09s
[finalists] 34477/50000  2.9 games/s  ETA 1h29m05s
[finalists] 34483/50000  2.9 games/s  ETA 1h29m03s
[finalists] 34491/50000  2.9 games/s  ETA 1h29m00s
[finalists] 34498/50000  2.9 games/s  ETA 1h28m57s
[finalists] 34506/50000  2.9 games/s  ETA 1h28m54s
[finalists] 34515/50000  2.9 games/s  ETA 1h28m51s
[finalists] 34522/50000  2.9 games/s  ETA 1h28m48s
[finalists] 34533/50000  2.9 games/s  ETA 1h28m44s
[finalists] 34544/50000  2.9 games/s  ETA 1h28m39s
[finalists] 34552/50000  2.9 games/s  ETA 1h28m36s
[finalists] 34557/50000  2.9 games/s  ETA 1h28m34s
[finalists] 34565/50000  2.9 games/s  ETA 1h28m31s
[finalists] 34572/50000  2.9 games/s  ETA 1h28m29s
[finalists] 34585/50000  2.9 games/s  ETA 1h28m23s
[finalists] 34595/50000  2.9 games/s  ETA 1h28m19s
[finalists] 34602/50000  2.9 games/s  ETA 1h28m16s
[finalists] 34611/50000  2.9 games/s  ETA 1h28m13s
[finalists] 34616/50000  2.9 games/s  ETA 1h28m11s
[finalists] 34624/50000  2.9 games/s  ETA 1h28m08s
[finalists] 34633/50000  2.9 games/s  ETA 1h28m04s
[finalists] 34640/50000  2.9 games/s  ETA 1h28m02s
[finalists] 34648/50000  2.9 games/s  ETA 1h27m59s
[finalists] 34652/50000  2.9 games/s  ETA 1h27m58s
[finalists] 34659/50000  2.9 games/s  ETA 1h27m55s
[finalists] 34667/50000  2.9 games/s  ETA 1h27m52s
[finalists] 34675/50000  2.9 games/s  ETA 1h27m49s
[finalists] 34684/50000  2.9 games/s  ETA 1h27m45s
[finalists] 34694/50000  2.9 games/s  ETA 1h27m41s
[finalists] 34704/50000  2.9 games/s  ETA 1h27m37s
[finalists] 34709/50000  2.9 games/s  ETA 1h27m36s
[finalists] 34715/50000  2.9 games/s  ETA 1h27m34s
[finalists] 34723/50000  2.9 games/s  ETA 1h27m30s
[finalists] 34733/50000  2.9 games/s  ETA 1h27m26s
[finalists] 34741/50000  2.9 games/s  ETA 1h27m23s
[finalists] 34750/50000  2.9 games/s  ETA 1h27m20s
[finalists] 34756/50000  2.9 games/s  ETA 1h27m18s
[finalists] 34760/50000  2.9 games/s  ETA 1h27m17s
[finalists] 34769/50000  2.9 games/s  ETA 1h27m13s
[finalists] 34774/50000  2.9 games/s  ETA 1h27m11s
[finalists] 34784/50000  2.9 games/s  ETA 1h27m07s
[finalists] 34794/50000  2.9 games/s  ETA 1h27m03s
[finalists] 34800/50000  2.9 games/s  ETA 1h27m01s
[finalists] 34805/50000  2.9 games/s  ETA 1h27m00s
[finalists] 34813/50000  2.9 games/s  ETA 1h26m57s
[finalists] 34816/50000  2.9 games/s  ETA 1h26m56s
[finalists] 34822/50000  2.9 games/s  ETA 1h26m54s
[finalists] 34832/50000  2.9 games/s  ETA 1h26m50s
[finalists] 34838/50000  2.9 games/s  ETA 1h26m48s
[finalists] 34845/50000  2.9 games/s  ETA 1h26m45s
[finalists] 34852/50000  2.9 games/s  ETA 1h26m43s
[finalists] 34858/50000  2.9 games/s  ETA 1h26m40s
[finalists] 34867/50000  2.9 games/s  ETA 1h26m37s
[finalists] 34874/50000  2.9 games/s  ETA 1h26m34s
[finalists] 34882/50000  2.9 games/s  ETA 1h26m31s
[finalists] 34892/50000  2.9 games/s  ETA 1h26m27s
[finalists] 34901/50000  2.9 games/s  ETA 1h26m24s
[finalists] 34909/50000  2.9 games/s  ETA 1h26m21s
[finalists] 34917/50000  2.9 games/s  ETA 1h26m17s
[finalists] 34925/50000  2.9 games/s  ETA 1h26m14s
[finalists] 34932/50000  2.9 games/s  ETA 1h26m12s
[finalists] 34941/50000  2.9 games/s  ETA 1h26m08s
[finalists] 34952/50000  2.9 games/s  ETA 1h26m04s
[finalists] 34961/50000  2.9 games/s  ETA 1h26m00s
[finalists] 34969/50000  2.9 games/s  ETA 1h25m57s
[finalists] 34974/50000  2.9 games/s  ETA 1h25m56s
[finalists] 34982/50000  2.9 games/s  ETA 1h25m52s
[finalists] 34991/50000  2.9 games/s  ETA 1h25m49s
[finalists] 34995/50000  2.9 games/s  ETA 1h25m48s
[finalists] 35003/50000  2.9 games/s  ETA 1h25m45s
[finalists] 35009/50000  2.9 games/s  ETA 1h25m43s
[finalists] 35014/50000  2.9 games/s  ETA 1h25m41s
[finalists] 35022/50000  2.9 games/s  ETA 1h25m38s
[finalists] 35031/50000  2.9 games/s  ETA 1h25m34s
[finalists] 35033/50000  2.9 games/s  ETA 1h25m34s
[finalists] 35040/50000  2.9 games/s  ETA 1h25m32s
[finalists] 35048/50000  2.9 games/s  ETA 1h25m29s
[finalists] 35058/50000  2.9 games/s  ETA 1h25m25s
[finalists] 35064/50000  2.9 games/s  ETA 1h25m23s
[finalists] 35072/50000  2.9 games/s  ETA 1h25m19s
[finalists] 35082/50000  2.9 games/s  ETA 1h25m15s
[finalists] 35089/50000  2.9 games/s  ETA 1h25m13s
[finalists] 35098/50000  2.9 games/s  ETA 1h25m09s
[finalists] 35104/50000  2.9 games/s  ETA 1h25m07s
[finalists] 35110/50000  2.9 games/s  ETA 1h25m05s
[finalists] 35117/50000  2.9 games/s  ETA 1h25m03s
[finalists] 35122/50000  2.9 games/s  ETA 1h25m01s
[finalists] 35127/50000  2.9 games/s  ETA 1h24m59s
[finalists] 35132/50000  2.9 games/s  ETA 1h24m58s
[finalists] 35137/50000  2.9 games/s  ETA 1h24m56s
[finalists] 35144/50000  2.9 games/s  ETA 1h24m54s
[finalists] 35152/50000  2.9 games/s  ETA 1h24m51s
[finalists] 35158/50000  2.9 games/s  ETA 1h24m49s
[finalists] 35164/50000  2.9 games/s  ETA 1h24m46s
[finalists] 35174/50000  2.9 games/s  ETA 1h24m42s
[finalists] 35179/50000  2.9 games/s  ETA 1h24m41s
[finalists] 35187/50000  2.9 games/s  ETA 1h24m38s
[finalists] 35196/50000  2.9 games/s  ETA 1h24m34s
[finalists] 35201/50000  2.9 games/s  ETA 1h24m33s
[finalists] 35209/50000  2.9 games/s  ETA 1h24m30s
[finalists] 35215/50000  2.9 games/s  ETA 1h24m28s
[finalists] 35222/50000  2.9 games/s  ETA 1h24m25s
[finalists] 35229/50000  2.9 games/s  ETA 1h24m22s
[finalists] 35237/50000  2.9 games/s  ETA 1h24m19s
[finalists] 35242/50000  2.9 games/s  ETA 1h24m18s
[finalists] 35249/50000  2.9 games/s  ETA 1h24m15s
[finalists] 35255/50000  2.9 games/s  ETA 1h24m13s
[finalists] 35263/50000  2.9 games/s  ETA 1h24m10s
[finalists] 35269/50000  2.9 games/s  ETA 1h24m08s
[finalists] 35273/50000  2.9 games/s  ETA 1h24m07s
[finalists] 35281/50000  2.9 games/s  ETA 1h24m04s
[finalists] 35287/50000  2.9 games/s  ETA 1h24m02s
[finalists] 35296/50000  2.9 games/s  ETA 1h23m58s
[finalists] 35303/50000  2.9 games/s  ETA 1h23m56s
[finalists] 35309/50000  2.9 games/s  ETA 1h23m54s
[finalists] 35318/50000  2.9 games/s  ETA 1h23m50s
[finalists] 35324/50000  2.9 games/s  ETA 1h23m48s
[finalists] 35333/50000  2.9 games/s  ETA 1h23m44s
[finalists] 35341/50000  2.9 games/s  ETA 1h23m41s
[finalists] 35348/50000  2.9 games/s  ETA 1h23m39s
[finalists] 35359/50000  2.9 games/s  ETA 1h23m34s
[finalists] 35369/50000  2.9 games/s  ETA 1h23m30s
[finalists] 35376/50000  2.9 games/s  ETA 1h23m28s
[finalists] 35385/50000  2.9 games/s  ETA 1h23m24s
[finalists] 35392/50000  2.9 games/s  ETA 1h23m22s
[finalists] 35399/50000  2.9 games/s  ETA 1h23m19s
[finalists] 35408/50000  2.9 games/s  ETA 1h23m16s
[finalists] 35412/50000  2.9 games/s  ETA 1h23m14s
[finalists] 35420/50000  2.9 games/s  ETA 1h23m11s
[finalists] 35429/50000  2.9 games/s  ETA 1h23m08s
[finalists] 35434/50000  2.9 games/s  ETA 1h23m06s
[finalists] 35442/50000  2.9 games/s  ETA 1h23m03s
[finalists] 35447/50000  2.9 games/s  ETA 1h23m02s
[finalists] 35451/50000  2.9 games/s  ETA 1h23m01s
[finalists] 35460/50000  2.9 games/s  ETA 1h22m57s
[finalists] 35469/50000  2.9 games/s  ETA 1h22m53s
[finalists] 35477/50000  2.9 games/s  ETA 1h22m50s
[finalists] 35483/50000  2.9 games/s  ETA 1h22m48s
[finalists] 35494/50000  2.9 games/s  ETA 1h22m44s
[finalists] 35502/50000  2.9 games/s  ETA 1h22m41s
[finalists] 35510/50000  2.9 games/s  ETA 1h22m38s
[finalists] 35516/50000  2.9 games/s  ETA 1h22m36s
[finalists] 35524/50000  2.9 games/s  ETA 1h22m33s
[finalists] 35535/50000  2.9 games/s  ETA 1h22m28s
[finalists] 35540/50000  2.9 games/s  ETA 1h22m27s
[finalists] 35543/50000  2.9 games/s  ETA 1h22m26s
[finalists] 35552/50000  2.9 games/s  ETA 1h22m22s
[finalists] 35558/50000  2.9 games/s  ETA 1h22m20s
[finalists] 35564/50000  2.9 games/s  ETA 1h22m18s
[finalists] 35574/50000  2.9 games/s  ETA 1h22m14s
[finalists] 35579/50000  2.9 games/s  ETA 1h22m13s
[finalists] 35582/50000  2.9 games/s  ETA 1h22m12s
[finalists] 35588/50000  2.9 games/s  ETA 1h22m10s
[finalists] 35595/50000  2.9 games/s  ETA 1h22m07s
[finalists] 35600/50000  2.9 games/s  ETA 1h22m06s
[finalists] 35605/50000  2.9 games/s  ETA 1h22m04s
[finalists] 35614/50000  2.9 games/s  ETA 1h22m01s
[finalists] 35619/50000  2.9 games/s  ETA 1h21m59s
[finalists] 35626/50000  2.9 games/s  ETA 1h21m57s
[finalists] 35637/50000  2.9 games/s  ETA 1h21m52s
[finalists] 35642/50000  2.9 games/s  ETA 1h21m51s
[finalists] 35650/50000  2.9 games/s  ETA 1h21m48s
[finalists] 35660/50000  2.9 games/s  ETA 1h21m44s
[finalists] 35667/50000  2.9 games/s  ETA 1h21m41s
[finalists] 35675/50000  2.9 games/s  ETA 1h21m38s
[finalists] 35683/50000  2.9 games/s  ETA 1h21m35s
[finalists] 35691/50000  2.9 games/s  ETA 1h21m32s
[finalists] 35698/50000  2.9 games/s  ETA 1h21m29s
[finalists] 35703/50000  2.9 games/s  ETA 1h21m28s
[finalists] 35709/50000  2.9 games/s  ETA 1h21m26s
[finalists] 35715/50000  2.9 games/s  ETA 1h21m24s
[finalists] 35723/50000  2.9 games/s  ETA 1h21m21s
[finalists] 35733/50000  2.9 games/s  ETA 1h21m17s
[finalists] 35742/50000  2.9 games/s  ETA 1h21m13s
[finalists] 35747/50000  2.9 games/s  ETA 1h21m11s
[finalists] 35755/50000  2.9 games/s  ETA 1h21m08s
[finalists] 35763/50000  2.9 games/s  ETA 1h21m05s
[finalists] 35767/50000  2.9 games/s  ETA 1h21m04s
[finalists] 35772/50000  2.9 games/s  ETA 1h21m03s
[finalists] 35780/50000  2.9 games/s  ETA 1h21m00s
[finalists] 35787/50000  2.9 games/s  ETA 1h20m57s
[finalists] 35795/50000  2.9 games/s  ETA 1h20m54s
[finalists] 35801/50000  2.9 games/s  ETA 1h20m52s
[finalists] 35810/50000  2.9 games/s  ETA 1h20m49s
[finalists] 35814/50000  2.9 games/s  ETA 1h20m47s
[finalists] 35824/50000  2.9 games/s  ETA 1h20m43s
[finalists] 35831/50000  2.9 games/s  ETA 1h20m41s
[finalists] 35837/50000  2.9 games/s  ETA 1h20m39s
[finalists] 35844/50000  2.9 games/s  ETA 1h20m36s
[finalists] 35850/50000  2.9 games/s  ETA 1h20m34s
[finalists] 35858/50000  2.9 games/s  ETA 1h20m31s
[finalists] 35863/50000  2.9 games/s  ETA 1h20m30s
[finalists] 35870/50000  2.9 games/s  ETA 1h20m27s
[finalists] 35877/50000  2.9 games/s  ETA 1h20m25s
[finalists] 35885/50000  2.9 games/s  ETA 1h20m21s
[finalists] 35890/50000  2.9 games/s  ETA 1h20m20s
[finalists] 35895/50000  2.9 games/s  ETA 1h20m18s
[finalists] 35898/50000  2.9 games/s  ETA 1h20m18s
[finalists] 35901/50000  2.9 games/s  ETA 1h20m17s
[finalists] 35905/50000  2.9 games/s  ETA 1h20m16s
[finalists] 35908/50000  2.9 games/s  ETA 1h20m15s
[finalists] 35911/50000  2.9 games/s  ETA 1h20m15s
[finalists] 35917/50000  2.9 games/s  ETA 1h20m13s
[finalists] 35919/50000  2.9 games/s  ETA 1h20m12s
[finalists] 35923/50000  2.9 games/s  ETA 1h20m11s
[finalists] 35927/50000  2.9 games/s  ETA 1h20m10s
[finalists] 35932/50000  2.9 games/s  ETA 1h20m09s
[finalists] 35938/50000  2.9 games/s  ETA 1h20m06s
[finalists] 35942/50000  2.9 games/s  ETA 1h20m05s
[finalists] 35950/50000  2.9 games/s  ETA 1h20m02s
[finalists] 35954/50000  2.9 games/s  ETA 1h20m01s
[finalists] 35960/50000  2.9 games/s  ETA 1h19m59s
[finalists] 35964/50000  2.9 games/s  ETA 1h19m58s
[finalists] 35968/50000  2.9 games/s  ETA 1h19m57s
[finalists] 35977/50000  2.9 games/s  ETA 1h19m53s
[finalists] 35984/50000  2.9 games/s  ETA 1h19m51s
[finalists] 35994/50000  2.9 games/s  ETA 1h19m47s
[finalists] 35998/50000  2.9 games/s  ETA 1h19m46s
[finalists] 36004/50000  2.9 games/s  ETA 1h19m44s
[finalists] 36011/50000  2.9 games/s  ETA 1h19m41s
[finalists] 36017/50000  2.9 games/s  ETA 1h19m39s
[finalists] 36024/50000  2.9 games/s  ETA 1h19m37s
[finalists] 36029/50000  2.9 games/s  ETA 1h19m35s
[finalists] 36037/50000  2.9 games/s  ETA 1h19m32s
[finalists] 36040/50000  2.9 games/s  ETA 1h19m31s
[finalists] 36046/50000  2.9 games/s  ETA 1h19m29s
[finalists] 36052/50000  2.9 games/s  ETA 1h19m27s
[finalists] 36059/50000  2.9 games/s  ETA 1h19m25s
[finalists] 36064/50000  2.9 games/s  ETA 1h19m23s
[finalists] 36072/50000  2.9 games/s  ETA 1h19m20s
[finalists] 36079/50000  2.9 games/s  ETA 1h19m17s
[finalists] 36086/50000  2.9 games/s  ETA 1h19m15s
[finalists] 36094/50000  2.9 games/s  ETA 1h19m12s
[finalists] 36100/50000  2.9 games/s  ETA 1h19m10s
[finalists] 36106/50000  2.9 games/s  ETA 1h19m08s
[finalists] 36112/50000  2.9 games/s  ETA 1h19m06s
[finalists] 36122/50000  2.9 games/s  ETA 1h19m02s
[finalists] 36127/50000  2.9 games/s  ETA 1h19m00s
[finalists] 36137/50000  2.9 games/s  ETA 1h18m56s
[finalists] 36145/50000  2.9 games/s  ETA 1h18m53s
[finalists] 36152/50000  2.9 games/s  ETA 1h18m51s
[finalists] 36160/50000  2.9 games/s  ETA 1h18m48s
[finalists] 36166/50000  2.9 games/s  ETA 1h18m46s
[finalists] 36174/50000  2.9 games/s  ETA 1h18m42s
[finalists] 36182/50000  2.9 games/s  ETA 1h18m39s
[finalists] 36191/50000  2.9 games/s  ETA 1h18m36s
[finalists] 36196/50000  2.9 games/s  ETA 1h18m34s
[finalists] 36205/50000  2.9 games/s  ETA 1h18m31s
[finalists] 36213/50000  2.9 games/s  ETA 1h18m28s
[finalists] 36225/50000  2.9 games/s  ETA 1h18m23s
[finalists] 36231/50000  2.9 games/s  ETA 1h18m21s
[finalists] 36241/50000  2.9 games/s  ETA 1h18m17s
[finalists] 36250/50000  2.9 games/s  ETA 1h18m14s
[finalists] 36256/50000  2.9 games/s  ETA 1h18m11s
[finalists] 36264/50000  2.9 games/s  ETA 1h18m08s
[finalists] 36271/50000  2.9 games/s  ETA 1h18m06s
[finalists] 36276/50000  2.9 games/s  ETA 1h18m04s
[finalists] 36285/50000  2.9 games/s  ETA 1h18m01s
[finalists] 36293/50000  2.9 games/s  ETA 1h17m58s
[finalists] 36300/50000  2.9 games/s  ETA 1h17m55s
[finalists] 36310/50000  2.9 games/s  ETA 1h17m51s
[finalists] 36318/50000  2.9 games/s  ETA 1h17m48s
[finalists] 36328/50000  2.9 games/s  ETA 1h17m44s
[finalists] 36338/50000  2.9 games/s  ETA 1h17m40s
[finalists] 36345/50000  2.9 games/s  ETA 1h17m38s
[finalists] 36352/50000  2.9 games/s  ETA 1h17m35s
[finalists] 36360/50000  2.9 games/s  ETA 1h17m32s
[finalists] 36366/50000  2.9 games/s  ETA 1h17m30s
[finalists] 36374/50000  2.9 games/s  ETA 1h17m27s
[finalists] 36383/50000  2.9 games/s  ETA 1h17m24s
[finalists] 36391/50000  2.9 games/s  ETA 1h17m21s
[finalists] 36397/50000  2.9 games/s  ETA 1h17m19s
[finalists] 36402/50000  2.9 games/s  ETA 1h17m17s
[finalists] 36408/50000  2.9 games/s  ETA 1h17m15s
[finalists] 36416/50000  2.9 games/s  ETA 1h17m12s
[finalists] 36421/50000  2.9 games/s  ETA 1h17m11s
[finalists] 36428/50000  2.9 games/s  ETA 1h17m08s
[finalists] 36436/50000  2.9 games/s  ETA 1h17m05s
[finalists] 36441/50000  2.9 games/s  ETA 1h17m03s
[finalists] 36446/50000  2.9 games/s  ETA 1h17m02s
[finalists] 36451/50000  2.9 games/s  ETA 1h17m00s
[finalists] 36456/50000  2.9 games/s  ETA 1h16m59s
[finalists] 36463/50000  2.9 games/s  ETA 1h16m56s
[finalists] 36469/50000  2.9 games/s  ETA 1h16m54s
[finalists] 36476/50000  2.9 games/s  ETA 1h16m52s
[finalists] 36489/50000  2.9 games/s  ETA 1h16m46s
[finalists] 36494/50000  2.9 games/s  ETA 1h16m45s
[finalists] 36498/50000  2.9 games/s  ETA 1h16m43s
[finalists] 36507/50000  2.9 games/s  ETA 1h16m40s
[finalists] 36515/50000  2.9 games/s  ETA 1h16m37s
[finalists] 36523/50000  2.9 games/s  ETA 1h16m34s
[finalists] 36527/50000  2.9 games/s  ETA 1h16m33s
[finalists] 36534/50000  2.9 games/s  ETA 1h16m30s
[finalists] 36541/50000  2.9 games/s  ETA 1h16m28s
[finalists] 36545/50000  2.9 games/s  ETA 1h16m27s
[finalists] 36548/50000  2.9 games/s  ETA 1h16m26s
[finalists] 36554/50000  2.9 games/s  ETA 1h16m24s
[finalists] 36559/50000  2.9 games/s  ETA 1h16m22s
[finalists] 36563/50000  2.9 games/s  ETA 1h16m21s
[finalists] 36568/50000  2.9 games/s  ETA 1h16m20s
[finalists] 36573/50000  2.9 games/s  ETA 1h16m18s
[finalists] 36578/50000  2.9 games/s  ETA 1h16m16s
[finalists] 36585/50000  2.9 games/s  ETA 1h16m14s
[finalists] 36592/50000  2.9 games/s  ETA 1h16m11s
[finalists] 36595/50000  2.9 games/s  ETA 1h16m11s
[finalists] 36599/50000  2.9 games/s  ETA 1h16m10s
[finalists] 36605/50000  2.9 games/s  ETA 1h16m08s
[finalists] 36613/50000  2.9 games/s  ETA 1h16m05s
[finalists] 36618/50000  2.9 games/s  ETA 1h16m03s
[finalists] 36622/50000  2.9 games/s  ETA 1h16m02s
[finalists] 36626/50000  2.9 games/s  ETA 1h16m01s
[finalists] 36634/50000  2.9 games/s  ETA 1h15m58s
[finalists] 36639/50000  2.9 games/s  ETA 1h15m56s
[finalists] 36643/50000  2.9 games/s  ETA 1h15m55s
[finalists] 36648/50000  2.9 games/s  ETA 1h15m53s
[finalists] 36651/50000  2.9 games/s  ETA 1h15m53s
[finalists] 36653/50000  2.9 games/s  ETA 1h15m52s
[finalists] 36655/50000  2.9 games/s  ETA 1h15m52s
[finalists] 36658/50000  2.9 games/s  ETA 1h15m52s
[finalists] 36662/50000  2.9 games/s  ETA 1h15m50s
[finalists] 36665/50000  2.9 games/s  ETA 1h15m50s
[finalists] 36670/50000  2.9 games/s  ETA 1h15m48s
[finalists] 36672/50000  2.9 games/s  ETA 1h15m48s
[finalists] 36675/50000  2.9 games/s  ETA 1h15m47s
[finalists] 36682/50000  2.9 games/s  ETA 1h15m45s
[finalists] 36690/50000  2.9 games/s  ETA 1h15m42s
[finalists] 36695/50000  2.9 games/s  ETA 1h15m40s
[finalists] 36698/50000  2.9 games/s  ETA 1h15m40s
[finalists] 36703/50000  2.9 games/s  ETA 1h15m38s
[finalists] 36710/50000  2.9 games/s  ETA 1h15m35s
[finalists] 36716/50000  2.9 games/s  ETA 1h15m33s
[finalists] 36722/50000  2.9 games/s  ETA 1h15m31s
[finalists] 36732/50000  2.9 games/s  ETA 1h15m27s
[finalists] 36737/50000  2.9 games/s  ETA 1h15m26s
[finalists] 36747/50000  2.9 games/s  ETA 1h15m22s
[finalists] 36753/50000  2.9 games/s  ETA 1h15m20s
[finalists] 36761/50000  2.9 games/s  ETA 1h15m17s
[finalists] 36768/50000  2.9 games/s  ETA 1h15m14s
[finalists] 36775/50000  2.9 games/s  ETA 1h15m12s
[finalists] 36780/50000  2.9 games/s  ETA 1h15m10s
[finalists] 36786/50000  2.9 games/s  ETA 1h15m08s
[finalists] 36794/50000  2.9 games/s  ETA 1h15m05s
[finalists] 36799/50000  2.9 games/s  ETA 1h15m03s
[finalists] 36802/50000  2.9 games/s  ETA 1h15m03s
[finalists] 36809/50000  2.9 games/s  ETA 1h15m00s
[finalists] 36817/50000  2.9 games/s  ETA 1h14m57s
[finalists] 36821/50000  2.9 games/s  ETA 1h14m56s
[finalists] 36821/50000  2.9 games/s  ETA 1h14m57s
[finalists] 36825/50000  2.9 games/s  ETA 1h14m56s
[finalists] 36830/50000  2.9 games/s  ETA 1h14m54s
[finalists] 36837/50000  2.9 games/s  ETA 1h14m52s
[finalists] 36840/50000  2.9 games/s  ETA 1h14m51s
[finalists] 36843/50000  2.9 games/s  ETA 1h14m50s
[finalists] 36850/50000  2.9 games/s  ETA 1h14m48s
[finalists] 36855/50000  2.9 games/s  ETA 1h14m46s
[finalists] 36862/50000  2.9 games/s  ETA 1h14m44s
[finalists] 36865/50000  2.9 games/s  ETA 1h14m43s
[finalists] 36871/50000  2.9 games/s  ETA 1h14m41s
[finalists] 36874/50000  2.9 games/s  ETA 1h14m40s
[finalists] 36881/50000  2.9 games/s  ETA 1h14m38s
[finalists] 36886/50000  2.9 games/s  ETA 1h14m36s
[finalists] 36891/50000  2.9 games/s  ETA 1h14m34s
[finalists] 36895/50000  2.9 games/s  ETA 1h14m33s
[finalists] 36900/50000  2.9 games/s  ETA 1h14m32s
[finalists] 36906/50000  2.9 games/s  ETA 1h14m30s
[finalists] 36910/50000  2.9 games/s  ETA 1h14m28s
[finalists] 36915/50000  2.9 games/s  ETA 1h14m27s
[finalists] 36918/50000  2.9 games/s  ETA 1h14m26s
[finalists] 36923/50000  2.9 games/s  ETA 1h14m25s
[finalists] 36928/50000  2.9 games/s  ETA 1h14m23s
[finalists] 36932/50000  2.9 games/s  ETA 1h14m22s
[finalists] 36937/50000  2.9 games/s  ETA 1h14m20s
[finalists] 36940/50000  2.9 games/s  ETA 1h14m20s
[finalists] 36946/50000  2.9 games/s  ETA 1h14m18s
[finalists] 36950/50000  2.9 games/s  ETA 1h14m16s
[finalists] 36953/50000  2.9 games/s  ETA 1h14m16s
[finalists] 36956/50000  2.9 games/s  ETA 1h14m15s
[finalists] 36963/50000  2.9 games/s  ETA 1h14m12s
[finalists] 36967/50000  2.9 games/s  ETA 1h14m11s
[finalists] 36973/50000  2.9 games/s  ETA 1h14m09s
[finalists] 36979/50000  2.9 games/s  ETA 1h14m07s
[finalists] 36984/50000  2.9 games/s  ETA 1h14m06s
[finalists] 36991/50000  2.9 games/s  ETA 1h14m03s
[finalists] 36993/50000  2.9 games/s  ETA 1h14m03s
[finalists] 36999/50000  2.9 games/s  ETA 1h14m01s
[finalists] 37002/50000  2.9 games/s  ETA 1h14m00s
[finalists] 37006/50000  2.9 games/s  ETA 1h13m59s
[finalists] 37016/50000  2.9 games/s  ETA 1h13m55s
[finalists] 37023/50000  2.9 games/s  ETA 1h13m53s
[finalists] 37028/50000  2.9 games/s  ETA 1h13m51s
[finalists] 37037/50000  2.9 games/s  ETA 1h13m47s
[finalists] 37043/50000  2.9 games/s  ETA 1h13m45s
[finalists] 37049/50000  2.9 games/s  ETA 1h13m43s
[finalists] 37054/50000  2.9 games/s  ETA 1h13m42s
[finalists] 37059/50000  2.9 games/s  ETA 1h13m40s
[finalists] 37065/50000  2.9 games/s  ETA 1h13m38s
[finalists] 37070/50000  2.9 games/s  ETA 1h13m36s
[finalists] 37075/50000  2.9 games/s  ETA 1h13m35s
[finalists] 37082/50000  2.9 games/s  ETA 1h13m32s
[finalists] 37089/50000  2.9 games/s  ETA 1h13m30s
[finalists] 37091/50000  2.9 games/s  ETA 1h13m30s
[finalists] 37098/50000  2.9 games/s  ETA 1h13m27s
[finalists] 37103/50000  2.9 games/s  ETA 1h13m25s
[finalists] 37110/50000  2.9 games/s  ETA 1h13m23s
[finalists] 37117/50000  2.9 games/s  ETA 1h13m20s
[finalists] 37123/50000  2.9 games/s  ETA 1h13m18s
[finalists] 37133/50000  2.9 games/s  ETA 1h13m14s
[finalists] 37140/50000  2.9 games/s  ETA 1h13m12s
[finalists] 37146/50000  2.9 games/s  ETA 1h13m10s
[finalists] 37150/50000  2.9 games/s  ETA 1h13m09s
[finalists] 37157/50000  2.9 games/s  ETA 1h13m06s
[finalists] 37165/50000  2.9 games/s  ETA 1h13m03s
[finalists] 37174/50000  2.9 games/s  ETA 1h13m00s
[finalists] 37180/50000  2.9 games/s  ETA 1h12m58s
[finalists] 37185/50000  2.9 games/s  ETA 1h12m56s
[finalists] 37189/50000  2.9 games/s  ETA 1h12m55s
[finalists] 37193/50000  2.9 games/s  ETA 1h12m54s
[finalists] 37200/50000  2.9 games/s  ETA 1h12m51s
[finalists] 37203/50000  2.9 games/s  ETA 1h12m51s
[finalists] 37211/50000  2.9 games/s  ETA 1h12m48s
[finalists] 37216/50000  2.9 games/s  ETA 1h12m46s
[finalists] 37223/50000  2.9 games/s  ETA 1h12m43s
[finalists] 37227/50000  2.9 games/s  ETA 1h12m42s
[finalists] 37232/50000  2.9 games/s  ETA 1h12m41s
[finalists] 37238/50000  2.9 games/s  ETA 1h12m39s
[finalists] 37243/50000  2.9 games/s  ETA 1h12m37s
[finalists] 37249/50000  2.9 games/s  ETA 1h12m35s
[finalists] 37256/50000  2.9 games/s  ETA 1h12m32s
[finalists] 37261/50000  2.9 games/s  ETA 1h12m31s
[finalists] 37267/50000  2.9 games/s  ETA 1h12m29s
[finalists] 37272/50000  2.9 games/s  ETA 1h12m27s
[finalists] 37275/50000  2.9 games/s  ETA 1h12m26s
[finalists] 37281/50000  2.9 games/s  ETA 1h12m24s
[finalists] 37286/50000  2.9 games/s  ETA 1h12m23s
[finalists] 37293/50000  2.9 games/s  ETA 1h12m20s
[finalists] 37300/50000  2.9 games/s  ETA 1h12m18s
[finalists] 37307/50000  2.9 games/s  ETA 1h12m15s
[finalists] 37312/50000  2.9 games/s  ETA 1h12m14s
[finalists] 37317/50000  2.9 games/s  ETA 1h12m12s
[finalists] 37325/50000  2.9 games/s  ETA 1h12m09s
[finalists] 37330/50000  2.9 games/s  ETA 1h12m07s
[finalists] 37338/50000  2.9 games/s  ETA 1h12m04s
[finalists] 37343/50000  2.9 games/s  ETA 1h12m03s
[finalists] 37346/50000  2.9 games/s  ETA 1h12m02s
[finalists] 37353/50000  2.9 games/s  ETA 1h12m00s
[finalists] 37359/50000  2.9 games/s  ETA 1h11m58s
[finalists] 37365/50000  2.9 games/s  ETA 1h11m55s
[finalists] 37369/50000  2.9 games/s  ETA 1h11m54s
[finalists] 37375/50000  2.9 games/s  ETA 1h11m52s
[finalists] 37382/50000  2.9 games/s  ETA 1h11m50s
[finalists] 37392/50000  2.9 games/s  ETA 1h11m46s
[finalists] 37399/50000  2.9 games/s  ETA 1h11m43s
[finalists] 37403/50000  2.9 games/s  ETA 1h11m42s
[finalists] 37413/50000  2.9 games/s  ETA 1h11m38s
[finalists] 37418/50000  2.9 games/s  ETA 1h11m37s
[finalists] 37423/50000  2.9 games/s  ETA 1h11m35s
[finalists] 37432/50000  2.9 games/s  ETA 1h11m32s
[finalists] 37439/50000  2.9 games/s  ETA 1h11m29s
[finalists] 37446/50000  2.9 games/s  ETA 1h11m27s
[finalists] 37450/50000  2.9 games/s  ETA 1h11m25s
[finalists] 37456/50000  2.9 games/s  ETA 1h11m23s
[finalists] 37463/50000  2.9 games/s  ETA 1h11m21s
[finalists] 37469/50000  2.9 games/s  ETA 1h11m19s
[finalists] 37476/50000  2.9 games/s  ETA 1h11m16s
[finalists] 37480/50000  2.9 games/s  ETA 1h11m15s
[finalists] 37485/50000  2.9 games/s  ETA 1h11m13s
[finalists] 37492/50000  2.9 games/s  ETA 1h11m11s
[finalists] 37498/50000  2.9 games/s  ETA 1h11m09s
[finalists] 37502/50000  2.9 games/s  ETA 1h11m08s
[finalists] 37507/50000  2.9 games/s  ETA 1h11m06s
[finalists] 37512/50000  2.9 games/s  ETA 1h11m05s
[finalists] 37515/50000  2.9 games/s  ETA 1h11m04s
[finalists] 37521/50000  2.9 games/s  ETA 1h11m02s
[finalists] 37527/50000  2.9 games/s  ETA 1h11m00s
[finalists] 37535/50000  2.9 games/s  ETA 1h10m57s
[finalists] 37543/50000  2.9 games/s  ETA 1h10m54s
[finalists] 37549/50000  2.9 games/s  ETA 1h10m52s
[finalists] 37558/50000  2.9 games/s  ETA 1h10m48s
[finalists] 37561/50000  2.9 games/s  ETA 1h10m48s
[finalists] 37565/50000  2.9 games/s  ETA 1h10m46s
[finalists] 37575/50000  2.9 games/s  ETA 1h10m42s
[finalists] 37581/50000  2.9 games/s  ETA 1h10m40s
[finalists] 37588/50000  2.9 games/s  ETA 1h10m38s
[finalists] 37597/50000  2.9 games/s  ETA 1h10m34s
[finalists] 37600/50000  2.9 games/s  ETA 1h10m34s
[finalists] 37607/50000  2.9 games/s  ETA 1h10m31s
[finalists] 37614/50000  2.9 games/s  ETA 1h10m29s
[finalists] 37619/50000  2.9 games/s  ETA 1h10m27s
[finalists] 37624/50000  2.9 games/s  ETA 1h10m26s
[finalists] 37629/50000  2.9 games/s  ETA 1h10m24s
[finalists] 37636/50000  2.9 games/s  ETA 1h10m21s
[finalists] 37641/50000  2.9 games/s  ETA 1h10m20s
[finalists] 37647/50000  2.9 games/s  ETA 1h10m18s
[finalists] 37653/50000  2.9 games/s  ETA 1h10m16s
[finalists] 37660/50000  2.9 games/s  ETA 1h10m13s
[finalists] 37665/50000  2.9 games/s  ETA 1h10m12s
[finalists] 37672/50000  2.9 games/s  ETA 1h10m09s
[finalists] 37680/50000  2.9 games/s  ETA 1h10m06s
[finalists] 37688/50000  2.9 games/s  ETA 1h10m03s
[finalists] 37693/50000  2.9 games/s  ETA 1h10m01s
[finalists] 37700/50000  2.9 games/s  ETA 1h09m59s
[finalists] 37705/50000  2.9 games/s  ETA 1h09m57s
[finalists] 37711/50000  2.9 games/s  ETA 1h09m55s
[finalists] 37714/50000  2.9 games/s  ETA 1h09m55s
[finalists] 37723/50000  2.9 games/s  ETA 1h09m51s
[finalists] 37729/50000  2.9 games/s  ETA 1h09m49s
[finalists] 37738/50000  2.9 games/s  ETA 1h09m46s
[finalists] 37743/50000  2.9 games/s  ETA 1h09m44s
[finalists] 37748/50000  2.9 games/s  ETA 1h09m42s
[finalists] 37755/50000  2.9 games/s  ETA 1h09m40s
[finalists] 37763/50000  2.9 games/s  ETA 1h09m37s
[finalists] 37768/50000  2.9 games/s  ETA 1h09m35s
[finalists] 37773/50000  2.9 games/s  ETA 1h09m34s
[finalists] 37781/50000  2.9 games/s  ETA 1h09m31s
[finalists] 37787/50000  2.9 games/s  ETA 1h09m29s
[finalists] 37794/50000  2.9 games/s  ETA 1h09m26s
[finalists] 37801/50000  2.9 games/s  ETA 1h09m24s
[finalists] 37810/50000  2.9 games/s  ETA 1h09m20s
[finalists] 37815/50000  2.9 games/s  ETA 1h09m19s
[finalists] 37820/50000  2.9 games/s  ETA 1h09m17s
[finalists] 37830/50000  2.9 games/s  ETA 1h09m13s
[finalists] 37835/50000  2.9 games/s  ETA 1h09m12s
[finalists] 37842/50000  2.9 games/s  ETA 1h09m09s
[finalists] 37845/50000  2.9 games/s  ETA 1h09m08s
[finalists] 37852/50000  2.9 games/s  ETA 1h09m06s
[finalists] 37861/50000  2.9 games/s  ETA 1h09m02s
[finalists] 37867/50000  2.9 games/s  ETA 1h09m00s
[finalists] 37872/50000  2.9 games/s  ETA 1h08m59s
[finalists] 37878/50000  2.9 games/s  ETA 1h08m57s
[finalists] 37883/50000  2.9 games/s  ETA 1h08m55s
[finalists] 37888/50000  2.9 games/s  ETA 1h08m53s
[finalists] 37894/50000  2.9 games/s  ETA 1h08m51s
[finalists] 37900/50000  2.9 games/s  ETA 1h08m49s
[finalists] 37907/50000  2.9 games/s  ETA 1h08m47s
[finalists] 37913/50000  2.9 games/s  ETA 1h08m45s
[finalists] 37918/50000  2.9 games/s  ETA 1h08m43s
[finalists] 37925/50000  2.9 games/s  ETA 1h08m41s
[finalists] 37933/50000  2.9 games/s  ETA 1h08m38s
[finalists] 37939/50000  2.9 games/s  ETA 1h08m36s
[finalists] 37944/50000  2.9 games/s  ETA 1h08m34s
[finalists] 37948/50000  2.9 games/s  ETA 1h08m33s
[finalists] 37953/50000  2.9 games/s  ETA 1h08m31s
[finalists] 37958/50000  2.9 games/s  ETA 1h08m30s
[finalists] 37964/50000  2.9 games/s  ETA 1h08m28s
[finalists] 37967/50000  2.9 games/s  ETA 1h08m27s
[finalists] 37970/50000  2.9 games/s  ETA 1h08m26s
[finalists] 37977/50000  2.9 games/s  ETA 1h08m24s
[finalists] 37985/50000  2.9 games/s  ETA 1h08m21s
[finalists] 37988/50000  2.9 games/s  ETA 1h08m20s
[finalists] 37993/50000  2.9 games/s  ETA 1h08m18s
[finalists] 37999/50000  2.9 games/s  ETA 1h08m16s
[finalists] 38008/50000  2.9 games/s  ETA 1h08m13s
[finalists] 38012/50000  2.9 games/s  ETA 1h08m12s
[finalists] 38015/50000  2.9 games/s  ETA 1h08m11s
[finalists] 38018/50000  2.9 games/s  ETA 1h08m10s
[finalists] 38024/50000  2.9 games/s  ETA 1h08m08s
[finalists] 38030/50000  2.9 games/s  ETA 1h08m06s
[finalists] 38036/50000  2.9 games/s  ETA 1h08m04s
[finalists] 38044/50000  2.9 games/s  ETA 1h08m01s
[finalists] 38047/50000  2.9 games/s  ETA 1h08m00s
[finalists] 38051/50000  2.9 games/s  ETA 1h07m59s
[finalists] 38059/50000  2.9 games/s  ETA 1h07m56s
[finalists] 38064/50000  2.9 games/s  ETA 1h07m55s
[finalists] 38069/50000  2.9 games/s  ETA 1h07m53s
[finalists] 38073/50000  2.9 games/s  ETA 1h07m52s
[finalists] 38078/50000  2.9 games/s  ETA 1h07m50s
[finalists] 38084/50000  2.9 games/s  ETA 1h07m48s
[finalists] 38088/50000  2.9 games/s  ETA 1h07m47s
[finalists] 38095/50000  2.9 games/s  ETA 1h07m44s
[finalists] 38098/50000  2.9 games/s  ETA 1h07m44s
[finalists] 38101/50000  2.9 games/s  ETA 1h07m43s
[finalists] 38105/50000  2.9 games/s  ETA 1h07m42s
[finalists] 38110/50000  2.9 games/s  ETA 1h07m40s
[finalists] 38116/50000  2.9 games/s  ETA 1h07m38s
[finalists] 38122/50000  2.9 games/s  ETA 1h07m36s
[finalists] 38129/50000  2.9 games/s  ETA 1h07m34s
[finalists] 38133/50000  2.9 games/s  ETA 1h07m32s
[finalists] 38139/50000  2.9 games/s  ETA 1h07m30s
[finalists] 38144/50000  2.9 games/s  ETA 1h07m29s
[finalists] 38150/50000  2.9 games/s  ETA 1h07m27s
[finalists] 38153/50000  2.9 games/s  ETA 1h07m26s
[finalists] 38157/50000  2.9 games/s  ETA 1h07m25s
[finalists] 38160/50000  2.9 games/s  ETA 1h07m24s
[finalists] 38163/50000  2.9 games/s  ETA 1h07m23s
[finalists] 38167/50000  2.9 games/s  ETA 1h07m22s
[finalists] 38170/50000  2.9 games/s  ETA 1h07m21s
[finalists] 38174/50000  2.9 games/s  ETA 1h07m20s
[finalists] 38180/50000  2.9 games/s  ETA 1h07m18s
[finalists] 38186/50000  2.9 games/s  ETA 1h07m16s
[finalists] 38190/50000  2.9 games/s  ETA 1h07m15s
[finalists] 38195/50000  2.9 games/s  ETA 1h07m13s
[finalists] 38199/50000  2.9 games/s  ETA 1h07m12s
[finalists] 38202/50000  2.9 games/s  ETA 1h07m11s
[finalists] 38210/50000  2.9 games/s  ETA 1h07m09s
[finalists] 38214/50000  2.9 games/s  ETA 1h07m07s
[finalists] 38216/50000  2.9 games/s  ETA 1h07m07s
[finalists] 38220/50000  2.9 games/s  ETA 1h07m06s
[finalists] 38224/50000  2.9 games/s  ETA 1h07m05s
[finalists] 38228/50000  2.9 games/s  ETA 1h07m04s
[finalists] 38235/50000  2.9 games/s  ETA 1h07m01s
[finalists] 38241/50000  2.9 games/s  ETA 1h06m59s
[finalists] 38246/50000  2.9 games/s  ETA 1h06m57s
[finalists] 38251/50000  2.9 games/s  ETA 1h06m56s
[finalists] 38256/50000  2.9 games/s  ETA 1h06m54s
[finalists] 38262/50000  2.9 games/s  ETA 1h06m52s
[finalists] 38265/50000  2.9 games/s  ETA 1h06m51s
[finalists] 38272/50000  2.9 games/s  ETA 1h06m49s
[finalists] 38277/50000  2.9 games/s  ETA 1h06m47s
[finalists] 38282/50000  2.9 games/s  ETA 1h06m46s
[finalists] 38287/50000  2.9 games/s  ETA 1h06m44s
[finalists] 38292/50000  2.9 games/s  ETA 1h06m42s
[finalists] 38299/50000  2.9 games/s  ETA 1h06m40s
[finalists] 38306/50000  2.9 games/s  ETA 1h06m37s
[finalists] 38315/50000  2.9 games/s  ETA 1h06m34s
[finalists] 38319/50000  2.9 games/s  ETA 1h06m33s
[finalists] 38323/50000  2.9 games/s  ETA 1h06m32s
[finalists] 38329/50000  2.9 games/s  ETA 1h06m29s
[finalists] 38336/50000  2.9 games/s  ETA 1h06m27s
[finalists] 38341/50000  2.9 games/s  ETA 1h06m25s
[finalists] 38346/50000  2.9 games/s  ETA 1h06m24s
[finalists] 38351/50000  2.9 games/s  ETA 1h06m22s
[finalists] 38355/50000  2.9 games/s  ETA 1h06m21s
[finalists] 38360/50000  2.9 games/s  ETA 1h06m19s
[finalists] 38364/50000  2.9 games/s  ETA 1h06m18s
[finalists] 38369/50000  2.9 games/s  ETA 1h06m17s
[finalists] 38373/50000  2.9 games/s  ETA 1h06m15s
[finalists] 38377/50000  2.9 games/s  ETA 1h06m14s
[finalists] 38385/50000  2.9 games/s  ETA 1h06m11s
[finalists] 38392/50000  2.9 games/s  ETA 1h06m09s
[finalists] 38399/50000  2.9 games/s  ETA 1h06m06s
[finalists] 38402/50000  2.9 games/s  ETA 1h06m05s
[finalists] 38408/50000  2.9 games/s  ETA 1h06m03s
[finalists] 38412/50000  2.9 games/s  ETA 1h06m02s
[finalists] 38418/50000  2.9 games/s  ETA 1h06m00s
[finalists] 38422/50000  2.9 games/s  ETA 1h05m59s
[finalists] 38427/50000  2.9 games/s  ETA 1h05m57s
[finalists] 38432/50000  2.9 games/s  ETA 1h05m56s
[finalists] 38438/50000  2.9 games/s  ETA 1h05m54s
[finalists] 38442/50000  2.9 games/s  ETA 1h05m52s
[finalists] 38449/50000  2.9 games/s  ETA 1h05m50s
[finalists] 38453/50000  2.9 games/s  ETA 1h05m49s
[finalists] 38459/50000  2.9 games/s  ETA 1h05m47s
[finalists] 38461/50000  2.9 games/s  ETA 1h05m46s
[finalists] 38464/50000  2.9 games/s  ETA 1h05m46s
[finalists] 38468/50000  2.9 games/s  ETA 1h05m45s
[finalists] 38472/50000  2.9 games/s  ETA 1h05m43s
[finalists] 38477/50000  2.9 games/s  ETA 1h05m42s
[finalists] 38483/50000  2.9 games/s  ETA 1h05m40s
[finalists] 38489/50000  2.9 games/s  ETA 1h05m38s
[finalists] 38495/50000  2.9 games/s  ETA 1h05m36s
[finalists] 38501/50000  2.9 games/s  ETA 1h05m33s
[finalists] 38508/50000  2.9 games/s  ETA 1h05m31s
[finalists] 38513/50000  2.9 games/s  ETA 1h05m29s
[finalists] 38518/50000  2.9 games/s  ETA 1h05m28s
[finalists] 38527/50000  2.9 games/s  ETA 1h05m24s
[finalists] 38532/50000  2.9 games/s  ETA 1h05m23s
[finalists] 38538/50000  2.9 games/s  ETA 1h05m21s
[finalists] 38544/50000  2.9 games/s  ETA 1h05m19s
[finalists] 38550/50000  2.9 games/s  ETA 1h05m16s
[finalists] 38557/50000  2.9 games/s  ETA 1h05m14s
[finalists] 38564/50000  2.9 games/s  ETA 1h05m11s
[finalists] 38573/50000  2.9 games/s  ETA 1h05m08s
[finalists] 38578/50000  2.9 games/s  ETA 1h05m06s
[finalists] 38587/50000  2.9 games/s  ETA 1h05m03s
[finalists] 38591/50000  2.9 games/s  ETA 1h05m02s
[finalists] 38596/50000  2.9 games/s  ETA 1h05m00s
[finalists] 38606/50000  2.9 games/s  ETA 1h04m56s
[finalists] 38613/50000  2.9 games/s  ETA 1h04m54s
[finalists] 38618/50000  2.9 games/s  ETA 1h04m52s
[finalists] 38625/50000  2.9 games/s  ETA 1h04m50s
[finalists] 38632/50000  2.9 games/s  ETA 1h04m47s
[finalists] 38638/50000  2.9 games/s  ETA 1h04m45s
[finalists] 38644/50000  2.9 games/s  ETA 1h04m43s
[finalists] 38649/50000  2.9 games/s  ETA 1h04m41s
[finalists] 38654/50000  2.9 games/s  ETA 1h04m40s
[finalists] 38660/50000  2.9 games/s  ETA 1h04m38s
[finalists] 38665/50000  2.9 games/s  ETA 1h04m36s
[finalists] 38672/50000  2.9 games/s  ETA 1h04m34s
[finalists] 38682/50000  2.9 games/s  ETA 1h04m30s
[finalists] 38688/50000  2.9 games/s  ETA 1h04m28s
[finalists] 38695/50000  2.9 games/s  ETA 1h04m25s
[finalists] 38702/50000  2.9 games/s  ETA 1h04m23s
[finalists] 38708/50000  2.9 games/s  ETA 1h04m21s
[finalists] 38715/50000  2.9 games/s  ETA 1h04m18s
[finalists] 38718/50000  2.9 games/s  ETA 1h04m17s
[finalists] 38725/50000  2.9 games/s  ETA 1h04m15s
[finalists] 38730/50000  2.9 games/s  ETA 1h04m13s
[finalists] 38736/50000  2.9 games/s  ETA 1h04m11s
[finalists] 38741/50000  2.9 games/s  ETA 1h04m10s
[finalists] 38745/50000  2.9 games/s  ETA 1h04m08s
[finalists] 38751/50000  2.9 games/s  ETA 1h04m06s
[finalists] 38758/50000  2.9 games/s  ETA 1h04m04s
[finalists] 38764/50000  2.9 games/s  ETA 1h04m02s
[finalists] 38769/50000  2.9 games/s  ETA 1h04m00s
[finalists] 38773/50000  2.9 games/s  ETA 1h03m59s
[finalists] 38779/50000  2.9 games/s  ETA 1h03m57s
[finalists] 38786/50000  2.9 games/s  ETA 1h03m54s
[finalists] 38791/50000  2.9 games/s  ETA 1h03m53s
[finalists] 38795/50000  2.9 games/s  ETA 1h03m52s
[finalists] 38799/50000  2.9 games/s  ETA 1h03m50s
[finalists] 38806/50000  2.9 games/s  ETA 1h03m48s
[finalists] 38809/50000  2.9 games/s  ETA 1h03m47s
[finalists] 38815/50000  2.9 games/s  ETA 1h03m45s
[finalists] 38822/50000  2.9 games/s  ETA 1h03m43s
[finalists] 38828/50000  2.9 games/s  ETA 1h03m40s
[finalists] 38835/50000  2.9 games/s  ETA 1h03m38s
[finalists] 38845/50000  2.9 games/s  ETA 1h03m34s
[finalists] 38850/50000  2.9 games/s  ETA 1h03m33s
[finalists] 38854/50000  2.9 games/s  ETA 1h03m31s
[finalists] 38858/50000  2.9 games/s  ETA 1h03m30s
[finalists] 38862/50000  2.9 games/s  ETA 1h03m29s
[finalists] 38868/50000  2.9 games/s  ETA 1h03m27s
[finalists] 38874/50000  2.9 games/s  ETA 1h03m25s
[finalists] 38884/50000  2.9 games/s  ETA 1h03m21s
[finalists] 38888/50000  2.9 games/s  ETA 1h03m20s
[finalists] 38891/50000  2.9 games/s  ETA 1h03m19s
[finalists] 38894/50000  2.9 games/s  ETA 1h03m18s
[finalists] 38900/50000  2.9 games/s  ETA 1h03m16s
[finalists] 38904/50000  2.9 games/s  ETA 1h03m15s
[finalists] 38908/50000  2.9 games/s  ETA 1h03m14s
[finalists] 38914/50000  2.9 games/s  ETA 1h03m12s
[finalists] 38919/50000  2.9 games/s  ETA 1h03m10s
[finalists] 38924/50000  2.9 games/s  ETA 1h03m09s
[finalists] 38931/50000  2.9 games/s  ETA 1h03m06s
[finalists] 38936/50000  2.9 games/s  ETA 1h03m04s
[finalists] 38940/50000  2.9 games/s  ETA 1h03m03s
[finalists] 38947/50000  2.9 games/s  ETA 1h03m01s
[finalists] 38951/50000  2.9 games/s  ETA 1h03m00s
[finalists] 38957/50000  2.9 games/s  ETA 1h02m57s
[finalists] 38961/50000  2.9 games/s  ETA 1h02m56s
[finalists] 38965/50000  2.9 games/s  ETA 1h02m55s
[finalists] 38970/50000  2.9 games/s  ETA 1h02m53s
[finalists] 38973/50000  2.9 games/s  ETA 1h02m53s
[finalists] 38978/50000  2.9 games/s  ETA 1h02m51s
[finalists] 38985/50000  2.9 games/s  ETA 1h02m49s
[finalists] 38989/50000  2.9 games/s  ETA 1h02m47s
[finalists] 38993/50000  2.9 games/s  ETA 1h02m46s
[finalists] 38997/50000  2.9 games/s  ETA 1h02m45s
[finalists] 39000/50000  2.9 games/s  ETA 1h02m44s
[finalists] 39009/50000  2.9 games/s  ETA 1h02m41s
[finalists] 39014/50000  2.9 games/s  ETA 1h02m39s
[finalists] 39019/50000  2.9 games/s  ETA 1h02m38s
[finalists] 39022/50000  2.9 games/s  ETA 1h02m37s
[finalists] 39026/50000  2.9 games/s  ETA 1h02m36s
[finalists] 39032/50000  2.9 games/s  ETA 1h02m34s
[finalists] 39039/50000  2.9 games/s  ETA 1h02m31s
[finalists] 39044/50000  2.9 games/s  ETA 1h02m29s
[finalists] 39051/50000  2.9 games/s  ETA 1h02m27s
[finalists] 39053/50000  2.9 games/s  ETA 1h02m27s
[finalists] 39060/50000  2.9 games/s  ETA 1h02m24s
[finalists] 39065/50000  2.9 games/s  ETA 1h02m23s
[finalists] 39071/50000  2.9 games/s  ETA 1h02m20s
[finalists] 39076/50000  2.9 games/s  ETA 1h02m19s
[finalists] 39081/50000  2.9 games/s  ETA 1h02m17s
[finalists] 39086/50000  2.9 games/s  ETA 1h02m16s
[finalists] 39089/50000  2.9 games/s  ETA 1h02m15s
[finalists] 39095/50000  2.9 games/s  ETA 1h02m13s
[finalists] 39097/50000  2.9 games/s  ETA 1h02m12s
[finalists] 39103/50000  2.9 games/s  ETA 1h02m10s
[finalists] 39109/50000  2.9 games/s  ETA 1h02m08s
[finalists] 39116/50000  2.9 games/s  ETA 1h02m06s
[finalists] 39122/50000  2.9 games/s  ETA 1h02m04s
[finalists] 39130/50000  2.9 games/s  ETA 1h02m01s
[finalists] 39137/50000  2.9 games/s  ETA 1h01m58s
[finalists] 39140/50000  2.9 games/s  ETA 1h01m57s
[finalists] 39144/50000  2.9 games/s  ETA 1h01m56s
[finalists] 39150/50000  2.9 games/s  ETA 1h01m54s
[finalists] 39153/50000  2.9 games/s  ETA 1h01m53s
[finalists] 39158/50000  2.9 games/s  ETA 1h01m52s
[finalists] 39161/50000  2.9 games/s  ETA 1h01m51s
[finalists] 39164/50000  2.9 games/s  ETA 1h01m50s
[finalists] 39166/50000  2.9 games/s  ETA 1h01m50s
[finalists] 39174/50000  2.9 games/s  ETA 1h01m47s
[finalists] 39178/50000  2.9 games/s  ETA 1h01m46s
[finalists] 39182/50000  2.9 games/s  ETA 1h01m45s
[finalists] 39187/50000  2.9 games/s  ETA 1h01m43s
[finalists] 39192/50000  2.9 games/s  ETA 1h01m41s
[finalists] 39199/50000  2.9 games/s  ETA 1h01m39s
[finalists] 39207/50000  2.9 games/s  ETA 1h01m36s
[finalists] 39214/50000  2.9 games/s  ETA 1h01m33s
[finalists] 39217/50000  2.9 games/s  ETA 1h01m33s
[finalists] 39223/50000  2.9 games/s  ETA 1h01m31s
[finalists] 39231/50000  2.9 games/s  ETA 1h01m28s
[finalists] 39237/50000  2.9 games/s  ETA 1h01m26s
[finalists] 39246/50000  2.9 games/s  ETA 1h01m22s
[finalists] 39251/50000  2.9 games/s  ETA 1h01m21s
[finalists] 39258/50000  2.9 games/s  ETA 1h01m18s
[finalists] 39262/50000  2.9 games/s  ETA 1h01m17s
[finalists] 39270/50000  2.9 games/s  ETA 1h01m14s
[finalists] 39274/50000  2.9 games/s  ETA 1h01m13s
[finalists] 39280/50000  2.9 games/s  ETA 1h01m11s
[finalists] 39286/50000  2.9 games/s  ETA 1h01m09s
[finalists] 39288/50000  2.9 games/s  ETA 1h01m08s
[finalists] 39296/50000  2.9 games/s  ETA 1h01m05s
[finalists] 39302/50000  2.9 games/s  ETA 1h01m03s
[finalists] 39306/50000  2.9 games/s  ETA 1h01m02s
[finalists] 39312/50000  2.9 games/s  ETA 1h01m00s
[finalists] 39317/50000  2.9 games/s  ETA 1h00m58s
[finalists] 39322/50000  2.9 games/s  ETA 1h00m57s
[finalists] 39330/50000  2.9 games/s  ETA 1h00m54s
[finalists] 39335/50000  2.9 games/s  ETA 1h00m52s
[finalists] 39342/50000  2.9 games/s  ETA 1h00m50s
[finalists] 39346/50000  2.9 games/s  ETA 1h00m48s
[finalists] 39352/50000  2.9 games/s  ETA 1h00m46s
[finalists] 39355/50000  2.9 games/s  ETA 1h00m46s
[finalists] 39360/50000  2.9 games/s  ETA 1h00m44s
[finalists] 39365/50000  2.9 games/s  ETA 1h00m42s
[finalists] 39370/50000  2.9 games/s  ETA 1h00m41s
[finalists] 39373/50000  2.9 games/s  ETA 1h00m40s
[finalists] 39377/50000  2.9 games/s  ETA 1h00m39s
[finalists] 39385/50000  2.9 games/s  ETA 1h00m36s
[finalists] 39391/50000  2.9 games/s  ETA 1h00m34s
[finalists] 39397/50000  2.9 games/s  ETA 1h00m32s
[finalists] 39403/50000  2.9 games/s  ETA 1h00m30s
[finalists] 39413/50000  2.9 games/s  ETA 1h00m26s
[finalists] 39419/50000  2.9 games/s  ETA 1h00m24s
[finalists] 39422/50000  2.9 games/s  ETA 1h00m23s
[finalists] 39427/50000  2.9 games/s  ETA 1h00m21s
[finalists] 39432/50000  2.9 games/s  ETA 1h00m20s
[finalists] 39438/50000  2.9 games/s  ETA 1h00m18s
[finalists] 39445/50000  2.9 games/s  ETA 1h00m15s
[finalists] 39454/50000  2.9 games/s  ETA 1h00m12s
[finalists] 39460/50000  2.9 games/s  ETA 1h00m10s
[finalists] 39465/50000  2.9 games/s  ETA 1h00m08s
[finalists] 39470/50000  2.9 games/s  ETA 1h00m06s
[finalists] 39475/50000  2.9 games/s  ETA 1h00m05s
[finalists] 39483/50000  2.9 games/s  ETA 1h00m02s
[finalists] 39491/50000  2.9 games/s  ETA 0h59m59s
[finalists] 39496/50000  2.9 games/s  ETA 0h59m57s
[finalists] 39503/50000  2.9 games/s  ETA 0h59m55s
[finalists] 39511/50000  2.9 games/s  ETA 0h59m52s
[finalists] 39515/50000  2.9 games/s  ETA 0h59m51s
[finalists] 39522/50000  2.9 games/s  ETA 0h59m48s
[finalists] 39527/50000  2.9 games/s  ETA 0h59m46s
[finalists] 39533/50000  2.9 games/s  ETA 0h59m44s
[finalists] 39541/50000  2.9 games/s  ETA 0h59m41s
[finalists] 39549/50000  2.9 games/s  ETA 0h59m39s
[finalists] 39553/50000  2.9 games/s  ETA 0h59m37s
[finalists] 39562/50000  2.9 games/s  ETA 0h59m34s
[finalists] 39569/50000  2.9 games/s  ETA 0h59m31s
[finalists] 39574/50000  2.9 games/s  ETA 0h59m30s
[finalists] 39580/50000  2.9 games/s  ETA 0h59m28s
[finalists] 39588/50000  2.9 games/s  ETA 0h59m25s
[finalists] 39592/50000  2.9 games/s  ETA 0h59m24s
[finalists] 39599/50000  2.9 games/s  ETA 0h59m21s
[finalists] 39606/50000  2.9 games/s  ETA 0h59m19s
[finalists] 39611/50000  2.9 games/s  ETA 0h59m17s
[finalists] 39615/50000  2.9 games/s  ETA 0h59m16s
[finalists] 39622/50000  2.9 games/s  ETA 0h59m13s
[finalists] 39626/50000  2.9 games/s  ETA 0h59m12s
[finalists] 39628/50000  2.9 games/s  ETA 0h59m12s
[finalists] 39634/50000  2.9 games/s  ETA 0h59m10s
[finalists] 39640/50000  2.9 games/s  ETA 0h59m08s
[finalists] 39644/50000  2.9 games/s  ETA 0h59m06s
[finalists] 39647/50000  2.9 games/s  ETA 0h59m06s
[finalists] 39652/50000  2.9 games/s  ETA 0h59m04s
[finalists] 39656/50000  2.9 games/s  ETA 0h59m03s
[finalists] 39663/50000  2.9 games/s  ETA 0h59m00s
[finalists] 39670/50000  2.9 games/s  ETA 0h58m58s
[finalists] 39676/50000  2.9 games/s  ETA 0h58m56s
[finalists] 39682/50000  2.9 games/s  ETA 0h58m54s
[finalists] 39689/50000  2.9 games/s  ETA 0h58m51s
[finalists] 39695/50000  2.9 games/s  ETA 0h58m49s
[finalists] 39704/50000  2.9 games/s  ETA 0h58m46s
[finalists] 39710/50000  2.9 games/s  ETA 0h58m44s
[finalists] 39720/50000  2.9 games/s  ETA 0h58m40s
[finalists] 39729/50000  2.9 games/s  ETA 0h58m36s
[finalists] 39738/50000  2.9 games/s  ETA 0h58m33s
[finalists] 39747/50000  2.9 games/s  ETA 0h58m30s
[finalists] 39753/50000  2.9 games/s  ETA 0h58m28s
[finalists] 39761/50000  2.9 games/s  ETA 0h58m25s
[finalists] 39767/50000  2.9 games/s  ETA 0h58m23s
[finalists] 39776/50000  2.9 games/s  ETA 0h58m19s
[finalists] 39783/50000  2.9 games/s  ETA 0h58m17s
[finalists] 39792/50000  2.9 games/s  ETA 0h58m13s
[finalists] 39796/50000  2.9 games/s  ETA 0h58m12s
[finalists] 39802/50000  2.9 games/s  ETA 0h58m10s
[finalists] 39807/50000  2.9 games/s  ETA 0h58m09s
[finalists] 39814/50000  2.9 games/s  ETA 0h58m06s
[finalists] 39823/50000  2.9 games/s  ETA 0h58m03s
[finalists] 39828/50000  2.9 games/s  ETA 0h58m01s
[finalists] 39832/50000  2.9 games/s  ETA 0h58m00s
[finalists] 39841/50000  2.9 games/s  ETA 0h57m57s
[finalists] 39846/50000  2.9 games/s  ETA 0h57m55s
[finalists] 39852/50000  2.9 games/s  ETA 0h57m53s
[finalists] 39858/50000  2.9 games/s  ETA 0h57m51s
[finalists] 39863/50000  2.9 games/s  ETA 0h57m49s
[finalists] 39869/50000  2.9 games/s  ETA 0h57m47s
[finalists] 39875/50000  2.9 games/s  ETA 0h57m45s
[finalists] 39882/50000  2.9 games/s  ETA 0h57m42s
[finalists] 39885/50000  2.9 games/s  ETA 0h57m42s
[finalists] 39892/50000  2.9 games/s  ETA 0h57m39s
[finalists] 39898/50000  2.9 games/s  ETA 0h57m37s
[finalists] 39907/50000  2.9 games/s  ETA 0h57m34s
[finalists] 39912/50000  2.9 games/s  ETA 0h57m32s
[finalists] 39916/50000  2.9 games/s  ETA 0h57m31s
[finalists] 39920/50000  2.9 games/s  ETA 0h57m30s
[finalists] 39926/50000  2.9 games/s  ETA 0h57m28s
[finalists] 39931/50000  2.9 games/s  ETA 0h57m26s
[finalists] 39939/50000  2.9 games/s  ETA 0h57m23s
[finalists] 39946/50000  2.9 games/s  ETA 0h57m21s
[finalists] 39955/50000  2.9 games/s  ETA 0h57m17s
[finalists] 39965/50000  2.9 games/s  ETA 0h57m13s
[finalists] 39971/50000  2.9 games/s  ETA 0h57m11s
[finalists] 39978/50000  2.9 games/s  ETA 0h57m09s
[finalists] 39986/50000  2.9 games/s  ETA 0h57m06s
[finalists] 39994/50000  2.9 games/s  ETA 0h57m03s
[finalists] 40001/50000  2.9 games/s  ETA 0h57m01s
[finalists] 40009/50000  2.9 games/s  ETA 0h56m58s
[finalists] 40014/50000  2.9 games/s  ETA 0h56m56s
[finalists] 40022/50000  2.9 games/s  ETA 0h56m53s
[finalists] 40031/50000  2.9 games/s  ETA 0h56m50s
[finalists] 40035/50000  2.9 games/s  ETA 0h56m49s
[finalists] 40044/50000  2.9 games/s  ETA 0h56m45s
[finalists] 40053/50000  2.9 games/s  ETA 0h56m42s
[finalists] 40062/50000  2.9 games/s  ETA 0h56m38s
[finalists] 40072/50000  2.9 games/s  ETA 0h56m35s
[finalists] 40077/50000  2.9 games/s  ETA 0h56m33s
[finalists] 40084/50000  2.9 games/s  ETA 0h56m31s
[finalists] 40089/50000  2.9 games/s  ETA 0h56m29s
[finalists] 40095/50000  2.9 games/s  ETA 0h56m27s
[finalists] 40100/50000  2.9 games/s  ETA 0h56m25s
[finalists] 40111/50000  2.9 games/s  ETA 0h56m21s
[finalists] 40118/50000  2.9 games/s  ETA 0h56m19s
[finalists] 40123/50000  2.9 games/s  ETA 0h56m17s
[finalists] 40130/50000  2.9 games/s  ETA 0h56m14s
[finalists] 40138/50000  2.9 games/s  ETA 0h56m12s
[finalists] 40144/50000  2.9 games/s  ETA 0h56m09s
[finalists] 40150/50000  2.9 games/s  ETA 0h56m07s
[finalists] 40155/50000  2.9 games/s  ETA 0h56m06s
[finalists] 40162/50000  2.9 games/s  ETA 0h56m03s
[finalists] 40166/50000  2.9 games/s  ETA 0h56m02s
[finalists] 40172/50000  2.9 games/s  ETA 0h56m00s
[finalists] 40177/50000  2.9 games/s  ETA 0h55m58s
[finalists] 40183/50000  2.9 games/s  ETA 0h55m56s
[finalists] 40190/50000  2.9 games/s  ETA 0h55m54s
[finalists] 40194/50000  2.9 games/s  ETA 0h55m53s
[finalists] 40198/50000  2.9 games/s  ETA 0h55m51s
[finalists] 40202/50000  2.9 games/s  ETA 0h55m50s
[finalists] 40207/50000  2.9 games/s  ETA 0h55m49s
[finalists] 40212/50000  2.9 games/s  ETA 0h55m47s
[finalists] 40218/50000  2.9 games/s  ETA 0h55m45s
[finalists] 40222/50000  2.9 games/s  ETA 0h55m44s
[finalists] 40227/50000  2.9 games/s  ETA 0h55m42s
[finalists] 40235/50000  2.9 games/s  ETA 0h55m39s
[finalists] 40242/50000  2.9 games/s  ETA 0h55m37s
[finalists] 40249/50000  2.9 games/s  ETA 0h55m34s
[finalists] 40256/50000  2.9 games/s  ETA 0h55m32s
[finalists] 40261/50000  2.9 games/s  ETA 0h55m30s
[finalists] 40266/50000  2.9 games/s  ETA 0h55m28s
[finalists] 40270/50000  2.9 games/s  ETA 0h55m27s
[finalists] 40274/50000  2.9 games/s  ETA 0h55m26s
[finalists] 40278/50000  2.9 games/s  ETA 0h55m25s
[finalists] 40284/50000  2.9 games/s  ETA 0h55m23s
[finalists] 40288/50000  2.9 games/s  ETA 0h55m21s
[finalists] 40296/50000  2.9 games/s  ETA 0h55m18s
[finalists] 40301/50000  2.9 games/s  ETA 0h55m17s
[finalists] 40308/50000  2.9 games/s  ETA 0h55m14s
[finalists] 40314/50000  2.9 games/s  ETA 0h55m12s
[finalists] 40321/50000  2.9 games/s  ETA 0h55m10s
[finalists] 40325/50000  2.9 games/s  ETA 0h55m09s
[finalists] 40333/50000  2.9 games/s  ETA 0h55m06s
[finalists] 40341/50000  2.9 games/s  ETA 0h55m03s
[finalists] 40347/50000  2.9 games/s  ETA 0h55m01s
[finalists] 40352/50000  2.9 games/s  ETA 0h54m59s
[finalists] 40361/50000  2.9 games/s  ETA 0h54m56s
[finalists] 40364/50000  2.9 games/s  ETA 0h54m55s
[finalists] 40369/50000  2.9 games/s  ETA 0h54m53s
[finalists] 40376/50000  2.9 games/s  ETA 0h54m51s
[finalists] 40380/50000  2.9 games/s  ETA 0h54m50s
[finalists] 40386/50000  2.9 games/s  ETA 0h54m47s
[finalists] 40391/50000  2.9 games/s  ETA 0h54m46s
[finalists] 40395/50000  2.9 games/s  ETA 0h54m45s
[finalists] 40397/50000  2.9 games/s  ETA 0h54m44s
[finalists] 40404/50000  2.9 games/s  ETA 0h54m42s
[finalists] 40410/50000  2.9 games/s  ETA 0h54m40s
[finalists] 40417/50000  2.9 games/s  ETA 0h54m37s
[finalists] 40422/50000  2.9 games/s  ETA 0h54m36s
[finalists] 40424/50000  2.9 games/s  ETA 0h54m35s
[finalists] 40434/50000  2.9 games/s  ETA 0h54m31s
[finalists] 40441/50000  2.9 games/s  ETA 0h54m29s
[finalists] 40446/50000  2.9 games/s  ETA 0h54m27s
[finalists] 40449/50000  2.9 games/s  ETA 0h54m27s
[finalists] 40457/50000  2.9 games/s  ETA 0h54m24s
[finalists] 40464/50000  2.9 games/s  ETA 0h54m21s
[finalists] 40470/50000  2.9 games/s  ETA 0h54m19s
[finalists] 40476/50000  2.9 games/s  ETA 0h54m17s
[finalists] 40484/50000  2.9 games/s  ETA 0h54m14s
[finalists] 40491/50000  2.9 games/s  ETA 0h54m12s
[finalists] 40498/50000  2.9 games/s  ETA 0h54m09s
[finalists] 40504/50000  2.9 games/s  ETA 0h54m07s
[finalists] 40511/50000  2.9 games/s  ETA 0h54m05s
[finalists] 40517/50000  2.9 games/s  ETA 0h54m03s
[finalists] 40523/50000  2.9 games/s  ETA 0h54m00s
[finalists] 40531/50000  2.9 games/s  ETA 0h53m58s
[finalists] 40537/50000  2.9 games/s  ETA 0h53m55s
[finalists] 40545/50000  2.9 games/s  ETA 0h53m53s
[finalists] 40549/50000  2.9 games/s  ETA 0h53m51s
[finalists] 40551/50000  2.9 games/s  ETA 0h53m51s
[finalists] 40558/50000  2.9 games/s  ETA 0h53m48s
[finalists] 40564/50000  2.9 games/s  ETA 0h53m46s
[finalists] 40570/50000  2.9 games/s  ETA 0h53m44s
[finalists] 40580/50000  2.9 games/s  ETA 0h53m41s
[finalists] 40584/50000  2.9 games/s  ETA 0h53m39s
[finalists] 40591/50000  2.9 games/s  ETA 0h53m37s
[finalists] 40598/50000  2.9 games/s  ETA 0h53m34s
[finalists] 40602/50000  2.9 games/s  ETA 0h53m33s
[finalists] 40607/50000  2.9 games/s  ETA 0h53m32s
[finalists] 40611/50000  2.9 games/s  ETA 0h53m30s
[finalists] 40617/50000  2.9 games/s  ETA 0h53m28s
[finalists] 40618/50000  2.9 games/s  ETA 0h53m28s
[finalists] 40624/50000  2.9 games/s  ETA 0h53m26s
[finalists] 40630/50000  2.9 games/s  ETA 0h53m24s
[finalists] 40637/50000  2.9 games/s  ETA 0h53m22s
[finalists] 40642/50000  2.9 games/s  ETA 0h53m20s
[finalists] 40648/50000  2.9 games/s  ETA 0h53m18s
[finalists] 40654/50000  2.9 games/s  ETA 0h53m16s
[finalists] 40662/50000  2.9 games/s  ETA 0h53m13s
[finalists] 40668/50000  2.9 games/s  ETA 0h53m11s
[finalists] 40673/50000  2.9 games/s  ETA 0h53m09s
[finalists] 40676/50000  2.9 games/s  ETA 0h53m09s
[finalists] 40684/50000  2.9 games/s  ETA 0h53m06s
[finalists] 40690/50000  2.9 games/s  ETA 0h53m04s
[finalists] 40697/50000  2.9 games/s  ETA 0h53m01s
[finalists] 40706/50000  2.9 games/s  ETA 0h52m58s
[finalists] 40713/50000  2.9 games/s  ETA 0h52m55s
[finalists] 40721/50000  2.9 games/s  ETA 0h52m52s
[finalists] 40728/50000  2.9 games/s  ETA 0h52m50s
[finalists] 40738/50000  2.9 games/s  ETA 0h52m46s
[finalists] 40744/50000  2.9 games/s  ETA 0h52m44s
[finalists] 40750/50000  2.9 games/s  ETA 0h52m42s
[finalists] 40756/50000  2.9 games/s  ETA 0h52m40s
[finalists] 40762/50000  2.9 games/s  ETA 0h52m38s
[finalists] 40767/50000  2.9 games/s  ETA 0h52m36s
[finalists] 40772/50000  2.9 games/s  ETA 0h52m35s
[finalists] 40778/50000  2.9 games/s  ETA 0h52m33s
[finalists] 40787/50000  2.9 games/s  ETA 0h52m29s
[finalists] 40793/50000  2.9 games/s  ETA 0h52m27s
[finalists] 40795/50000  2.9 games/s  ETA 0h52m27s
[finalists] 40799/50000  2.9 games/s  ETA 0h52m26s
[finalists] 40802/50000  2.9 games/s  ETA 0h52m25s
[finalists] 40806/50000  2.9 games/s  ETA 0h52m24s
[finalists] 40816/50000  2.9 games/s  ETA 0h52m20s
[finalists] 40823/50000  2.9 games/s  ETA 0h52m17s
[finalists] 40830/50000  2.9 games/s  ETA 0h52m15s
[finalists] 40836/50000  2.9 games/s  ETA 0h52m13s
[finalists] 40844/50000  2.9 games/s  ETA 0h52m10s
[finalists] 40848/50000  2.9 games/s  ETA 0h52m09s
[finalists] 40854/50000  2.9 games/s  ETA 0h52m07s
[finalists] 40861/50000  2.9 games/s  ETA 0h52m04s
[finalists] 40867/50000  2.9 games/s  ETA 0h52m02s
[finalists] 40872/50000  2.9 games/s  ETA 0h52m00s
[finalists] 40878/50000  2.9 games/s  ETA 0h51m58s
[finalists] 40883/50000  2.9 games/s  ETA 0h51m57s
[finalists] 40892/50000  2.9 games/s  ETA 0h51m53s
[finalists] 40895/50000  2.9 games/s  ETA 0h51m53s
[finalists] 40901/50000  2.9 games/s  ETA 0h51m50s
[finalists] 40908/50000  2.9 games/s  ETA 0h51m48s
[finalists] 40913/50000  2.9 games/s  ETA 0h51m46s
[finalists] 40917/50000  2.9 games/s  ETA 0h51m45s
[finalists] 40923/50000  2.9 games/s  ETA 0h51m43s
[finalists] 40928/50000  2.9 games/s  ETA 0h51m41s
[finalists] 40934/50000  2.9 games/s  ETA 0h51m39s
[finalists] 40940/50000  2.9 games/s  ETA 0h51m37s
[finalists] 40945/50000  2.9 games/s  ETA 0h51m36s
[finalists] 40949/50000  2.9 games/s  ETA 0h51m34s
[finalists] 40955/50000  2.9 games/s  ETA 0h51m32s
[finalists] 40960/50000  2.9 games/s  ETA 0h51m31s
[finalists] 40967/50000  2.9 games/s  ETA 0h51m28s
[finalists] 40974/50000  2.9 games/s  ETA 0h51m26s
[finalists] 40982/50000  2.9 games/s  ETA 0h51m23s
[finalists] 40989/50000  2.9 games/s  ETA 0h51m20s
[finalists] 40997/50000  2.9 games/s  ETA 0h51m17s
[finalists] 41005/50000  2.9 games/s  ETA 0h51m15s
[finalists] 41013/50000  2.9 games/s  ETA 0h51m12s
[finalists] 41019/50000  2.9 games/s  ETA 0h51m10s
[finalists] 41024/50000  2.9 games/s  ETA 0h51m08s
[finalists] 41033/50000  2.9 games/s  ETA 0h51m05s
[finalists] 41037/50000  2.9 games/s  ETA 0h51m03s
[finalists] 41043/50000  2.9 games/s  ETA 0h51m01s
[finalists] 41050/50000  2.9 games/s  ETA 0h50m59s
[finalists] 41053/50000  2.9 games/s  ETA 0h50m58s
[finalists] 41060/50000  2.9 games/s  ETA 0h50m56s
[finalists] 41064/50000  2.9 games/s  ETA 0h50m54s
[finalists] 41068/50000  2.9 games/s  ETA 0h50m53s
[finalists] 41075/50000  2.9 games/s  ETA 0h50m51s
[finalists] 41086/50000  2.9 games/s  ETA 0h50m47s
[finalists] 41091/50000  2.9 games/s  ETA 0h50m45s
[finalists] 41099/50000  2.9 games/s  ETA 0h50m42s
[finalists] 41104/50000  2.9 games/s  ETA 0h50m40s
[finalists] 41109/50000  2.9 games/s  ETA 0h50m39s
[finalists] 41115/50000  2.9 games/s  ETA 0h50m37s
[finalists] 41122/50000  2.9 games/s  ETA 0h50m34s
[finalists] 41127/50000  2.9 games/s  ETA 0h50m33s
[finalists] 41139/50000  2.9 games/s  ETA 0h50m28s
[finalists] 41142/50000  2.9 games/s  ETA 0h50m27s
[finalists] 41147/50000  2.9 games/s  ETA 0h50m25s
[finalists] 41155/50000  2.9 games/s  ETA 0h50m23s
[finalists] 41162/50000  2.9 games/s  ETA 0h50m20s
[finalists] 41171/50000  2.9 games/s  ETA 0h50m17s
[finalists] 41179/50000  2.9 games/s  ETA 0h50m14s
[finalists] 41188/50000  2.9 games/s  ETA 0h50m11s
[finalists] 41194/50000  2.9 games/s  ETA 0h50m09s
[finalists] 41198/50000  2.9 games/s  ETA 0h50m07s
[finalists] 41201/50000  2.9 games/s  ETA 0h50m07s
[finalists] 41206/50000  2.9 games/s  ETA 0h50m05s
[finalists] 41213/50000  2.9 games/s  ETA 0h50m02s
[finalists] 41218/50000  2.9 games/s  ETA 0h50m01s
[finalists] 41224/50000  2.9 games/s  ETA 0h49m59s
[finalists] 41229/50000  2.9 games/s  ETA 0h49m57s
[finalists] 41235/50000  2.9 games/s  ETA 0h49m55s
[finalists] 41239/50000  2.9 games/s  ETA 0h49m54s
[finalists] 41243/50000  2.9 games/s  ETA 0h49m53s
[finalists] 41246/50000  2.9 games/s  ETA 0h49m52s
[finalists] 41251/50000  2.9 games/s  ETA 0h49m50s
[finalists] 41258/50000  2.9 games/s  ETA 0h49m48s
[finalists] 41261/50000  2.9 games/s  ETA 0h49m47s
[finalists] 41270/50000  2.9 games/s  ETA 0h49m43s
[finalists] 41275/50000  2.9 games/s  ETA 0h49m42s
[finalists] 41282/50000  2.9 games/s  ETA 0h49m39s
[finalists] 41292/50000  2.9 games/s  ETA 0h49m36s
[finalists] 41298/50000  2.9 games/s  ETA 0h49m34s
[finalists] 41303/50000  2.9 games/s  ETA 0h49m32s
[finalists] 41311/50000  2.9 games/s  ETA 0h49m29s
[finalists] 41313/50000  2.9 games/s  ETA 0h49m29s
[finalists] 41316/50000  2.9 games/s  ETA 0h49m28s
[finalists] 41322/50000  2.9 games/s  ETA 0h49m26s
[finalists] 41327/50000  2.9 games/s  ETA 0h49m24s
[finalists] 41334/50000  2.9 games/s  ETA 0h49m22s
[finalists] 41340/50000  2.9 games/s  ETA 0h49m20s
[finalists] 41347/50000  2.9 games/s  ETA 0h49m17s
[finalists] 41350/50000  2.9 games/s  ETA 0h49m16s
[finalists] 41358/50000  2.9 games/s  ETA 0h49m13s
[finalists] 41364/50000  2.9 games/s  ETA 0h49m11s
[finalists] 41371/50000  2.9 games/s  ETA 0h49m09s
[finalists] 41375/50000  2.9 games/s  ETA 0h49m08s
[finalists] 41379/50000  2.9 games/s  ETA 0h49m06s
[finalists] 41385/50000  2.9 games/s  ETA 0h49m04s
[finalists] 41391/50000  2.9 games/s  ETA 0h49m02s
[finalists] 41395/50000  2.9 games/s  ETA 0h49m01s
[finalists] 41402/50000  2.9 games/s  ETA 0h48m59s
[finalists] 41410/50000  2.9 games/s  ETA 0h48m56s
[finalists] 41417/50000  2.9 games/s  ETA 0h48m53s
[finalists] 41422/50000  2.9 games/s  ETA 0h48m52s
[finalists] 41429/50000  2.9 games/s  ETA 0h48m49s
[finalists] 41437/50000  2.9 games/s  ETA 0h48m46s
[finalists] 41444/50000  2.9 games/s  ETA 0h48m44s
[finalists] 41448/50000  2.9 games/s  ETA 0h48m42s
[finalists] 41454/50000  2.9 games/s  ETA 0h48m40s
[finalists] 41461/50000  2.9 games/s  ETA 0h48m38s
[finalists] 41467/50000  2.9 games/s  ETA 0h48m36s
[finalists] 41470/50000  2.9 games/s  ETA 0h48m35s
[finalists] 41474/50000  2.9 games/s  ETA 0h48m34s
[finalists] 41481/50000  2.9 games/s  ETA 0h48m31s
[finalists] 41488/50000  2.9 games/s  ETA 0h48m29s
[finalists] 41496/50000  2.9 games/s  ETA 0h48m26s
[finalists] 41502/50000  2.9 games/s  ETA 0h48m24s
[finalists] 41507/50000  2.9 games/s  ETA 0h48m22s
[finalists] 41514/50000  2.9 games/s  ETA 0h48m20s
[finalists] 41517/50000  2.9 games/s  ETA 0h48m19s
[finalists] 41524/50000  2.9 games/s  ETA 0h48m16s
[finalists] 41531/50000  2.9 games/s  ETA 0h48m14s
[finalists] 41539/50000  2.9 games/s  ETA 0h48m11s
[finalists] 41545/50000  2.9 games/s  ETA 0h48m09s
[finalists] 41548/50000  2.9 games/s  ETA 0h48m08s
[finalists] 41555/50000  2.9 games/s  ETA 0h48m06s
[finalists] 41560/50000  2.9 games/s  ETA 0h48m04s
[finalists] 41566/50000  2.9 games/s  ETA 0h48m02s
[finalists] 41574/50000  2.9 games/s  ETA 0h47m59s
[finalists] 41578/50000  2.9 games/s  ETA 0h47m58s
[finalists] 41584/50000  2.9 games/s  ETA 0h47m56s
[finalists] 41587/50000  2.9 games/s  ETA 0h47m55s
[finalists] 41593/50000  2.9 games/s  ETA 0h47m53s
[finalists] 41599/50000  2.9 games/s  ETA 0h47m51s
[finalists] 41604/50000  2.9 games/s  ETA 0h47m49s
[finalists] 41610/50000  2.9 games/s  ETA 0h47m47s
[finalists] 41614/50000  2.9 games/s  ETA 0h47m46s
[finalists] 41620/50000  2.9 games/s  ETA 0h47m44s
[finalists] 41624/50000  2.9 games/s  ETA 0h47m43s
[finalists] 41630/50000  2.9 games/s  ETA 0h47m41s
[finalists] 41635/50000  2.9 games/s  ETA 0h47m39s
[finalists] 41640/50000  2.9 games/s  ETA 0h47m37s
[finalists] 41646/50000  2.9 games/s  ETA 0h47m35s
[finalists] 41651/50000  2.9 games/s  ETA 0h47m34s
[finalists] 41655/50000  2.9 games/s  ETA 0h47m32s
[finalists] 41661/50000  2.9 games/s  ETA 0h47m30s
[finalists] 41665/50000  2.9 games/s  ETA 0h47m29s
[finalists] 41669/50000  2.9 games/s  ETA 0h47m28s
[finalists] 41675/50000  2.9 games/s  ETA 0h47m26s
[finalists] 41680/50000  2.9 games/s  ETA 0h47m24s
[finalists] 41687/50000  2.9 games/s  ETA 0h47m22s
[finalists] 41693/50000  2.9 games/s  ETA 0h47m20s
[finalists] 41698/50000  2.9 games/s  ETA 0h47m18s
[finalists] 41702/50000  2.9 games/s  ETA 0h47m17s
[finalists] 41706/50000  2.9 games/s  ETA 0h47m15s
[finalists] 41710/50000  2.9 games/s  ETA 0h47m14s
[finalists] 41715/50000  2.9 games/s  ETA 0h47m13s
[finalists] 41721/50000  2.9 games/s  ETA 0h47m10s
[finalists] 41724/50000  2.9 games/s  ETA 0h47m10s
[finalists] 41726/50000  2.9 games/s  ETA 0h47m09s
[finalists] 41731/50000  2.9 games/s  ETA 0h47m08s
[finalists] 41737/50000  2.9 games/s  ETA 0h47m06s
[finalists] 41740/50000  2.9 games/s  ETA 0h47m05s
[finalists] 41747/50000  2.9 games/s  ETA 0h47m02s
[finalists] 41750/50000  2.9 games/s  ETA 0h47m01s
[finalists] 41755/50000  2.9 games/s  ETA 0h47m00s
[finalists] 41760/50000  2.9 games/s  ETA 0h46m58s
[finalists] 41769/50000  2.9 games/s  ETA 0h46m55s
[finalists] 41773/50000  2.9 games/s  ETA 0h46m54s
[finalists] 41779/50000  2.9 games/s  ETA 0h46m51s
[finalists] 41780/50000  2.9 games/s  ETA 0h46m51s
[finalists] 41786/50000  2.9 games/s  ETA 0h46m49s
[finalists] 41792/50000  2.9 games/s  ETA 0h46m47s
[finalists] 41798/50000  2.9 games/s  ETA 0h46m45s
[finalists] 41801/50000  2.9 games/s  ETA 0h46m44s
[finalists] 41807/50000  2.9 games/s  ETA 0h46m42s
[finalists] 41811/50000  2.9 games/s  ETA 0h46m41s
[finalists] 41818/50000  2.9 games/s  ETA 0h46m39s
[finalists] 41822/50000  2.9 games/s  ETA 0h46m37s
[finalists] 41827/50000  2.9 games/s  ETA 0h46m36s
[finalists] 41831/50000  2.9 games/s  ETA 0h46m35s
[finalists] 41837/50000  2.9 games/s  ETA 0h46m32s
[finalists] 41843/50000  2.9 games/s  ETA 0h46m30s
[finalists] 41847/50000  2.9 games/s  ETA 0h46m29s
[finalists] 41850/50000  2.9 games/s  ETA 0h46m28s
[finalists] 41855/50000  2.9 games/s  ETA 0h46m27s
[finalists] 41862/50000  2.9 games/s  ETA 0h46m24s
[finalists] 41867/50000  2.9 games/s  ETA 0h46m23s
[finalists] 41872/50000  2.9 games/s  ETA 0h46m21s
[finalists] 41875/50000  2.9 games/s  ETA 0h46m20s
[finalists] 41880/50000  2.9 games/s  ETA 0h46m18s
[finalists] 41886/50000  2.9 games/s  ETA 0h46m16s
[finalists] 41890/50000  2.9 games/s  ETA 0h46m15s
[finalists] 41894/50000  2.9 games/s  ETA 0h46m14s
[finalists] 41898/50000  2.9 games/s  ETA 0h46m13s
[finalists] 41901/50000  2.9 games/s  ETA 0h46m12s
[finalists] 41904/50000  2.9 games/s  ETA 0h46m11s
[finalists] 41908/50000  2.9 games/s  ETA 0h46m10s
[finalists] 41912/50000  2.9 games/s  ETA 0h46m08s
[finalists] 41916/50000  2.9 games/s  ETA 0h46m07s
[finalists] 41920/50000  2.9 games/s  ETA 0h46m06s
[finalists] 41923/50000  2.9 games/s  ETA 0h46m05s
[finalists] 41932/50000  2.9 games/s  ETA 0h46m02s
[finalists] 41936/50000  2.9 games/s  ETA 0h46m01s
[finalists] 41942/50000  2.9 games/s  ETA 0h45m58s
[finalists] 41947/50000  2.9 games/s  ETA 0h45m57s
[finalists] 41951/50000  2.9 games/s  ETA 0h45m56s
[finalists] 41955/50000  2.9 games/s  ETA 0h45m54s
[finalists] 41961/50000  2.9 games/s  ETA 0h45m52s
[finalists] 41965/50000  2.9 games/s  ETA 0h45m51s
[finalists] 41969/50000  2.9 games/s  ETA 0h45m50s
[finalists] 41972/50000  2.9 games/s  ETA 0h45m49s
[finalists] 41979/50000  2.9 games/s  ETA 0h45m46s
[finalists] 41985/50000  2.9 games/s  ETA 0h45m44s
[finalists] 41991/50000  2.9 games/s  ETA 0h45m42s
[finalists] 41995/50000  2.9 games/s  ETA 0h45m41s
[finalists] 41998/50000  2.9 games/s  ETA 0h45m40s
[finalists] 42002/50000  2.9 games/s  ETA 0h45m39s
[finalists] 42009/50000  2.9 games/s  ETA 0h45m36s
[finalists] 42013/50000  2.9 games/s  ETA 0h45m35s
[finalists] 42016/50000  2.9 games/s  ETA 0h45m34s
[finalists] 42020/50000  2.9 games/s  ETA 0h45m33s
[finalists] 42025/50000  2.9 games/s  ETA 0h45m31s
[finalists] 42032/50000  2.9 games/s  ETA 0h45m29s
[finalists] 42037/50000  2.9 games/s  ETA 0h45m27s
[finalists] 42043/50000  2.9 games/s  ETA 0h45m25s
[finalists] 42047/50000  2.9 games/s  ETA 0h45m24s
[finalists] 42052/50000  2.9 games/s  ETA 0h45m22s
[finalists] 42059/50000  2.9 games/s  ETA 0h45m20s
[finalists] 42065/50000  2.9 games/s  ETA 0h45m18s
[finalists] 42068/50000  2.9 games/s  ETA 0h45m17s
[finalists] 42074/50000  2.9 games/s  ETA 0h45m15s
[finalists] 42077/50000  2.9 games/s  ETA 0h45m14s
[finalists] 42082/50000  2.9 games/s  ETA 0h45m12s
[finalists] 42090/50000  2.9 games/s  ETA 0h45m10s
[finalists] 42094/50000  2.9 games/s  ETA 0h45m08s
[finalists] 42099/50000  2.9 games/s  ETA 0h45m07s
[finalists] 42103/50000  2.9 games/s  ETA 0h45m05s
[finalists] 42111/50000  2.9 games/s  ETA 0h45m03s
[finalists] 42114/50000  2.9 games/s  ETA 0h45m02s
[finalists] 42116/50000  2.9 games/s  ETA 0h45m01s
[finalists] 42121/50000  2.9 games/s  ETA 0h45m00s
[finalists] 42131/50000  2.9 games/s  ETA 0h44m56s
[finalists] 42136/50000  2.9 games/s  ETA 0h44m54s
[finalists] 42141/50000  2.9 games/s  ETA 0h44m53s
[finalists] 42146/50000  2.9 games/s  ETA 0h44m51s
[finalists] 42151/50000  2.9 games/s  ETA 0h44m49s
[finalists] 42157/50000  2.9 games/s  ETA 0h44m47s
[finalists] 42160/50000  2.9 games/s  ETA 0h44m46s
[finalists] 42163/50000  2.9 games/s  ETA 0h44m45s
[finalists] 42171/50000  2.9 games/s  ETA 0h44m43s
[finalists] 42174/50000  2.9 games/s  ETA 0h44m42s
[finalists] 42176/50000  2.9 games/s  ETA 0h44m41s
[finalists] 42181/50000  2.9 games/s  ETA 0h44m40s
[finalists] 42184/50000  2.9 games/s  ETA 0h44m39s
[finalists] 42189/50000  2.9 games/s  ETA 0h44m37s
[finalists] 42191/50000  2.9 games/s  ETA 0h44m37s
[finalists] 42196/50000  2.9 games/s  ETA 0h44m35s
[finalists] 42198/50000  2.9 games/s  ETA 0h44m35s
[finalists] 42202/50000  2.9 games/s  ETA 0h44m33s
[finalists] 42205/50000  2.9 games/s  ETA 0h44m32s
[finalists] 42208/50000  2.9 games/s  ETA 0h44m32s
[finalists] 42211/50000  2.9 games/s  ETA 0h44m31s
[finalists] 42215/50000  2.9 games/s  ETA 0h44m30s
[finalists] 42217/50000  2.9 games/s  ETA 0h44m29s
[finalists] 42221/50000  2.9 games/s  ETA 0h44m28s
[finalists] 42223/50000  2.9 games/s  ETA 0h44m27s
[finalists] 42226/50000  2.9 games/s  ETA 0h44m27s
[finalists] 42232/50000  2.9 games/s  ETA 0h44m24s
[finalists] 42237/50000  2.9 games/s  ETA 0h44m23s
[finalists] 42244/50000  2.9 games/s  ETA 0h44m20s
[finalists] 42247/50000  2.9 games/s  ETA 0h44m19s
[finalists] 42252/50000  2.9 games/s  ETA 0h44m18s
[finalists] 42259/50000  2.9 games/s  ETA 0h44m15s
[finalists] 42262/50000  2.9 games/s  ETA 0h44m14s
[finalists] 42267/50000  2.9 games/s  ETA 0h44m13s
[finalists] 42272/50000  2.9 games/s  ETA 0h44m11s
[finalists] 42275/50000  2.9 games/s  ETA 0h44m10s
[finalists] 42280/50000  2.9 games/s  ETA 0h44m09s
[finalists] 42286/50000  2.9 games/s  ETA 0h44m07s
[finalists] 42292/50000  2.9 games/s  ETA 0h44m05s
[finalists] 42296/50000  2.9 games/s  ETA 0h44m03s
[finalists] 42300/50000  2.9 games/s  ETA 0h44m02s
[finalists] 42305/50000  2.9 games/s  ETA 0h44m00s
[finalists] 42312/50000  2.9 games/s  ETA 0h43m58s
[finalists] 42317/50000  2.9 games/s  ETA 0h43m56s
[finalists] 42320/50000  2.9 games/s  ETA 0h43m55s
[finalists] 42326/50000  2.9 games/s  ETA 0h43m53s
[finalists] 42332/50000  2.9 games/s  ETA 0h43m51s
[finalists] 42337/50000  2.9 games/s  ETA 0h43m50s
[finalists] 42343/50000  2.9 games/s  ETA 0h43m47s
[finalists] 42350/50000  2.9 games/s  ETA 0h43m45s
[finalists] 42354/50000  2.9 games/s  ETA 0h43m44s
[finalists] 42358/50000  2.9 games/s  ETA 0h43m42s
[finalists] 42364/50000  2.9 games/s  ETA 0h43m40s
[finalists] 42369/50000  2.9 games/s  ETA 0h43m39s
[finalists] 42375/50000  2.9 games/s  ETA 0h43m37s
[finalists] 42380/50000  2.9 games/s  ETA 0h43m35s
[finalists] 42390/50000  2.9 games/s  ETA 0h43m31s
[finalists] 42397/50000  2.9 games/s  ETA 0h43m29s
[finalists] 42402/50000  2.9 games/s  ETA 0h43m27s
[finalists] 42407/50000  2.9 games/s  ETA 0h43m26s
[finalists] 42415/50000  2.9 games/s  ETA 0h43m23s
[finalists] 42420/50000  2.9 games/s  ETA 0h43m21s
[finalists] 42423/50000  2.9 games/s  ETA 0h43m20s
[finalists] 42432/50000  2.9 games/s  ETA 0h43m17s
[finalists] 42437/50000  2.9 games/s  ETA 0h43m15s
[finalists] 42443/50000  2.9 games/s  ETA 0h43m13s
[finalists] 42448/50000  2.9 games/s  ETA 0h43m11s
[finalists] 42452/50000  2.9 games/s  ETA 0h43m10s
[finalists] 42457/50000  2.9 games/s  ETA 0h43m08s
[finalists] 42462/50000  2.9 games/s  ETA 0h43m07s
[finalists] 42471/50000  2.9 games/s  ETA 0h43m04s
[finalists] 42473/50000  2.9 games/s  ETA 0h43m03s
[finalists] 42478/50000  2.9 games/s  ETA 0h43m01s
[finalists] 42484/50000  2.9 games/s  ETA 0h42m59s
[finalists] 42488/50000  2.9 games/s  ETA 0h42m58s
[finalists] 42494/50000  2.9 games/s  ETA 0h42m56s
[finalists] 42498/50000  2.9 games/s  ETA 0h42m55s
[finalists] 42501/50000  2.9 games/s  ETA 0h42m54s
[finalists] 42506/50000  2.9 games/s  ETA 0h42m52s
[finalists] 42511/50000  2.9 games/s  ETA 0h42m51s
[finalists] 42515/50000  2.9 games/s  ETA 0h42m49s
[finalists] 42518/50000  2.9 games/s  ETA 0h42m48s
[finalists] 42523/50000  2.9 games/s  ETA 0h42m47s
[finalists] 42530/50000  2.9 games/s  ETA 0h42m44s
[finalists] 42536/50000  2.9 games/s  ETA 0h42m42s
[finalists] 42542/50000  2.9 games/s  ETA 0h42m40s
[finalists] 42549/50000  2.9 games/s  ETA 0h42m38s
[finalists] 42554/50000  2.9 games/s  ETA 0h42m36s
[finalists] 42561/50000  2.9 games/s  ETA 0h42m34s
[finalists] 42569/50000  2.9 games/s  ETA 0h42m31s
[finalists] 42575/50000  2.9 games/s  ETA 0h42m29s
[finalists] 42581/50000  2.9 games/s  ETA 0h42m27s
[finalists] 42585/50000  2.9 games/s  ETA 0h42m25s
[finalists] 42592/50000  2.9 games/s  ETA 0h42m23s
[finalists] 42596/50000  2.9 games/s  ETA 0h42m22s
[finalists] 42601/50000  2.9 games/s  ETA 0h42m20s
[finalists] 42606/50000  2.9 games/s  ETA 0h42m18s
[finalists] 42609/50000  2.9 games/s  ETA 0h42m17s
[finalists] 42615/50000  2.9 games/s  ETA 0h42m15s
[finalists] 42622/50000  2.9 games/s  ETA 0h42m13s
[finalists] 42627/50000  2.9 games/s  ETA 0h42m11s
[finalists] 42631/50000  2.9 games/s  ETA 0h42m10s
[finalists] 42638/50000  2.9 games/s  ETA 0h42m07s
[finalists] 42644/50000  2.9 games/s  ETA 0h42m05s
[finalists] 42649/50000  2.9 games/s  ETA 0h42m04s
[finalists] 42654/50000  2.9 games/s  ETA 0h42m02s
[finalists] 42658/50000  2.9 games/s  ETA 0h42m01s
[finalists] 42662/50000  2.9 games/s  ETA 0h41m59s
[finalists] 42666/50000  2.9 games/s  ETA 0h41m58s
[finalists] 42674/50000  2.9 games/s  ETA 0h41m55s
[finalists] 42678/50000  2.9 games/s  ETA 0h41m54s
[finalists] 42688/50000  2.9 games/s  ETA 0h41m50s
[finalists] 42693/50000  2.9 games/s  ETA 0h41m49s
[finalists] 42700/50000  2.9 games/s  ETA 0h41m46s
[finalists] 42704/50000  2.9 games/s  ETA 0h41m45s
[finalists] 42707/50000  2.9 games/s  ETA 0h41m44s
[finalists] 42711/50000  2.9 games/s  ETA 0h41m43s
[finalists] 42715/50000  2.9 games/s  ETA 0h41m42s
[finalists] 42720/50000  2.9 games/s  ETA 0h41m40s
[finalists] 42724/50000  2.9 games/s  ETA 0h41m39s
[finalists] 42728/50000  2.9 games/s  ETA 0h41m37s
[finalists] 42735/50000  2.9 games/s  ETA 0h41m35s
[finalists] 42740/50000  2.9 games/s  ETA 0h41m33s
[finalists] 42746/50000  2.9 games/s  ETA 0h41m31s
[finalists] 42751/50000  2.9 games/s  ETA 0h41m29s
[finalists] 42756/50000  2.9 games/s  ETA 0h41m28s
[finalists] 42762/50000  2.9 games/s  ETA 0h41m26s
[finalists] 42768/50000  2.9 games/s  ETA 0h41m24s
[finalists] 42773/50000  2.9 games/s  ETA 0h41m22s
[finalists] 42781/50000  2.9 games/s  ETA 0h41m19s
[finalists] 42787/50000  2.9 games/s  ETA 0h41m17s
[finalists] 42791/50000  2.9 games/s  ETA 0h41m16s
[finalists] 42795/50000  2.9 games/s  ETA 0h41m15s
[finalists] 42797/50000  2.9 games/s  ETA 0h41m14s
[finalists] 42799/50000  2.9 games/s  ETA 0h41m14s
[finalists] 42803/50000  2.9 games/s  ETA 0h41m12s
[finalists] 42807/50000  2.9 games/s  ETA 0h41m11s
[finalists] 42811/50000  2.9 games/s  ETA 0h41m10s
[finalists] 42815/50000  2.9 games/s  ETA 0h41m09s
[finalists] 42818/50000  2.9 games/s  ETA 0h41m08s
[finalists] 42824/50000  2.9 games/s  ETA 0h41m06s
[finalists] 42828/50000  2.9 games/s  ETA 0h41m04s
[finalists] 42833/50000  2.9 games/s  ETA 0h41m03s
[finalists] 42837/50000  2.9 games/s  ETA 0h41m01s
[finalists] 42842/50000  2.9 games/s  ETA 0h41m00s
[finalists] 42843/50000  2.9 games/s  ETA 0h41m00s
[finalists] 42848/50000  2.9 games/s  ETA 0h40m58s
[finalists] 42852/50000  2.9 games/s  ETA 0h40m57s
[finalists] 42856/50000  2.9 games/s  ETA 0h40m55s
[finalists] 42862/50000  2.9 games/s  ETA 0h40m53s
[finalists] 42866/50000  2.9 games/s  ETA 0h40m52s
[finalists] 42875/50000  2.9 games/s  ETA 0h40m49s
[finalists] 42878/50000  2.9 games/s  ETA 0h40m48s
[finalists] 42885/50000  2.9 games/s  ETA 0h40m45s
[finalists] 42893/50000  2.9 games/s  ETA 0h40m43s
[finalists] 42897/50000  2.9 games/s  ETA 0h40m41s
[finalists] 42904/50000  2.9 games/s  ETA 0h40m39s
[finalists] 42913/50000  2.9 games/s  ETA 0h40m36s
[finalists] 42917/50000  2.9 games/s  ETA 0h40m34s
[finalists] 42924/50000  2.9 games/s  ETA 0h40m32s
[finalists] 42930/50000  2.9 games/s  ETA 0h40m30s
[finalists] 42937/50000  2.9 games/s  ETA 0h40m27s
[finalists] 42946/50000  2.9 games/s  ETA 0h40m24s
[finalists] 42951/50000  2.9 games/s  ETA 0h40m22s
[finalists] 42955/50000  2.9 games/s  ETA 0h40m21s
[finalists] 42958/50000  2.9 games/s  ETA 0h40m20s
[finalists] 42964/50000  2.9 games/s  ETA 0h40m18s
[finalists] 42970/50000  2.9 games/s  ETA 0h40m16s
[finalists] 42976/50000  2.9 games/s  ETA 0h40m14s
[finalists] 42979/50000  2.9 games/s  ETA 0h40m13s
[finalists] 42985/50000  2.9 games/s  ETA 0h40m11s
[finalists] 42991/50000  2.9 games/s  ETA 0h40m09s
[finalists] 42997/50000  2.9 games/s  ETA 0h40m07s
[finalists] 43000/50000  2.9 games/s  ETA 0h40m06s
[finalists] 43003/50000  2.9 games/s  ETA 0h40m05s
[finalists] 43007/50000  2.9 games/s  ETA 0h40m04s
[finalists] 43011/50000  2.9 games/s  ETA 0h40m03s
[finalists] 43014/50000  2.9 games/s  ETA 0h40m02s
[finalists] 43019/50000  2.9 games/s  ETA 0h40m00s
[finalists] 43024/50000  2.9 games/s  ETA 0h39m58s
[finalists] 43027/50000  2.9 games/s  ETA 0h39m57s
[finalists] 43032/50000  2.9 games/s  ETA 0h39m56s
[finalists] 43034/50000  2.9 games/s  ETA 0h39m55s
[finalists] 43038/50000  2.9 games/s  ETA 0h39m54s
[finalists] 43041/50000  2.9 games/s  ETA 0h39m53s
[finalists] 43044/50000  2.9 games/s  ETA 0h39m52s
[finalists] 43047/50000  2.9 games/s  ETA 0h39m51s
[finalists] 43049/50000  2.9 games/s  ETA 0h39m51s
[finalists] 43054/50000  2.9 games/s  ETA 0h39m49s
[finalists] 43058/50000  2.9 games/s  ETA 0h39m48s
[finalists] 43061/50000  2.9 games/s  ETA 0h39m47s
[finalists] 43066/50000  2.9 games/s  ETA 0h39m45s
[finalists] 43070/50000  2.9 games/s  ETA 0h39m44s
[finalists] 43072/50000  2.9 games/s  ETA 0h39m44s
[finalists] 43075/50000  2.9 games/s  ETA 0h39m43s
[finalists] 43080/50000  2.9 games/s  ETA 0h39m41s
[finalists] 43086/50000  2.9 games/s  ETA 0h39m39s
[finalists] 43090/50000  2.9 games/s  ETA 0h39m38s
[finalists] 43094/50000  2.9 games/s  ETA 0h39m37s
[finalists] 43097/50000  2.9 games/s  ETA 0h39m36s
[finalists] 43101/50000  2.9 games/s  ETA 0h39m34s
[finalists] 43104/50000  2.9 games/s  ETA 0h39m33s
[finalists] 43108/50000  2.9 games/s  ETA 0h39m32s
[finalists] 43114/50000  2.9 games/s  ETA 0h39m30s
[finalists] 43118/50000  2.9 games/s  ETA 0h39m29s
[finalists] 43123/50000  2.9 games/s  ETA 0h39m27s
[finalists] 43125/50000  2.9 games/s  ETA 0h39m27s
[finalists] 43131/50000  2.9 games/s  ETA 0h39m25s
[finalists] 43136/50000  2.9 games/s  ETA 0h39m23s
[finalists] 43142/50000  2.9 games/s  ETA 0h39m21s
[finalists] 43147/50000  2.9 games/s  ETA 0h39m19s
[finalists] 43153/50000  2.9 games/s  ETA 0h39m17s
[finalists] 43160/50000  2.9 games/s  ETA 0h39m15s
[finalists] 43166/50000  2.9 games/s  ETA 0h39m13s
[finalists] 43169/50000  2.9 games/s  ETA 0h39m12s
[finalists] 43173/50000  2.9 games/s  ETA 0h39m10s
[finalists] 43176/50000  2.9 games/s  ETA 0h39m10s
[finalists] 43183/50000  2.9 games/s  ETA 0h39m07s
[finalists] 43189/50000  2.9 games/s  ETA 0h39m05s
[finalists] 43194/50000  2.9 games/s  ETA 0h39m03s
[finalists] 43201/50000  2.9 games/s  ETA 0h39m01s
[finalists] 43205/50000  2.9 games/s  ETA 0h39m00s
[finalists] 43211/50000  2.9 games/s  ETA 0h38m57s
[finalists] 43216/50000  2.9 games/s  ETA 0h38m56s
[finalists] 43222/50000  2.9 games/s  ETA 0h38m54s
[finalists] 43227/50000  2.9 games/s  ETA 0h38m52s
[finalists] 43232/50000  2.9 games/s  ETA 0h38m50s
[finalists] 43237/50000  2.9 games/s  ETA 0h38m49s
[finalists] 43243/50000  2.9 games/s  ETA 0h38m47s
[finalists] 43247/50000  2.9 games/s  ETA 0h38m45s
[finalists] 43251/50000  2.9 games/s  ETA 0h38m44s
[finalists] 43253/50000  2.9 games/s  ETA 0h38m44s
[finalists] 43259/50000  2.9 games/s  ETA 0h38m41s
[finalists] 43266/50000  2.9 games/s  ETA 0h38m39s
[finalists] 43270/50000  2.9 games/s  ETA 0h38m38s
[finalists] 43272/50000  2.9 games/s  ETA 0h38m37s
[finalists] 43277/50000  2.9 games/s  ETA 0h38m36s
[finalists] 43281/50000  2.9 games/s  ETA 0h38m34s
[finalists] 43285/50000  2.9 games/s  ETA 0h38m33s
[finalists] 43291/50000  2.9 games/s  ETA 0h38m31s
[finalists] 43294/50000  2.9 games/s  ETA 0h38m30s
[finalists] 43295/50000  2.9 games/s  ETA 0h38m30s
[finalists] 43299/50000  2.9 games/s  ETA 0h38m29s
[finalists] 43303/50000  2.9 games/s  ETA 0h38m27s
[finalists] 43308/50000  2.9 games/s  ETA 0h38m26s
[finalists] 43313/50000  2.9 games/s  ETA 0h38m24s
[finalists] 43314/50000  2.9 games/s  ETA 0h38m24s
[finalists] 43318/50000  2.9 games/s  ETA 0h38m23s
[finalists] 43320/50000  2.9 games/s  ETA 0h38m22s
[finalists] 43323/50000  2.9 games/s  ETA 0h38m21s
[finalists] 43325/50000  2.9 games/s  ETA 0h38m21s
[finalists] 43331/50000  2.9 games/s  ETA 0h38m19s
[finalists] 43334/50000  2.9 games/s  ETA 0h38m18s
[finalists] 43340/50000  2.9 games/s  ETA 0h38m16s
[finalists] 43342/50000  2.9 games/s  ETA 0h38m15s
[finalists] 43348/50000  2.9 games/s  ETA 0h38m13s
[finalists] 43351/50000  2.9 games/s  ETA 0h38m12s
[finalists] 43357/50000  2.9 games/s  ETA 0h38m10s
[finalists] 43360/50000  2.9 games/s  ETA 0h38m09s
[finalists] 43364/50000  2.9 games/s  ETA 0h38m08s
[finalists] 43366/50000  2.9 games/s  ETA 0h38m08s
[finalists] 43369/50000  2.9 games/s  ETA 0h38m07s
[finalists] 43371/50000  2.9 games/s  ETA 0h38m06s
[finalists] 43374/50000  2.9 games/s  ETA 0h38m05s
[finalists] 43378/50000  2.9 games/s  ETA 0h38m04s
[finalists] 43380/50000  2.9 games/s  ETA 0h38m04s
[finalists] 43385/50000  2.9 games/s  ETA 0h38m02s
[finalists] 43388/50000  2.9 games/s  ETA 0h38m01s
[finalists] 43392/50000  2.9 games/s  ETA 0h38m00s
[finalists] 43394/50000  2.9 games/s  ETA 0h37m59s
[finalists] 43397/50000  2.9 games/s  ETA 0h37m58s
[finalists] 43404/50000  2.9 games/s  ETA 0h37m56s
[finalists] 43409/50000  2.9 games/s  ETA 0h37m54s
[finalists] 43415/50000  2.9 games/s  ETA 0h37m52s
[finalists] 43420/50000  2.9 games/s  ETA 0h37m50s
[finalists] 43427/50000  2.9 games/s  ETA 0h37m48s
[finalists] 43432/50000  2.9 games/s  ETA 0h37m46s
[finalists] 43439/50000  2.9 games/s  ETA 0h37m44s
[finalists] 43442/50000  2.9 games/s  ETA 0h37m43s
[finalists] 43447/50000  2.9 games/s  ETA 0h37m41s
[finalists] 43451/50000  2.9 games/s  ETA 0h37m40s
[finalists] 43456/50000  2.9 games/s  ETA 0h37m38s
[finalists] 43462/50000  2.9 games/s  ETA 0h37m36s
[finalists] 43465/50000  2.9 games/s  ETA 0h37m35s
[finalists] 43468/50000  2.9 games/s  ETA 0h37m34s
[finalists] 43473/50000  2.9 games/s  ETA 0h37m33s
[finalists] 43483/50000  2.9 games/s  ETA 0h37m29s
[finalists] 43487/50000  2.9 games/s  ETA 0h37m28s
[finalists] 43493/50000  2.9 games/s  ETA 0h37m26s
[finalists] 43496/50000  2.9 games/s  ETA 0h37m25s
[finalists] 43498/50000  2.9 games/s  ETA 0h37m24s
[finalists] 43502/50000  2.9 games/s  ETA 0h37m23s
[finalists] 43508/50000  2.9 games/s  ETA 0h37m21s
[finalists] 43513/50000  2.9 games/s  ETA 0h37m19s
[finalists] 43517/50000  2.9 games/s  ETA 0h37m18s
[finalists] 43520/50000  2.9 games/s  ETA 0h37m17s
[finalists] 43526/50000  2.9 games/s  ETA 0h37m15s
[finalists] 43530/50000  2.9 games/s  ETA 0h37m14s
[finalists] 43535/50000  2.9 games/s  ETA 0h37m12s
[finalists] 43539/50000  2.9 games/s  ETA 0h37m11s
[finalists] 43546/50000  2.9 games/s  ETA 0h37m08s
[finalists] 43551/50000  2.9 games/s  ETA 0h37m06s
[finalists] 43556/50000  2.9 games/s  ETA 0h37m05s
[finalists] 43562/50000  2.9 games/s  ETA 0h37m03s
[finalists] 43565/50000  2.9 games/s  ETA 0h37m02s
[finalists] 43570/50000  2.9 games/s  ETA 0h37m00s
[finalists] 43577/50000  2.9 games/s  ETA 0h36m58s
[finalists] 43583/50000  2.9 games/s  ETA 0h36m56s
[finalists] 43589/50000  2.9 games/s  ETA 0h36m53s
[finalists] 43592/50000  2.9 games/s  ETA 0h36m53s
[finalists] 43596/50000  2.9 games/s  ETA 0h36m51s
[finalists] 43602/50000  2.9 games/s  ETA 0h36m49s
[finalists] 43607/50000  2.9 games/s  ETA 0h36m48s
[finalists] 43610/50000  2.9 games/s  ETA 0h36m47s
[finalists] 43614/50000  2.9 games/s  ETA 0h36m45s
[finalists] 43618/50000  2.9 games/s  ETA 0h36m44s
[finalists] 43625/50000  2.9 games/s  ETA 0h36m42s
[finalists] 43632/50000  2.9 games/s  ETA 0h36m39s
[finalists] 43636/50000  2.9 games/s  ETA 0h36m38s
[finalists] 43642/50000  2.9 games/s  ETA 0h36m36s
[finalists] 43644/50000  2.9 games/s  ETA 0h36m35s
[finalists] 43649/50000  2.9 games/s  ETA 0h36m34s
[finalists] 43652/50000  2.9 games/s  ETA 0h36m33s
[finalists] 43658/50000  2.9 games/s  ETA 0h36m31s
[finalists] 43662/50000  2.9 games/s  ETA 0h36m29s
[finalists] 43668/50000  2.9 games/s  ETA 0h36m27s
[finalists] 43673/50000  2.9 games/s  ETA 0h36m25s
[finalists] 43680/50000  2.9 games/s  ETA 0h36m23s
[finalists] 43685/50000  2.9 games/s  ETA 0h36m21s
[finalists] 43692/50000  2.9 games/s  ETA 0h36m19s
[finalists] 43697/50000  2.9 games/s  ETA 0h36m17s
[finalists] 43704/50000  2.9 games/s  ETA 0h36m15s
[finalists] 43710/50000  2.9 games/s  ETA 0h36m13s
[finalists] 43715/50000  2.9 games/s  ETA 0h36m11s
[finalists] 43722/50000  2.9 games/s  ETA 0h36m08s
[finalists] 43726/50000  2.9 games/s  ETA 0h36m07s
[finalists] 43732/50000  2.9 games/s  ETA 0h36m05s
[finalists] 43739/50000  2.9 games/s  ETA 0h36m03s
[finalists] 43745/50000  2.9 games/s  ETA 0h36m00s
[finalists] 43746/50000  2.9 games/s  ETA 0h36m00s
[finalists] 43751/50000  2.9 games/s  ETA 0h35m59s
[finalists] 43759/50000  2.9 games/s  ETA 0h35m56s
[finalists] 43765/50000  2.9 games/s  ETA 0h35m54s
[finalists] 43766/50000  2.9 games/s  ETA 0h35m54s
[finalists] 43775/50000  2.9 games/s  ETA 0h35m50s
[finalists] 43781/50000  2.9 games/s  ETA 0h35m48s
[finalists] 43788/50000  2.9 games/s  ETA 0h35m46s
[finalists] 43796/50000  2.9 games/s  ETA 0h35m43s
[finalists] 43800/50000  2.9 games/s  ETA 0h35m42s
[finalists] 43805/50000  2.9 games/s  ETA 0h35m40s
[finalists] 43813/50000  2.9 games/s  ETA 0h35m37s
[finalists] 43820/50000  2.9 games/s  ETA 0h35m35s
[finalists] 43826/50000  2.9 games/s  ETA 0h35m32s
[finalists] 43833/50000  2.9 games/s  ETA 0h35m30s
[finalists] 43839/50000  2.9 games/s  ETA 0h35m28s
[finalists] 43846/50000  2.9 games/s  ETA 0h35m25s
[finalists] 43853/50000  2.9 games/s  ETA 0h35m23s
[finalists] 43860/50000  2.9 games/s  ETA 0h35m20s
[finalists] 43866/50000  2.9 games/s  ETA 0h35m18s
[finalists] 43873/50000  2.9 games/s  ETA 0h35m16s
[finalists] 43880/50000  2.9 games/s  ETA 0h35m13s
[finalists] 43886/50000  2.9 games/s  ETA 0h35m11s
[finalists] 43890/50000  2.9 games/s  ETA 0h35m10s
[finalists] 43893/50000  2.9 games/s  ETA 0h35m09s
[finalists] 43897/50000  2.9 games/s  ETA 0h35m08s
[finalists] 43901/50000  2.9 games/s  ETA 0h35m07s
[finalists] 43904/50000  2.9 games/s  ETA 0h35m06s
[finalists] 43911/50000  2.9 games/s  ETA 0h35m03s
[finalists] 43916/50000  2.9 games/s  ETA 0h35m02s
[finalists] 43920/50000  2.9 games/s  ETA 0h35m00s
[finalists] 43925/50000  2.9 games/s  ETA 0h34m59s
[finalists] 43930/50000  2.9 games/s  ETA 0h34m57s
[finalists] 43935/50000  2.9 games/s  ETA 0h34m55s
[finalists] 43939/50000  2.9 games/s  ETA 0h34m54s
[finalists] 43945/50000  2.9 games/s  ETA 0h34m52s
[finalists] 43950/50000  2.9 games/s  ETA 0h34m50s
[finalists] 43954/50000  2.9 games/s  ETA 0h34m49s
[finalists] 43958/50000  2.9 games/s  ETA 0h34m47s
[finalists] 43962/50000  2.9 games/s  ETA 0h34m46s
[finalists] 43969/50000  2.9 games/s  ETA 0h34m44s
[finalists] 43972/50000  2.9 games/s  ETA 0h34m43s
[finalists] 43977/50000  2.9 games/s  ETA 0h34m41s
[finalists] 43981/50000  2.9 games/s  ETA 0h34m40s
[finalists] 43989/50000  2.9 games/s  ETA 0h34m37s
[finalists] 43996/50000  2.9 games/s  ETA 0h34m34s
[finalists] 44004/50000  2.9 games/s  ETA 0h34m32s
[finalists] 44010/50000  2.9 games/s  ETA 0h34m30s
[finalists] 44015/50000  2.9 games/s  ETA 0h34m28s
[finalists] 44022/50000  2.9 games/s  ETA 0h34m25s
[finalists] 44026/50000  2.9 games/s  ETA 0h34m24s
[finalists] 44034/50000  2.9 games/s  ETA 0h34m21s
[finalists] 44043/50000  2.9 games/s  ETA 0h34m18s
[finalists] 44049/50000  2.9 games/s  ETA 0h34m16s
[finalists] 44053/50000  2.9 games/s  ETA 0h34m15s
[finalists] 44060/50000  2.9 games/s  ETA 0h34m12s
[finalists] 44063/50000  2.9 games/s  ETA 0h34m11s
[finalists] 44069/50000  2.9 games/s  ETA 0h34m09s
[finalists] 44076/50000  2.9 games/s  ETA 0h34m07s
[finalists] 44081/50000  2.9 games/s  ETA 0h34m05s
[finalists] 44089/50000  2.9 games/s  ETA 0h34m02s
[finalists] 44097/50000  2.9 games/s  ETA 0h33m59s
[finalists] 44103/50000  2.9 games/s  ETA 0h33m57s
[finalists] 44111/50000  2.9 games/s  ETA 0h33m54s
[finalists] 44114/50000  2.9 games/s  ETA 0h33m53s
[finalists] 44121/50000  2.9 games/s  ETA 0h33m51s
[finalists] 44127/50000  2.9 games/s  ETA 0h33m49s
[finalists] 44135/50000  2.9 games/s  ETA 0h33m46s
[finalists] 44141/50000  2.9 games/s  ETA 0h33m44s
[finalists] 44149/50000  2.9 games/s  ETA 0h33m41s
[finalists] 44152/50000  2.9 games/s  ETA 0h33m40s
[finalists] 44159/50000  2.9 games/s  ETA 0h33m38s
[finalists] 44164/50000  2.9 games/s  ETA 0h33m36s
[finalists] 44169/50000  2.9 games/s  ETA 0h33m34s
[finalists] 44177/50000  2.9 games/s  ETA 0h33m31s
[finalists] 44181/50000  2.9 games/s  ETA 0h33m30s
[finalists] 44193/50000  2.9 games/s  ETA 0h33m26s
[finalists] 44199/50000  2.9 games/s  ETA 0h33m24s
[finalists] 44208/50000  2.9 games/s  ETA 0h33m20s
[finalists] 44213/50000  2.9 games/s  ETA 0h33m19s
[finalists] 44219/50000  2.9 games/s  ETA 0h33m16s
[finalists] 44227/50000  2.9 games/s  ETA 0h33m14s
[finalists] 44235/50000  2.9 games/s  ETA 0h33m11s
[finalists] 44241/50000  2.9 games/s  ETA 0h33m09s
[finalists] 44247/50000  2.9 games/s  ETA 0h33m07s
[finalists] 44254/50000  2.9 games/s  ETA 0h33m04s
[finalists] 44260/50000  2.9 games/s  ETA 0h33m02s
[finalists] 44265/50000  2.9 games/s  ETA 0h33m00s
[finalists] 44271/50000  2.9 games/s  ETA 0h32m58s
[finalists] 44278/50000  2.9 games/s  ETA 0h32m56s
[finalists] 44286/50000  2.9 games/s  ETA 0h32m53s
[finalists] 44294/50000  2.9 games/s  ETA 0h32m50s
[finalists] 44300/50000  2.9 games/s  ETA 0h32m48s
[finalists] 44308/50000  2.9 games/s  ETA 0h32m45s
[finalists] 44312/50000  2.9 games/s  ETA 0h32m44s
[finalists] 44319/50000  2.9 games/s  ETA 0h32m41s
[finalists] 44326/50000  2.9 games/s  ETA 0h32m39s
[finalists] 44331/50000  2.9 games/s  ETA 0h32m37s
[finalists] 44340/50000  2.9 games/s  ETA 0h32m34s
[finalists] 44348/50000  2.9 games/s  ETA 0h32m31s
[finalists] 44356/50000  2.9 games/s  ETA 0h32m28s
[finalists] 44364/50000  2.9 games/s  ETA 0h32m25s
[finalists] 44371/50000  2.9 games/s  ETA 0h32m23s
[finalists] 44379/50000  2.9 games/s  ETA 0h32m20s
[finalists] 44387/50000  2.9 games/s  ETA 0h32m17s
[finalists] 44394/50000  2.9 games/s  ETA 0h32m15s
[finalists] 44400/50000  2.9 games/s  ETA 0h32m13s
[finalists] 44409/50000  2.9 games/s  ETA 0h32m09s
[finalists] 44412/50000  2.9 games/s  ETA 0h32m08s
[finalists] 44416/50000  2.9 games/s  ETA 0h32m07s
[finalists] 44420/50000  2.9 games/s  ETA 0h32m06s
[finalists] 44424/50000  2.9 games/s  ETA 0h32m05s
[finalists] 44430/50000  2.9 games/s  ETA 0h32m02s
[finalists] 44436/50000  2.9 games/s  ETA 0h32m00s
[finalists] 44442/50000  2.9 games/s  ETA 0h31m58s
[finalists] 44447/50000  2.9 games/s  ETA 0h31m57s
[finalists] 44454/50000  2.9 games/s  ETA 0h31m54s
[finalists] 44462/50000  2.9 games/s  ETA 0h31m51s
[finalists] 44472/50000  2.9 games/s  ETA 0h31m48s
[finalists] 44482/50000  2.9 games/s  ETA 0h31m44s
[finalists] 44491/50000  2.9 games/s  ETA 0h31m41s
[finalists] 44494/50000  2.9 games/s  ETA 0h31m40s
[finalists] 44502/50000  2.9 games/s  ETA 0h31m37s
[finalists] 44509/50000  2.9 games/s  ETA 0h31m35s
[finalists] 44516/50000  2.9 games/s  ETA 0h31m32s
[finalists] 44526/50000  2.9 games/s  ETA 0h31m28s
[finalists] 44534/50000  2.9 games/s  ETA 0h31m26s
[finalists] 44541/50000  2.9 games/s  ETA 0h31m23s
[finalists] 44548/50000  2.9 games/s  ETA 0h31m21s
[finalists] 44556/50000  2.9 games/s  ETA 0h31m18s
[finalists] 44565/50000  2.9 games/s  ETA 0h31m15s
[finalists] 44573/50000  2.9 games/s  ETA 0h31m12s
[finalists] 44579/50000  2.9 games/s  ETA 0h31m10s
[finalists] 44588/50000  2.9 games/s  ETA 0h31m06s
[finalists] 44596/50000  2.9 games/s  ETA 0h31m04s
[finalists] 44602/50000  2.9 games/s  ETA 0h31m01s
[finalists] 44610/50000  2.9 games/s  ETA 0h30m59s
[finalists] 44615/50000  2.9 games/s  ETA 0h30m57s
[finalists] 44622/50000  2.9 games/s  ETA 0h30m54s
[finalists] 44628/50000  2.9 games/s  ETA 0h30m52s
[finalists] 44638/50000  2.9 games/s  ETA 0h30m49s
[finalists] 44643/50000  2.9 games/s  ETA 0h30m47s
[finalists] 44651/50000  2.9 games/s  ETA 0h30m44s
[finalists] 44660/50000  2.9 games/s  ETA 0h30m41s
[finalists] 44668/50000  2.9 games/s  ETA 0h30m38s
[finalists] 44676/50000  2.9 games/s  ETA 0h30m35s
[finalists] 44684/50000  2.9 games/s  ETA 0h30m32s
[finalists] 44694/50000  2.9 games/s  ETA 0h30m29s
[finalists] 44701/50000  2.9 games/s  ETA 0h30m26s
[finalists] 44707/50000  2.9 games/s  ETA 0h30m24s
[finalists] 44712/50000  2.9 games/s  ETA 0h30m23s
[finalists] 44717/50000  2.9 games/s  ETA 0h30m21s
[finalists] 44726/50000  2.9 games/s  ETA 0h30m18s
[finalists] 44735/50000  2.9 games/s  ETA 0h30m14s
[finalists] 44744/50000  2.9 games/s  ETA 0h30m11s
[finalists] 44750/50000  2.9 games/s  ETA 0h30m09s
[finalists] 44756/50000  2.9 games/s  ETA 0h30m07s
[finalists] 44764/50000  2.9 games/s  ETA 0h30m04s
[finalists] 44770/50000  2.9 games/s  ETA 0h30m02s
[finalists] 44776/50000  2.9 games/s  ETA 0h30m00s
[finalists] 44787/50000  2.9 games/s  ETA 0h29m56s
[finalists] 44792/50000  2.9 games/s  ETA 0h29m54s
[finalists] 44800/50000  2.9 games/s  ETA 0h29m52s
[finalists] 44808/50000  2.9 games/s  ETA 0h29m49s
[finalists] 44814/50000  2.9 games/s  ETA 0h29m47s
[finalists] 44821/50000  2.9 games/s  ETA 0h29m44s
[finalists] 44828/50000  2.9 games/s  ETA 0h29m42s
[finalists] 44837/50000  2.9 games/s  ETA 0h29m38s
[finalists] 44844/50000  2.9 games/s  ETA 0h29m36s
[finalists] 44849/50000  2.9 games/s  ETA 0h29m34s
[finalists] 44855/50000  2.9 games/s  ETA 0h29m32s
[finalists] 44859/50000  2.9 games/s  ETA 0h29m31s
[finalists] 44864/50000  2.9 games/s  ETA 0h29m29s
[finalists] 44872/50000  2.9 games/s  ETA 0h29m26s
[finalists] 44878/50000  2.9 games/s  ETA 0h29m24s
[finalists] 44890/50000  2.9 games/s  ETA 0h29m20s
[finalists] 44896/50000  2.9 games/s  ETA 0h29m18s
[finalists] 44910/50000  2.9 games/s  ETA 0h29m13s
[finalists] 44916/50000  2.9 games/s  ETA 0h29m11s
[finalists] 44925/50000  2.9 games/s  ETA 0h29m07s
[finalists] 44931/50000  2.9 games/s  ETA 0h29m05s
[finalists] 44940/50000  2.9 games/s  ETA 0h29m02s
[finalists] 44947/50000  2.9 games/s  ETA 0h29m00s
[finalists] 44954/50000  2.9 games/s  ETA 0h28m57s
[finalists] 44961/50000  2.9 games/s  ETA 0h28m55s
[finalists] 44967/50000  2.9 games/s  ETA 0h28m53s
[finalists] 44972/50000  2.9 games/s  ETA 0h28m51s
[finalists] 44979/50000  2.9 games/s  ETA 0h28m49s
[finalists] 44984/50000  2.9 games/s  ETA 0h28m47s
[finalists] 44990/50000  2.9 games/s  ETA 0h28m45s
[finalists] 44997/50000  2.9 games/s  ETA 0h28m42s
[finalists] 45005/50000  2.9 games/s  ETA 0h28m39s
[finalists] 45012/50000  2.9 games/s  ETA 0h28m37s
[finalists] 45019/50000  2.9 games/s  ETA 0h28m35s
[finalists] 45028/50000  2.9 games/s  ETA 0h28m31s
[finalists] 45035/50000  2.9 games/s  ETA 0h28m29s
[finalists] 45040/50000  2.9 games/s  ETA 0h28m27s
[finalists] 45049/50000  2.9 games/s  ETA 0h28m24s
[finalists] 45056/50000  2.9 games/s  ETA 0h28m22s
[finalists] 45061/50000  2.9 games/s  ETA 0h28m20s
[finalists] 45066/50000  2.9 games/s  ETA 0h28m18s
[finalists] 45072/50000  2.9 games/s  ETA 0h28m16s
[finalists] 45079/50000  2.9 games/s  ETA 0h28m14s
[finalists] 45085/50000  2.9 games/s  ETA 0h28m12s
[finalists] 45093/50000  2.9 games/s  ETA 0h28m09s
[finalists] 45097/50000  2.9 games/s  ETA 0h28m07s
[finalists] 45099/50000  2.9 games/s  ETA 0h28m07s
[finalists] 45106/50000  2.9 games/s  ETA 0h28m04s
[finalists] 45110/50000  2.9 games/s  ETA 0h28m03s
[finalists] 45116/50000  2.9 games/s  ETA 0h28m01s
[finalists] 45120/50000  2.9 games/s  ETA 0h28m00s
[finalists] 45125/50000  2.9 games/s  ETA 0h27m58s
[finalists] 45131/50000  2.9 games/s  ETA 0h27m56s
[finalists] 45141/50000  2.9 games/s  ETA 0h27m52s
[finalists] 45146/50000  2.9 games/s  ETA 0h27m51s
[finalists] 45151/50000  2.9 games/s  ETA 0h27m49s
[finalists] 45161/50000  2.9 games/s  ETA 0h27m45s
[finalists] 45164/50000  2.9 games/s  ETA 0h27m44s
[finalists] 45169/50000  2.9 games/s  ETA 0h27m43s
[finalists] 45177/50000  2.9 games/s  ETA 0h27m40s
[finalists] 45183/50000  2.9 games/s  ETA 0h27m38s
[finalists] 45187/50000  2.9 games/s  ETA 0h27m37s
[finalists] 45196/50000  2.9 games/s  ETA 0h27m33s
[finalists] 45200/50000  2.9 games/s  ETA 0h27m32s
[finalists] 45209/50000  2.9 games/s  ETA 0h27m29s
[finalists] 45213/50000  2.9 games/s  ETA 0h27m27s
[finalists] 45217/50000  2.9 games/s  ETA 0h27m26s
[finalists] 45222/50000  2.9 games/s  ETA 0h27m24s
[finalists] 45228/50000  2.9 games/s  ETA 0h27m22s
[finalists] 45236/50000  2.9 games/s  ETA 0h27m20s
[finalists] 45241/50000  2.9 games/s  ETA 0h27m18s
[finalists] 45246/50000  2.9 games/s  ETA 0h27m16s
[finalists] 45252/50000  2.9 games/s  ETA 0h27m14s
[finalists] 45257/50000  2.9 games/s  ETA 0h27m12s
[finalists] 45264/50000  2.9 games/s  ETA 0h27m10s
[finalists] 45271/50000  2.9 games/s  ETA 0h27m08s
[finalists] 45277/50000  2.9 games/s  ETA 0h27m05s
[finalists] 45282/50000  2.9 games/s  ETA 0h27m04s
[finalists] 45285/50000  2.9 games/s  ETA 0h27m03s
[finalists] 45294/50000  2.9 games/s  ETA 0h27m00s
[finalists] 45300/50000  2.9 games/s  ETA 0h26m58s
[finalists] 45307/50000  2.9 games/s  ETA 0h26m55s
[finalists] 45312/50000  2.9 games/s  ETA 0h26m53s
[finalists] 45316/50000  2.9 games/s  ETA 0h26m52s
[finalists] 45320/50000  2.9 games/s  ETA 0h26m51s
[finalists] 45325/50000  2.9 games/s  ETA 0h26m49s
[finalists] 45332/50000  2.9 games/s  ETA 0h26m47s
[finalists] 45340/50000  2.9 games/s  ETA 0h26m44s
[finalists] 45346/50000  2.9 games/s  ETA 0h26m42s
[finalists] 45353/50000  2.9 games/s  ETA 0h26m39s
[finalists] 45360/50000  2.9 games/s  ETA 0h26m37s
[finalists] 45364/50000  2.9 games/s  ETA 0h26m36s
[finalists] 45370/50000  2.9 games/s  ETA 0h26m33s
[finalists] 45376/50000  2.9 games/s  ETA 0h26m31s
[finalists] 45385/50000  2.9 games/s  ETA 0h26m28s
[finalists] 45392/50000  2.9 games/s  ETA 0h26m26s
[finalists] 45396/50000  2.9 games/s  ETA 0h26m24s
[finalists] 45401/50000  2.9 games/s  ETA 0h26m23s
[finalists] 45407/50000  2.9 games/s  ETA 0h26m21s
[finalists] 45411/50000  2.9 games/s  ETA 0h26m19s
[finalists] 45415/50000  2.9 games/s  ETA 0h26m18s
[finalists] 45423/50000  2.9 games/s  ETA 0h26m15s
[finalists] 45428/50000  2.9 games/s  ETA 0h26m13s
[finalists] 45439/50000  2.9 games/s  ETA 0h26m10s
[finalists] 45448/50000  2.9 games/s  ETA 0h26m06s
[finalists] 45453/50000  2.9 games/s  ETA 0h26m05s
[finalists] 45458/50000  2.9 games/s  ETA 0h26m03s
[finalists] 45463/50000  2.9 games/s  ETA 0h26m01s
[finalists] 45469/50000  2.9 games/s  ETA 0h25m59s
[finalists] 45474/50000  2.9 games/s  ETA 0h25m57s
[finalists] 45482/50000  2.9 games/s  ETA 0h25m55s
[finalists] 45486/50000  2.9 games/s  ETA 0h25m53s
[finalists] 45492/50000  2.9 games/s  ETA 0h25m51s
[finalists] 45497/50000  2.9 games/s  ETA 0h25m50s
[finalists] 45503/50000  2.9 games/s  ETA 0h25m47s
[finalists] 45509/50000  2.9 games/s  ETA 0h25m45s
[finalists] 45512/50000  2.9 games/s  ETA 0h25m44s
[finalists] 45517/50000  2.9 games/s  ETA 0h25m43s
[finalists] 45522/50000  2.9 games/s  ETA 0h25m41s
[finalists] 45529/50000  2.9 games/s  ETA 0h25m39s
[finalists] 45534/50000  2.9 games/s  ETA 0h25m37s
[finalists] 45538/50000  2.9 games/s  ETA 0h25m36s
[finalists] 45542/50000  2.9 games/s  ETA 0h25m34s
[finalists] 45545/50000  2.9 games/s  ETA 0h25m33s
[finalists] 45549/50000  2.9 games/s  ETA 0h25m32s
[finalists] 45553/50000  2.9 games/s  ETA 0h25m31s
[finalists] 45558/50000  2.9 games/s  ETA 0h25m29s
[finalists] 45562/50000  2.9 games/s  ETA 0h25m28s
[finalists] 45569/50000  2.9 games/s  ETA 0h25m25s
[finalists] 45573/50000  2.9 games/s  ETA 0h25m24s
[finalists] 45579/50000  2.9 games/s  ETA 0h25m22s
[finalists] 45586/50000  2.9 games/s  ETA 0h25m19s
[finalists] 45592/50000  2.9 games/s  ETA 0h25m17s
[finalists] 45600/50000  2.9 games/s  ETA 0h25m15s
[finalists] 45608/50000  2.9 games/s  ETA 0h25m12s
[finalists] 45614/50000  2.9 games/s  ETA 0h25m10s
[finalists] 45621/50000  2.9 games/s  ETA 0h25m07s
[finalists] 45628/50000  2.9 games/s  ETA 0h25m05s
[finalists] 45638/50000  2.9 games/s  ETA 0h25m01s
[finalists] 45642/50000  2.9 games/s  ETA 0h25m00s
[finalists] 45648/50000  2.9 games/s  ETA 0h24m58s
[finalists] 45656/50000  2.9 games/s  ETA 0h24m55s
[finalists] 45660/50000  2.9 games/s  ETA 0h24m54s
[finalists] 45665/50000  2.9 games/s  ETA 0h24m52s
[finalists] 45669/50000  2.9 games/s  ETA 0h24m51s
[finalists] 45675/50000  2.9 games/s  ETA 0h24m49s
[finalists] 45686/50000  2.9 games/s  ETA 0h24m45s
[finalists] 45694/50000  2.9 games/s  ETA 0h24m42s
[finalists] 45703/50000  2.9 games/s  ETA 0h24m39s
[finalists] 45710/50000  2.9 games/s  ETA 0h24m36s
[finalists] 45717/50000  2.9 games/s  ETA 0h24m34s
[finalists] 45724/50000  2.9 games/s  ETA 0h24m31s
[finalists] 45729/50000  2.9 games/s  ETA 0h24m30s
[finalists] 45736/50000  2.9 games/s  ETA 0h24m27s
[finalists] 45744/50000  2.9 games/s  ETA 0h24m24s
[finalists] 45751/50000  2.9 games/s  ETA 0h24m22s
[finalists] 45760/50000  2.9 games/s  ETA 0h24m19s
[finalists] 45767/50000  2.9 games/s  ETA 0h24m16s
[finalists] 45775/50000  2.9 games/s  ETA 0h24m13s
[finalists] 45783/50000  2.9 games/s  ETA 0h24m11s
[finalists] 45789/50000  2.9 games/s  ETA 0h24m08s
[finalists] 45796/50000  2.9 games/s  ETA 0h24m06s
[finalists] 45800/50000  2.9 games/s  ETA 0h24m05s
[finalists] 45803/50000  2.9 games/s  ETA 0h24m04s
[finalists] 45812/50000  2.9 games/s  ETA 0h24m01s
[finalists] 45817/50000  2.9 games/s  ETA 0h23m59s
[finalists] 45825/50000  2.9 games/s  ETA 0h23m56s
[finalists] 45832/50000  2.9 games/s  ETA 0h23m54s
[finalists] 45842/50000  2.9 games/s  ETA 0h23m50s
[finalists] 45850/50000  2.9 games/s  ETA 0h23m47s
[finalists] 45856/50000  2.9 games/s  ETA 0h23m45s
[finalists] 45858/50000  2.9 games/s  ETA 0h23m45s
[finalists] 45863/50000  2.9 games/s  ETA 0h23m43s
[finalists] 45869/50000  2.9 games/s  ETA 0h23m41s
[finalists] 45874/50000  2.9 games/s  ETA 0h23m39s
[finalists] 45879/50000  2.9 games/s  ETA 0h23m37s
[finalists] 45885/50000  2.9 games/s  ETA 0h23m35s
[finalists] 45890/50000  2.9 games/s  ETA 0h23m34s
[finalists] 45896/50000  2.9 games/s  ETA 0h23m32s
[finalists] 45901/50000  2.9 games/s  ETA 0h23m30s
[finalists] 45908/50000  2.9 games/s  ETA 0h23m27s
[finalists] 45913/50000  2.9 games/s  ETA 0h23m26s
[finalists] 45921/50000  2.9 games/s  ETA 0h23m23s
[finalists] 45928/50000  2.9 games/s  ETA 0h23m20s
[finalists] 45935/50000  2.9 games/s  ETA 0h23m18s
[finalists] 45940/50000  2.9 games/s  ETA 0h23m16s
[finalists] 45947/50000  2.9 games/s  ETA 0h23m14s
[finalists] 45956/50000  2.9 games/s  ETA 0h23m11s
[finalists] 45960/50000  2.9 games/s  ETA 0h23m09s
[finalists] 45966/50000  2.9 games/s  ETA 0h23m07s
[finalists] 45969/50000  2.9 games/s  ETA 0h23m06s
[finalists] 45974/50000  2.9 games/s  ETA 0h23m05s
[finalists] 45979/50000  2.9 games/s  ETA 0h23m03s
[finalists] 45985/50000  2.9 games/s  ETA 0h23m01s
[finalists] 45989/50000  2.9 games/s  ETA 0h23m00s
[finalists] 45996/50000  2.9 games/s  ETA 0h22m57s
[finalists] 46003/50000  2.9 games/s  ETA 0h22m55s
[finalists] 46010/50000  2.9 games/s  ETA 0h22m52s
[finalists] 46016/50000  2.9 games/s  ETA 0h22m50s
[finalists] 46023/50000  2.9 games/s  ETA 0h22m48s
[finalists] 46029/50000  2.9 games/s  ETA 0h22m46s
[finalists] 46038/50000  2.9 games/s  ETA 0h22m42s
[finalists] 46046/50000  2.9 games/s  ETA 0h22m40s
[finalists] 46051/50000  2.9 games/s  ETA 0h22m38s
[finalists] 46059/50000  2.9 games/s  ETA 0h22m35s
[finalists] 46063/50000  2.9 games/s  ETA 0h22m34s
[finalists] 46070/50000  2.9 games/s  ETA 0h22m31s
[finalists] 46078/50000  2.9 games/s  ETA 0h22m29s
[finalists] 46088/50000  2.9 games/s  ETA 0h22m25s
[finalists] 46097/50000  2.9 games/s  ETA 0h22m22s
[finalists] 46101/50000  2.9 games/s  ETA 0h22m20s
[finalists] 46108/50000  2.9 games/s  ETA 0h22m18s
[finalists] 46115/50000  2.9 games/s  ETA 0h22m16s
[finalists] 46121/50000  2.9 games/s  ETA 0h22m14s
[finalists] 46128/50000  2.9 games/s  ETA 0h22m11s
[finalists] 46136/50000  2.9 games/s  ETA 0h22m08s
[finalists] 46141/50000  2.9 games/s  ETA 0h22m07s
[finalists] 46148/50000  2.9 games/s  ETA 0h22m04s
[finalists] 46159/50000  2.9 games/s  ETA 0h22m00s
[finalists] 46165/50000  2.9 games/s  ETA 0h21m58s
[finalists] 46169/50000  2.9 games/s  ETA 0h21m57s
[finalists] 46174/50000  2.9 games/s  ETA 0h21m55s
[finalists] 46181/50000  2.9 games/s  ETA 0h21m53s
[finalists] 46186/50000  2.9 games/s  ETA 0h21m51s
[finalists] 46193/50000  2.9 games/s  ETA 0h21m49s
[finalists] 46196/50000  2.9 games/s  ETA 0h21m48s
[finalists] 46199/50000  2.9 games/s  ETA 0h21m47s
[finalists] 46207/50000  2.9 games/s  ETA 0h21m44s
[finalists] 46211/50000  2.9 games/s  ETA 0h21m42s
[finalists] 46215/50000  2.9 games/s  ETA 0h21m41s
[finalists] 46224/50000  2.9 games/s  ETA 0h21m38s
[finalists] 46232/50000  2.9 games/s  ETA 0h21m35s
[finalists] 46241/50000  2.9 games/s  ETA 0h21m32s
[finalists] 46245/50000  2.9 games/s  ETA 0h21m31s
[finalists] 46247/50000  2.9 games/s  ETA 0h21m30s
[finalists] 46253/50000  2.9 games/s  ETA 0h21m28s
[finalists] 46259/50000  2.9 games/s  ETA 0h21m26s
[finalists] 46264/50000  2.9 games/s  ETA 0h21m24s
[finalists] 46267/50000  2.9 games/s  ETA 0h21m23s
[finalists] 46272/50000  2.9 games/s  ETA 0h21m22s
[finalists] 46279/50000  2.9 games/s  ETA 0h21m19s
[finalists] 46285/50000  2.9 games/s  ETA 0h21m17s
[finalists] 46292/50000  2.9 games/s  ETA 0h21m15s
[finalists] 46297/50000  2.9 games/s  ETA 0h21m13s
[finalists] 46303/50000  2.9 games/s  ETA 0h21m11s
[finalists] 46310/50000  2.9 games/s  ETA 0h21m08s
[finalists] 46314/50000  2.9 games/s  ETA 0h21m07s
[finalists] 46318/50000  2.9 games/s  ETA 0h21m06s
[finalists] 46325/50000  2.9 games/s  ETA 0h21m03s
[finalists] 46330/50000  2.9 games/s  ETA 0h21m02s
[finalists] 46335/50000  2.9 games/s  ETA 0h21m00s
[finalists] 46341/50000  2.9 games/s  ETA 0h20m58s
[finalists] 46345/50000  2.9 games/s  ETA 0h20m57s
[finalists] 46350/50000  2.9 games/s  ETA 0h20m55s
[finalists] 46355/50000  2.9 games/s  ETA 0h20m53s
[finalists] 46359/50000  2.9 games/s  ETA 0h20m52s
[finalists] 46364/50000  2.9 games/s  ETA 0h20m50s
[finalists] 46368/50000  2.9 games/s  ETA 0h20m49s
[finalists] 46376/50000  2.9 games/s  ETA 0h20m46s
[finalists] 46382/50000  2.9 games/s  ETA 0h20m44s
[finalists] 46385/50000  2.9 games/s  ETA 0h20m43s
[finalists] 46388/50000  2.9 games/s  ETA 0h20m42s
[finalists] 46393/50000  2.9 games/s  ETA 0h20m40s
[finalists] 46400/50000  2.9 games/s  ETA 0h20m38s
[finalists] 46404/50000  2.9 games/s  ETA 0h20m37s
[finalists] 46413/50000  2.9 games/s  ETA 0h20m33s
[finalists] 46415/50000  2.9 games/s  ETA 0h20m33s
[finalists] 46421/50000  2.9 games/s  ETA 0h20m31s
[finalists] 46427/50000  2.9 games/s  ETA 0h20m29s
[finalists] 46434/50000  2.9 games/s  ETA 0h20m26s
[finalists] 46440/50000  2.9 games/s  ETA 0h20m24s
[finalists] 46446/50000  2.9 games/s  ETA 0h20m22s
[finalists] 46452/50000  2.9 games/s  ETA 0h20m20s
[finalists] 46464/50000  2.9 games/s  ETA 0h20m16s
[finalists] 46468/50000  2.9 games/s  ETA 0h20m14s
[finalists] 46477/50000  2.9 games/s  ETA 0h20m11s
[finalists] 46486/50000  2.9 games/s  ETA 0h20m08s
[finalists] 46492/50000  2.9 games/s  ETA 0h20m06s
[finalists] 46500/50000  2.9 games/s  ETA 0h20m03s
[finalists] 46507/50000  2.9 games/s  ETA 0h20m01s
[finalists] 46514/50000  2.9 games/s  ETA 0h19m58s
[finalists] 46520/50000  2.9 games/s  ETA 0h19m56s
[finalists] 46526/50000  2.9 games/s  ETA 0h19m54s
[finalists] 46533/50000  2.9 games/s  ETA 0h19m52s
[finalists] 46539/50000  2.9 games/s  ETA 0h19m50s
[finalists] 46547/50000  2.9 games/s  ETA 0h19m47s
[finalists] 46553/50000  2.9 games/s  ETA 0h19m45s
[finalists] 46562/50000  2.9 games/s  ETA 0h19m42s
[finalists] 46567/50000  2.9 games/s  ETA 0h19m40s
[finalists] 46573/50000  2.9 games/s  ETA 0h19m38s
[finalists] 46579/50000  2.9 games/s  ETA 0h19m36s
[finalists] 46583/50000  2.9 games/s  ETA 0h19m34s
[finalists] 46593/50000  2.9 games/s  ETA 0h19m31s
[finalists] 46597/50000  2.9 games/s  ETA 0h19m30s
[finalists] 46602/50000  2.9 games/s  ETA 0h19m28s
[finalists] 46608/50000  2.9 games/s  ETA 0h19m26s
[finalists] 46613/50000  2.9 games/s  ETA 0h19m24s
[finalists] 46618/50000  2.9 games/s  ETA 0h19m22s
[finalists] 46620/50000  2.9 games/s  ETA 0h19m22s
[finalists] 46626/50000  2.9 games/s  ETA 0h19m20s
[finalists] 46630/50000  2.9 games/s  ETA 0h19m18s
[finalists] 46635/50000  2.9 games/s  ETA 0h19m17s
[finalists] 46640/50000  2.9 games/s  ETA 0h19m15s
[finalists] 46643/50000  2.9 games/s  ETA 0h19m14s
[finalists] 46648/50000  2.9 games/s  ETA 0h19m12s
[finalists] 46649/50000  2.9 games/s  ETA 0h19m12s
[finalists] 46654/50000  2.9 games/s  ETA 0h19m10s
[finalists] 46657/50000  2.9 games/s  ETA 0h19m09s
[finalists] 46660/50000  2.9 games/s  ETA 0h19m08s
[finalists] 46663/50000  2.9 games/s  ETA 0h19m08s
[finalists] 46669/50000  2.9 games/s  ETA 0h19m05s
[finalists] 46674/50000  2.9 games/s  ETA 0h19m04s
[finalists] 46683/50000  2.9 games/s  ETA 0h19m01s
[finalists] 46693/50000  2.9 games/s  ETA 0h18m57s
[finalists] 46698/50000  2.9 games/s  ETA 0h18m55s
[finalists] 46707/50000  2.9 games/s  ETA 0h18m52s
[finalists] 46715/50000  2.9 games/s  ETA 0h18m49s
[finalists] 46720/50000  2.9 games/s  ETA 0h18m48s
[finalists] 46725/50000  2.9 games/s  ETA 0h18m46s
[finalists] 46731/50000  2.9 games/s  ETA 0h18m44s
[finalists] 46738/50000  2.9 games/s  ETA 0h18m41s
[finalists] 46745/50000  2.9 games/s  ETA 0h18m39s
[finalists] 46748/50000  2.9 games/s  ETA 0h18m38s
[finalists] 46756/50000  2.9 games/s  ETA 0h18m35s
[finalists] 46763/50000  2.9 games/s  ETA 0h18m33s
[finalists] 46769/50000  2.9 games/s  ETA 0h18m31s
[finalists] 46775/50000  2.9 games/s  ETA 0h18m29s
[finalists] 46783/50000  2.9 games/s  ETA 0h18m26s
[finalists] 46790/50000  2.9 games/s  ETA 0h18m23s
[finalists] 46797/50000  2.9 games/s  ETA 0h18m21s
[finalists] 46803/50000  2.9 games/s  ETA 0h18m19s
[finalists] 46808/50000  2.9 games/s  ETA 0h18m17s
[finalists] 46814/50000  2.9 games/s  ETA 0h18m15s
[finalists] 46822/50000  2.9 games/s  ETA 0h18m12s
[finalists] 46829/50000  2.9 games/s  ETA 0h18m10s
[finalists] 46838/50000  2.9 games/s  ETA 0h18m07s
[finalists] 46845/50000  2.9 games/s  ETA 0h18m04s
[finalists] 46849/50000  2.9 games/s  ETA 0h18m03s
[finalists] 46855/50000  2.9 games/s  ETA 0h18m01s
[finalists] 46861/50000  2.9 games/s  ETA 0h17m59s
[finalists] 46864/50000  2.9 games/s  ETA 0h17m58s
[finalists] 46871/50000  2.9 games/s  ETA 0h17m55s
[finalists] 46878/50000  2.9 games/s  ETA 0h17m53s
[finalists] 46883/50000  2.9 games/s  ETA 0h17m51s
[finalists] 46892/50000  2.9 games/s  ETA 0h17m48s
[finalists] 46897/50000  2.9 games/s  ETA 0h17m46s
[finalists] 46905/50000  2.9 games/s  ETA 0h17m44s
[finalists] 46912/50000  2.9 games/s  ETA 0h17m41s
[finalists] 46915/50000  2.9 games/s  ETA 0h17m40s
[finalists] 46921/50000  2.9 games/s  ETA 0h17m38s
[finalists] 46928/50000  2.9 games/s  ETA 0h17m36s
[finalists] 46934/50000  2.9 games/s  ETA 0h17m34s
[finalists] 46937/50000  2.9 games/s  ETA 0h17m33s
[finalists] 46943/50000  2.9 games/s  ETA 0h17m31s
[finalists] 46949/50000  2.9 games/s  ETA 0h17m29s
[finalists] 46953/50000  2.9 games/s  ETA 0h17m27s
[finalists] 46960/50000  2.9 games/s  ETA 0h17m25s
[finalists] 46965/50000  2.9 games/s  ETA 0h17m23s
[finalists] 46971/50000  2.9 games/s  ETA 0h17m21s
[finalists] 46978/50000  2.9 games/s  ETA 0h17m19s
[finalists] 46984/50000  2.9 games/s  ETA 0h17m17s
[finalists] 46991/50000  2.9 games/s  ETA 0h17m14s
[finalists] 46999/50000  2.9 games/s  ETA 0h17m11s
[finalists] 47002/50000  2.9 games/s  ETA 0h17m10s
[finalists] 47009/50000  2.9 games/s  ETA 0h17m08s
[finalists] 47017/50000  2.9 games/s  ETA 0h17m05s
[finalists] 47022/50000  2.9 games/s  ETA 0h17m03s
[finalists] 47029/50000  2.9 games/s  ETA 0h17m01s
[finalists] 47036/50000  2.9 games/s  ETA 0h16m59s
[finalists] 47044/50000  2.9 games/s  ETA 0h16m56s
[finalists] 47048/50000  2.9 games/s  ETA 0h16m54s
[finalists] 47054/50000  2.9 games/s  ETA 0h16m52s
[finalists] 47063/50000  2.9 games/s  ETA 0h16m49s
[finalists] 47072/50000  2.9 games/s  ETA 0h16m46s
[finalists] 47075/50000  2.9 games/s  ETA 0h16m45s
[finalists] 47082/50000  2.9 games/s  ETA 0h16m43s
[finalists] 47091/50000  2.9 games/s  ETA 0h16m39s
[finalists] 47098/50000  2.9 games/s  ETA 0h16m37s
[finalists] 47106/50000  2.9 games/s  ETA 0h16m34s
[finalists] 47110/50000  2.9 games/s  ETA 0h16m33s
[finalists] 47114/50000  2.9 games/s  ETA 0h16m32s
[finalists] 47117/50000  2.9 games/s  ETA 0h16m31s
[finalists] 47121/50000  2.9 games/s  ETA 0h16m29s
[finalists] 47126/50000  2.9 games/s  ETA 0h16m28s
[finalists] 47130/50000  2.9 games/s  ETA 0h16m26s
[finalists] 47139/50000  2.9 games/s  ETA 0h16m23s
[finalists] 47142/50000  2.9 games/s  ETA 0h16m22s
[finalists] 47148/50000  2.9 games/s  ETA 0h16m20s
[finalists] 47152/50000  2.9 games/s  ETA 0h16m19s
[finalists] 47159/50000  2.9 games/s  ETA 0h16m16s
[finalists] 47162/50000  2.9 games/s  ETA 0h16m15s
[finalists] 47168/50000  2.9 games/s  ETA 0h16m13s
[finalists] 47173/50000  2.9 games/s  ETA 0h16m12s
[finalists] 47178/50000  2.9 games/s  ETA 0h16m10s
[finalists] 47189/50000  2.9 games/s  ETA 0h16m06s
[finalists] 47195/50000  2.9 games/s  ETA 0h16m04s
[finalists] 47205/50000  2.9 games/s  ETA 0h16m00s
[finalists] 47212/50000  2.9 games/s  ETA 0h15m58s
[finalists] 47217/50000  2.9 games/s  ETA 0h15m56s
[finalists] 47224/50000  2.9 games/s  ETA 0h15m54s
[finalists] 47231/50000  2.9 games/s  ETA 0h15m51s
[finalists] 47238/50000  2.9 games/s  ETA 0h15m49s
[finalists] 47246/50000  2.9 games/s  ETA 0h15m46s
[finalists] 47253/50000  2.9 games/s  ETA 0h15m44s
[finalists] 47258/50000  2.9 games/s  ETA 0h15m42s
[finalists] 47264/50000  2.9 games/s  ETA 0h15m40s
[finalists] 47268/50000  2.9 games/s  ETA 0h15m39s
[finalists] 47272/50000  2.9 games/s  ETA 0h15m37s
[finalists] 47278/50000  2.9 games/s  ETA 0h15m35s
[finalists] 47284/50000  2.9 games/s  ETA 0h15m33s
[finalists] 47291/50000  2.9 games/s  ETA 0h15m31s
[finalists] 47296/50000  2.9 games/s  ETA 0h15m29s
[finalists] 47301/50000  2.9 games/s  ETA 0h15m27s
[finalists] 47312/50000  2.9 games/s  ETA 0h15m23s
[finalists] 47320/50000  2.9 games/s  ETA 0h15m21s
[finalists] 47327/50000  2.9 games/s  ETA 0h15m18s
[finalists] 47336/50000  2.9 games/s  ETA 0h15m15s
[finalists] 47342/50000  2.9 games/s  ETA 0h15m13s
[finalists] 47347/50000  2.9 games/s  ETA 0h15m11s
[finalists] 47353/50000  2.9 games/s  ETA 0h15m09s
[finalists] 47360/50000  2.9 games/s  ETA 0h15m07s
[finalists] 47364/50000  2.9 games/s  ETA 0h15m05s
[finalists] 47371/50000  2.9 games/s  ETA 0h15m03s
[finalists] 47377/50000  2.9 games/s  ETA 0h15m01s
[finalists] 47386/50000  2.9 games/s  ETA 0h14m58s
[finalists] 47389/50000  2.9 games/s  ETA 0h14m57s
[finalists] 47394/50000  2.9 games/s  ETA 0h14m55s
[finalists] 47400/50000  2.9 games/s  ETA 0h14m53s
[finalists] 47408/50000  2.9 games/s  ETA 0h14m50s
[finalists] 47411/50000  2.9 games/s  ETA 0h14m49s
[finalists] 47415/50000  2.9 games/s  ETA 0h14m48s
[finalists] 47418/50000  2.9 games/s  ETA 0h14m47s
[finalists] 47422/50000  2.9 games/s  ETA 0h14m46s
[finalists] 47431/50000  2.9 games/s  ETA 0h14m42s
[finalists] 47438/50000  2.9 games/s  ETA 0h14m40s
[finalists] 47443/50000  2.9 games/s  ETA 0h14m38s
[finalists] 47448/50000  2.9 games/s  ETA 0h14m37s
[finalists] 47458/50000  2.9 games/s  ETA 0h14m33s
[finalists] 47463/50000  2.9 games/s  ETA 0h14m31s
[finalists] 47468/50000  2.9 games/s  ETA 0h14m30s
[finalists] 47471/50000  2.9 games/s  ETA 0h14m29s
[finalists] 47474/50000  2.9 games/s  ETA 0h14m28s
[finalists] 47477/50000  2.9 games/s  ETA 0h14m27s
[finalists] 47485/50000  2.9 games/s  ETA 0h14m24s
[finalists] 47493/50000  2.9 games/s  ETA 0h14m21s
[finalists] 47497/50000  2.9 games/s  ETA 0h14m20s
[finalists] 47503/50000  2.9 games/s  ETA 0h14m18s
[finalists] 47508/50000  2.9 games/s  ETA 0h14m16s
[finalists] 47511/50000  2.9 games/s  ETA 0h14m15s
[finalists] 47517/50000  2.9 games/s  ETA 0h14m13s
[finalists] 47525/50000  2.9 games/s  ETA 0h14m10s
[finalists] 47532/50000  2.9 games/s  ETA 0h14m08s
[finalists] 47538/50000  2.9 games/s  ETA 0h14m06s
[finalists] 47548/50000  2.9 games/s  ETA 0h14m02s
[finalists] 47550/50000  2.9 games/s  ETA 0h14m02s
[finalists] 47555/50000  2.9 games/s  ETA 0h14m00s
[finalists] 47562/50000  2.9 games/s  ETA 0h13m57s
[finalists] 47570/50000  2.9 games/s  ETA 0h13m55s
[finalists] 47578/50000  2.9 games/s  ETA 0h13m52s
[finalists] 47585/50000  2.9 games/s  ETA 0h13m49s
[finalists] 47592/50000  2.9 games/s  ETA 0h13m47s
[finalists] 47596/50000  2.9 games/s  ETA 0h13m46s
[finalists] 47605/50000  2.9 games/s  ETA 0h13m43s
[finalists] 47610/50000  2.9 games/s  ETA 0h13m41s
[finalists] 47613/50000  2.9 games/s  ETA 0h13m40s
[finalists] 47617/50000  2.9 games/s  ETA 0h13m39s
[finalists] 47622/50000  2.9 games/s  ETA 0h13m37s
[finalists] 47627/50000  2.9 games/s  ETA 0h13m35s
[finalists] 47635/50000  2.9 games/s  ETA 0h13m32s
[finalists] 47641/50000  2.9 games/s  ETA 0h13m30s
[finalists] 47646/50000  2.9 games/s  ETA 0h13m29s
[finalists] 47653/50000  2.9 games/s  ETA 0h13m26s
[finalists] 47657/50000  2.9 games/s  ETA 0h13m25s
[finalists] 47660/50000  2.9 games/s  ETA 0h13m24s
[finalists] 47666/50000  2.9 games/s  ETA 0h13m22s
[finalists] 47675/50000  2.9 games/s  ETA 0h13m19s
[finalists] 47679/50000  2.9 games/s  ETA 0h13m17s
[finalists] 47685/50000  2.9 games/s  ETA 0h13m15s
[finalists] 47691/50000  2.9 games/s  ETA 0h13m13s
[finalists] 47697/50000  2.9 games/s  ETA 0h13m11s
[finalists] 47703/50000  2.9 games/s  ETA 0h13m09s
[finalists] 47708/50000  2.9 games/s  ETA 0h13m07s
[finalists] 47712/50000  2.9 games/s  ETA 0h13m06s
[finalists] 47716/50000  2.9 games/s  ETA 0h13m05s
[finalists] 47722/50000  2.9 games/s  ETA 0h13m03s
[finalists] 47726/50000  2.9 games/s  ETA 0h13m01s
[finalists] 47731/50000  2.9 games/s  ETA 0h12m59s
[finalists] 47734/50000  2.9 games/s  ETA 0h12m59s
[finalists] 47740/50000  2.9 games/s  ETA 0h12m56s
[finalists] 47747/50000  2.9 games/s  ETA 0h12m54s
[finalists] 47755/50000  2.9 games/s  ETA 0h12m51s
[finalists] 47759/50000  2.9 games/s  ETA 0h12m50s
[finalists] 47763/50000  2.9 games/s  ETA 0h12m49s
[finalists] 47768/50000  2.9 games/s  ETA 0h12m47s
[finalists] 47773/50000  2.9 games/s  ETA 0h12m45s
[finalists] 47776/50000  2.9 games/s  ETA 0h12m44s
[finalists] 47781/50000  2.9 games/s  ETA 0h12m42s
[finalists] 47786/50000  2.9 games/s  ETA 0h12m41s
[finalists] 47789/50000  2.9 games/s  ETA 0h12m40s
[finalists] 47793/50000  2.9 games/s  ETA 0h12m38s
[finalists] 47798/50000  2.9 games/s  ETA 0h12m37s
[finalists] 47802/50000  2.9 games/s  ETA 0h12m35s
[finalists] 47809/50000  2.9 games/s  ETA 0h12m33s
[finalists] 47813/50000  2.9 games/s  ETA 0h12m32s
[finalists] 47815/50000  2.9 games/s  ETA 0h12m31s
[finalists] 47819/50000  2.9 games/s  ETA 0h12m30s
[finalists] 47825/50000  2.9 games/s  ETA 0h12m28s
[finalists] 47831/50000  2.9 games/s  ETA 0h12m25s
[finalists] 47838/50000  2.9 games/s  ETA 0h12m23s
[finalists] 47843/50000  2.9 games/s  ETA 0h12m21s
[finalists] 47848/50000  2.9 games/s  ETA 0h12m20s
[finalists] 47852/50000  2.9 games/s  ETA 0h12m18s
[finalists] 47857/50000  2.9 games/s  ETA 0h12m17s
[finalists] 47865/50000  2.9 games/s  ETA 0h12m14s
[finalists] 47870/50000  2.9 games/s  ETA 0h12m12s
[finalists] 47877/50000  2.9 games/s  ETA 0h12m10s
[finalists] 47884/50000  2.9 games/s  ETA 0h12m07s
[finalists] 47891/50000  2.9 games/s  ETA 0h12m05s
[finalists] 47895/50000  2.9 games/s  ETA 0h12m03s
[finalists] 47900/50000  2.9 games/s  ETA 0h12m02s
[finalists] 47903/50000  2.9 games/s  ETA 0h12m01s
[finalists] 47910/50000  2.9 games/s  ETA 0h11m58s
[finalists] 47913/50000  2.9 games/s  ETA 0h11m57s
[finalists] 47918/50000  2.9 games/s  ETA 0h11m56s
[finalists] 47922/50000  2.9 games/s  ETA 0h11m54s
[finalists] 47928/50000  2.9 games/s  ETA 0h11m52s
[finalists] 47934/50000  2.9 games/s  ETA 0h11m50s
[finalists] 47938/50000  2.9 games/s  ETA 0h11m49s
[finalists] 47945/50000  2.9 games/s  ETA 0h11m46s
[finalists] 47948/50000  2.9 games/s  ETA 0h11m45s
[finalists] 47952/50000  2.9 games/s  ETA 0h11m44s
[finalists] 47959/50000  2.9 games/s  ETA 0h11m42s
[finalists] 47965/50000  2.9 games/s  ETA 0h11m40s
[finalists] 47970/50000  2.9 games/s  ETA 0h11m38s
[finalists] 47974/50000  2.9 games/s  ETA 0h11m36s
[finalists] 47980/50000  2.9 games/s  ETA 0h11m34s
[finalists] 47985/50000  2.9 games/s  ETA 0h11m33s
[finalists] 47992/50000  2.9 games/s  ETA 0h11m30s
[finalists] 47995/50000  2.9 games/s  ETA 0h11m29s
[finalists] 48000/50000  2.9 games/s  ETA 0h11m28s
[finalists] 48005/50000  2.9 games/s  ETA 0h11m26s
[finalists] 48011/50000  2.9 games/s  ETA 0h11m24s
[finalists] 48015/50000  2.9 games/s  ETA 0h11m22s
[finalists] 48020/50000  2.9 games/s  ETA 0h11m21s
[finalists] 48026/50000  2.9 games/s  ETA 0h11m19s
[finalists] 48033/50000  2.9 games/s  ETA 0h11m16s
[finalists] 48036/50000  2.9 games/s  ETA 0h11m15s
[finalists] 48041/50000  2.9 games/s  ETA 0h11m14s
[finalists] 48045/50000  2.9 games/s  ETA 0h11m12s
[finalists] 48050/50000  2.9 games/s  ETA 0h11m10s
[finalists] 48057/50000  2.9 games/s  ETA 0h11m08s
[finalists] 48065/50000  2.9 games/s  ETA 0h11m05s
[finalists] 48068/50000  2.9 games/s  ETA 0h11m04s
[finalists] 48074/50000  2.9 games/s  ETA 0h11m02s
[finalists] 48085/50000  2.9 games/s  ETA 0h10m58s
[finalists] 48093/50000  2.9 games/s  ETA 0h10m56s
[finalists] 48098/50000  2.9 games/s  ETA 0h10m54s
[finalists] 48100/50000  2.9 games/s  ETA 0h10m53s
[finalists] 48106/50000  2.9 games/s  ETA 0h10m51s
[finalists] 48111/50000  2.9 games/s  ETA 0h10m49s
[finalists] 48118/50000  2.9 games/s  ETA 0h10m47s
[finalists] 48124/50000  2.9 games/s  ETA 0h10m45s
[finalists] 48134/50000  2.9 games/s  ETA 0h10m41s
[finalists] 48137/50000  2.9 games/s  ETA 0h10m40s
[finalists] 48143/50000  2.9 games/s  ETA 0h10m38s
[finalists] 48149/50000  2.9 games/s  ETA 0h10m36s
[finalists] 48155/50000  2.9 games/s  ETA 0h10m34s
[finalists] 48160/50000  2.9 games/s  ETA 0h10m33s
[finalists] 48165/50000  2.9 games/s  ETA 0h10m31s
[finalists] 48169/50000  2.9 games/s  ETA 0h10m30s
[finalists] 48175/50000  2.9 games/s  ETA 0h10m27s
[finalists] 48181/50000  2.9 games/s  ETA 0h10m25s
[finalists] 48188/50000  2.9 games/s  ETA 0h10m23s
[finalists] 48194/50000  2.9 games/s  ETA 0h10m21s
[finalists] 48198/50000  2.9 games/s  ETA 0h10m20s
[finalists] 48204/50000  2.9 games/s  ETA 0h10m17s
[finalists] 48209/50000  2.9 games/s  ETA 0h10m16s
[finalists] 48213/50000  2.9 games/s  ETA 0h10m14s
[finalists] 48218/50000  2.9 games/s  ETA 0h10m13s
[finalists] 48224/50000  2.9 games/s  ETA 0h10m11s
[finalists] 48228/50000  2.9 games/s  ETA 0h10m09s
[finalists] 48234/50000  2.9 games/s  ETA 0h10m07s
[finalists] 48239/50000  2.9 games/s  ETA 0h10m05s
[finalists] 48244/50000  2.9 games/s  ETA 0h10m04s
[finalists] 48249/50000  2.9 games/s  ETA 0h10m02s
[finalists] 48257/50000  2.9 games/s  ETA 0h09m59s
[finalists] 48260/50000  2.9 games/s  ETA 0h09m58s
[finalists] 48264/50000  2.9 games/s  ETA 0h09m57s
[finalists] 48269/50000  2.9 games/s  ETA 0h09m55s
[finalists] 48273/50000  2.9 games/s  ETA 0h09m54s
[finalists] 48277/50000  2.9 games/s  ETA 0h09m53s
[finalists] 48283/50000  2.9 games/s  ETA 0h09m50s
[finalists] 48286/50000  2.9 games/s  ETA 0h09m49s
[finalists] 48293/50000  2.9 games/s  ETA 0h09m47s
[finalists] 48298/50000  2.9 games/s  ETA 0h09m45s
[finalists] 48301/50000  2.9 games/s  ETA 0h09m44s
[finalists] 48305/50000  2.9 games/s  ETA 0h09m43s
[finalists] 48310/50000  2.9 games/s  ETA 0h09m41s
[finalists] 48316/50000  2.9 games/s  ETA 0h09m39s
[finalists] 48322/50000  2.9 games/s  ETA 0h09m37s
[finalists] 48326/50000  2.9 games/s  ETA 0h09m36s
[finalists] 48332/50000  2.9 games/s  ETA 0h09m34s
[finalists] 48340/50000  2.9 games/s  ETA 0h09m31s
[finalists] 48347/50000  2.9 games/s  ETA 0h09m28s
[finalists] 48350/50000  2.9 games/s  ETA 0h09m27s
[finalists] 48355/50000  2.9 games/s  ETA 0h09m26s
[finalists] 48363/50000  2.9 games/s  ETA 0h09m23s
[finalists] 48364/50000  2.9 games/s  ETA 0h09m23s
[finalists] 48372/50000  2.9 games/s  ETA 0h09m20s
[finalists] 48377/50000  2.9 games/s  ETA 0h09m18s
[finalists] 48383/50000  2.9 games/s  ETA 0h09m16s
[finalists] 48389/50000  2.9 games/s  ETA 0h09m14s
[finalists] 48394/50000  2.9 games/s  ETA 0h09m12s
[finalists] 48398/50000  2.9 games/s  ETA 0h09m11s
[finalists] 48403/50000  2.9 games/s  ETA 0h09m09s
[finalists] 48407/50000  2.9 games/s  ETA 0h09m08s
[finalists] 48415/50000  2.9 games/s  ETA 0h09m05s
[finalists] 48420/50000  2.9 games/s  ETA 0h09m03s
[finalists] 48424/50000  2.9 games/s  ETA 0h09m02s
[finalists] 48432/50000  2.9 games/s  ETA 0h08m59s
[finalists] 48437/50000  2.9 games/s  ETA 0h08m58s
[finalists] 48442/50000  2.9 games/s  ETA 0h08m56s
[finalists] 48445/50000  2.9 games/s  ETA 0h08m55s
[finalists] 48448/50000  2.9 games/s  ETA 0h08m54s
[finalists] 48456/50000  2.9 games/s  ETA 0h08m51s
[finalists] 48463/50000  2.9 games/s  ETA 0h08m49s
[finalists] 48469/50000  2.9 games/s  ETA 0h08m47s
[finalists] 48473/50000  2.9 games/s  ETA 0h08m45s
[finalists] 48478/50000  2.9 games/s  ETA 0h08m44s
[finalists] 48483/50000  2.9 games/s  ETA 0h08m42s
[finalists] 48489/50000  2.9 games/s  ETA 0h08m40s
[finalists] 48496/50000  2.9 games/s  ETA 0h08m37s
[finalists] 48499/50000  2.9 games/s  ETA 0h08m36s
[finalists] 48504/50000  2.9 games/s  ETA 0h08m35s
[finalists] 48508/50000  2.9 games/s  ETA 0h08m33s
[finalists] 48512/50000  2.9 games/s  ETA 0h08m32s
[finalists] 48518/50000  2.9 games/s  ETA 0h08m30s
[finalists] 48524/50000  2.9 games/s  ETA 0h08m28s
[finalists] 48530/50000  2.9 games/s  ETA 0h08m26s
[finalists] 48540/50000  2.9 games/s  ETA 0h08m22s
[finalists] 48546/50000  2.9 games/s  ETA 0h08m20s
[finalists] 48555/50000  2.9 games/s  ETA 0h08m17s
[finalists] 48560/50000  2.9 games/s  ETA 0h08m15s
[finalists] 48568/50000  2.9 games/s  ETA 0h08m13s
[finalists] 48576/50000  2.9 games/s  ETA 0h08m10s
[finalists] 48585/50000  2.9 games/s  ETA 0h08m07s
[finalists] 48592/50000  2.9 games/s  ETA 0h08m04s
[finalists] 48597/50000  2.9 games/s  ETA 0h08m03s
[finalists] 48602/50000  2.9 games/s  ETA 0h08m01s
[finalists] 48607/50000  2.9 games/s  ETA 0h07m59s
[finalists] 48613/50000  2.9 games/s  ETA 0h07m57s
[finalists] 48618/50000  2.9 games/s  ETA 0h07m55s
[finalists] 48628/50000  2.9 games/s  ETA 0h07m52s
[finalists] 48634/50000  2.9 games/s  ETA 0h07m50s
[finalists] 48640/50000  2.9 games/s  ETA 0h07m48s
[finalists] 48648/50000  2.9 games/s  ETA 0h07m45s
[finalists] 48655/50000  2.9 games/s  ETA 0h07m42s
[finalists] 48663/50000  2.9 games/s  ETA 0h07m40s
[finalists] 48669/50000  2.9 games/s  ETA 0h07m38s
[finalists] 48675/50000  2.9 games/s  ETA 0h07m36s
[finalists] 48685/50000  2.9 games/s  ETA 0h07m32s
[finalists] 48692/50000  2.9 games/s  ETA 0h07m30s
[finalists] 48699/50000  2.9 games/s  ETA 0h07m27s
[finalists] 48704/50000  2.9 games/s  ETA 0h07m26s
[finalists] 48711/50000  2.9 games/s  ETA 0h07m23s
[finalists] 48718/50000  2.9 games/s  ETA 0h07m21s
[finalists] 48724/50000  2.9 games/s  ETA 0h07m19s
[finalists] 48733/50000  2.9 games/s  ETA 0h07m16s
[finalists] 48743/50000  2.9 games/s  ETA 0h07m12s
[finalists] 48748/50000  2.9 games/s  ETA 0h07m10s
[finalists] 48755/50000  2.9 games/s  ETA 0h07m08s
[finalists] 48761/50000  2.9 games/s  ETA 0h07m06s
[finalists] 48766/50000  2.9 games/s  ETA 0h07m04s
[finalists] 48774/50000  2.9 games/s  ETA 0h07m01s
[finalists] 48781/50000  2.9 games/s  ETA 0h06m59s
[finalists] 48788/50000  2.9 games/s  ETA 0h06m57s
[finalists] 48796/50000  2.9 games/s  ETA 0h06m54s
[finalists] 48803/50000  2.9 games/s  ETA 0h06m51s
[finalists] 48809/50000  2.9 games/s  ETA 0h06m49s
[finalists] 48815/50000  2.9 games/s  ETA 0h06m47s
[finalists] 48819/50000  2.9 games/s  ETA 0h06m46s
[finalists] 48826/50000  2.9 games/s  ETA 0h06m43s
[finalists] 48834/50000  2.9 games/s  ETA 0h06m41s
[finalists] 48842/50000  2.9 games/s  ETA 0h06m38s
[finalists] 48850/50000  2.9 games/s  ETA 0h06m35s
[finalists] 48857/50000  2.9 games/s  ETA 0h06m33s
[finalists] 48861/50000  2.9 games/s  ETA 0h06m31s
[finalists] 48867/50000  2.9 games/s  ETA 0h06m29s
[finalists] 48875/50000  2.9 games/s  ETA 0h06m26s
[finalists] 48885/50000  2.9 games/s  ETA 0h06m23s
[finalists] 48890/50000  2.9 games/s  ETA 0h06m21s
[finalists] 48896/50000  2.9 games/s  ETA 0h06m19s
[finalists] 48899/50000  2.9 games/s  ETA 0h06m18s
[finalists] 48905/50000  2.9 games/s  ETA 0h06m16s
[finalists] 48909/50000  2.9 games/s  ETA 0h06m15s
[finalists] 48917/50000  2.9 games/s  ETA 0h06m12s
[finalists] 48925/50000  2.9 games/s  ETA 0h06m09s
[finalists] 48931/50000  2.9 games/s  ETA 0h06m07s
[finalists] 48940/50000  2.9 games/s  ETA 0h06m04s
[finalists] 48950/50000  2.9 games/s  ETA 0h06m01s
[finalists] 48957/50000  2.9 games/s  ETA 0h05m58s
[finalists] 48965/50000  2.9 games/s  ETA 0h05m55s
[finalists] 48971/50000  2.9 games/s  ETA 0h05m53s
[finalists] 48979/50000  2.9 games/s  ETA 0h05m51s
[finalists] 48985/50000  2.9 games/s  ETA 0h05m49s
[finalists] 48994/50000  2.9 games/s  ETA 0h05m45s
[finalists] 49001/50000  2.9 games/s  ETA 0h05m43s
[finalists] 49009/50000  2.9 games/s  ETA 0h05m40s
[finalists] 49016/50000  2.9 games/s  ETA 0h05m38s
[finalists] 49022/50000  2.9 games/s  ETA 0h05m36s
[finalists] 49028/50000  2.9 games/s  ETA 0h05m34s
[finalists] 49034/50000  2.9 games/s  ETA 0h05m32s
[finalists] 49041/50000  2.9 games/s  ETA 0h05m29s
[finalists] 49046/50000  2.9 games/s  ETA 0h05m27s
[finalists] 49053/50000  2.9 games/s  ETA 0h05m25s
[finalists] 49061/50000  2.9 games/s  ETA 0h05m22s
[finalists] 49069/50000  2.9 games/s  ETA 0h05m20s
[finalists] 49078/50000  2.9 games/s  ETA 0h05m16s
[finalists] 49084/50000  2.9 games/s  ETA 0h05m14s
[finalists] 49091/50000  2.9 games/s  ETA 0h05m12s
[finalists] 49097/50000  2.9 games/s  ETA 0h05m10s
[finalists] 49103/50000  2.9 games/s  ETA 0h05m08s
[finalists] 49111/50000  2.9 games/s  ETA 0h05m05s
[finalists] 49118/50000  2.9 games/s  ETA 0h05m03s
[finalists] 49126/50000  2.9 games/s  ETA 0h05m00s
[finalists] 49130/50000  2.9 games/s  ETA 0h04m59s
[finalists] 49141/50000  2.9 games/s  ETA 0h04m55s
[finalists] 49147/50000  2.9 games/s  ETA 0h04m53s
[finalists] 49154/50000  2.9 games/s  ETA 0h04m50s
[finalists] 49161/50000  2.9 games/s  ETA 0h04m48s
[finalists] 49167/50000  2.9 games/s  ETA 0h04m46s
[finalists] 49175/50000  2.9 games/s  ETA 0h04m43s
[finalists] 49181/50000  2.9 games/s  ETA 0h04m41s
[finalists] 49187/50000  2.9 games/s  ETA 0h04m39s
[finalists] 49193/50000  2.9 games/s  ETA 0h04m37s
[finalists] 49202/50000  2.9 games/s  ETA 0h04m34s
[finalists] 49207/50000  2.9 games/s  ETA 0h04m32s
[finalists] 49212/50000  2.9 games/s  ETA 0h04m30s
[finalists] 49217/50000  2.9 games/s  ETA 0h04m29s
[finalists] 49223/50000  2.9 games/s  ETA 0h04m26s
[finalists] 49231/50000  2.9 games/s  ETA 0h04m24s
[finalists] 49239/50000  2.9 games/s  ETA 0h04m21s
[finalists] 49246/50000  2.9 games/s  ETA 0h04m19s
[finalists] 49251/50000  2.9 games/s  ETA 0h04m17s
[finalists] 49260/50000  2.9 games/s  ETA 0h04m14s
[finalists] 49268/50000  2.9 games/s  ETA 0h04m11s
[finalists] 49275/50000  2.9 games/s  ETA 0h04m09s
[finalists] 49283/50000  2.9 games/s  ETA 0h04m06s
[finalists] 49290/50000  2.9 games/s  ETA 0h04m03s
[finalists] 49295/50000  2.9 games/s  ETA 0h04m02s
[finalists] 49303/50000  2.9 games/s  ETA 0h03m59s
[finalists] 49308/50000  2.9 games/s  ETA 0h03m57s
[finalists] 49316/50000  2.9 games/s  ETA 0h03m54s
[finalists] 49324/50000  2.9 games/s  ETA 0h03m52s
[finalists] 49331/50000  2.9 games/s  ETA 0h03m49s
[finalists] 49342/50000  2.9 games/s  ETA 0h03m45s
[finalists] 49347/50000  2.9 games/s  ETA 0h03m44s
[finalists] 49356/50000  2.9 games/s  ETA 0h03m41s
[finalists] 49362/50000  2.9 games/s  ETA 0h03m39s
[finalists] 49368/50000  2.9 games/s  ETA 0h03m37s
[finalists] 49377/50000  2.9 games/s  ETA 0h03m33s
[finalists] 49388/50000  2.9 games/s  ETA 0h03m30s
[finalists] 49394/50000  2.9 games/s  ETA 0h03m28s
[finalists] 49398/50000  2.9 games/s  ETA 0h03m26s
[finalists] 49407/50000  2.9 games/s  ETA 0h03m23s
[finalists] 49413/50000  2.9 games/s  ETA 0h03m21s
[finalists] 49422/50000  2.9 games/s  ETA 0h03m18s
[finalists] 49425/50000  2.9 games/s  ETA 0h03m17s
[finalists] 49435/50000  2.9 games/s  ETA 0h03m13s
[finalists] 49439/50000  2.9 games/s  ETA 0h03m12s
[finalists] 49444/50000  2.9 games/s  ETA 0h03m10s
[finalists] 49450/50000  2.9 games/s  ETA 0h03m08s
[finalists] 49460/50000  2.9 games/s  ETA 0h03m05s
[finalists] 49470/50000  2.9 games/s  ETA 0h03m01s
[finalists] 49475/50000  2.9 games/s  ETA 0h03m00s
[finalists] 49484/50000  2.9 games/s  ETA 0h02m57s
[finalists] 49492/50000  2.9 games/s  ETA 0h02m54s
[finalists] 49499/50000  2.9 games/s  ETA 0h02m51s
[finalists] 49506/50000  2.9 games/s  ETA 0h02m49s
[finalists] 49514/50000  2.9 games/s  ETA 0h02m46s
[finalists] 49522/50000  2.9 games/s  ETA 0h02m44s
[finalists] 49531/50000  2.9 games/s  ETA 0h02m40s
[finalists] 49538/50000  2.9 games/s  ETA 0h02m38s
[finalists] 49547/50000  2.9 games/s  ETA 0h02m35s
[finalists] 49553/50000  2.9 games/s  ETA 0h02m33s
[finalists] 49561/50000  2.9 games/s  ETA 0h02m30s
[finalists] 49569/50000  2.9 games/s  ETA 0h02m27s
[finalists] 49573/50000  2.9 games/s  ETA 0h02m26s
[finalists] 49583/50000  2.9 games/s  ETA 0h02m23s
[finalists] 49589/50000  2.9 games/s  ETA 0h02m21s
[finalists] 49594/50000  2.9 games/s  ETA 0h02m19s
[finalists] 49596/50000  2.9 games/s  ETA 0h02m18s
[finalists] 49600/50000  2.9 games/s  ETA 0h02m17s
[finalists] 49606/50000  2.9 games/s  ETA 0h02m15s
[finalists] 49611/50000  2.9 games/s  ETA 0h02m13s
[finalists] 49618/50000  2.9 games/s  ETA 0h02m11s
[finalists] 49624/50000  2.9 games/s  ETA 0h02m09s
[finalists] 49634/50000  2.9 games/s  ETA 0h02m05s
[finalists] 49639/50000  2.9 games/s  ETA 0h02m03s
[finalists] 49646/50000  2.9 games/s  ETA 0h02m01s
[finalists] 49650/50000  2.9 games/s  ETA 0h02m00s
[finalists] 49656/50000  2.9 games/s  ETA 0h01m58s
[finalists] 49666/50000  2.9 games/s  ETA 0h01m54s
[finalists] 49671/50000  2.9 games/s  ETA 0h01m52s
[finalists] 49677/50000  2.9 games/s  ETA 0h01m50s
[finalists] 49685/50000  2.9 games/s  ETA 0h01m48s
[finalists] 49690/50000  2.9 games/s  ETA 0h01m46s
[finalists] 49699/50000  2.9 games/s  ETA 0h01m43s
[finalists] 49705/50000  2.9 games/s  ETA 0h01m41s
[finalists] 49710/50000  2.9 games/s  ETA 0h01m39s
[finalists] 49717/50000  2.9 games/s  ETA 0h01m37s
[finalists] 49724/50000  2.9 games/s  ETA 0h01m34s
[finalists] 49732/50000  2.9 games/s  ETA 0h01m31s
[finalists] 49738/50000  2.9 games/s  ETA 0h01m29s
[finalists] 49741/50000  2.9 games/s  ETA 0h01m28s
[finalists] 49748/50000  2.9 games/s  ETA 0h01m26s
[finalists] 49755/50000  2.9 games/s  ETA 0h01m24s
[finalists] 49761/50000  2.9 games/s  ETA 0h01m21s
[finalists] 49768/50000  2.9 games/s  ETA 0h01m19s
[finalists] 49774/50000  2.9 games/s  ETA 0h01m17s
[finalists] 49782/50000  2.9 games/s  ETA 0h01m14s
[finalists] 49789/50000  2.9 games/s  ETA 0h01m12s
[finalists] 49795/50000  2.9 games/s  ETA 0h01m10s
[finalists] 49803/50000  2.9 games/s  ETA 0h01m07s
[finalists] 49811/50000  2.9 games/s  ETA 0h01m04s
[finalists] 49818/50000  2.9 games/s  ETA 0h01m02s
[finalists] 49826/50000  2.9 games/s  ETA 0h00m59s
[finalists] 49836/50000  2.9 games/s  ETA 0h00m56s
[finalists] 49845/50000  2.9 games/s  ETA 0h00m53s
[finalists] 49854/50000  2.9 games/s  ETA 0h00m50s
[finalists] 49861/50000  2.9 games/s  ETA 0h00m47s
[finalists] 49867/50000  2.9 games/s  ETA 0h00m45s
[finalists] 49873/50000  2.9 games/s  ETA 0h00m43s
[finalists] 49879/50000  2.9 games/s  ETA 0h00m41s
[finalists] 49886/50000  2.9 games/s  ETA 0h00m39s
[finalists] 49892/50000  2.9 games/s  ETA 0h00m37s
[finalists] 49898/50000  2.9 games/s  ETA 0h00m34s
[finalists] 49909/50000  2.9 games/s  ETA 0h00m31s
[finalists] 49915/50000  2.9 games/s  ETA 0h00m29s
[finalists] 49924/50000  2.9 games/s  ETA 0h00m26s
[finalists] 49929/50000  2.9 games/s  ETA 0h00m24s
[finalists] 49934/50000  2.9 games/s  ETA 0h00m22s
[finalists] 49944/50000  2.9 games/s  ETA 0h00m19s
[finalists] 49950/50000  2.9 games/s  ETA 0h00m17s
[finalists] 49957/50000  2.9 games/s  ETA 0h00m14s
[finalists] 49966/50000  2.9 games/s  ETA 0h00m11s
[finalists] 49970/50000  2.9 games/s  ETA 0h00m10s
[finalists] 49977/50000  2.9 games/s  ETA 0h00m07s
[finalists] 49985/50000  2.9 games/s  ETA 0h00m05s
[finalists] 49991/50000  2.9 games/s  ETA 0h00m03s
[finalists] 49997/50000  2.9 games/s  ETA 0h00m01s
[finalists] 49999/50000  2.9 games/s  ETA 0h00m00s
[finalists] 50000 games in 4h45m38s (2.9 games/s)
[finalists] summary -> sim/out/finalists.summary.json
