== 2026-09-17 03:38:31 npm run sim -- --id kp-holylight-p --experiment ab --games 200 --sample 40 --depth 3 --seed 61 --workers 16 --rule kings=Spirit:HolyLight

> king-down-chess@0.0.1 sim
> tsx src/sim/run.ts --id kp-holylight-p --experiment ab --games 200 --sample 40 --depth 3 --seed 61 --workers 16 --rule kings=Spirit:HolyLight

[kp-holylight-p.base] 200 games (0 already done), 200 to play on 16 workers -> sim/out/kp-holylight-p.base.jsonl
[kp-holylight-p.base] depth 3, 4 random opening plies, ply cap 300, pairs off (both sides identical; --pairs forces them on)
[kp-holylight-p.base] rules {}, values {}
[kp-holylight-p.base] 0/200  0.0 games/s  ETA ?
[kp-holylight-p.base] 13/200  3.2 games/s  ETA 0h00m57s
[kp-holylight-p.base] 24/200  4.0 games/s  ETA 0h00m44s
[kp-holylight-p.base] 39/200  4.9 games/s  ETA 0h00m33s
[kp-holylight-p.base] 53/200  5.3 games/s  ETA 0h00m27s
[kp-holylight-p.base] 64/200  5.3 games/s  ETA 0h00m25s
[kp-holylight-p.base] 80/200  5.7 games/s  ETA 0h00m21s
[kp-holylight-p.base] 94/200  5.9 games/s  ETA 0h00m18s
[kp-holylight-p.base] 112/200  6.2 games/s  ETA 0h00m14s
[kp-holylight-p.base] 125/200  6.2 games/s  ETA 0h00m12s
[kp-holylight-p.base] 139/200  6.3 games/s  ETA 0h00m09s
[kp-holylight-p.base] 152/200  6.3 games/s  ETA 0h00m07s
[kp-holylight-p.base] 172/200  6.6 games/s  ETA 0h00m04s
[kp-holylight-p.base] 182/200  6.5 games/s  ETA 0h00m02s
[kp-holylight-p.base] 200 games in 0h00m30s (6.7 games/s)
[kp-holylight-p.base] summary -> sim/out/kp-holylight-p.base.summary.json
[kp-holylight-p.var] 200 games (0 already done), 200 to play on 16 workers -> sim/out/kp-holylight-p.var.jsonl
[kp-holylight-p.var] depth 3, 4 random opening plies, ply cap 300, pairs off (both sides identical; --pairs forces them on)
[kp-holylight-p.var] rules {"kings":[{"king":"Spirit","power":"HolyLight"},{"king":"Spirit","power":"HolyLight"}]}, values {}
[kp-holylight-p.var] 0/200  0.0 games/s  ETA ?
[kp-holylight-p.var] 18/200  4.5 games/s  ETA 0h00m40s
[kp-holylight-p.var] 30/200  5.0 games/s  ETA 0h00m34s
[kp-holylight-p.var] 43/200  5.4 games/s  ETA 0h00m29s
[kp-holylight-p.var] 58/200  5.8 games/s  ETA 0h00m24s
[kp-holylight-p.var] 70/200  5.8 games/s  ETA 0h00m22s
[kp-holylight-p.var] 86/200  6.1 games/s  ETA 0h00m18s
[kp-holylight-p.var] 97/200  6.1 games/s  ETA 0h00m17s
[kp-holylight-p.var] 112/200  6.2 games/s  ETA 0h00m14s
[kp-holylight-p.var] 124/200  6.2 games/s  ETA 0h00m12s
[kp-holylight-p.var] 136/200  6.2 games/s  ETA 0h00m10s
[kp-holylight-p.var] 144/200  6.0 games/s  ETA 0h00m09s
[kp-holylight-p.var] 159/200  6.1 games/s  ETA 0h00m06s
[kp-holylight-p.var] 175/200  6.2 games/s  ETA 0h00m04s
[kp-holylight-p.var] 186/200  6.2 games/s  ETA 0h00m02s
[kp-holylight-p.var] 200 games in 0h00m31s (6.3 games/s)
[kp-holylight-p.var] summary -> sim/out/kp-holylight-p.var.summary.json
# Rule A/B — kp-holylight-p

`kings=[object Object],[object Object]` against today's defaults.
200 games per population, depth 3, the same 40 arrangements and the same
opening seeds in both (common random numbers). Control arm: `kp-holylight-p.base`.

A symmetric rule changes both sides at once, so there is no match to run and no SPRT: this is a
paired two-population comparison. The interval is a 95% normal approximation on the
mean paired difference over arrangements; with few arrangements,
and with one interval per metric, read "significant" as "worth a second run", not as a test.

| metric | base (pooled) | with the rule (pooled) | mean paired difference ±95% | significant |
|---|---|---|---|---|
| white score | 0.537 | 0.507 | -0.030 ± 0.046 | no |
| decisive | 0.745 | 0.725 | -0.020 ± 0.058 | no |
| draw rate | 0.245 | 0.265 | +0.020 ± 0.058 | no |
| capped | 0.010 | 0.010 | +0.000 ± 0.014 | no |
| mean plies | 117.5 | 118.1 | +0.6 ± 5.5 | no |
| branching factor | 31.7 | 31.7 | -0.0 ± 0.5 | no |
| killer move | 0.302 | 0.319 | +0.016 ± 0.029 | no |
| lead change | 0.067 | 0.068 | +0.001 ± 0.003 | no |
| uncertainty late | 0.648 | 0.649 | +0.001 ± 0.004 | no |
| drama | 0.121 | 0.124 | +0.003 ± 0.025 | no |
| permanence | 0.961 | 0.961 | +0.000 ± 0.001 | no |
| min utilisation | 0.45 | 0.44 | -0.00 ± 0.02 | no |
| interest | 0.477 | 0.479 | +0.004 ± 0.010 | no |
| interest (min-use) | 0.477 | 0.475 | +0.006 ± 0.017 | no |
| killerMove (resid.) | -0.010 | 0.010 | +0.021 ± 0.023 | no |
| leadChange (resid.) | -0.000 | 0.000 | +0.000 ± 0.003 | no |
| uncertaintyLate (resid.) | 0.000 | -0.000 | -0.000 ± 0.005 | no |
| drama (resid.) | -0.003 | 0.003 | +0.006 ± 0.021 | no |
| permanence (resid.) | -0.000 | 0.000 | +0.000 ± 0.001 | no |
| fairyUse (resid.) | 0.000 | 0.000 | +0.000 ± 0.000 | no |
| excessDecisiveness (resid.) | 0.020 | 0.012 | +0.018 ± 0.016 | yes |
| interest (resid.) | -0.001 | 0.003 | +0.006 ± 0.006 | no |
| interestMinFairy (resid.) | 0.023 | 0.024 | +0.008 ± 0.014 | no |

## Degeneracy counters
| counter | base | with the rule |
|---|---|---|
| guard captures per game | 0.000 | 0.000 |
| games with a guard rampage (≥ 3 captures) | 0 (0.0%) | 0 (0.0%) |
| dead-material endings (draw50 + drawMaterial) | 4 (2.0%) | 0 (0.0%) |
| games where a king never moved | 30 (15.0%) | 29 (14.5%) |

## Per piece (both sides, whole population; moves and captures per game)
| piece | moves A | moves B | captures A | captures B | survival A | survival B |
|---|---|---|---|---|---|---|
| P | 26.25 | 25.93 | 4.61 | 4.59 | 39.8% | 41.5% |
| M | 14.43 | 14.45 | 1.71 | 1.68 | 28.3% | 30.0% |
| A | 13.39 | 13.47 | 2.21 | 2.31 | 42.7% | 43.2% |
| K | 13.23 | 14.16 | 1.04 | 0.77 | 100.0% | 100.0% |
| R | 12.71 | 13.44 | 1.87 | 2.00 | 42.1% | 42.3% |
| S | 9.79 | 9.89 | 1.42 | 1.46 | 28.2% | 26.6% |
| N | 9.02 | 8.86 | 1.74 | 1.68 | 9.8% | 7.8% |
| B | 6.96 | 6.24 | 1.73 | 1.68 | 18.3% | 18.9% |
| Q | 4.30 | 4.42 | 0.88 | 0.81 | 83.1% | 83.8% |
| L | 4.27 | 4.17 | 1.16 | 1.15 | 6.3% | 4.2% |
| G | 3.13 | 3.08 | 0.00 | 0.00 | 97.6% | 95.3% |

## Fairy events per game
| event | base | with the rule |
|---|---|---|
| archerShots | 2.21 | 2.31 |
| beastChainMoves | 1.11 | 1.13 |
| beastChainCaptures | 1.42 | 1.46 |
| maesterSwaps | 6.74 | 6.58 |
| maesterLongSwaps | 0.73 | 0.72 |
| paladinSacrifices | 0.59 | 0.61 |
| promotions | 0.32 | 0.28 |
| checks | 4.34 | 4.15 |
| ogreShoves | 0.00 | 0.00 |
| ogreShovesFriend | 0.00 | 0.00 |
| ogreShovesGuard | 0.00 | 0.00 |
| catapultChecks | 0.00 | 0.00 |

The pooled columns describe each whole population; the difference column is the mean over the
40 shared arrangements of (rule − base) on the same openings. The two can disagree in sign when the
pooled value is not a mean of the per-arrangement values (minimum utilisation is one). Trust the
paired column.

Elo of the variant population is not reported: both populations play themselves, so their scores
are not comparable as a match. Read the white score as a fairness check, not as a strength delta.

== 2026-09-17 03:39:33 npm run sim -- --id kp-mercy-p --experiment ab --games 200 --sample 40 --depth 3 --seed 61 --workers 16 --rule kings=Spirit:Mercy

> king-down-chess@0.0.1 sim
> tsx src/sim/run.ts --id kp-mercy-p --experiment ab --games 200 --sample 40 --depth 3 --seed 61 --workers 16 --rule kings=Spirit:Mercy

[kp-mercy-p.base] 200 games (0 already done), 200 to play on 16 workers -> sim/out/kp-mercy-p.base.jsonl
[kp-mercy-p.base] depth 3, 4 random opening plies, ply cap 300, pairs off (both sides identical; --pairs forces them on)
[kp-mercy-p.base] rules {}, values {}
[kp-mercy-p.base] 0/200  0.0 games/s  ETA ?
[kp-mercy-p.base] 9/200  2.2 games/s  ETA 0h01m24s
[kp-mercy-p.base] 20/200  3.3 games/s  ETA 0h00m54s
[kp-mercy-p.base] 32/200  4.0 games/s  ETA 0h00m42s
[kp-mercy-p.base] 45/200  4.5 games/s  ETA 0h00m34s
[kp-mercy-p.base] 58/200  4.8 games/s  ETA 0h00m29s
[kp-mercy-p.base] 67/200  4.8 games/s  ETA 0h00m27s
[kp-mercy-p.base] 77/200  4.8 games/s  ETA 0h00m25s
[kp-mercy-p.base] 89/200  4.9 games/s  ETA 0h00m22s
[kp-mercy-p.base] 102/200  5.1 games/s  ETA 0h00m19s
[kp-mercy-p.base] 114/200  5.2 games/s  ETA 0h00m16s
[kp-mercy-p.base] 126/200  5.2 games/s  ETA 0h00m14s
[kp-mercy-p.base] 137/200  5.3 games/s  ETA 0h00m11s
[kp-mercy-p.base] 146/200  5.2 games/s  ETA 0h00m10s
[kp-mercy-p.base] 157/200  5.2 games/s  ETA 0h00m08s
[kp-mercy-p.base] 172/200  5.4 games/s  ETA 0h00m05s
[kp-mercy-p.base] 177/200  5.2 games/s  ETA 0h00m04s
[kp-mercy-p.base] 196/200  5.4 games/s  ETA 0h00m00s
[kp-mercy-p.base] 200 games in 0h00m37s (5.4 games/s)
[kp-mercy-p.base] summary -> sim/out/kp-mercy-p.base.summary.json
[kp-mercy-p.var] 200 games (0 already done), 200 to play on 16 workers -> sim/out/kp-mercy-p.var.jsonl
[kp-mercy-p.var] depth 3, 4 random opening plies, ply cap 300, pairs off (both sides identical; --pairs forces them on)
[kp-mercy-p.var] rules {"kings":[{"king":"Spirit","power":"Mercy"},{"king":"Spirit","power":"Mercy"}]}, values {}
[kp-mercy-p.var] 0/200  0.0 games/s  ETA ?
[kp-mercy-p.var] 6/200  1.5 games/s  ETA 0h02m09s
[kp-mercy-p.var] 15/200  2.5 games/s  ETA 0h01m14s
[kp-mercy-p.var] 27/200  3.4 games/s  ETA 0h00m51s
[kp-mercy-p.var] 38/200  3.8 games/s  ETA 0h00m42s
[kp-mercy-p.var] 47/200  3.9 games/s  ETA 0h00m39s
[kp-mercy-p.var] 60/200  4.3 games/s  ETA 0h00m32s
[kp-mercy-p.var] 73/200  4.6 games/s  ETA 0h00m27s
[kp-mercy-p.var] 91/200  5.1 games/s  ETA 0h00m21s
[kp-mercy-p.var] 105/200  5.2 games/s  ETA 0h00m18s
[kp-mercy-p.var] 118/200  5.4 games/s  ETA 0h00m15s
[kp-mercy-p.var] 132/200  5.5 games/s  ETA 0h00m12s
[kp-mercy-p.var] 148/200  5.7 games/s  ETA 0h00m09s
[kp-mercy-p.var] 162/200  5.8 games/s  ETA 0h00m06s
[kp-mercy-p.var] 173/200  5.8 games/s  ETA 0h00m04s
[kp-mercy-p.var] 189/200  5.9 games/s  ETA 0h00m01s
[kp-mercy-p.var] 200 games in 0h00m33s (5.9 games/s)
[kp-mercy-p.var] summary -> sim/out/kp-mercy-p.var.summary.json
# Rule A/B — kp-mercy-p

`kings=[object Object],[object Object]` against today's defaults.
200 games per population, depth 3, the same 40 arrangements and the same
opening seeds in both (common random numbers). Control arm: `kp-mercy-p.base`.

A symmetric rule changes both sides at once, so there is no match to run and no SPRT: this is a
paired two-population comparison. The interval is a 95% normal approximation on the
mean paired difference over arrangements; with few arrangements,
and with one interval per metric, read "significant" as "worth a second run", not as a test.

| metric | base (pooled) | with the rule (pooled) | mean paired difference ±95% | significant |
|---|---|---|---|---|
| white score | 0.537 | 0.535 | -0.003 ± 0.089 | no |
| decisive | 0.745 | 0.780 | +0.035 ± 0.070 | no |
| draw rate | 0.245 | 0.195 | -0.050 ± 0.079 | no |
| capped | 0.010 | 0.025 | +0.015 ± 0.029 | no |
| mean plies | 117.5 | 117.3 | -0.2 ± 9.8 | no |
| branching factor | 31.7 | 33.4 | +1.7 ± 1.0 | yes |
| killer move | 0.302 | 0.368 | +0.066 ± 0.041 | yes |
| lead change | 0.067 | 0.066 | -0.002 ± 0.014 | no |
| uncertainty late | 0.648 | 0.641 | -0.006 ± 0.013 | no |
| drama | 0.121 | 0.146 | +0.026 ± 0.030 | no |
| permanence | 0.961 | 0.957 | -0.004 ± 0.002 | yes |
| min utilisation | 0.45 | 0.42 | -0.02 ± 0.03 | no |
| interest | 0.477 | 0.495 | +0.015 ± 0.013 | yes |
| interest (min-use) | 0.477 | 0.490 | +0.010 ± 0.019 | no |
| killerMove (resid.) | -0.028 | 0.028 | +0.056 ± 0.035 | yes |
| leadChange (resid.) | -0.000 | 0.000 | +0.001 ± 0.013 | no |
| uncertaintyLate (resid.) | 0.001 | -0.001 | -0.002 ± 0.011 | no |
| drama (resid.) | -0.010 | 0.010 | +0.019 ± 0.029 | no |
| permanence (resid.) | 0.002 | -0.002 | -0.003 ± 0.002 | yes |
| fairyUse (resid.) | 0.000 | 0.000 | +0.000 ± 0.000 | no |
| excessDecisiveness (resid.) | 0.050 | 0.043 | -0.043 ± 0.032 | yes |
| interest (resid.) | -0.003 | 0.009 | +0.010 ± 0.009 | yes |
| interestMinFairy (resid.) | 0.026 | 0.032 | +0.003 ± 0.016 | no |

## Degeneracy counters
| counter | base | with the rule |
|---|---|---|
| guard captures per game | 0.000 | 0.000 |
| games with a guard rampage (≥ 3 captures) | 0 (0.0%) | 0 (0.0%) |
| dead-material endings (draw50 + drawMaterial) | 4 (2.0%) | 2 (1.0%) |
| games where a king never moved | 30 (15.0%) | 32 (16.0%) |

## Per piece (both sides, whole population; moves and captures per game)
| piece | moves A | moves B | captures A | captures B | survival A | survival B |
|---|---|---|---|---|---|---|
| P | 26.25 | 24.76 | 4.61 | 4.34 | 39.8% | 41.2% |
| M | 14.43 | 14.60 | 1.71 | 1.67 | 28.3% | 37.1% |
| A | 13.39 | 13.70 | 2.21 | 2.37 | 42.7% | 51.9% |
| K | 13.23 | 16.05 | 1.04 | 0.18 | 100.0% | 100.0% |
| R | 12.71 | 12.17 | 1.87 | 2.08 | 42.1% | 45.9% |
| S | 9.79 | 9.45 | 1.42 | 1.27 | 28.2% | 35.8% |
| N | 9.02 | 8.73 | 1.74 | 1.75 | 9.8% | 14.2% |
| B | 6.96 | 6.85 | 1.73 | 1.75 | 18.3% | 23.6% |
| Q | 4.30 | 3.92 | 0.88 | 0.81 | 83.1% | 96.2% |
| L | 4.27 | 4.01 | 1.16 | 1.25 | 6.3% | 5.8% |
| G | 3.13 | 3.04 | 0.00 | 0.00 | 97.6% | 78.8% |

## Fairy events per game
| event | base | with the rule |
|---|---|---|
| archerShots | 2.21 | 2.37 |
| beastChainMoves | 1.11 | 1.03 |
| beastChainCaptures | 1.42 | 1.27 |
| maesterSwaps | 6.74 | 6.46 |
| maesterLongSwaps | 0.73 | 0.97 |
| paladinSacrifices | 0.59 | 0.57 |
| promotions | 0.32 | 0.30 |
| checks | 4.34 | 6.28 |
| ogreShoves | 0.00 | 0.00 |
| ogreShovesFriend | 0.00 | 0.00 |
| ogreShovesGuard | 0.00 | 0.00 |
| catapultChecks | 0.00 | 0.00 |

The pooled columns describe each whole population; the difference column is the mean over the
40 shared arrangements of (rule − base) on the same openings. The two can disagree in sign when the
pooled value is not a mean of the per-arrangement values (minimum utilisation is one). Trust the
paired column.

Elo of the variant population is not reported: both populations play themselves, so their scores
are not comparable as a match. Read the white score as a fairness check, not as a strength delta.

== 2026-09-17 03:40:44 npm run sim -- --id kp-deathtouch-p --experiment ab --games 200 --sample 40 --depth 3 --seed 61 --workers 16 --rule kings=Shadow:DeathTouch

> king-down-chess@0.0.1 sim
> tsx src/sim/run.ts --id kp-deathtouch-p --experiment ab --games 200 --sample 40 --depth 3 --seed 61 --workers 16 --rule kings=Shadow:DeathTouch

[kp-deathtouch-p.base] 200 games (0 already done), 200 to play on 16 workers -> sim/out/kp-deathtouch-p.base.jsonl
[kp-deathtouch-p.base] depth 3, 4 random opening plies, ply cap 300, pairs off (both sides identical; --pairs forces them on)
[kp-deathtouch-p.base] rules {}, values {}
[kp-deathtouch-p.base] 1/200  0.5 games/s  ETA 0h06m38s
[kp-deathtouch-p.base] 18/200  4.5 games/s  ETA 0h00m40s
[kp-deathtouch-p.base] 32/200  5.3 games/s  ETA 0h00m31s
[kp-deathtouch-p.base] 47/200  5.9 games/s  ETA 0h00m26s
[kp-deathtouch-p.base] 63/200  6.3 games/s  ETA 0h00m21s
[kp-deathtouch-p.base] 79/200  6.6 games/s  ETA 0h00m18s
[kp-deathtouch-p.base] 95/200  6.8 games/s  ETA 0h00m15s
[kp-deathtouch-p.base] 113/200  7.1 games/s  ETA 0h00m12s
[kp-deathtouch-p.base] 125/200  6.9 games/s  ETA 0h00m10s
[kp-deathtouch-p.base] 139/200  6.9 games/s  ETA 0h00m08s
[kp-deathtouch-p.base] 149/200  6.8 games/s  ETA 0h00m07s
[kp-deathtouch-p.base] 164/200  6.8 games/s  ETA 0h00m05s
[kp-deathtouch-p.base] 176/200  6.8 games/s  ETA 0h00m03s
[kp-deathtouch-p.base] 194/200  6.9 games/s  ETA 0h00m00s
[kp-deathtouch-p.base] 200 games in 0h00m29s (6.9 games/s)
[kp-deathtouch-p.base] summary -> sim/out/kp-deathtouch-p.base.summary.json
[kp-deathtouch-p.var] 200 games (0 already done), 200 to play on 16 workers -> sim/out/kp-deathtouch-p.var.jsonl
[kp-deathtouch-p.var] depth 3, 4 random opening plies, ply cap 300, pairs off (both sides identical; --pairs forces them on)
[kp-deathtouch-p.var] rules {"kings":[{"king":"Shadow","power":"DeathTouch"},{"king":"Shadow","power":"DeathTouch"}]}, values {}
[kp-deathtouch-p.var] 0/200  0.0 games/s  ETA ?
[kp-deathtouch-p.var] 9/200  2.2 games/s  ETA 0h01m24s
[kp-deathtouch-p.var] 20/200  3.3 games/s  ETA 0h00m54s
[kp-deathtouch-p.var] 31/200  3.9 games/s  ETA 0h00m43s
[kp-deathtouch-p.var] 43/200  4.3 games/s  ETA 0h00m36s
[kp-deathtouch-p.var] 57/200  4.7 games/s  ETA 0h00m30s
[kp-deathtouch-p.var] 73/200  5.2 games/s  ETA 0h00m24s
[kp-deathtouch-p.var] 87/200  5.4 games/s  ETA 0h00m20s
[kp-deathtouch-p.var] 102/200  5.7 games/s  ETA 0h00m17s
[kp-deathtouch-p.var] 122/200  6.1 games/s  ETA 0h00m12s
[kp-deathtouch-p.var] 138/200  6.3 games/s  ETA 0h00m09s
[kp-deathtouch-p.var] 152/200  6.3 games/s  ETA 0h00m07s
[kp-deathtouch-p.var] 170/200  6.5 games/s  ETA 0h00m04s
[kp-deathtouch-p.var] 183/200  6.5 games/s  ETA 0h00m02s
[kp-deathtouch-p.var] 198/200  6.6 games/s  ETA 0h00m00s
[kp-deathtouch-p.var] 200 games in 0h00m30s (6.6 games/s)
[kp-deathtouch-p.var] summary -> sim/out/kp-deathtouch-p.var.summary.json
# Rule A/B — kp-deathtouch-p

`kings=[object Object],[object Object]` against today's defaults.
200 games per population, depth 3, the same 40 arrangements and the same
opening seeds in both (common random numbers). Control arm: `kp-deathtouch-p.base`.

A symmetric rule changes both sides at once, so there is no match to run and no SPRT: this is a
paired two-population comparison. The interval is a 95% normal approximation on the
mean paired difference over arrangements; with few arrangements,
and with one interval per metric, read "significant" as "worth a second run", not as a test.

| metric | base (pooled) | with the rule (pooled) | mean paired difference ±95% | significant |
|---|---|---|---|---|
| white score | 0.537 | 0.535 | -0.003 ± 0.057 | no |
| decisive | 0.745 | 0.660 | -0.085 ± 0.090 | no |
| draw rate | 0.245 | 0.315 | +0.070 ± 0.085 | no |
| capped | 0.010 | 0.025 | +0.015 ± 0.022 | no |
| mean plies | 117.5 | 128.6 | +11.1 ± 7.7 | yes |
| branching factor | 31.7 | 31.5 | -0.2 ± 0.7 | no |
| killer move | 0.302 | 0.322 | +0.019 ± 0.041 | no |
| lead change | 0.067 | 0.065 | -0.002 ± 0.007 | no |
| uncertainty late | 0.648 | 0.651 | +0.004 ± 0.006 | no |
| drama | 0.121 | 0.136 | +0.015 ± 0.026 | no |
| permanence | 0.961 | 0.962 | +0.001 ± 0.001 | no |
| min utilisation | 0.45 | 0.42 | -0.01 ± 0.02 | no |
| interest | 0.477 | 0.485 | +0.006 ± 0.015 | no |
| interest (min-use) | 0.477 | 0.485 | +0.011 ± 0.018 | no |
| killerMove (resid.) | -0.017 | 0.017 | +0.034 ± 0.032 | yes |
| leadChange (resid.) | 0.002 | -0.002 | -0.005 ± 0.007 | no |
| uncertaintyLate (resid.) | 0.001 | -0.001 | -0.001 ± 0.006 | no |
| drama (resid.) | -0.013 | 0.013 | +0.025 ± 0.022 | yes |
| permanence (resid.) | -0.000 | 0.000 | +0.000 ± 0.001 | no |
| fairyUse (resid.) | 0.001 | 0.001 | -0.002 ± 0.003 | no |
| excessDecisiveness (resid.) | -0.003 | 0.072 | +0.063 ± 0.026 | yes |
| interest (resid.) | -0.005 | 0.010 | +0.014 ± 0.009 | yes |
| interestMinFairy (resid.) | 0.017 | 0.034 | +0.022 ± 0.012 | yes |

## Degeneracy counters
| counter | base | with the rule |
|---|---|---|
| guard captures per game | 0.000 | 0.000 |
| games with a guard rampage (≥ 3 captures) | 0 (0.0%) | 0 (0.0%) |
| dead-material endings (draw50 + drawMaterial) | 4 (2.0%) | 10 (5.0%) |
| games where a king never moved | 30 (15.0%) | 25 (12.5%) |

## Per piece (both sides, whole population; moves and captures per game)
| piece | moves A | moves B | captures A | captures B | survival A | survival B |
|---|---|---|---|---|---|---|
| P | 26.25 | 27.01 | 4.61 | 4.75 | 39.8% | 34.8% |
| M | 14.43 | 15.32 | 1.71 | 1.64 | 28.3% | 31.7% |
| A | 13.39 | 13.79 | 2.21 | 2.29 | 42.7% | 44.9% |
| K | 13.23 | 17.75 | 1.04 | 1.80 | 100.0% | 100.0% |
| R | 12.71 | 14.38 | 1.87 | 1.97 | 42.1% | 39.7% |
| S | 9.79 | 10.50 | 1.42 | 1.33 | 28.2% | 26.3% |
| N | 9.02 | 8.89 | 1.74 | 1.65 | 9.8% | 11.0% |
| B | 6.96 | 7.04 | 1.73 | 1.76 | 18.3% | 17.8% |
| Q | 4.30 | 4.86 | 0.88 | 0.82 | 83.1% | 78.5% |
| L | 4.27 | 4.68 | 1.16 | 1.17 | 6.3% | 7.4% |
| G | 3.13 | 4.36 | 0.00 | 0.00 | 97.6% | 93.5% |

## Fairy events per game
| event | base | with the rule |
|---|---|---|
| archerShots | 2.21 | 2.29 |
| beastChainMoves | 1.11 | 1.03 |
| beastChainCaptures | 1.42 | 1.33 |
| maesterSwaps | 6.74 | 7.09 |
| maesterLongSwaps | 0.73 | 0.96 |
| paladinSacrifices | 0.59 | 0.56 |
| promotions | 0.32 | 0.39 |
| checks | 4.34 | 4.09 |
| ogreShoves | 0.00 | 0.00 |
| ogreShovesFriend | 0.00 | 0.00 |
| ogreShovesGuard | 0.00 | 0.00 |
| catapultChecks | 0.00 | 0.00 |

The pooled columns describe each whole population; the difference column is the mean over the
40 shared arrangements of (rule − base) on the same openings. The two can disagree in sign when the
pooled value is not a mean of the per-arrangement values (minimum utilisation is one). Trust the
paired column.

Elo of the variant population is not reported: both populations play themselves, so their scores
are not comparable as a match. Read the white score as a fairness check, not as a strength delta.

== 2026-09-17 03:41:44 npm run sim -- --id kp-darkness-p --experiment ab --games 200 --sample 40 --depth 3 --seed 61 --workers 16 --rule kings=Shadow:Darkness

> king-down-chess@0.0.1 sim
> tsx src/sim/run.ts --id kp-darkness-p --experiment ab --games 200 --sample 40 --depth 3 --seed 61 --workers 16 --rule kings=Shadow:Darkness

[kp-darkness-p.base] 200 games (0 already done), 200 to play on 16 workers -> sim/out/kp-darkness-p.base.jsonl
[kp-darkness-p.base] depth 3, 4 random opening plies, ply cap 300, pairs off (both sides identical; --pairs forces them on)
[kp-darkness-p.base] rules {}, values {}
[kp-darkness-p.base] 0/200  0.0 games/s  ETA ?
[kp-darkness-p.base] 17/200  4.2 games/s  ETA 0h00m43s
[kp-darkness-p.base] 32/200  5.3 games/s  ETA 0h00m31s
[kp-darkness-p.base] 45/200  5.6 games/s  ETA 0h00m27s
[kp-darkness-p.base] 62/200  6.2 games/s  ETA 0h00m22s
[kp-darkness-p.base] 75/200  6.2 games/s  ETA 0h00m20s
[kp-darkness-p.base] 95/200  6.8 games/s  ETA 0h00m15s
[kp-darkness-p.base] 113/200  7.1 games/s  ETA 0h00m12s
[kp-darkness-p.base] 128/200  7.1 games/s  ETA 0h00m10s
[kp-darkness-p.base] 144/200  7.2 games/s  ETA 0h00m07s
[kp-darkness-p.base] 161/200  7.3 games/s  ETA 0h00m05s
[kp-darkness-p.base] 178/200  7.4 games/s  ETA 0h00m02s
[kp-darkness-p.base] 198/200  7.6 games/s  ETA 0h00m00s
[kp-darkness-p.base] 200 games in 0h00m26s (7.6 games/s)
[kp-darkness-p.base] summary -> sim/out/kp-darkness-p.base.summary.json
[kp-darkness-p.var] 200 games (0 already done), 200 to play on 16 workers -> sim/out/kp-darkness-p.var.jsonl
[kp-darkness-p.var] depth 3, 4 random opening plies, ply cap 300, pairs off (both sides identical; --pairs forces them on)
[kp-darkness-p.var] rules {"kings":[{"king":"Shadow","power":"Darkness"},{"king":"Shadow","power":"Darkness"}]}, values {}
[kp-darkness-p.var] 0/200  0.0 games/s  ETA ?
[kp-darkness-p.var] 14/200  3.5 games/s  ETA 0h00m53s
[kp-darkness-p.var] 31/200  5.2 games/s  ETA 0h00m32s
[kp-darkness-p.var] 51/200  6.4 games/s  ETA 0h00m23s
[kp-darkness-p.var] 68/200  6.8 games/s  ETA 0h00m19s
[kp-darkness-p.var] 88/200  7.3 games/s  ETA 0h00m15s
[kp-darkness-p.var] 105/200  7.5 games/s  ETA 0h00m12s
[kp-darkness-p.var] 120/200  7.5 games/s  ETA 0h00m10s
[kp-darkness-p.var] 141/200  7.8 games/s  ETA 0h00m07s
[kp-darkness-p.var] 157/200  7.8 games/s  ETA 0h00m05s
[kp-darkness-p.var] 175/200  7.9 games/s  ETA 0h00m03s
[kp-darkness-p.var] 197/200  8.2 games/s  ETA 0h00m00s
[kp-darkness-p.var] 200 games in 0h00m25s (7.8 games/s)
[kp-darkness-p.var] summary -> sim/out/kp-darkness-p.var.summary.json
# Rule A/B — kp-darkness-p

`kings=[object Object],[object Object]` against today's defaults.
200 games per population, depth 3, the same 40 arrangements and the same
opening seeds in both (common random numbers). Control arm: `kp-darkness-p.base`.

A symmetric rule changes both sides at once, so there is no match to run and no SPRT: this is a
paired two-population comparison. The interval is a 95% normal approximation on the
mean paired difference over arrangements; with few arrangements,
and with one interval per metric, read "significant" as "worth a second run", not as a test.

| metric | base (pooled) | with the rule (pooled) | mean paired difference ±95% | significant |
|---|---|---|---|---|
| white score | 0.537 | 0.585 | +0.047 ± 0.081 | no |
| decisive | 0.745 | 0.860 | +0.115 ± 0.075 | yes |
| draw rate | 0.245 | 0.140 | -0.105 ± 0.082 | yes |
| capped | 0.010 | 0.000 | -0.010 ± 0.020 | no |
| mean plies | 117.5 | 96.3 | -21.1 ± 8.1 | yes |
| branching factor | 31.7 | 32.7 | +1.0 ± 0.8 | yes |
| killer move | 0.302 | 0.413 | +0.111 ± 0.039 | yes |
| lead change | 0.067 | 0.079 | +0.012 ± 0.017 | no |
| uncertainty late | 0.648 | 0.640 | -0.007 ± 0.011 | no |
| drama | 0.121 | 0.178 | +0.057 ± 0.036 | yes |
| permanence | 0.961 | 0.945 | -0.016 ± 0.003 | yes |
| min utilisation | 0.45 | 0.39 | -0.03 ± 0.04 | no |
| interest | 0.477 | 0.502 | +0.025 ± 0.013 | yes |
| interest (min-use) | 0.477 | 0.379 | -0.009 ± 0.018 | no |
| killerMove (resid.) | -0.043 | 0.043 | +0.086 ± 0.039 | yes |
| leadChange (resid.) | -0.008 | 0.008 | +0.015 ± 0.017 | no |
| uncertaintyLate (resid.) | -0.000 | 0.000 | +0.001 ± 0.010 | no |
| drama (resid.) | -0.018 | 0.018 | +0.037 ± 0.033 | yes |
| permanence (resid.) | 0.006 | -0.006 | -0.013 ± 0.004 | yes |
| fairyUse (resid.) | 0.001 | 0.001 | -0.001 ± 0.003 | no |
| excessDecisiveness (resid.) | 0.074 | -0.022 | -0.090 ± 0.025 | yes |
| interest (resid.) | -0.005 | 0.008 | +0.013 ± 0.011 | yes |
| interestMinFairy (resid.) | 0.038 | -0.072 | -0.021 ± 0.017 | yes |

## Degeneracy counters
| counter | base | with the rule |
|---|---|---|
| guard captures per game | 0.000 | 0.000 |
| games with a guard rampage (≥ 3 captures) | 0 (0.0%) | 0 (0.0%) |
| dead-material endings (draw50 + drawMaterial) | 4 (2.0%) | 3 (1.5%) |
| games where a king never moved | 30 (15.0%) | 48 (24.0%) |

## Per piece (both sides, whole population; moves and captures per game)
| piece | moves A | moves B | captures A | captures B | survival A | survival B |
|---|---|---|---|---|---|---|
| P | 26.25 | 24.68 | 4.61 | 2.83 | 39.8% | 46.7% |
| M | 14.43 | 10.26 | 1.71 | 1.41 | 28.3% | 41.7% |
| A | 13.39 | 11.27 | 2.21 | 2.27 | 42.7% | 47.3% |
| K | 13.23 | 9.74 | 1.04 | 1.13 | 100.0% | 100.0% |
| R | 12.71 | 7.42 | 1.87 | 1.65 | 42.1% | 33.3% |
| S | 9.79 | 9.37 | 1.42 | 1.85 | 28.2% | 32.6% |
| N | 9.02 | 8.37 | 1.74 | 1.62 | 9.8% | 14.5% |
| B | 6.96 | 6.35 | 1.73 | 1.69 | 18.3% | 23.9% |
| Q | 4.30 | 4.47 | 0.88 | 1.13 | 83.1% | 104.6% |
| L | 4.27 | 3.44 | 1.16 | 1.13 | 6.3% | 3.2% |
| G | 3.13 | 0.99 | 0.00 | 0.00 | 97.6% | 97.6% |

## Fairy events per game
| event | base | with the rule |
|---|---|---|
| archerShots | 2.21 | 2.27 |
| beastChainMoves | 1.11 | 1.19 |
| beastChainCaptures | 1.42 | 1.85 |
| maesterSwaps | 6.74 | 3.46 |
| maesterLongSwaps | 0.73 | 0.47 |
| paladinSacrifices | 0.59 | 0.56 |
| promotions | 0.32 | 0.47 |
| checks | 4.34 | 4.59 |
| ogreShoves | 0.00 | 0.00 |
| ogreShovesFriend | 0.00 | 0.00 |
| ogreShovesGuard | 0.00 | 0.00 |
| catapultChecks | 0.00 | 0.00 |

The pooled columns describe each whole population; the difference column is the mean over the
40 shared arrangements of (rule − base) on the same openings. The two can disagree in sign when the
pooled value is not a mean of the per-arrangement values (minimum utilisation is one). Trust the
paired column.

Elo of the variant population is not reported: both populations play themselves, so their scores
are not comparable as a match. Read the white score as a fairness check, not as a strength delta.

== 2026-09-17 03:42:37 npm run sim -- --id kp-march-p --experiment ab --games 200 --sample 40 --depth 3 --seed 61 --workers 16 --rule kings=Mud:March

> king-down-chess@0.0.1 sim
> tsx src/sim/run.ts --id kp-march-p --experiment ab --games 200 --sample 40 --depth 3 --seed 61 --workers 16 --rule kings=Mud:March

[kp-march-p.base] 200 games (0 already done), 200 to play on 16 workers -> sim/out/kp-march-p.base.jsonl
[kp-march-p.base] depth 3, 4 random opening plies, ply cap 300, pairs off (both sides identical; --pairs forces them on)
[kp-march-p.base] rules {}, values {}
[kp-march-p.base] 2/200  1.0 games/s  ETA 0h03m18s
[kp-march-p.base] 17/200  4.2 games/s  ETA 0h00m43s
[kp-march-p.base] 28/200  4.7 games/s  ETA 0h00m36s
[kp-march-p.base] 41/200  5.1 games/s  ETA 0h00m31s
[kp-march-p.base] 57/200  5.7 games/s  ETA 0h00m25s
[kp-march-p.base] 67/200  5.6 games/s  ETA 0h00m23s
[kp-march-p.base] 81/200  5.8 games/s  ETA 0h00m20s
[kp-march-p.base] 97/200  6.1 games/s  ETA 0h00m17s
[kp-march-p.base] 113/200  6.3 games/s  ETA 0h00m13s
[kp-march-p.base] 127/200  6.3 games/s  ETA 0h00m11s
[kp-march-p.base] 140/200  6.4 games/s  ETA 0h00m09s
[kp-march-p.base] 155/200  6.5 games/s  ETA 0h00m06s
[kp-march-p.base] 174/200  6.7 games/s  ETA 0h00m03s
[kp-march-p.base] 183/200  6.5 games/s  ETA 0h00m02s
[kp-march-p.base] 200 games in 0h00m29s (6.7 games/s)
[kp-march-p.base] summary -> sim/out/kp-march-p.base.summary.json
[kp-march-p.var] 200 games (0 already done), 200 to play on 16 workers -> sim/out/kp-march-p.var.jsonl
[kp-march-p.var] depth 3, 4 random opening plies, ply cap 300, pairs off (both sides identical; --pairs forces them on)
[kp-march-p.var] rules {"kings":[{"king":"Mud","power":"March"},{"king":"Mud","power":"March"}]}, values {}
[kp-march-p.var] 0/200  0.0 games/s  ETA ?
[kp-march-p.var] 8/200  2.0 games/s  ETA 0h01m36s
[kp-march-p.var] 21/200  3.5 games/s  ETA 0h00m51s
[kp-march-p.var] 38/200  4.7 games/s  ETA 0h00m34s
[kp-march-p.var] 50/200  5.0 games/s  ETA 0h00m30s
[kp-march-p.var] 60/200  5.0 games/s  ETA 0h00m28s
[kp-march-p.var] 75/200  5.4 games/s  ETA 0h00m23s
[kp-march-p.var] 86/200  5.4 games/s  ETA 0h00m21s
[kp-march-p.var] 102/200  5.7 games/s  ETA 0h00m17s
[kp-march-p.var] 113/200  5.6 games/s  ETA 0h00m15s
[kp-march-p.var] 127/200  5.8 games/s  ETA 0h00m12s
[kp-march-p.var] 141/200  5.9 games/s  ETA 0h00m10s
[kp-march-p.var] 154/200  5.9 games/s  ETA 0h00m07s
[kp-march-p.var] 168/200  6.0 games/s  ETA 0h00m05s
[kp-march-p.var] 180/200  6.0 games/s  ETA 0h00m03s
[kp-march-p.var] 198/200  6.2 games/s  ETA 0h00m00s
[kp-march-p.var] 200 games in 0h00m32s (6.1 games/s)
[kp-march-p.var] summary -> sim/out/kp-march-p.var.summary.json
# Rule A/B — kp-march-p

`kings=[object Object],[object Object]` against today's defaults.
200 games per population, depth 3, the same 40 arrangements and the same
opening seeds in both (common random numbers). Control arm: `kp-march-p.base`.

A symmetric rule changes both sides at once, so there is no match to run and no SPRT: this is a
paired two-population comparison. The interval is a 95% normal approximation on the
mean paired difference over arrangements; with few arrangements,
and with one interval per metric, read "significant" as "worth a second run", not as a test.

| metric | base (pooled) | with the rule (pooled) | mean paired difference ±95% | significant |
|---|---|---|---|---|
| white score | 0.537 | 0.535 | -0.002 ± 0.092 | no |
| decisive | 0.745 | 0.820 | +0.075 ± 0.075 | no |
| draw rate | 0.245 | 0.170 | -0.075 ± 0.074 | yes |
| capped | 0.010 | 0.010 | +0.000 ± 0.014 | no |
| mean plies | 117.5 | 102.8 | -14.7 ± 8.4 | yes |
| branching factor | 31.7 | 33.7 | +2.0 ± 0.8 | yes |
| killer move | 0.302 | 0.393 | +0.091 ± 0.039 | yes |
| lead change | 0.067 | 0.068 | +0.001 ± 0.012 | no |
| uncertainty late | 0.648 | 0.648 | +0.001 ± 0.010 | no |
| drama | 0.121 | 0.174 | +0.053 ± 0.030 | yes |
| permanence | 0.961 | 0.949 | -0.012 ± 0.003 | yes |
| min utilisation | 0.45 | 0.50 | +0.03 ± 0.04 | no |
| interest | 0.477 | 0.502 | +0.022 ± 0.012 | yes |
| interest (min-use) | 0.477 | 0.486 | +0.009 ± 0.019 | no |
| killerMove (resid.) | -0.038 | 0.038 | +0.076 ± 0.038 | yes |
| leadChange (resid.) | -0.003 | 0.003 | +0.006 ± 0.012 | no |
| uncertaintyLate (resid.) | -0.004 | 0.004 | +0.007 ± 0.008 | no |
| drama (resid.) | -0.020 | 0.020 | +0.040 ± 0.026 | yes |
| permanence (resid.) | 0.006 | -0.006 | -0.011 ± 0.003 | yes |
| fairyUse (resid.) | 0.002 | 0.004 | -0.005 ± 0.012 | no |
| excessDecisiveness (resid.) | 0.062 | 0.012 | -0.067 ± 0.018 | yes |
| interest (resid.) | -0.005 | 0.011 | +0.014 ± 0.010 | yes |
| interestMinFairy (resid.) | 0.028 | 0.027 | -0.000 ± 0.017 | no |

## Degeneracy counters
| counter | base | with the rule |
|---|---|---|
| guard captures per game | 0.000 | 0.000 |
| games with a guard rampage (≥ 3 captures) | 0 (0.0%) | 0 (0.0%) |
| dead-material endings (draw50 + drawMaterial) | 4 (2.0%) | 4 (2.0%) |
| games where a king never moved | 30 (15.0%) | 56 (28.0%) |

## Per piece (both sides, whole population; moves and captures per game)
| piece | moves A | moves B | captures A | captures B | survival A | survival B |
|---|---|---|---|---|---|---|
| P | 26.25 | 25.89 | 4.61 | 4.74 | 39.8% | 38.9% |
| M | 14.43 | 12.88 | 1.71 | 1.52 | 28.3% | 43.9% |
| A | 13.39 | 11.14 | 2.21 | 1.89 | 42.7% | 58.4% |
| K | 13.23 | 9.71 | 1.04 | 0.81 | 100.0% | 100.0% |
| R | 12.71 | 9.58 | 1.87 | 1.72 | 42.1% | 46.9% |
| S | 9.79 | 8.76 | 1.42 | 1.21 | 28.2% | 41.1% |
| N | 9.02 | 8.62 | 1.74 | 1.69 | 9.8% | 14.0% |
| B | 6.96 | 5.92 | 1.73 | 1.63 | 18.3% | 28.3% |
| Q | 4.30 | 3.81 | 0.88 | 0.78 | 83.1% | 101.5% |
| L | 4.27 | 3.96 | 1.16 | 1.21 | 6.3% | 11.1% |
| G | 3.13 | 2.52 | 0.00 | 0.00 | 97.6% | 97.6% |

## Fairy events per game
| event | base | with the rule |
|---|---|---|
| archerShots | 2.21 | 1.89 |
| beastChainMoves | 1.11 | 0.98 |
| beastChainCaptures | 1.42 | 1.21 |
| maesterSwaps | 6.74 | 5.57 |
| maesterLongSwaps | 0.73 | 0.72 |
| paladinSacrifices | 0.59 | 0.52 |
| promotions | 0.32 | 0.52 |
| checks | 4.34 | 3.69 |
| ogreShoves | 0.00 | 0.00 |
| ogreShovesFriend | 0.00 | 0.00 |
| ogreShovesGuard | 0.00 | 0.00 |
| catapultChecks | 0.00 | 0.00 |

The pooled columns describe each whole population; the difference column is the mean over the
40 shared arrangements of (rule − base) on the same openings. The two can disagree in sign when the
pooled value is not a mean of the per-arrangement values (minimum utilisation is one). Trust the
paired column.

Elo of the variant population is not reported: both populations play themselves, so their scores
are not comparable as a match. Read the white score as a fairness check, not as a strength delta.

== 2026-09-17 03:43:40 npm run sim -- --id kp-leap-p --experiment ab --games 200 --sample 40 --depth 3 --seed 61 --workers 16 --rule kings=Mud:Leap

> king-down-chess@0.0.1 sim
> tsx src/sim/run.ts --id kp-leap-p --experiment ab --games 200 --sample 40 --depth 3 --seed 61 --workers 16 --rule kings=Mud:Leap

[kp-leap-p.base] 200 games (0 already done), 200 to play on 16 workers -> sim/out/kp-leap-p.base.jsonl
[kp-leap-p.base] depth 3, 4 random opening plies, ply cap 300, pairs off (both sides identical; --pairs forces them on)
[kp-leap-p.base] rules {}, values {}
[kp-leap-p.base] 0/200  0.0 games/s  ETA ?
[kp-leap-p.base] 12/200  3.0 games/s  ETA 0h01m02s
[kp-leap-p.base] 23/200  3.8 games/s  ETA 0h00m46s
[kp-leap-p.base] 34/200  4.2 games/s  ETA 0h00m39s
[kp-leap-p.base] 46/200  4.6 games/s  ETA 0h00m33s
[kp-leap-p.base] 59/200  4.9 games/s  ETA 0h00m28s
[kp-leap-p.base] 69/200  4.9 games/s  ETA 0h00m26s
[kp-leap-p.base] 81/200  5.1 games/s  ETA 0h00m23s
[kp-leap-p.base] 94/200  5.2 games/s  ETA 0h00m20s
[kp-leap-p.base] 107/200  5.3 games/s  ETA 0h00m17s
[kp-leap-p.base] 118/200  5.4 games/s  ETA 0h00m15s
[kp-leap-p.base] 127/200  5.3 games/s  ETA 0h00m13s
[kp-leap-p.base] 140/200  5.4 games/s  ETA 0h00m11s
[kp-leap-p.base] 151/200  5.4 games/s  ETA 0h00m09s
[kp-leap-p.base] 163/200  5.4 games/s  ETA 0h00m06s
[kp-leap-p.base] 175/200  5.5 games/s  ETA 0h00m04s
[kp-leap-p.base] 190/200  5.6 games/s  ETA 0h00m01s
[kp-leap-p.base] 200 games in 0h00m35s (5.6 games/s)
[kp-leap-p.base] summary -> sim/out/kp-leap-p.base.summary.json
[kp-leap-p.var] 200 games (0 already done), 200 to play on 16 workers -> sim/out/kp-leap-p.var.jsonl
[kp-leap-p.var] depth 3, 4 random opening plies, ply cap 300, pairs off (both sides identical; --pairs forces them on)
[kp-leap-p.var] rules {"kings":[{"king":"Mud","power":"Leap"},{"king":"Mud","power":"Leap"}]}, values {}
[kp-leap-p.var] 1/200  0.5 games/s  ETA 0h06m38s
[kp-leap-p.var] 11/200  2.7 games/s  ETA 0h01m08s
[kp-leap-p.var] 26/200  4.3 games/s  ETA 0h00m40s
[kp-leap-p.var] 42/200  5.2 games/s  ETA 0h00m30s
[kp-leap-p.var] 56/200  5.6 games/s  ETA 0h00m25s
[kp-leap-p.var] 71/200  5.9 games/s  ETA 0h00m21s
[kp-leap-p.var] 85/200  6.1 games/s  ETA 0h00m18s
[kp-leap-p.var] 104/200  6.5 games/s  ETA 0h00m14s
[kp-leap-p.var] 116/200  6.4 games/s  ETA 0h00m13s
[kp-leap-p.var] 127/200  6.3 games/s  ETA 0h00m11s
[kp-leap-p.var] 145/200  6.6 games/s  ETA 0h00m08s
[kp-leap-p.var] 160/200  6.7 games/s  ETA 0h00m06s
[kp-leap-p.var] 172/200  6.6 games/s  ETA 0h00m04s
[kp-leap-p.var] 186/200  6.6 games/s  ETA 0h00m02s
[kp-leap-p.var] 199/200  6.6 games/s  ETA 0h00m00s
[kp-leap-p.var] 200 games in 0h00m30s (6.6 games/s)
[kp-leap-p.var] summary -> sim/out/kp-leap-p.var.summary.json
# Rule A/B — kp-leap-p

`kings=[object Object],[object Object]` against today's defaults.
200 games per population, depth 3, the same 40 arrangements and the same
opening seeds in both (common random numbers). Control arm: `kp-leap-p.base`.

A symmetric rule changes both sides at once, so there is no match to run and no SPRT: this is a
paired two-population comparison. The interval is a 95% normal approximation on the
mean paired difference over arrangements; with few arrangements,
and with one interval per metric, read "significant" as "worth a second run", not as a test.

| metric | base (pooled) | with the rule (pooled) | mean paired difference ±95% | significant |
|---|---|---|---|---|
| white score | 0.537 | 0.550 | +0.012 ± 0.074 | no |
| decisive | 0.745 | 0.820 | +0.075 ± 0.074 | yes |
| draw rate | 0.245 | 0.170 | -0.075 ± 0.073 | yes |
| capped | 0.010 | 0.010 | +0.000 ± 0.014 | no |
| mean plies | 117.5 | 103.7 | -13.7 ± 9.1 | yes |
| branching factor | 31.7 | 34.5 | +2.8 ± 1.2 | yes |
| killer move | 0.302 | 0.311 | +0.008 ± 0.037 | no |
| lead change | 0.067 | 0.045 | -0.022 ± 0.015 | yes |
| uncertainty late | 0.648 | 0.595 | -0.052 ± 0.020 | yes |
| drama | 0.121 | 0.142 | +0.022 ± 0.034 | no |
| permanence | 0.961 | 0.961 | -0.000 ± 0.003 | no |
| min utilisation | 0.45 | 0.45 | +0.00 ± 0.04 | no |
| interest | 0.477 | 0.477 | +0.001 ± 0.012 | no |
| interest (min-use) | 0.477 | 0.477 | -0.003 ± 0.019 | no |
| killerMove (resid.) | 0.002 | -0.002 | -0.003 ± 0.035 | no |
| leadChange (resid.) | 0.009 | -0.009 | -0.017 ± 0.014 | yes |
| uncertaintyLate (resid.) | 0.021 | -0.021 | -0.043 ± 0.017 | yes |
| drama (resid.) | -0.007 | 0.007 | +0.014 ± 0.032 | no |
| permanence (resid.) | -0.000 | 0.000 | +0.001 ± 0.003 | no |
| fairyUse (resid.) | 0.000 | 0.000 | +0.000 ± 0.000 | no |
| excessDecisiveness (resid.) | 0.062 | -0.031 | -0.067 ± 0.018 | yes |
| interest (resid.) | 0.005 | -0.003 | -0.006 ± 0.010 | no |
| interestMinFairy (resid.) | 0.034 | 0.024 | -0.012 ± 0.017 | no |

## Degeneracy counters
| counter | base | with the rule |
|---|---|---|
| guard captures per game | 0.000 | 0.000 |
| games with a guard rampage (≥ 3 captures) | 0 (0.0%) | 0 (0.0%) |
| dead-material endings (draw50 + drawMaterial) | 4 (2.0%) | 2 (1.0%) |
| games where a king never moved | 30 (15.0%) | 49 (24.5%) |

## Per piece (both sides, whole population; moves and captures per game)
| piece | moves A | moves B | captures A | captures B | survival A | survival B |
|---|---|---|---|---|---|---|
| P | 26.25 | 23.43 | 4.61 | 3.94 | 39.8% | 46.2% |
| M | 14.43 | 12.30 | 1.71 | 1.44 | 28.3% | 38.0% |
| A | 13.39 | 12.16 | 2.21 | 2.00 | 42.7% | 52.4% |
| K | 13.23 | 11.61 | 1.04 | 1.01 | 100.0% | 100.0% |
| R | 12.71 | 10.57 | 1.87 | 1.98 | 42.1% | 33.1% |
| S | 9.79 | 8.54 | 1.42 | 1.13 | 28.2% | 40.3% |
| N | 9.02 | 8.19 | 1.74 | 1.69 | 9.8% | 20.3% |
| B | 6.96 | 6.44 | 1.73 | 1.65 | 18.3% | 22.5% |
| Q | 4.30 | 3.65 | 0.88 | 0.76 | 83.1% | 83.1% |
| L | 4.27 | 3.58 | 1.16 | 1.04 | 6.3% | 11.6% |
| G | 3.13 | 3.27 | 0.00 | 0.00 | 97.6% | 98.8% |

## Fairy events per game
| event | base | with the rule |
|---|---|---|
| archerShots | 2.21 | 2.00 |
| beastChainMoves | 1.11 | 0.91 |
| beastChainCaptures | 1.42 | 1.13 |
| maesterSwaps | 6.74 | 5.65 |
| maesterLongSwaps | 0.73 | 0.64 |
| paladinSacrifices | 0.59 | 0.52 |
| promotions | 0.32 | 0.30 |
| checks | 4.34 | 3.71 |
| ogreShoves | 0.00 | 0.00 |
| ogreShovesFriend | 0.00 | 0.00 |
| ogreShovesGuard | 0.00 | 0.00 |
| catapultChecks | 0.00 | 0.00 |

The pooled columns describe each whole population; the difference column is the mean over the
40 shared arrangements of (rule − base) on the same openings. The two can disagree in sign when the
pooled value is not a mean of the per-arrangement values (minimum utilisation is one). Trust the
paired column.

Elo of the variant population is not reported: both populations play themselves, so their scores
are not comparable as a match. Read the white score as a fairness check, not as a strength delta.

== 2026-09-17 03:44:46 npm run sim -- --id kp-holylight --experiment ab --games 1600 --sample 40 --depth 3 --seed 62 --workers 16 --rule kings=Spirit:HolyLight

> king-down-chess@0.0.1 sim
> tsx src/sim/run.ts --id kp-holylight --experiment ab --games 1600 --sample 40 --depth 3 --seed 62 --workers 16 --rule kings=Spirit:HolyLight

[kp-holylight.base] 1600 games (0 already done), 1600 to play on 16 workers -> sim/out/kp-holylight.base.jsonl
[kp-holylight.base] depth 3, 4 random opening plies, ply cap 300, pairs off (both sides identical; --pairs forces them on)
[kp-holylight.base] rules {}, values {}
[kp-holylight.base] 4/1600  2.0 games/s  ETA 0h13m18s
[kp-holylight.base] 20/1600  5.0 games/s  ETA 0h05m16s
[kp-holylight.base] 38/1600  6.3 games/s  ETA 0h04m07s
[kp-holylight.base] 52/1600  6.5 games/s  ETA 0h03m58s
[kp-holylight.base] 66/1600  6.6 games/s  ETA 0h03m53s
[kp-holylight.base] 83/1600  6.9 games/s  ETA 0h03m39s
[kp-holylight.base] 98/1600  7.0 games/s  ETA 0h03m35s
[kp-holylight.base] 117/1600  7.3 games/s  ETA 0h03m23s
[kp-holylight.base] 133/1600  7.4 games/s  ETA 0h03m18s
[kp-holylight.base] 149/1600  7.4 games/s  ETA 0h03m15s
[kp-holylight.base] 167/1600  7.6 games/s  ETA 0h03m09s
[kp-holylight.base] 182/1600  7.6 games/s  ETA 0h03m07s
[kp-holylight.base] 198/1600  7.6 games/s  ETA 0h03m04s
[kp-holylight.base] 215/1600  7.7 games/s  ETA 0h03m00s
[kp-holylight.base] 234/1600  7.8 games/s  ETA 0h02m55s
[kp-holylight.base] 252/1600  7.9 games/s  ETA 0h02m51s
[kp-holylight.base] 264/1600  7.8 games/s  ETA 0h02m52s
[kp-holylight.base] 281/1600  7.8 games/s  ETA 0h02m49s
[kp-holylight.base] 294/1600  7.7 games/s  ETA 0h02m49s
[kp-holylight.base] 307/1600  7.7 games/s  ETA 0h02m48s
[kp-holylight.base] 320/1600  7.6 games/s  ETA 0h02m48s
[kp-holylight.base] 334/1600  7.6 games/s  ETA 0h02m47s
[kp-holylight.base] 345/1600  7.5 games/s  ETA 0h02m47s
[kp-holylight.base] 361/1600  7.5 games/s  ETA 0h02m44s
[kp-holylight.base] 377/1600  7.5 games/s  ETA 0h02m42s
[kp-holylight.base] 392/1600  7.5 games/s  ETA 0h02m40s
[kp-holylight.base] 407/1600  7.5 games/s  ETA 0h02m38s
[kp-holylight.base] 420/1600  7.5 games/s  ETA 0h02m37s
[kp-holylight.base] 437/1600  7.5 games/s  ETA 0h02m34s
[kp-holylight.base] 453/1600  7.5 games/s  ETA 0h02m32s
[kp-holylight.base] 472/1600  7.6 games/s  ETA 0h02m28s
[kp-holylight.base] 489/1600  7.6 games/s  ETA 0h02m25s
[kp-holylight.base] 502/1600  7.6 games/s  ETA 0h02m24s
[kp-holylight.base] 520/1600  7.6 games/s  ETA 0h02m21s
[kp-holylight.base] 538/1600  7.7 games/s  ETA 0h02m18s
[kp-holylight.base] 555/1600  7.7 games/s  ETA 0h02m15s
[kp-holylight.base] 568/1600  7.7 games/s  ETA 0h02m14s
[kp-holylight.base] 582/1600  7.6 games/s  ETA 0h02m13s
[kp-holylight.base] 595/1600  7.6 games/s  ETA 0h02m11s
[kp-holylight.base] 609/1600  7.6 games/s  ETA 0h02m10s
[kp-holylight.base] 625/1600  7.6 games/s  ETA 0h02m08s
[kp-holylight.base] 638/1600  7.6 games/s  ETA 0h02m06s
[kp-holylight.base] 655/1600  7.6 games/s  ETA 0h02m04s
[kp-holylight.base] 672/1600  7.6 games/s  ETA 0h02m01s
[kp-holylight.base] 684/1600  7.6 games/s  ETA 0h02m00s
[kp-holylight.base] 699/1600  7.6 games/s  ETA 0h01m58s
[kp-holylight.base] 716/1600  7.6 games/s  ETA 0h01m56s
[kp-holylight.base] 733/1600  7.6 games/s  ETA 0h01m53s
[kp-holylight.base] 750/1600  7.6 games/s  ETA 0h01m51s
[kp-holylight.base] 766/1600  7.6 games/s  ETA 0h01m49s
[kp-holylight.base] 782/1600  7.7 games/s  ETA 0h01m46s
[kp-holylight.base] 801/1600  7.7 games/s  ETA 0h01m43s
[kp-holylight.base] 814/1600  7.7 games/s  ETA 0h01m42s
[kp-holylight.base] 830/1600  7.7 games/s  ETA 0h01m40s
[kp-holylight.base] 849/1600  7.7 games/s  ETA 0h01m37s
[kp-holylight.base] 864/1600  7.7 games/s  ETA 0h01m35s
[kp-holylight.base] 881/1600  7.7 games/s  ETA 0h01m33s
[kp-holylight.base] 902/1600  7.8 games/s  ETA 0h01m29s
[kp-holylight.base] 920/1600  7.8 games/s  ETA 0h01m27s
[kp-holylight.base] 934/1600  7.8 games/s  ETA 0h01m25s
[kp-holylight.base] 951/1600  7.8 games/s  ETA 0h01m23s
[kp-holylight.base] 968/1600  7.8 games/s  ETA 0h01m21s
[kp-holylight.base] 981/1600  7.8 games/s  ETA 0h01m19s
[kp-holylight.base] 998/1600  7.8 games/s  ETA 0h01m17s
[kp-holylight.base] 1011/1600  7.8 games/s  ETA 0h01m15s
[kp-holylight.base] 1031/1600  7.8 games/s  ETA 0h01m12s
[kp-holylight.base] 1043/1600  7.8 games/s  ETA 0h01m11s
[kp-holylight.base] 1057/1600  7.8 games/s  ETA 0h01m09s
[kp-holylight.base] 1071/1600  7.7 games/s  ETA 0h01m08s
[kp-holylight.base] 1086/1600  7.7 games/s  ETA 0h01m06s
[kp-holylight.base] 1101/1600  7.7 games/s  ETA 0h01m04s
[kp-holylight.base] 1113/1600  7.7 games/s  ETA 0h01m03s
[kp-holylight.base] 1129/1600  7.7 games/s  ETA 0h01m01s
[kp-holylight.base] 1146/1600  7.7 games/s  ETA 0h00m58s
[kp-holylight.base] 1163/1600  7.7 games/s  ETA 0h00m56s
[kp-holylight.base] 1184/1600  7.8 games/s  ETA 0h00m53s
[kp-holylight.base] 1203/1600  7.8 games/s  ETA 0h00m50s
[kp-holylight.base] 1217/1600  7.8 games/s  ETA 0h00m49s
[kp-holylight.base] 1235/1600  7.8 games/s  ETA 0h00m46s
[kp-holylight.base] 1251/1600  7.8 games/s  ETA 0h00m44s
[kp-holylight.base] 1265/1600  7.8 games/s  ETA 0h00m42s
[kp-holylight.base] 1279/1600  7.8 games/s  ETA 0h00m41s
[kp-holylight.base] 1295/1600  7.8 games/s  ETA 0h00m39s
[kp-holylight.base] 1312/1600  7.8 games/s  ETA 0h00m36s
[kp-holylight.base] 1331/1600  7.8 games/s  ETA 0h00m34s
[kp-holylight.base] 1352/1600  7.8 games/s  ETA 0h00m31s
[kp-holylight.base] 1369/1600  7.9 games/s  ETA 0h00m29s
[kp-holylight.base] 1381/1600  7.8 games/s  ETA 0h00m27s
[kp-holylight.base] 1400/1600  7.9 games/s  ETA 0h00m25s
[kp-holylight.base] 1413/1600  7.8 games/s  ETA 0h00m23s
[kp-holylight.base] 1431/1600  7.9 games/s  ETA 0h00m21s
[kp-holylight.base] 1447/1600  7.9 games/s  ETA 0h00m19s
[kp-holylight.base] 1462/1600  7.8 games/s  ETA 0h00m17s
[kp-holylight.base] 1481/1600  7.9 games/s  ETA 0h00m15s
[kp-holylight.base] 1493/1600  7.8 games/s  ETA 0h00m13s
[kp-holylight.base] 1516/1600  7.9 games/s  ETA 0h00m10s
[kp-holylight.base] 1532/1600  7.9 games/s  ETA 0h00m08s
[kp-holylight.base] 1550/1600  7.9 games/s  ETA 0h00m06s
[kp-holylight.base] 1567/1600  7.9 games/s  ETA 0h00m04s
[kp-holylight.base] 1584/1600  7.9 games/s  ETA 0h00m02s
[kp-holylight.base] 1600 games in 0h03m21s (7.9 games/s)
[kp-holylight.base] summary -> sim/out/kp-holylight.base.summary.json
[kp-holylight.var] 1600 games (0 already done), 1600 to play on 16 workers -> sim/out/kp-holylight.var.jsonl
[kp-holylight.var] depth 3, 4 random opening plies, ply cap 300, pairs off (both sides identical; --pairs forces them on)
[kp-holylight.var] rules {"kings":[{"king":"Spirit","power":"HolyLight"},{"king":"Spirit","power":"HolyLight"}]}, values {}
[kp-holylight.var] 3/1600  1.5 games/s  ETA 0h17m45s
[kp-holylight.var] 18/1600  4.5 games/s  ETA 0h05m51s
[kp-holylight.var] 36/1600  6.0 games/s  ETA 0h04m21s
[kp-holylight.var] 49/1600  6.1 games/s  ETA 0h04m13s
[kp-holylight.var] 65/1600  6.5 games/s  ETA 0h03m56s
[kp-holylight.var] 78/1600  6.5 games/s  ETA 0h03m54s
[kp-holylight.var] 90/1600  6.4 games/s  ETA 0h03m55s
[kp-holylight.var] 108/1600  6.7 games/s  ETA 0h03m41s
[kp-holylight.var] 125/1600  6.9 games/s  ETA 0h03m32s
[kp-holylight.var] 140/1600  7.0 games/s  ETA 0h03m28s
[kp-holylight.var] 155/1600  7.0 games/s  ETA 0h03m25s
[kp-holylight.var] 170/1600  7.1 games/s  ETA 0h03m22s
[kp-holylight.var] 184/1600  7.1 games/s  ETA 0h03m20s
[kp-holylight.var] 197/1600  7.0 games/s  ETA 0h03m19s
[kp-holylight.var] 213/1600  7.1 games/s  ETA 0h03m15s
[kp-holylight.var] 230/1600  7.2 games/s  ETA 0h03m10s
[kp-holylight.var] 248/1600  7.3 games/s  ETA 0h03m05s
[kp-holylight.var] 262/1600  7.3 games/s  ETA 0h03m04s
[kp-holylight.var] 280/1600  7.4 games/s  ETA 0h02m59s
[kp-holylight.var] 294/1600  7.3 games/s  ETA 0h02m57s
[kp-holylight.var] 307/1600  7.3 games/s  ETA 0h02m57s
[kp-holylight.var] 323/1600  7.3 games/s  ETA 0h02m54s
[kp-holylight.var] 342/1600  7.4 games/s  ETA 0h02m49s
[kp-holylight.var] 355/1600  7.4 games/s  ETA 0h02m48s
[kp-holylight.var] 373/1600  7.5 games/s  ETA 0h02m44s
[kp-holylight.var] 387/1600  7.4 games/s  ETA 0h02m43s
[kp-holylight.var] 406/1600  7.5 games/s  ETA 0h02m38s
[kp-holylight.var] 420/1600  7.5 games/s  ETA 0h02m37s
[kp-holylight.var] 438/1600  7.5 games/s  ETA 0h02m34s
[kp-holylight.var] 456/1600  7.6 games/s  ETA 0h02m30s
[kp-holylight.var] 473/1600  7.6 games/s  ETA 0h02m27s
[kp-holylight.var] 492/1600  7.7 games/s  ETA 0h02m24s
[kp-holylight.var] 508/1600  7.7 games/s  ETA 0h02m22s
[kp-holylight.var] 525/1600  7.7 games/s  ETA 0h02m19s
[kp-holylight.var] 544/1600  7.8 games/s  ETA 0h02m16s
[kp-holylight.var] 561/1600  7.8 games/s  ETA 0h02m13s
[kp-holylight.var] 574/1600  7.7 games/s  ETA 0h02m12s
[kp-holylight.var] 586/1600  7.7 games/s  ETA 0h02m11s
[kp-holylight.var] 603/1600  7.7 games/s  ETA 0h02m09s
[kp-holylight.var] 617/1600  7.7 games/s  ETA 0h02m07s
[kp-holylight.var] 634/1600  7.7 games/s  ETA 0h02m05s
[kp-holylight.var] 651/1600  7.7 games/s  ETA 0h02m02s
[kp-holylight.var] 667/1600  7.7 games/s  ETA 0h02m00s
[kp-holylight.var] 681/1600  7.7 games/s  ETA 0h01m58s
[kp-holylight.var] 699/1600  7.8 games/s  ETA 0h01m56s
[kp-holylight.var] 714/1600  7.8 games/s  ETA 0h01m54s
[kp-holylight.var] 729/1600  7.7 games/s  ETA 0h01m52s
[kp-holylight.var] 742/1600  7.7 games/s  ETA 0h01m51s
[kp-holylight.var] 759/1600  7.7 games/s  ETA 0h01m48s
[kp-holylight.var] 777/1600  7.8 games/s  ETA 0h01m46s
[kp-holylight.var] 794/1600  7.8 games/s  ETA 0h01m43s
[kp-holylight.var] 807/1600  7.8 games/s  ETA 0h01m42s
[kp-holylight.var] 822/1600  7.7 games/s  ETA 0h01m40s
[kp-holylight.var] 839/1600  7.8 games/s  ETA 0h01m38s
[kp-holylight.var] 850/1600  7.7 games/s  ETA 0h01m37s
[kp-holylight.var] 867/1600  7.7 games/s  ETA 0h01m34s
[kp-holylight.var] 882/1600  7.7 games/s  ETA 0h01m32s
[kp-holylight.var] 893/1600  7.7 games/s  ETA 0h01m31s
[kp-holylight.var] 908/1600  7.7 games/s  ETA 0h01m30s
[kp-holylight.var] 923/1600  7.7 games/s  ETA 0h01m28s
[kp-holylight.var] 933/1600  7.6 games/s  ETA 0h01m27s
[kp-holylight.var] 945/1600  7.6 games/s  ETA 0h01m26s
[kp-holylight.var] 957/1600  7.6 games/s  ETA 0h01m24s
[kp-holylight.var] 971/1600  7.6 games/s  ETA 0h01m23s
[kp-holylight.var] 983/1600  7.6 games/s  ETA 0h01m21s
[kp-holylight.var] 1000/1600  7.6 games/s  ETA 0h01m19s
[kp-holylight.var] 1008/1600  7.5 games/s  ETA 0h01m18s
[kp-holylight.var] 1023/1600  7.5 games/s  ETA 0h01m16s
[kp-holylight.var] 1035/1600  7.5 games/s  ETA 0h01m15s
[kp-holylight.var] 1043/1600  7.4 games/s  ETA 0h01m14s
[kp-holylight.var] 1058/1600  7.4 games/s  ETA 0h01m12s
[kp-holylight.var] 1069/1600  7.4 games/s  ETA 0h01m11s
[kp-holylight.var] 1080/1600  7.4 games/s  ETA 0h01m10s
[kp-holylight.var] 1096/1600  7.4 games/s  ETA 0h01m08s
[kp-holylight.var] 1108/1600  7.4 games/s  ETA 0h01m06s
[kp-holylight.var] 1121/1600  7.4 games/s  ETA 0h01m05s
[kp-holylight.var] 1142/1600  7.4 games/s  ETA 0h01m01s
[kp-holylight.var] 1154/1600  7.4 games/s  ETA 0h01m00s
[kp-holylight.var] 1171/1600  7.4 games/s  ETA 0h00m57s
[kp-holylight.var] 1194/1600  7.5 games/s  ETA 0h00m54s
[kp-holylight.var] 1208/1600  7.4 games/s  ETA 0h00m52s
[kp-holylight.var] 1223/1600  7.4 games/s  ETA 0h00m50s
[kp-holylight.var] 1239/1600  7.5 games/s  ETA 0h00m48s
[kp-holylight.var] 1254/1600  7.5 games/s  ETA 0h00m46s
[kp-holylight.var] 1268/1600  7.4 games/s  ETA 0h00m44s
[kp-holylight.var] 1284/1600  7.5 games/s  ETA 0h00m42s
[kp-holylight.var] 1296/1600  7.4 games/s  ETA 0h00m40s
[kp-holylight.var] 1316/1600  7.5 games/s  ETA 0h00m38s
[kp-holylight.var] 1334/1600  7.5 games/s  ETA 0h00m35s
[kp-holylight.var] 1354/1600  7.5 games/s  ETA 0h00m32s
[kp-holylight.var] 1370/1600  7.5 games/s  ETA 0h00m30s
[kp-holylight.var] 1386/1600  7.5 games/s  ETA 0h00m28s
[kp-holylight.var] 1400/1600  7.5 games/s  ETA 0h00m26s
[kp-holylight.var] 1413/1600  7.5 games/s  ETA 0h00m24s
[kp-holylight.var] 1432/1600  7.5 games/s  ETA 0h00m22s
[kp-holylight.var] 1446/1600  7.5 games/s  ETA 0h00m20s
[kp-holylight.var] 1459/1600  7.5 games/s  ETA 0h00m18s
[kp-holylight.var] 1476/1600  7.5 games/s  ETA 0h00m16s
[kp-holylight.var] 1490/1600  7.5 games/s  ETA 0h00m14s
[kp-holylight.var] 1508/1600  7.5 games/s  ETA 0h00m12s
[kp-holylight.var] 1525/1600  7.5 games/s  ETA 0h00m09s
[kp-holylight.var] 1545/1600  7.6 games/s  ETA 0h00m07s
[kp-holylight.var] 1562/1600  7.6 games/s  ETA 0h00m05s
[kp-holylight.var] 1579/1600  7.6 games/s  ETA 0h00m02s
[kp-holylight.var] 1598/1600  7.6 games/s  ETA 0h00m00s
[kp-holylight.var] 1600 games in 0h03m30s (7.6 games/s)
[kp-holylight.var] summary -> sim/out/kp-holylight.var.summary.json
# Rule A/B — kp-holylight

`kings=[object Object],[object Object]` against today's defaults.
1600 games per population, depth 3, the same 40 arrangements and the same
opening seeds in both (common random numbers). Control arm: `kp-holylight.base`.

A symmetric rule changes both sides at once, so there is no match to run and no SPRT: this is a
paired two-population comparison. The interval is a 95% normal approximation on the
mean paired difference over arrangements; with few arrangements,
and with one interval per metric, read "significant" as "worth a second run", not as a test.

| metric | base (pooled) | with the rule (pooled) | mean paired difference ±95% | significant |
|---|---|---|---|---|
| white score | 0.534 | 0.529 | -0.005 ± 0.022 | no |
| decisive | 0.721 | 0.722 | +0.001 ± 0.018 | no |
| draw rate | 0.264 | 0.259 | -0.005 ± 0.017 | no |
| capped | 0.014 | 0.019 | +0.004 ± 0.009 | no |
| mean plies | 121.3 | 120.5 | -0.8 ± 2.2 | no |
| branching factor | 32.1 | 32.3 | +0.2 ± 0.1 | yes |
| killer move | 0.332 | 0.326 | -0.006 ± 0.010 | no |
| lead change | 0.068 | 0.068 | -0.000 ± 0.001 | no |
| uncertainty late | 0.648 | 0.648 | +0.001 ± 0.001 | no |
| drama | 0.138 | 0.134 | -0.004 ± 0.006 | no |
| permanence | 0.961 | 0.961 | +0.000 ± 0.000 | no |
| min utilisation | 0.44 | 0.44 | +0.00 ± 0.01 | no |
| interest | 0.484 | 0.482 | -0.002 ± 0.003 | no |
| interest (min-use) | 0.484 | 0.482 | -0.004 ± 0.006 | no |
| killerMove (resid.) | 0.004 | -0.004 | -0.007 ± 0.009 | no |
| leadChange (resid.) | -0.000 | 0.000 | +0.000 ± 0.002 | no |
| uncertaintyLate (resid.) | -0.001 | 0.001 | +0.001 ± 0.003 | no |
| drama (resid.) | 0.002 | -0.002 | -0.004 ± 0.006 | no |
| permanence (resid.) | -0.000 | 0.000 | +0.000 ± 0.000 | no |
| fairyUse (resid.) | 0.000 | 0.000 | +0.000 ± 0.000 | no |
| excessDecisiveness (resid.) | 0.018 | -0.003 | -0.005 ± 0.012 | no |
| interest (resid.) | 0.002 | -0.001 | -0.002 ± 0.002 | no |
| interestMinFairy (resid.) | 0.015 | 0.011 | -0.005 ± 0.005 | no |

## Degeneracy counters
| counter | base | with the rule |
|---|---|---|
| guard captures per game | 0.000 | 0.000 |
| games with a guard rampage (≥ 3 captures) | 0 (0.0%) | 0 (0.0%) |
| dead-material endings (draw50 + drawMaterial) | 30 (1.9%) | 14 (0.9%) |
| games where a king never moved | 259 (16.2%) | 259 (16.2%) |

## Per piece (both sides, whole population; moves and captures per game)
| piece | moves A | moves B | captures A | captures B | survival A | survival B |
|---|---|---|---|---|---|---|
| P | 26.54 | 26.48 | 4.41 | 4.36 | 40.7% | 42.8% |
| M | 14.65 | 14.83 | 1.61 | 1.66 | 34.1% | 33.5% |
| A | 14.46 | 14.28 | 2.49 | 2.51 | 46.9% | 47.3% |
| K | 14.32 | 14.24 | 1.04 | 0.70 | 100.0% | 100.0% |
| R | 12.87 | 12.81 | 1.81 | 1.91 | 42.3% | 41.7% |
| S | 10.48 | 10.50 | 1.40 | 1.41 | 32.9% | 32.7% |
| B | 7.34 | 7.15 | 1.65 | 1.65 | 23.5% | 23.3% |
| N | 6.66 | 6.66 | 1.35 | 1.34 | 10.4% | 10.0% |
| Q | 5.93 | 5.86 | 0.99 | 0.98 | 76.3% | 74.7% |
| G | 4.98 | 4.60 | 0.00 | 0.00 | 96.7% | 94.4% |
| L | 3.05 | 3.10 | 0.85 | 0.83 | 6.2% | 6.4% |

## Fairy events per game
| event | base | with the rule |
|---|---|---|
| archerShots | 2.49 | 2.51 |
| beastChainMoves | 1.08 | 1.09 |
| beastChainCaptures | 1.40 | 1.41 |
| maesterSwaps | 6.56 | 6.69 |
| maesterLongSwaps | 0.75 | 0.77 |
| paladinSacrifices | 0.39 | 0.39 |
| promotions | 0.32 | 0.33 |
| checks | 4.42 | 3.94 |
| ogreShoves | 0.00 | 0.00 |
| ogreShovesFriend | 0.00 | 0.00 |
| ogreShovesGuard | 0.00 | 0.00 |
| catapultChecks | 0.00 | 0.00 |

The pooled columns describe each whole population; the difference column is the mean over the
40 shared arrangements of (rule − base) on the same openings. The two can disagree in sign when the
pooled value is not a mean of the per-arrangement values (minimum utilisation is one). Trust the
paired column.

Elo of the variant population is not reported: both populations play themselves, so their scores
are not comparable as a match. Read the white score as a fairness check, not as a strength delta.

== 2026-09-17 03:51:39 npm run sim -- --id kp-mercy --experiment ab --games 1600 --sample 40 --depth 3 --seed 62 --workers 16 --rule kings=Spirit:Mercy

> king-down-chess@0.0.1 sim
> tsx src/sim/run.ts --id kp-mercy --experiment ab --games 1600 --sample 40 --depth 3 --seed 62 --workers 16 --rule kings=Spirit:Mercy

[kp-mercy.base] 1600 games (0 already done), 1600 to play on 16 workers -> sim/out/kp-mercy.base.jsonl
[kp-mercy.base] depth 3, 4 random opening plies, ply cap 300, pairs off (both sides identical; --pairs forces them on)
[kp-mercy.base] rules {}, values {}
[kp-mercy.base] 5/1600  2.5 games/s  ETA 0h10m38s
[kp-mercy.base] 22/1600  5.5 games/s  ETA 0h04m47s
[kp-mercy.base] 39/1600  6.5 games/s  ETA 0h04m00s
[kp-mercy.base] 55/1600  6.9 games/s  ETA 0h03m44s
[kp-mercy.base] 67/1600  6.7 games/s  ETA 0h03m49s
[kp-mercy.base] 85/1600  7.1 games/s  ETA 0h03m34s
[kp-mercy.base] 100/1600  7.1 games/s  ETA 0h03m30s
[kp-mercy.base] 116/1600  7.2 games/s  ETA 0h03m24s
[kp-mercy.base] 134/1600  7.4 games/s  ETA 0h03m17s
[kp-mercy.base] 148/1600  7.4 games/s  ETA 0h03m16s
[kp-mercy.base] 167/1600  7.6 games/s  ETA 0h03m09s
[kp-mercy.base] 180/1600  7.5 games/s  ETA 0h03m09s
[kp-mercy.base] 195/1600  7.5 games/s  ETA 0h03m07s
[kp-mercy.base] 210/1600  7.5 games/s  ETA 0h03m05s
[kp-mercy.base] 228/1600  7.6 games/s  ETA 0h03m00s
[kp-mercy.base] 245/1600  7.6 games/s  ETA 0h02m57s
[kp-mercy.base] 262/1600  7.7 games/s  ETA 0h02m53s
[kp-mercy.base] 278/1600  7.7 games/s  ETA 0h02m51s
[kp-mercy.base] 291/1600  7.6 games/s  ETA 0h02m51s
[kp-mercy.base] 308/1600  7.7 games/s  ETA 0h02m48s
[kp-mercy.base] 323/1600  7.7 games/s  ETA 0h02m46s
[kp-mercy.base] 340/1600  7.7 games/s  ETA 0h02m43s
[kp-mercy.base] 354/1600  7.7 games/s  ETA 0h02m42s
[kp-mercy.base] 370/1600  7.7 games/s  ETA 0h02m39s
[kp-mercy.base] 388/1600  7.7 games/s  ETA 0h02m36s
[kp-mercy.base] 404/1600  7.8 games/s  ETA 0h02m34s
[kp-mercy.base] 418/1600  7.7 games/s  ETA 0h02m32s
[kp-mercy.base] 437/1600  7.8 games/s  ETA 0h02m29s
[kp-mercy.base] 452/1600  7.8 games/s  ETA 0h02m27s
[kp-mercy.base] 471/1600  7.8 games/s  ETA 0h02m24s
[kp-mercy.base] 488/1600  7.9 games/s  ETA 0h02m21s
[kp-mercy.base] 503/1600  7.8 games/s  ETA 0h02m19s
[kp-mercy.base] 523/1600  7.9 games/s  ETA 0h02m16s
[kp-mercy.base] 540/1600  7.9 games/s  ETA 0h02m13s
[kp-mercy.base] 557/1600  7.9 games/s  ETA 0h02m11s
[kp-mercy.base] 572/1600  7.9 games/s  ETA 0h02m09s
[kp-mercy.base] 585/1600  7.9 games/s  ETA 0h02m08s
[kp-mercy.base] 602/1600  7.9 games/s  ETA 0h02m06s
[kp-mercy.base] 618/1600  7.9 games/s  ETA 0h02m04s
[kp-mercy.base] 635/1600  7.9 games/s  ETA 0h02m01s
[kp-mercy.base] 651/1600  7.9 games/s  ETA 0h01m59s
[kp-mercy.base] 664/1600  7.9 games/s  ETA 0h01m58s
[kp-mercy.base] 678/1600  7.9 games/s  ETA 0h01m57s
[kp-mercy.base] 695/1600  7.9 games/s  ETA 0h01m54s
[kp-mercy.base] 714/1600  7.9 games/s  ETA 0h01m51s
[kp-mercy.base] 729/1600  7.9 games/s  ETA 0h01m50s
[kp-mercy.base] 744/1600  7.9 games/s  ETA 0h01m48s
[kp-mercy.base] 760/1600  7.9 games/s  ETA 0h01m46s
[kp-mercy.base] 777/1600  7.9 games/s  ETA 0h01m43s
[kp-mercy.base] 792/1600  7.9 games/s  ETA 0h01m42s
[kp-mercy.base] 808/1600  7.9 games/s  ETA 0h01m40s
[kp-mercy.base] 825/1600  7.9 games/s  ETA 0h01m37s
[kp-mercy.base] 840/1600  7.9 games/s  ETA 0h01m36s
[kp-mercy.base] 856/1600  7.9 games/s  ETA 0h01m34s
[kp-mercy.base] 876/1600  8.0 games/s  ETA 0h01m31s
[kp-mercy.base] 890/1600  7.9 games/s  ETA 0h01m29s
[kp-mercy.base] 910/1600  8.0 games/s  ETA 0h01m26s
[kp-mercy.base] 926/1600  8.0 games/s  ETA 0h01m24s
[kp-mercy.base] 943/1600  8.0 games/s  ETA 0h01m22s
[kp-mercy.base] 957/1600  8.0 games/s  ETA 0h01m20s
[kp-mercy.base] 973/1600  8.0 games/s  ETA 0h01m18s
[kp-mercy.base] 986/1600  7.9 games/s  ETA 0h01m17s
[kp-mercy.base] 999/1600  7.9 games/s  ETA 0h01m15s
[kp-mercy.base] 1013/1600  7.9 games/s  ETA 0h01m14s
[kp-mercy.base] 1028/1600  7.9 games/s  ETA 0h01m12s
[kp-mercy.base] 1041/1600  7.9 games/s  ETA 0h01m11s
[kp-mercy.base] 1053/1600  7.8 games/s  ETA 0h01m09s
[kp-mercy.base] 1062/1600  7.8 games/s  ETA 0h01m09s
[kp-mercy.base] 1072/1600  7.8 games/s  ETA 0h01m08s
[kp-mercy.base] 1085/1600  7.7 games/s  ETA 0h01m06s
[kp-mercy.base] 1096/1600  7.7 games/s  ETA 0h01m05s
[kp-mercy.base] 1108/1600  7.7 games/s  ETA 0h01m04s
[kp-mercy.base] 1120/1600  7.7 games/s  ETA 0h01m02s
[kp-mercy.base] 1130/1600  7.6 games/s  ETA 0h01m01s
[kp-mercy.base] 1146/1600  7.6 games/s  ETA 0h00m59s
[kp-mercy.base] 1158/1600  7.6 games/s  ETA 0h00m58s
[kp-mercy.base] 1175/1600  7.6 games/s  ETA 0h00m55s
[kp-mercy.base] 1192/1600  7.6 games/s  ETA 0h00m53s
[kp-mercy.base] 1207/1600  7.6 games/s  ETA 0h00m51s
[kp-mercy.base] 1217/1600  7.6 games/s  ETA 0h00m50s
[kp-mercy.base] 1234/1600  7.6 games/s  ETA 0h00m48s
[kp-mercy.base] 1251/1600  7.6 games/s  ETA 0h00m45s
[kp-mercy.base] 1263/1600  7.6 games/s  ETA 0h00m44s
[kp-mercy.base] 1276/1600  7.6 games/s  ETA 0h00m42s
[kp-mercy.base] 1290/1600  7.6 games/s  ETA 0h00m40s
[kp-mercy.base] 1302/1600  7.6 games/s  ETA 0h00m39s
[kp-mercy.base] 1324/1600  7.6 games/s  ETA 0h00m36s
[kp-mercy.base] 1338/1600  7.6 games/s  ETA 0h00m34s
[kp-mercy.base] 1357/1600  7.6 games/s  ETA 0h00m31s
[kp-mercy.base] 1372/1600  7.6 games/s  ETA 0h00m29s
[kp-mercy.base] 1387/1600  7.6 games/s  ETA 0h00m27s
[kp-mercy.base] 1404/1600  7.6 games/s  ETA 0h00m25s
[kp-mercy.base] 1417/1600  7.6 games/s  ETA 0h00m24s
[kp-mercy.base] 1439/1600  7.6 games/s  ETA 0h00m21s
[kp-mercy.base] 1454/1600  7.6 games/s  ETA 0h00m19s
[kp-mercy.base] 1472/1600  7.7 games/s  ETA 0h00m16s
[kp-mercy.base] 1488/1600  7.7 games/s  ETA 0h00m14s
[kp-mercy.base] 1505/1600  7.7 games/s  ETA 0h00m12s
[kp-mercy.base] 1524/1600  7.7 games/s  ETA 0h00m09s
[kp-mercy.base] 1546/1600  7.7 games/s  ETA 0h00m06s
[kp-mercy.base] 1561/1600  7.7 games/s  ETA 0h00m05s
[kp-mercy.base] 1580/1600  7.7 games/s  ETA 0h00m02s
[kp-mercy.base] 1600 games in 0h03m26s (7.8 games/s)
[kp-mercy.base] summary -> sim/out/kp-mercy.base.summary.json
[kp-mercy.var] 1600 games (0 already done), 1600 to play on 16 workers -> sim/out/kp-mercy.var.jsonl
[kp-mercy.var] depth 3, 4 random opening plies, ply cap 300, pairs off (both sides identical; --pairs forces them on)
[kp-mercy.var] rules {"kings":[{"king":"Spirit","power":"Mercy"},{"king":"Spirit","power":"Mercy"}]}, values {}
[kp-mercy.var] 6/1600  3.0 games/s  ETA 0h08m51s
[kp-mercy.var] 20/1600  5.0 games/s  ETA 0h05m16s
[kp-mercy.var] 36/1600  6.0 games/s  ETA 0h04m21s
[kp-mercy.var] 52/1600  6.5 games/s  ETA 0h03m58s
[kp-mercy.var] 69/1600  6.9 games/s  ETA 0h03m42s
[kp-mercy.var] 91/1600  7.6 games/s  ETA 0h03m19s
[kp-mercy.var] 104/1600  7.4 games/s  ETA 0h03m21s
[kp-mercy.var] 115/1600  7.2 games/s  ETA 0h03m26s
[kp-mercy.var] 135/1600  7.5 games/s  ETA 0h03m15s
[kp-mercy.var] 149/1600  7.4 games/s  ETA 0h03m14s
[kp-mercy.var] 167/1600  7.6 games/s  ETA 0h03m08s
[kp-mercy.var] 186/1600  7.7 games/s  ETA 0h03m02s
[kp-mercy.var] 202/1600  7.8 games/s  ETA 0h03m00s
[kp-mercy.var] 215/1600  7.7 games/s  ETA 0h03m00s
[kp-mercy.var] 235/1600  7.8 games/s  ETA 0h02m54s
[kp-mercy.var] 253/1600  7.9 games/s  ETA 0h02m50s
[kp-mercy.var] 272/1600  8.0 games/s  ETA 0h02m46s
[kp-mercy.var] 290/1600  8.0 games/s  ETA 0h02m42s
[kp-mercy.var] 310/1600  8.2 games/s  ETA 0h02m38s
[kp-mercy.var] 327/1600  8.2 games/s  ETA 0h02m35s
[kp-mercy.var] 348/1600  8.3 games/s  ETA 0h02m31s
[kp-mercy.var] 361/1600  8.2 games/s  ETA 0h02m31s
[kp-mercy.var] 380/1600  8.3 games/s  ETA 0h02m27s
[kp-mercy.var] 394/1600  8.2 games/s  ETA 0h02m27s
[kp-mercy.var] 411/1600  8.2 games/s  ETA 0h02m24s
[kp-mercy.var] 429/1600  8.2 games/s  ETA 0h02m22s
[kp-mercy.var] 449/1600  8.3 games/s  ETA 0h02m18s
[kp-mercy.var] 461/1600  8.2 games/s  ETA 0h02m18s
[kp-mercy.var] 476/1600  8.2 games/s  ETA 0h02m17s
[kp-mercy.var] 495/1600  8.2 games/s  ETA 0h02m14s
[kp-mercy.var] 509/1600  8.2 games/s  ETA 0h02m13s
[kp-mercy.var] 524/1600  8.2 games/s  ETA 0h02m11s
[kp-mercy.var] 542/1600  8.2 games/s  ETA 0h02m08s
[kp-mercy.var] 557/1600  8.2 games/s  ETA 0h02m07s
[kp-mercy.var] 576/1600  8.2 games/s  ETA 0h02m04s
[kp-mercy.var] 592/1600  8.2 games/s  ETA 0h02m02s
[kp-mercy.var] 611/1600  8.2 games/s  ETA 0h01m59s
[kp-mercy.var] 627/1600  8.2 games/s  ETA 0h01m58s
[kp-mercy.var] 641/1600  8.2 games/s  ETA 0h01m56s
[kp-mercy.var] 657/1600  8.2 games/s  ETA 0h01m54s
[kp-mercy.var] 673/1600  8.2 games/s  ETA 0h01m53s
[kp-mercy.var] 692/1600  8.2 games/s  ETA 0h01m50s
[kp-mercy.var] 704/1600  8.2 games/s  ETA 0h01m49s
[kp-mercy.var] 721/1600  8.2 games/s  ETA 0h01m47s
[kp-mercy.var] 734/1600  8.1 games/s  ETA 0h01m46s
[kp-mercy.var] 753/1600  8.2 games/s  ETA 0h01m43s
[kp-mercy.var] 770/1600  8.2 games/s  ETA 0h01m41s
[kp-mercy.var] 787/1600  8.2 games/s  ETA 0h01m39s
[kp-mercy.var] 806/1600  8.2 games/s  ETA 0h01m36s
[kp-mercy.var] 820/1600  8.2 games/s  ETA 0h01m35s
[kp-mercy.var] 836/1600  8.2 games/s  ETA 0h01m33s
[kp-mercy.var] 851/1600  8.2 games/s  ETA 0h01m31s
[kp-mercy.var] 870/1600  8.2 games/s  ETA 0h01m29s
[kp-mercy.var] 887/1600  8.2 games/s  ETA 0h01m26s
[kp-mercy.var] 899/1600  8.2 games/s  ETA 0h01m25s
[kp-mercy.var] 908/1600  8.1 games/s  ETA 0h01m25s
[kp-mercy.var] 929/1600  8.1 games/s  ETA 0h01m22s
[kp-mercy.var] 944/1600  8.1 games/s  ETA 0h01m20s
[kp-mercy.var] 961/1600  8.1 games/s  ETA 0h01m18s
[kp-mercy.var] 977/1600  8.1 games/s  ETA 0h01m16s
[kp-mercy.var] 995/1600  8.1 games/s  ETA 0h01m14s
[kp-mercy.var] 1010/1600  8.1 games/s  ETA 0h01m12s
[kp-mercy.var] 1023/1600  8.1 games/s  ETA 0h01m11s
[kp-mercy.var] 1037/1600  8.1 games/s  ETA 0h01m09s
[kp-mercy.var] 1053/1600  8.1 games/s  ETA 0h01m07s
[kp-mercy.var] 1069/1600  8.1 games/s  ETA 0h01m05s
[kp-mercy.var] 1087/1600  8.1 games/s  ETA 0h01m03s
[kp-mercy.var] 1104/1600  8.1 games/s  ETA 0h01m01s
[kp-mercy.var] 1115/1600  8.1 games/s  ETA 0h01m00s
[kp-mercy.var] 1129/1600  8.1 games/s  ETA 0h00m58s
[kp-mercy.var] 1145/1600  8.1 games/s  ETA 0h00m56s
[kp-mercy.var] 1161/1600  8.1 games/s  ETA 0h00m54s
[kp-mercy.var] 1178/1600  8.1 games/s  ETA 0h00m52s
[kp-mercy.var] 1198/1600  8.1 games/s  ETA 0h00m49s
[kp-mercy.var] 1216/1600  8.1 games/s  ETA 0h00m47s
[kp-mercy.var] 1236/1600  8.1 games/s  ETA 0h00m44s
[kp-mercy.var] 1252/1600  8.1 games/s  ETA 0h00m42s
[kp-mercy.var] 1270/1600  8.1 games/s  ETA 0h00m40s
[kp-mercy.var] 1284/1600  8.1 games/s  ETA 0h00m38s
[kp-mercy.var] 1304/1600  8.1 games/s  ETA 0h00m36s
[kp-mercy.var] 1321/1600  8.1 games/s  ETA 0h00m34s
[kp-mercy.var] 1338/1600  8.1 games/s  ETA 0h00m32s
[kp-mercy.var] 1356/1600  8.2 games/s  ETA 0h00m29s
[kp-mercy.var] 1370/1600  8.1 games/s  ETA 0h00m28s
[kp-mercy.var] 1386/1600  8.1 games/s  ETA 0h00m26s
[kp-mercy.var] 1402/1600  8.1 games/s  ETA 0h00m24s
[kp-mercy.var] 1418/1600  8.1 games/s  ETA 0h00m22s
[kp-mercy.var] 1433/1600  8.1 games/s  ETA 0h00m20s
[kp-mercy.var] 1452/1600  8.1 games/s  ETA 0h00m18s
[kp-mercy.var] 1465/1600  8.1 games/s  ETA 0h00m16s
[kp-mercy.var] 1483/1600  8.1 games/s  ETA 0h00m14s
[kp-mercy.var] 1508/1600  8.2 games/s  ETA 0h00m11s
[kp-mercy.var] 1521/1600  8.2 games/s  ETA 0h00m09s
[kp-mercy.var] 1537/1600  8.2 games/s  ETA 0h00m07s
[kp-mercy.var] 1554/1600  8.2 games/s  ETA 0h00m05s
[kp-mercy.var] 1572/1600  8.2 games/s  ETA 0h00m03s
[kp-mercy.var] 1585/1600  8.2 games/s  ETA 0h00m01s
[kp-mercy.var] 1599/1600  8.1 games/s  ETA 0h00m00s
[kp-mercy.var] 1600 games in 0h03m16s (8.1 games/s)
[kp-mercy.var] summary -> sim/out/kp-mercy.var.summary.json
# Rule A/B — kp-mercy

`kings=[object Object],[object Object]` against today's defaults.
1600 games per population, depth 3, the same 40 arrangements and the same
opening seeds in both (common random numbers). Control arm: `kp-mercy.base`.

A symmetric rule changes both sides at once, so there is no match to run and no SPRT: this is a
paired two-population comparison. The interval is a 95% normal approximation on the
mean paired difference over arrangements; with few arrangements,
and with one interval per metric, read "significant" as "worth a second run", not as a test.

| metric | base (pooled) | with the rule (pooled) | mean paired difference ±95% | significant |
|---|---|---|---|---|
| white score | 0.534 | 0.532 | -0.001 ± 0.030 | no |
| decisive | 0.721 | 0.775 | +0.054 ± 0.032 | yes |
| draw rate | 0.264 | 0.211 | -0.053 ± 0.033 | yes |
| capped | 0.014 | 0.014 | -0.001 ± 0.009 | no |
| mean plies | 121.3 | 108.9 | -12.4 ± 4.3 | yes |
| branching factor | 32.1 | 34.1 | +2.0 ± 0.3 | yes |
| killer move | 0.332 | 0.336 | +0.004 ± 0.017 | no |
| lead change | 0.068 | 0.071 | +0.003 ± 0.006 | no |
| uncertainty late | 0.648 | 0.646 | -0.002 ± 0.006 | no |
| drama | 0.138 | 0.142 | +0.004 ± 0.012 | no |
| permanence | 0.961 | 0.957 | -0.004 ± 0.001 | yes |
| min utilisation | 0.44 | 0.43 | -0.01 ± 0.01 | yes |
| interest | 0.484 | 0.484 | +0.000 ± 0.005 | no |
| interest (min-use) | 0.484 | 0.427 | -0.024 ± 0.014 | yes |
| killerMove (resid.) | 0.005 | -0.005 | -0.010 ± 0.015 | no |
| leadChange (resid.) | -0.003 | 0.003 | +0.005 ± 0.006 | no |
| uncertaintyLate (resid.) | -0.003 | 0.003 | +0.006 ± 0.004 | yes |
| drama (resid.) | 0.002 | -0.002 | -0.004 ± 0.010 | no |
| permanence (resid.) | 0.001 | -0.001 | -0.002 ± 0.002 | yes |
| fairyUse (resid.) | 0.000 | 0.000 | +0.000 ± 0.000 | no |
| excessDecisiveness (resid.) | 0.039 | -0.022 | -0.047 ± 0.011 | yes |
| interest (resid.) | 0.004 | -0.003 | -0.006 ± 0.004 | yes |
| interestMinFairy (resid.) | 0.027 | -0.036 | -0.030 ± 0.013 | yes |

## Degeneracy counters
| counter | base | with the rule |
|---|---|---|
| guard captures per game | 0.000 | 0.000 |
| games with a guard rampage (≥ 3 captures) | 0 (0.0%) | 0 (0.0%) |
| dead-material endings (draw50 + drawMaterial) | 30 (1.9%) | 16 (1.0%) |
| games where a king never moved | 259 (16.2%) | 264 (16.5%) |

## Per piece (both sides, whole population; moves and captures per game)
| piece | moves A | moves B | captures A | captures B | survival A | survival B |
|---|---|---|---|---|---|---|
| P | 26.54 | 23.32 | 4.41 | 3.95 | 40.7% | 44.4% |
| M | 14.65 | 13.69 | 1.61 | 1.55 | 34.1% | 40.2% |
| A | 14.46 | 12.43 | 2.49 | 2.25 | 46.9% | 52.4% |
| K | 14.32 | 13.49 | 1.04 | 0.15 | 100.0% | 100.0% |
| R | 12.87 | 11.99 | 1.81 | 2.12 | 42.3% | 50.5% |
| S | 10.48 | 10.19 | 1.40 | 1.42 | 32.9% | 41.5% |
| B | 7.34 | 6.86 | 1.65 | 1.60 | 23.5% | 28.2% |
| N | 6.66 | 6.57 | 1.35 | 1.41 | 10.4% | 14.9% |
| Q | 5.93 | 4.65 | 0.99 | 0.94 | 76.3% | 82.0% |
| G | 4.98 | 2.80 | 0.00 | 0.00 | 96.7% | 87.2% |
| L | 3.05 | 2.94 | 0.85 | 0.94 | 6.2% | 5.8% |

## Fairy events per game
| event | base | with the rule |
|---|---|---|
| archerShots | 2.49 | 2.25 |
| beastChainMoves | 1.08 | 1.10 |
| beastChainCaptures | 1.40 | 1.42 |
| maesterSwaps | 6.56 | 6.10 |
| maesterLongSwaps | 0.75 | 0.69 |
| paladinSacrifices | 0.39 | 0.39 |
| promotions | 0.32 | 0.21 |
| checks | 4.42 | 5.40 |
| ogreShoves | 0.00 | 0.00 |
| ogreShovesFriend | 0.00 | 0.00 |
| ogreShovesGuard | 0.00 | 0.00 |
| catapultChecks | 0.00 | 0.00 |

The pooled columns describe each whole population; the difference column is the mean over the
40 shared arrangements of (rule − base) on the same openings. The two can disagree in sign when the
pooled value is not a mean of the per-arrangement values (minimum utilisation is one). Trust the
paired column.

Elo of the variant population is not reported: both populations play themselves, so their scores
are not comparable as a match. Read the white score as a fairness check, not as a strength delta.

== 2026-09-17 03:58:23 npm run sim -- --id kp-deathtouch --experiment ab --games 1600 --sample 40 --depth 3 --seed 62 --workers 16 --rule kings=Shadow:DeathTouch

> king-down-chess@0.0.1 sim
> tsx src/sim/run.ts --id kp-deathtouch --experiment ab --games 1600 --sample 40 --depth 3 --seed 62 --workers 16 --rule kings=Shadow:DeathTouch

[kp-deathtouch.base] 1600 games (0 already done), 1600 to play on 16 workers -> sim/out/kp-deathtouch.base.jsonl
[kp-deathtouch.base] depth 3, 4 random opening plies, ply cap 300, pairs off (both sides identical; --pairs forces them on)
[kp-deathtouch.base] rules {}, values {}
[kp-deathtouch.base] 4/1600  2.0 games/s  ETA 0h13m18s
[kp-deathtouch.base] 20/1600  5.0 games/s  ETA 0h05m16s
[kp-deathtouch.base] 38/1600  6.3 games/s  ETA 0h04m06s
[kp-deathtouch.base] 53/1600  6.6 games/s  ETA 0h03m53s
[kp-deathtouch.base] 66/1600  6.6 games/s  ETA 0h03m52s
[kp-deathtouch.base] 84/1600  7.0 games/s  ETA 0h03m36s
[kp-deathtouch.base] 98/1600  7.0 games/s  ETA 0h03m34s
[kp-deathtouch.base] 116/1600  7.2 games/s  ETA 0h03m24s
[kp-deathtouch.base] 132/1600  7.3 games/s  ETA 0h03m20s
[kp-deathtouch.base] 149/1600  7.4 games/s  ETA 0h03m14s
[kp-deathtouch.base] 165/1600  7.5 games/s  ETA 0h03m11s
[kp-deathtouch.base] 180/1600  7.5 games/s  ETA 0h03m09s
[kp-deathtouch.base] 195/1600  7.5 games/s  ETA 0h03m07s
[kp-deathtouch.base] 214/1600  7.6 games/s  ETA 0h03m01s
[kp-deathtouch.base] 229/1600  7.6 games/s  ETA 0h02m59s
[kp-deathtouch.base] 249/1600  7.8 games/s  ETA 0h02m53s
[kp-deathtouch.base] 262/1600  7.7 games/s  ETA 0h02m53s
[kp-deathtouch.base] 281/1600  7.8 games/s  ETA 0h02m49s
[kp-deathtouch.base] 297/1600  7.8 games/s  ETA 0h02m46s
[kp-deathtouch.base] 310/1600  7.7 games/s  ETA 0h02m46s
[kp-deathtouch.base] 328/1600  7.8 games/s  ETA 0h02m43s
[kp-deathtouch.base] 344/1600  7.8 games/s  ETA 0h02m40s
[kp-deathtouch.base] 360/1600  7.8 games/s  ETA 0h02m38s
[kp-deathtouch.base] 376/1600  7.8 games/s  ETA 0h02m36s
[kp-deathtouch.base] 393/1600  7.8 games/s  ETA 0h02m33s
[kp-deathtouch.base] 410/1600  7.9 games/s  ETA 0h02m31s
[kp-deathtouch.base] 424/1600  7.8 games/s  ETA 0h02m30s
[kp-deathtouch.base] 445/1600  7.9 games/s  ETA 0h02m25s
[kp-deathtouch.base] 463/1600  8.0 games/s  ETA 0h02m22s
[kp-deathtouch.base] 481/1600  8.0 games/s  ETA 0h02m19s
[kp-deathtouch.base] 497/1600  8.0 games/s  ETA 0h02m17s
[kp-deathtouch.base] 517/1600  8.1 games/s  ETA 0h02m14s
[kp-deathtouch.base] 533/1600  8.1 games/s  ETA 0h02m12s
[kp-deathtouch.base] 553/1600  8.1 games/s  ETA 0h02m08s
[kp-deathtouch.base] 568/1600  8.1 games/s  ETA 0h02m07s
[kp-deathtouch.base] 580/1600  8.0 games/s  ETA 0h02m06s
[kp-deathtouch.base] 596/1600  8.0 games/s  ETA 0h02m04s
[kp-deathtouch.base] 612/1600  8.0 games/s  ETA 0h02m02s
[kp-deathtouch.base] 632/1600  8.1 games/s  ETA 0h01m59s
[kp-deathtouch.base] 647/1600  8.1 games/s  ETA 0h01m58s
[kp-deathtouch.base] 660/1600  8.0 games/s  ETA 0h01m56s
[kp-deathtouch.base] 674/1600  8.0 games/s  ETA 0h01m55s
[kp-deathtouch.base] 692/1600  8.0 games/s  ETA 0h01m53s
[kp-deathtouch.base] 707/1600  8.0 games/s  ETA 0h01m51s
[kp-deathtouch.base] 725/1600  8.0 games/s  ETA 0h01m48s
[kp-deathtouch.base] 741/1600  8.0 games/s  ETA 0h01m46s
[kp-deathtouch.base] 757/1600  8.0 games/s  ETA 0h01m44s
[kp-deathtouch.base] 774/1600  8.1 games/s  ETA 0h01m42s
[kp-deathtouch.base] 789/1600  8.0 games/s  ETA 0h01m40s
[kp-deathtouch.base] 806/1600  8.0 games/s  ETA 0h01m38s
[kp-deathtouch.base] 823/1600  8.1 games/s  ETA 0h01m36s
[kp-deathtouch.base] 841/1600  8.1 games/s  ETA 0h01m33s
[kp-deathtouch.base] 857/1600  8.1 games/s  ETA 0h01m32s
[kp-deathtouch.base] 877/1600  8.1 games/s  ETA 0h01m29s
[kp-deathtouch.base] 892/1600  8.1 games/s  ETA 0h01m27s
[kp-deathtouch.base] 912/1600  8.1 games/s  ETA 0h01m24s
[kp-deathtouch.base] 927/1600  8.1 games/s  ETA 0h01m22s
[kp-deathtouch.base] 944/1600  8.1 games/s  ETA 0h01m20s
[kp-deathtouch.base] 964/1600  8.2 games/s  ETA 0h01m17s
[kp-deathtouch.base] 981/1600  8.2 games/s  ETA 0h01m15s
[kp-deathtouch.base] 996/1600  8.2 games/s  ETA 0h01m14s
[kp-deathtouch.base] 1009/1600  8.1 games/s  ETA 0h01m12s
[kp-deathtouch.base] 1027/1600  8.1 games/s  ETA 0h01m10s
[kp-deathtouch.base] 1042/1600  8.1 games/s  ETA 0h01m08s
[kp-deathtouch.base] 1061/1600  8.1 games/s  ETA 0h01m06s
[kp-deathtouch.base] 1074/1600  8.1 games/s  ETA 0h01m04s
[kp-deathtouch.base] 1091/1600  8.1 games/s  ETA 0h01m02s
[kp-deathtouch.base] 1107/1600  8.1 games/s  ETA 0h01m00s
[kp-deathtouch.base] 1123/1600  8.1 games/s  ETA 0h00m58s
[kp-deathtouch.base] 1141/1600  8.1 games/s  ETA 0h00m56s
[kp-deathtouch.base] 1159/1600  8.2 games/s  ETA 0h00m54s
[kp-deathtouch.base] 1181/1600  8.2 games/s  ETA 0h00m51s
[kp-deathtouch.base] 1202/1600  8.2 games/s  ETA 0h00m48s
[kp-deathtouch.base] 1218/1600  8.2 games/s  ETA 0h00m46s
[kp-deathtouch.base] 1235/1600  8.2 games/s  ETA 0h00m44s
[kp-deathtouch.base] 1252/1600  8.2 games/s  ETA 0h00m42s
[kp-deathtouch.base] 1268/1600  8.2 games/s  ETA 0h00m40s
[kp-deathtouch.base] 1285/1600  8.2 games/s  ETA 0h00m38s
[kp-deathtouch.base] 1299/1600  8.2 games/s  ETA 0h00m36s
[kp-deathtouch.base] 1321/1600  8.2 games/s  ETA 0h00m33s
[kp-deathtouch.base] 1337/1600  8.2 games/s  ETA 0h00m31s
[kp-deathtouch.base] 1357/1600  8.3 games/s  ETA 0h00m29s
[kp-deathtouch.base] 1373/1600  8.3 games/s  ETA 0h00m27s
[kp-deathtouch.base] 1388/1600  8.3 games/s  ETA 0h00m25s
[kp-deathtouch.base] 1404/1600  8.2 games/s  ETA 0h00m23s
[kp-deathtouch.base] 1421/1600  8.3 games/s  ETA 0h00m21s
[kp-deathtouch.base] 1440/1600  8.3 games/s  ETA 0h00m19s
[kp-deathtouch.base] 1456/1600  8.3 games/s  ETA 0h00m17s
[kp-deathtouch.base] 1474/1600  8.3 games/s  ETA 0h00m15s
[kp-deathtouch.base] 1488/1600  8.3 games/s  ETA 0h00m13s
[kp-deathtouch.base] 1505/1600  8.3 games/s  ETA 0h00m11s
[kp-deathtouch.base] 1524/1600  8.3 games/s  ETA 0h00m09s
[kp-deathtouch.base] 1544/1600  8.3 games/s  ETA 0h00m06s
[kp-deathtouch.base] 1560/1600  8.3 games/s  ETA 0h00m04s
[kp-deathtouch.base] 1578/1600  8.3 games/s  ETA 0h00m02s
[kp-deathtouch.base] 1598/1600  8.3 games/s  ETA 0h00m00s
[kp-deathtouch.base] 1600 games in 0h03m12s (8.3 games/s)
[kp-deathtouch.base] summary -> sim/out/kp-deathtouch.base.summary.json
[kp-deathtouch.var] 1600 games (0 already done), 1600 to play on 16 workers -> sim/out/kp-deathtouch.var.jsonl
[kp-deathtouch.var] depth 3, 4 random opening plies, ply cap 300, pairs off (both sides identical; --pairs forces them on)
[kp-deathtouch.var] rules {"kings":[{"king":"Shadow","power":"DeathTouch"},{"king":"Shadow","power":"DeathTouch"}]}, values {}
[kp-deathtouch.var] 2/1600  1.0 games/s  ETA 0h26m38s
[kp-deathtouch.var] 19/1600  4.7 games/s  ETA 0h05m33s
[kp-deathtouch.var] 35/1600  5.8 games/s  ETA 0h04m28s
[kp-deathtouch.var] 50/1600  6.2 games/s  ETA 0h04m08s
[kp-deathtouch.var] 63/1600  6.3 games/s  ETA 0h04m04s
[kp-deathtouch.var] 77/1600  6.4 games/s  ETA 0h03m57s
[kp-deathtouch.var] 90/1600  6.4 games/s  ETA 0h03m55s
[kp-deathtouch.var] 105/1600  6.6 games/s  ETA 0h03m47s
[kp-deathtouch.var] 120/1600  6.7 games/s  ETA 0h03m42s
[kp-deathtouch.var] 132/1600  6.6 games/s  ETA 0h03m42s
[kp-deathtouch.var] 151/1600  6.9 games/s  ETA 0h03m31s
[kp-deathtouch.var] 164/1600  6.8 games/s  ETA 0h03m30s
[kp-deathtouch.var] 179/1600  6.9 games/s  ETA 0h03m26s
[kp-deathtouch.var] 194/1600  6.9 games/s  ETA 0h03m23s
[kp-deathtouch.var] 210/1600  7.0 games/s  ETA 0h03m18s
[kp-deathtouch.var] 223/1600  7.0 games/s  ETA 0h03m17s
[kp-deathtouch.var] 240/1600  7.1 games/s  ETA 0h03m12s
[kp-deathtouch.var] 255/1600  7.1 games/s  ETA 0h03m10s
[kp-deathtouch.var] 269/1600  7.1 games/s  ETA 0h03m08s
[kp-deathtouch.var] 285/1600  7.1 games/s  ETA 0h03m04s
[kp-deathtouch.var] 302/1600  7.2 games/s  ETA 0h03m00s
[kp-deathtouch.var] 315/1600  7.2 games/s  ETA 0h02m59s
[kp-deathtouch.var] 329/1600  7.1 games/s  ETA 0h02m57s
[kp-deathtouch.var] 346/1600  7.2 games/s  ETA 0h02m54s
[kp-deathtouch.var] 364/1600  7.3 games/s  ETA 0h02m49s
[kp-deathtouch.var] 380/1600  7.3 games/s  ETA 0h02m47s
[kp-deathtouch.var] 395/1600  7.3 games/s  ETA 0h02m44s
[kp-deathtouch.var] 408/1600  7.3 games/s  ETA 0h02m43s
[kp-deathtouch.var] 422/1600  7.3 games/s  ETA 0h02m42s
[kp-deathtouch.var] 443/1600  7.4 games/s  ETA 0h02m36s
[kp-deathtouch.var] 458/1600  7.4 games/s  ETA 0h02m34s
[kp-deathtouch.var] 474/1600  7.4 games/s  ETA 0h02m32s
[kp-deathtouch.var] 491/1600  7.4 games/s  ETA 0h02m29s
[kp-deathtouch.var] 506/1600  7.4 games/s  ETA 0h02m27s
[kp-deathtouch.var] 527/1600  7.5 games/s  ETA 0h02m22s
[kp-deathtouch.var] 547/1600  7.6 games/s  ETA 0h02m18s
[kp-deathtouch.var] 562/1600  7.6 games/s  ETA 0h02m16s
[kp-deathtouch.var] 574/1600  7.5 games/s  ETA 0h02m15s
[kp-deathtouch.var] 585/1600  7.5 games/s  ETA 0h02m15s
[kp-deathtouch.var] 601/1600  7.5 games/s  ETA 0h02m13s
[kp-deathtouch.var] 616/1600  7.5 games/s  ETA 0h02m11s
[kp-deathtouch.var] 635/1600  7.6 games/s  ETA 0h02m07s
[kp-deathtouch.var] 651/1600  7.6 games/s  ETA 0h02m05s
[kp-deathtouch.var] 665/1600  7.5 games/s  ETA 0h02m03s
[kp-deathtouch.var] 679/1600  7.5 games/s  ETA 0h02m02s
[kp-deathtouch.var] 694/1600  7.5 games/s  ETA 0h02m00s
[kp-deathtouch.var] 707/1600  7.5 games/s  ETA 0h01m58s
[kp-deathtouch.var] 722/1600  7.5 games/s  ETA 0h01m56s
[kp-deathtouch.var] 738/1600  7.5 games/s  ETA 0h01m54s
[kp-deathtouch.var] 756/1600  7.6 games/s  ETA 0h01m51s
[kp-deathtouch.var] 773/1600  7.6 games/s  ETA 0h01m49s
[kp-deathtouch.var] 787/1600  7.6 games/s  ETA 0h01m47s
[kp-deathtouch.var] 805/1600  7.6 games/s  ETA 0h01m44s
[kp-deathtouch.var] 824/1600  7.6 games/s  ETA 0h01m41s
[kp-deathtouch.var] 835/1600  7.6 games/s  ETA 0h01m40s
[kp-deathtouch.var] 852/1600  7.6 games/s  ETA 0h01m38s
[kp-deathtouch.var] 868/1600  7.6 games/s  ETA 0h01m36s
[kp-deathtouch.var] 887/1600  7.6 games/s  ETA 0h01m33s
[kp-deathtouch.var] 902/1600  7.6 games/s  ETA 0h01m31s
[kp-deathtouch.var] 919/1600  7.6 games/s  ETA 0h01m29s
[kp-deathtouch.var] 936/1600  7.7 games/s  ETA 0h01m26s
[kp-deathtouch.var] 948/1600  7.6 games/s  ETA 0h01m25s
[kp-deathtouch.var] 963/1600  7.6 games/s  ETA 0h01m23s
[kp-deathtouch.var] 980/1600  7.6 games/s  ETA 0h01m21s
[kp-deathtouch.var] 995/1600  7.6 games/s  ETA 0h01m19s
[kp-deathtouch.var] 1008/1600  7.6 games/s  ETA 0h01m17s
[kp-deathtouch.var] 1029/1600  7.7 games/s  ETA 0h01m14s
[kp-deathtouch.var] 1042/1600  7.7 games/s  ETA 0h01m12s
[kp-deathtouch.var] 1058/1600  7.7 games/s  ETA 0h01m10s
[kp-deathtouch.var] 1075/1600  7.7 games/s  ETA 0h01m08s
[kp-deathtouch.var] 1087/1600  7.6 games/s  ETA 0h01m07s
[kp-deathtouch.var] 1105/1600  7.7 games/s  ETA 0h01m04s
[kp-deathtouch.var] 1119/1600  7.7 games/s  ETA 0h01m02s
[kp-deathtouch.var] 1136/1600  7.7 games/s  ETA 0h01m00s
[kp-deathtouch.var] 1150/1600  7.7 games/s  ETA 0h00m58s
[kp-deathtouch.var] 1167/1600  7.7 games/s  ETA 0h00m56s
[kp-deathtouch.var] 1188/1600  7.7 games/s  ETA 0h00m53s
[kp-deathtouch.var] 1201/1600  7.7 games/s  ETA 0h00m51s
[kp-deathtouch.var] 1216/1600  7.7 games/s  ETA 0h00m49s
[kp-deathtouch.var] 1234/1600  7.7 games/s  ETA 0h00m47s
[kp-deathtouch.var] 1249/1600  7.7 games/s  ETA 0h00m45s
[kp-deathtouch.var] 1259/1600  7.7 games/s  ETA 0h00m44s
[kp-deathtouch.var] 1270/1600  7.6 games/s  ETA 0h00m43s
[kp-deathtouch.var] 1285/1600  7.6 games/s  ETA 0h00m41s
[kp-deathtouch.var] 1296/1600  7.6 games/s  ETA 0h00m39s
[kp-deathtouch.var] 1313/1600  7.6 games/s  ETA 0h00m37s
[kp-deathtouch.var] 1329/1600  7.6 games/s  ETA 0h00m35s
[kp-deathtouch.var] 1345/1600  7.6 games/s  ETA 0h00m33s
[kp-deathtouch.var] 1360/1600  7.6 games/s  ETA 0h00m31s
[kp-deathtouch.var] 1373/1600  7.6 games/s  ETA 0h00m29s
[kp-deathtouch.var] 1388/1600  7.6 games/s  ETA 0h00m27s
[kp-deathtouch.var] 1406/1600  7.6 games/s  ETA 0h00m25s
[kp-deathtouch.var] 1418/1600  7.6 games/s  ETA 0h00m23s
[kp-deathtouch.var] 1432/1600  7.6 games/s  ETA 0h00m22s
[kp-deathtouch.var] 1450/1600  7.6 games/s  ETA 0h00m19s
[kp-deathtouch.var] 1463/1600  7.6 games/s  ETA 0h00m18s
[kp-deathtouch.var] 1479/1600  7.6 games/s  ETA 0h00m15s
[kp-deathtouch.var] 1492/1600  7.6 games/s  ETA 0h00m14s
[kp-deathtouch.var] 1510/1600  7.6 games/s  ETA 0h00m11s
[kp-deathtouch.var] 1525/1600  7.6 games/s  ETA 0h00m09s
[kp-deathtouch.var] 1540/1600  7.6 games/s  ETA 0h00m07s
[kp-deathtouch.var] 1555/1600  7.6 games/s  ETA 0h00m05s
[kp-deathtouch.var] 1573/1600  7.6 games/s  ETA 0h00m03s
[kp-deathtouch.var] 1592/1600  7.6 games/s  ETA 0h00m01s
[kp-deathtouch.var] 1600 games in 0h03m29s (7.6 games/s)
[kp-deathtouch.var] summary -> sim/out/kp-deathtouch.var.summary.json
# Rule A/B — kp-deathtouch

`kings=[object Object],[object Object]` against today's defaults.
1600 games per population, depth 3, the same 40 arrangements and the same
opening seeds in both (common random numbers). Control arm: `kp-deathtouch.base`.

A symmetric rule changes both sides at once, so there is no match to run and no SPRT: this is a
paired two-population comparison. The interval is a 95% normal approximation on the
mean paired difference over arrangements; with few arrangements,
and with one interval per metric, read "significant" as "worth a second run", not as a test.

| metric | base (pooled) | with the rule (pooled) | mean paired difference ±95% | significant |
|---|---|---|---|---|
| white score | 0.534 | 0.525 | -0.009 ± 0.022 | no |
| decisive | 0.721 | 0.671 | -0.050 ± 0.027 | yes |
| draw rate | 0.264 | 0.306 | +0.041 ± 0.026 | yes |
| capped | 0.014 | 0.023 | +0.009 ± 0.008 | yes |
| mean plies | 121.3 | 127.7 | +6.5 ± 2.3 | yes |
| branching factor | 32.1 | 31.9 | -0.2 ± 0.2 | no |
| killer move | 0.332 | 0.314 | -0.018 ± 0.012 | yes |
| lead change | 0.068 | 0.066 | -0.002 ± 0.002 | yes |
| uncertainty late | 0.648 | 0.648 | -0.000 ± 0.002 | no |
| drama | 0.138 | 0.127 | -0.011 ± 0.009 | yes |
| permanence | 0.961 | 0.962 | +0.001 ± 0.001 | yes |
| min utilisation | 0.44 | 0.42 | -0.02 ± 0.01 | yes |
| interest | 0.484 | 0.480 | -0.004 ± 0.005 | no |
| interest (min-use) | 0.484 | 0.480 | -0.002 ± 0.008 | no |
| killerMove (resid.) | 0.003 | -0.003 | -0.007 ± 0.010 | no |
| leadChange (resid.) | 0.002 | -0.002 | -0.005 ± 0.002 | yes |
| uncertaintyLate (resid.) | 0.003 | -0.003 | -0.007 ± 0.004 | yes |
| drama (resid.) | 0.003 | -0.003 | -0.005 ± 0.008 | no |
| permanence (resid.) | -0.000 | 0.000 | +0.000 ± 0.001 | no |
| fairyUse (resid.) | 0.000 | 0.000 | +0.000 ± 0.000 | no |
| excessDecisiveness (resid.) | -0.003 | 0.032 | +0.038 ± 0.011 | yes |
| interest (resid.) | 0.001 | 0.001 | +0.000 ± 0.003 | no |
| interestMinFairy (resid.) | 0.010 | 0.012 | +0.004 ± 0.007 | no |

## Degeneracy counters
| counter | base | with the rule |
|---|---|---|
| guard captures per game | 0.000 | 0.000 |
| games with a guard rampage (≥ 3 captures) | 0 (0.0%) | 0 (0.0%) |
| dead-material endings (draw50 + drawMaterial) | 30 (1.9%) | 56 (3.5%) |
| games where a king never moved | 259 (16.2%) | 224 (14.0%) |

## Per piece (both sides, whole population; moves and captures per game)
| piece | moves A | moves B | captures A | captures B | survival A | survival B |
|---|---|---|---|---|---|---|
| P | 26.54 | 26.95 | 4.41 | 4.54 | 40.7% | 37.6% |
| M | 14.65 | 15.47 | 1.61 | 1.61 | 34.1% | 32.2% |
| A | 14.46 | 14.89 | 2.49 | 2.47 | 46.9% | 44.9% |
| K | 14.32 | 16.20 | 1.04 | 1.64 | 100.0% | 100.0% |
| R | 12.87 | 14.38 | 1.81 | 1.94 | 42.3% | 39.9% |
| S | 10.48 | 10.76 | 1.40 | 1.28 | 32.9% | 31.3% |
| B | 7.34 | 7.63 | 1.65 | 1.63 | 23.5% | 22.0% |
| N | 6.66 | 6.79 | 1.35 | 1.36 | 10.4% | 11.0% |
| Q | 5.93 | 6.34 | 0.99 | 1.02 | 76.3% | 73.0% |
| G | 4.98 | 5.14 | 0.00 | 0.00 | 96.7% | 94.3% |
| L | 3.05 | 3.18 | 0.85 | 0.84 | 6.2% | 6.0% |

## Fairy events per game
| event | base | with the rule |
|---|---|---|
| archerShots | 2.49 | 2.47 |
| beastChainMoves | 1.08 | 1.03 |
| beastChainCaptures | 1.40 | 1.28 |
| maesterSwaps | 6.56 | 6.94 |
| maesterLongSwaps | 0.75 | 0.90 |
| paladinSacrifices | 0.39 | 0.39 |
| promotions | 0.32 | 0.31 |
| checks | 4.42 | 3.88 |
| ogreShoves | 0.00 | 0.00 |
| ogreShovesFriend | 0.00 | 0.00 |
| ogreShovesGuard | 0.00 | 0.00 |
| catapultChecks | 0.00 | 0.00 |

The pooled columns describe each whole population; the difference column is the mean over the
40 shared arrangements of (rule − base) on the same openings. The two can disagree in sign when the
pooled value is not a mean of the per-arrangement values (minimum utilisation is one). Trust the
paired column.

Elo of the variant population is not reported: both populations play themselves, so their scores
are not comparable as a match. Read the white score as a fairness check, not as a strength delta.

== 2026-09-17 04:05:06 npm run sim -- --id kp-darkness --experiment ab --games 1600 --sample 40 --depth 3 --seed 62 --workers 16 --rule kings=Shadow:Darkness

> king-down-chess@0.0.1 sim
> tsx src/sim/run.ts --id kp-darkness --experiment ab --games 1600 --sample 40 --depth 3 --seed 62 --workers 16 --rule kings=Shadow:Darkness

[kp-darkness.base] 1600 games (0 already done), 1600 to play on 16 workers -> sim/out/kp-darkness.base.jsonl
[kp-darkness.base] depth 3, 4 random opening plies, ply cap 300, pairs off (both sides identical; --pairs forces them on)
[kp-darkness.base] rules {}, values {}
[kp-darkness.base] 5/1600  2.5 games/s  ETA 0h10m38s
[kp-darkness.base] 20/1600  5.0 games/s  ETA 0h05m16s
[kp-darkness.base] 39/1600  6.5 games/s  ETA 0h04m00s
[kp-darkness.base] 53/1600  6.6 games/s  ETA 0h03m53s
[kp-darkness.base] 66/1600  6.6 games/s  ETA 0h03m52s
[kp-darkness.base] 84/1600  7.0 games/s  ETA 0h03m36s
[kp-darkness.base] 98/1600  7.0 games/s  ETA 0h03m34s
[kp-darkness.base] 114/1600  7.1 games/s  ETA 0h03m28s
[kp-darkness.base] 133/1600  7.4 games/s  ETA 0h03m18s
[kp-darkness.base] 148/1600  7.4 games/s  ETA 0h03m16s
[kp-darkness.base] 165/1600  7.5 games/s  ETA 0h03m11s
[kp-darkness.base] 180/1600  7.5 games/s  ETA 0h03m09s
[kp-darkness.base] 196/1600  7.5 games/s  ETA 0h03m06s
[kp-darkness.base] 213/1600  7.6 games/s  ETA 0h03m02s
[kp-darkness.base] 232/1600  7.7 games/s  ETA 0h02m57s
[kp-darkness.base] 251/1600  7.8 games/s  ETA 0h02m52s
[kp-darkness.base] 267/1600  7.8 games/s  ETA 0h02m49s
[kp-darkness.base] 283/1600  7.9 games/s  ETA 0h02m47s
[kp-darkness.base] 302/1600  7.9 games/s  ETA 0h02m43s
[kp-darkness.base] 319/1600  8.0 games/s  ETA 0h02m40s
[kp-darkness.base] 335/1600  8.0 games/s  ETA 0h02m38s
[kp-darkness.base] 350/1600  7.9 games/s  ETA 0h02m37s
[kp-darkness.base] 369/1600  8.0 games/s  ETA 0h02m33s
[kp-darkness.base] 386/1600  8.0 games/s  ETA 0h02m31s
[kp-darkness.base] 404/1600  8.1 games/s  ETA 0h02m28s
[kp-darkness.base] 419/1600  8.0 games/s  ETA 0h02m26s
[kp-darkness.base] 439/1600  8.1 games/s  ETA 0h02m22s
[kp-darkness.base] 459/1600  8.2 games/s  ETA 0h02m19s
[kp-darkness.base] 479/1600  8.2 games/s  ETA 0h02m15s
[kp-darkness.base] 495/1600  8.2 games/s  ETA 0h02m14s
[kp-darkness.base] 516/1600  8.3 games/s  ETA 0h02m10s
[kp-darkness.base] 534/1600  8.3 games/s  ETA 0h02m07s
[kp-darkness.base] 554/1600  8.4 games/s  ETA 0h02m04s
[kp-darkness.base] 568/1600  8.3 games/s  ETA 0h02m03s
[kp-darkness.base] 582/1600  8.3 games/s  ETA 0h02m02s
[kp-darkness.base] 597/1600  8.3 games/s  ETA 0h02m01s
[kp-darkness.base] 611/1600  8.2 games/s  ETA 0h01m59s
[kp-darkness.base] 628/1600  8.3 games/s  ETA 0h01m57s
[kp-darkness.base] 640/1600  8.2 games/s  ETA 0h01m57s
[kp-darkness.base] 655/1600  8.2 games/s  ETA 0h01m55s
[kp-darkness.base] 669/1600  8.1 games/s  ETA 0h01m54s
[kp-darkness.base] 679/1600  8.1 games/s  ETA 0h01m54s
[kp-darkness.base] 695/1600  8.1 games/s  ETA 0h01m52s
[kp-darkness.base] 713/1600  8.1 games/s  ETA 0h01m49s
[kp-darkness.base] 727/1600  8.1 games/s  ETA 0h01m48s
[kp-darkness.base] 743/1600  8.1 games/s  ETA 0h01m46s
[kp-darkness.base] 757/1600  8.0 games/s  ETA 0h01m44s
[kp-darkness.base] 773/1600  8.0 games/s  ETA 0h01m42s
[kp-darkness.base] 789/1600  8.0 games/s  ETA 0h01m40s
[kp-darkness.base] 802/1600  8.0 games/s  ETA 0h01m39s
[kp-darkness.base] 815/1600  8.0 games/s  ETA 0h01m38s
[kp-darkness.base] 833/1600  8.0 games/s  ETA 0h01m35s
[kp-darkness.base] 849/1600  8.0 games/s  ETA 0h01m33s
[kp-darkness.base] 865/1600  8.0 games/s  ETA 0h01m31s
[kp-darkness.base] 880/1600  8.0 games/s  ETA 0h01m30s
[kp-darkness.base] 894/1600  8.0 games/s  ETA 0h01m28s
[kp-darkness.base] 913/1600  8.0 games/s  ETA 0h01m25s
[kp-darkness.base] 929/1600  8.0 games/s  ETA 0h01m23s
[kp-darkness.base] 943/1600  8.0 games/s  ETA 0h01m22s
[kp-darkness.base] 956/1600  8.0 games/s  ETA 0h01m20s
[kp-darkness.base] 974/1600  8.0 games/s  ETA 0h01m18s
[kp-darkness.base] 986/1600  7.9 games/s  ETA 0h01m17s
[kp-darkness.base] 1002/1600  7.9 games/s  ETA 0h01m15s
[kp-darkness.base] 1017/1600  7.9 games/s  ETA 0h01m13s
[kp-darkness.base] 1035/1600  8.0 games/s  ETA 0h01m11s
[kp-darkness.base] 1047/1600  7.9 games/s  ETA 0h01m09s
[kp-darkness.base] 1062/1600  7.9 games/s  ETA 0h01m07s
[kp-darkness.base] 1074/1600  7.9 games/s  ETA 0h01m06s
[kp-darkness.base] 1088/1600  7.9 games/s  ETA 0h01m05s
[kp-darkness.base] 1101/1600  7.9 games/s  ETA 0h01m03s
[kp-darkness.base] 1113/1600  7.8 games/s  ETA 0h01m02s
[kp-darkness.base] 1125/1600  7.8 games/s  ETA 0h01m00s
[kp-darkness.base] 1141/1600  7.8 games/s  ETA 0h00m58s
[kp-darkness.base] 1153/1600  7.8 games/s  ETA 0h00m57s
[kp-darkness.base] 1168/1600  7.8 games/s  ETA 0h00m55s
[kp-darkness.base] 1183/1600  7.8 games/s  ETA 0h00m53s
[kp-darkness.base] 1197/1600  7.8 games/s  ETA 0h00m51s
[kp-darkness.base] 1209/1600  7.7 games/s  ETA 0h00m50s
[kp-darkness.base] 1218/1600  7.7 games/s  ETA 0h00m49s
[kp-darkness.base] 1233/1600  7.7 games/s  ETA 0h00m47s
[kp-darkness.base] 1243/1600  7.7 games/s  ETA 0h00m46s
[kp-darkness.base] 1254/1600  7.6 games/s  ETA 0h00m45s
[kp-darkness.base] 1266/1600  7.6 games/s  ETA 0h00m43s
[kp-darkness.base] 1281/1600  7.6 games/s  ETA 0h00m41s
[kp-darkness.base] 1293/1600  7.6 games/s  ETA 0h00m40s
[kp-darkness.base] 1304/1600  7.6 games/s  ETA 0h00m39s
[kp-darkness.base] 1324/1600  7.6 games/s  ETA 0h00m36s
[kp-darkness.base] 1334/1600  7.6 games/s  ETA 0h00m35s
[kp-darkness.base] 1353/1600  7.6 games/s  ETA 0h00m32s
[kp-darkness.base] 1370/1600  7.6 games/s  ETA 0h00m30s
[kp-darkness.base] 1381/1600  7.6 games/s  ETA 0h00m28s
[kp-darkness.base] 1397/1600  7.6 games/s  ETA 0h00m26s
[kp-darkness.base] 1412/1600  7.6 games/s  ETA 0h00m24s
[kp-darkness.base] 1427/1600  7.6 games/s  ETA 0h00m22s
[kp-darkness.base] 1445/1600  7.6 games/s  ETA 0h00m20s
[kp-darkness.base] 1459/1600  7.6 games/s  ETA 0h00m18s
[kp-darkness.base] 1474/1600  7.6 games/s  ETA 0h00m16s
[kp-darkness.base] 1489/1600  7.6 games/s  ETA 0h00m14s
[kp-darkness.base] 1506/1600  7.6 games/s  ETA 0h00m12s
[kp-darkness.base] 1527/1600  7.6 games/s  ETA 0h00m09s
[kp-darkness.base] 1546/1600  7.6 games/s  ETA 0h00m07s
[kp-darkness.base] 1562/1600  7.6 games/s  ETA 0h00m04s
[kp-darkness.base] 1580/1600  7.7 games/s  ETA 0h00m02s
[kp-darkness.base] 1600 games in 0h03m28s (7.7 games/s)
[kp-darkness.base] summary -> sim/out/kp-darkness.base.summary.json
[kp-darkness.var] 1600 games (0 already done), 1600 to play on 16 workers -> sim/out/kp-darkness.var.jsonl
[kp-darkness.var] depth 3, 4 random opening plies, ply cap 300, pairs off (both sides identical; --pairs forces them on)
[kp-darkness.var] rules {"kings":[{"king":"Shadow","power":"Darkness"},{"king":"Shadow","power":"Darkness"}]}, values {}
[kp-darkness.var] 3/1600  1.5 games/s  ETA 0h17m45s
[kp-darkness.var] 19/1600  4.7 games/s  ETA 0h05m33s
[kp-darkness.var] 37/1600  6.2 games/s  ETA 0h04m13s
[kp-darkness.var] 54/1600  6.7 games/s  ETA 0h03m49s
[kp-darkness.var] 74/1600  7.4 games/s  ETA 0h03m26s
[kp-darkness.var] 91/1600  7.6 games/s  ETA 0h03m19s
[kp-darkness.var] 108/1600  7.7 games/s  ETA 0h03m13s
[kp-darkness.var] 129/1600  8.1 games/s  ETA 0h03m02s
[kp-darkness.var] 146/1600  8.1 games/s  ETA 0h02m59s
[kp-darkness.var] 164/1600  8.2 games/s  ETA 0h02m55s
[kp-darkness.var] 180/1600  8.2 games/s  ETA 0h02m53s
[kp-darkness.var] 197/1600  8.2 games/s  ETA 0h02m51s
[kp-darkness.var] 212/1600  8.1 games/s  ETA 0h02m50s
[kp-darkness.var] 234/1600  8.3 games/s  ETA 0h02m43s
[kp-darkness.var] 248/1600  8.3 games/s  ETA 0h02m43s
[kp-darkness.var] 267/1600  8.3 games/s  ETA 0h02m39s
[kp-darkness.var] 287/1600  8.4 games/s  ETA 0h02m35s
[kp-darkness.var] 311/1600  8.6 games/s  ETA 0h02m29s
[kp-darkness.var] 326/1600  8.6 games/s  ETA 0h02m28s
[kp-darkness.var] 345/1600  8.6 games/s  ETA 0h02m25s
[kp-darkness.var] 366/1600  8.7 games/s  ETA 0h02m21s
[kp-darkness.var] 386/1600  8.8 games/s  ETA 0h02m18s
[kp-darkness.var] 405/1600  8.8 games/s  ETA 0h02m15s
[kp-darkness.var] 425/1600  8.8 games/s  ETA 0h02m12s
[kp-darkness.var] 446/1600  8.9 games/s  ETA 0h02m09s
[kp-darkness.var] 462/1600  8.9 games/s  ETA 0h02m08s
[kp-darkness.var] 477/1600  8.8 games/s  ETA 0h02m07s
[kp-darkness.var] 497/1600  8.9 games/s  ETA 0h02m04s
[kp-darkness.var] 515/1600  8.9 games/s  ETA 0h02m02s
[kp-darkness.var] 540/1600  9.0 games/s  ETA 0h01m57s
[kp-darkness.var] 555/1600  8.9 games/s  ETA 0h01m56s
[kp-darkness.var] 576/1600  9.0 games/s  ETA 0h01m53s
[kp-darkness.var] 596/1600  9.0 games/s  ETA 0h01m51s
[kp-darkness.var] 611/1600  9.0 games/s  ETA 0h01m50s
[kp-darkness.var] 626/1600  8.9 games/s  ETA 0h01m49s
[kp-darkness.var] 646/1600  9.0 games/s  ETA 0h01m46s
[kp-darkness.var] 665/1600  9.0 games/s  ETA 0h01m44s
[kp-darkness.var] 684/1600  9.0 games/s  ETA 0h01m41s
[kp-darkness.var] 699/1600  9.0 games/s  ETA 0h01m40s
[kp-darkness.var] 713/1600  8.9 games/s  ETA 0h01m39s
[kp-darkness.var] 728/1600  8.9 games/s  ETA 0h01m38s
[kp-darkness.var] 745/1600  8.9 games/s  ETA 0h01m36s
[kp-darkness.var] 762/1600  8.8 games/s  ETA 0h01m34s
[kp-darkness.var] 780/1600  8.9 games/s  ETA 0h01m32s
[kp-darkness.var] 793/1600  8.8 games/s  ETA 0h01m31s
[kp-darkness.var] 809/1600  8.8 games/s  ETA 0h01m30s
[kp-darkness.var] 827/1600  8.8 games/s  ETA 0h01m27s
[kp-darkness.var] 848/1600  8.8 games/s  ETA 0h01m25s
[kp-darkness.var] 867/1600  8.8 games/s  ETA 0h01m22s
[kp-darkness.var] 886/1600  8.8 games/s  ETA 0h01m20s
[kp-darkness.var] 901/1600  8.8 games/s  ETA 0h01m19s
[kp-darkness.var] 918/1600  8.8 games/s  ETA 0h01m17s
[kp-darkness.var] 935/1600  8.8 games/s  ETA 0h01m15s
[kp-darkness.var] 957/1600  8.9 games/s  ETA 0h01m12s
[kp-darkness.var] 971/1600  8.8 games/s  ETA 0h01m11s
[kp-darkness.var] 988/1600  8.8 games/s  ETA 0h01m09s
[kp-darkness.var] 1007/1600  8.8 games/s  ETA 0h01m07s
[kp-darkness.var] 1024/1600  8.8 games/s  ETA 0h01m05s
[kp-darkness.var] 1038/1600  8.8 games/s  ETA 0h01m03s
[kp-darkness.var] 1053/1600  8.8 games/s  ETA 0h01m02s
[kp-darkness.var] 1072/1600  8.8 games/s  ETA 0h01m00s
[kp-darkness.var] 1089/1600  8.8 games/s  ETA 0h00m58s
[kp-darkness.var] 1107/1600  8.8 games/s  ETA 0h00m56s
[kp-darkness.var] 1123/1600  8.8 games/s  ETA 0h00m54s
[kp-darkness.var] 1136/1600  8.7 games/s  ETA 0h00m53s
[kp-darkness.var] 1154/1600  8.7 games/s  ETA 0h00m51s
[kp-darkness.var] 1172/1600  8.7 games/s  ETA 0h00m49s
[kp-darkness.var] 1192/1600  8.8 games/s  ETA 0h00m46s
[kp-darkness.var] 1211/1600  8.8 games/s  ETA 0h00m44s
[kp-darkness.var] 1229/1600  8.8 games/s  ETA 0h00m42s
[kp-darkness.var] 1247/1600  8.8 games/s  ETA 0h00m40s
[kp-darkness.var] 1264/1600  8.8 games/s  ETA 0h00m38s
[kp-darkness.var] 1282/1600  8.8 games/s  ETA 0h00m36s
[kp-darkness.var] 1299/1600  8.8 games/s  ETA 0h00m34s
[kp-darkness.var] 1322/1600  8.8 games/s  ETA 0h00m31s
[kp-darkness.var] 1340/1600  8.8 games/s  ETA 0h00m29s
[kp-darkness.var] 1357/1600  8.8 games/s  ETA 0h00m27s
[kp-darkness.var] 1376/1600  8.8 games/s  ETA 0h00m25s
[kp-darkness.var] 1397/1600  8.8 games/s  ETA 0h00m22s
[kp-darkness.var] 1416/1600  8.8 games/s  ETA 0h00m20s
[kp-darkness.var] 1433/1600  8.8 games/s  ETA 0h00m18s
[kp-darkness.var] 1455/1600  8.9 games/s  ETA 0h00m16s
[kp-darkness.var] 1475/1600  8.9 games/s  ETA 0h00m14s
[kp-darkness.var] 1492/1600  8.9 games/s  ETA 0h00m12s
[kp-darkness.var] 1513/1600  8.9 games/s  ETA 0h00m09s
[kp-darkness.var] 1534/1600  8.9 games/s  ETA 0h00m07s
[kp-darkness.var] 1548/1600  8.9 games/s  ETA 0h00m05s
[kp-darkness.var] 1568/1600  8.9 games/s  ETA 0h00m03s
[kp-darkness.var] 1594/1600  8.9 games/s  ETA 0h00m00s
[kp-darkness.var] 1600 games in 0h02m59s (8.9 games/s)
[kp-darkness.var] summary -> sim/out/kp-darkness.var.summary.json
# Rule A/B — kp-darkness

`kings=[object Object],[object Object]` against today's defaults.
1600 games per population, depth 3, the same 40 arrangements and the same
opening seeds in both (common random numbers). Control arm: `kp-darkness.base`.

A symmetric rule changes both sides at once, so there is no match to run and no SPRT: this is a
paired two-population comparison. The interval is a 95% normal approximation on the
mean paired difference over arrangements; with few arrangements,
and with one interval per metric, read "significant" as "worth a second run", not as a test.

| metric | base (pooled) | with the rule (pooled) | mean paired difference ±95% | significant |
|---|---|---|---|---|
| white score | 0.534 | 0.542 | +0.008 ± 0.039 | no |
| decisive | 0.721 | 0.876 | +0.154 ± 0.039 | yes |
| draw rate | 0.264 | 0.122 | -0.142 ± 0.038 | yes |
| capped | 0.014 | 0.002 | -0.013 ± 0.007 | yes |
| mean plies | 121.3 | 94.1 | -27.2 ± 3.7 | yes |
| branching factor | 32.1 | 33.0 | +0.8 ± 0.3 | yes |
| killer move | 0.332 | 0.415 | +0.083 ± 0.019 | yes |
| lead change | 0.068 | 0.082 | +0.014 ± 0.006 | yes |
| uncertainty late | 0.648 | 0.638 | -0.010 ± 0.006 | yes |
| drama | 0.138 | 0.173 | +0.035 ± 0.012 | yes |
| permanence | 0.961 | 0.946 | -0.015 ± 0.002 | yes |
| min utilisation | 0.44 | 0.49 | +0.00 ± 0.03 | no |
| interest | 0.484 | 0.500 | +0.016 ± 0.006 | yes |
| interest (min-use) | 0.484 | 0.397 | -0.033 ± 0.016 | yes |
| killerMove (resid.) | -0.009 | 0.009 | +0.018 ± 0.015 | yes |
| leadChange (resid.) | -0.006 | 0.006 | +0.012 ± 0.006 | yes |
| uncertaintyLate (resid.) | -0.002 | 0.002 | +0.005 ± 0.004 | yes |
| drama (resid.) | -0.004 | 0.004 | +0.009 ± 0.011 | no |
| permanence (resid.) | 0.002 | -0.002 | -0.005 ± 0.002 | yes |
| fairyUse (resid.) | 0.000 | 0.000 | +0.000 ± 0.000 | no |
| excessDecisiveness (resid.) | 0.053 | -0.034 | -0.075 ± 0.019 | yes |
| interest (resid.) | 0.002 | -0.001 | -0.002 ± 0.004 | no |
| interestMinFairy (resid.) | 0.024 | -0.054 | -0.024 ± 0.017 | yes |

## Degeneracy counters
| counter | base | with the rule |
|---|---|---|
| guard captures per game | 0.000 | 0.000 |
| games with a guard rampage (≥ 3 captures) | 0 (0.0%) | 0 (0.0%) |
| dead-material endings (draw50 + drawMaterial) | 30 (1.9%) | 16 (1.0%) |
| games where a king never moved | 259 (16.2%) | 427 (26.7%) |

## Per piece (both sides, whole population; moves and captures per game)
| piece | moves A | moves B | captures A | captures B | survival A | survival B |
|---|---|---|---|---|---|---|
| P | 26.54 | 24.13 | 4.41 | 2.50 | 40.7% | 49.2% |
| M | 14.65 | 9.97 | 1.61 | 1.44 | 34.1% | 42.9% |
| A | 14.46 | 12.18 | 2.49 | 2.48 | 46.9% | 47.6% |
| K | 14.32 | 8.97 | 1.04 | 1.01 | 100.0% | 100.0% |
| R | 12.87 | 7.39 | 1.81 | 1.83 | 42.3% | 30.9% |
| S | 10.48 | 10.31 | 1.40 | 1.90 | 32.9% | 33.2% |
| B | 7.34 | 6.36 | 1.65 | 1.66 | 23.5% | 28.9% |
| N | 6.66 | 6.38 | 1.35 | 1.25 | 10.4% | 16.9% |
| Q | 5.93 | 4.53 | 0.99 | 1.18 | 76.3% | 85.7% |
| G | 4.98 | 1.64 | 0.00 | 0.00 | 96.7% | 97.4% |
| L | 3.05 | 2.26 | 0.85 | 0.78 | 6.2% | 6.8% |

## Fairy events per game
| event | base | with the rule |
|---|---|---|
| archerShots | 2.49 | 2.48 |
| beastChainMoves | 1.08 | 1.30 |
| beastChainCaptures | 1.40 | 1.90 |
| maesterSwaps | 6.56 | 3.49 |
| maesterLongSwaps | 0.75 | 0.49 |
| paladinSacrifices | 0.39 | 0.39 |
| promotions | 0.32 | 0.45 |
| checks | 4.42 | 4.18 |
| ogreShoves | 0.00 | 0.00 |
| ogreShovesFriend | 0.00 | 0.00 |
| ogreShovesGuard | 0.00 | 0.00 |
| catapultChecks | 0.00 | 0.00 |

The pooled columns describe each whole population; the difference column is the mean over the
40 shared arrangements of (rule − base) on the same openings. The two can disagree in sign when the
pooled value is not a mean of the per-arrangement values (minimum utilisation is one). Trust the
paired column.

Elo of the variant population is not reported: both populations play themselves, so their scores
are not comparable as a match. Read the white score as a fairness check, not as a strength delta.

== 2026-09-17 04:11:35 npm run sim -- --id kp-march --experiment ab --games 1600 --sample 40 --depth 3 --seed 62 --workers 16 --rule kings=Mud:March

> king-down-chess@0.0.1 sim
> tsx src/sim/run.ts --id kp-march --experiment ab --games 1600 --sample 40 --depth 3 --seed 62 --workers 16 --rule kings=Mud:March

[kp-march.base] 1600 games (0 already done), 1600 to play on 16 workers -> sim/out/kp-march.base.jsonl
[kp-march.base] depth 3, 4 random opening plies, ply cap 300, pairs off (both sides identical; --pairs forces them on)
[kp-march.base] rules {}, values {}
[kp-march.base] 4/1600  2.0 games/s  ETA 0h13m18s
[kp-march.base] 22/1600  5.5 games/s  ETA 0h04m46s
[kp-march.base] 39/1600  6.5 games/s  ETA 0h04m00s
[kp-march.base] 54/1600  6.7 games/s  ETA 0h03m49s
[kp-march.base] 66/1600  6.6 games/s  ETA 0h03m52s
[kp-march.base] 86/1600  7.2 games/s  ETA 0h03m31s
[kp-march.base] 101/1600  7.2 games/s  ETA 0h03m27s
[kp-march.base] 118/1600  7.4 games/s  ETA 0h03m21s
[kp-march.base] 135/1600  7.5 games/s  ETA 0h03m15s
[kp-march.base] 150/1600  7.5 games/s  ETA 0h03m13s
[kp-march.base] 167/1600  7.6 games/s  ETA 0h03m09s
[kp-march.base] 182/1600  7.6 games/s  ETA 0h03m07s
[kp-march.base] 197/1600  7.6 games/s  ETA 0h03m05s
[kp-march.base] 213/1600  7.6 games/s  ETA 0h03m02s
[kp-march.base] 231/1600  7.7 games/s  ETA 0h02m58s
[kp-march.base] 250/1600  7.8 games/s  ETA 0h02m53s
[kp-march.base] 263/1600  7.7 games/s  ETA 0h02m53s
[kp-march.base] 282/1600  7.8 games/s  ETA 0h02m48s
[kp-march.base] 297/1600  7.8 games/s  ETA 0h02m46s
[kp-march.base] 313/1600  7.8 games/s  ETA 0h02m44s
[kp-march.base] 329/1600  7.8 games/s  ETA 0h02m42s
[kp-march.base] 344/1600  7.8 games/s  ETA 0h02m40s
[kp-march.base] 360/1600  7.8 games/s  ETA 0h02m38s
[kp-march.base] 376/1600  7.8 games/s  ETA 0h02m36s
[kp-march.base] 395/1600  7.9 games/s  ETA 0h02m32s
[kp-march.base] 411/1600  7.9 games/s  ETA 0h02m30s
[kp-march.base] 425/1600  7.9 games/s  ETA 0h02m29s
[kp-march.base] 447/1600  8.0 games/s  ETA 0h02m24s
[kp-march.base] 466/1600  8.0 games/s  ETA 0h02m21s
[kp-march.base] 481/1600  8.0 games/s  ETA 0h02m19s
[kp-march.base] 499/1600  8.0 games/s  ETA 0h02m17s
[kp-march.base] 518/1600  8.1 games/s  ETA 0h02m13s
[kp-march.base] 538/1600  8.1 games/s  ETA 0h02m10s
[kp-march.base] 557/1600  8.2 games/s  ETA 0h02m07s
[kp-march.base] 573/1600  8.2 games/s  ETA 0h02m05s
[kp-march.base] 585/1600  8.1 games/s  ETA 0h02m05s
[kp-march.base] 605/1600  8.2 games/s  ETA 0h02m01s
[kp-march.base] 620/1600  8.1 games/s  ETA 0h02m00s
[kp-march.base] 637/1600  8.2 games/s  ETA 0h01m58s
[kp-march.base] 654/1600  8.2 games/s  ETA 0h01m55s
[kp-march.base] 671/1600  8.2 games/s  ETA 0h01m53s
[kp-march.base] 685/1600  8.1 games/s  ETA 0h01m52s
[kp-march.base] 703/1600  8.2 games/s  ETA 0h01m49s
[kp-march.base] 717/1600  8.1 games/s  ETA 0h01m48s
[kp-march.base] 736/1600  8.2 games/s  ETA 0h01m45s
[kp-march.base] 755/1600  8.2 games/s  ETA 0h01m43s
[kp-march.base] 770/1600  8.2 games/s  ETA 0h01m41s
[kp-march.base] 787/1600  8.2 games/s  ETA 0h01m39s
[kp-march.base] 803/1600  8.2 games/s  ETA 0h01m37s
[kp-march.base] 823/1600  8.2 games/s  ETA 0h01m34s
[kp-march.base] 840/1600  8.2 games/s  ETA 0h01m32s
[kp-march.base] 856/1600  8.2 games/s  ETA 0h01m30s
[kp-march.base] 877/1600  8.3 games/s  ETA 0h01m27s
[kp-march.base] 891/1600  8.2 games/s  ETA 0h01m26s
[kp-march.base] 911/1600  8.3 games/s  ETA 0h01m23s
[kp-march.base] 930/1600  8.3 games/s  ETA 0h01m20s
[kp-march.base] 945/1600  8.3 games/s  ETA 0h01m19s
[kp-march.base] 967/1600  8.3 games/s  ETA 0h01m16s
[kp-march.base] 981/1600  8.3 games/s  ETA 0h01m14s
[kp-march.base] 998/1600  8.3 games/s  ETA 0h01m12s
[kp-march.base] 1014/1600  8.3 games/s  ETA 0h01m10s
[kp-march.base] 1033/1600  8.3 games/s  ETA 0h01m08s
[kp-march.base] 1049/1600  8.3 games/s  ETA 0h01m06s
[kp-march.base] 1066/1600  8.3 games/s  ETA 0h01m04s
[kp-march.base] 1080/1600  8.3 games/s  ETA 0h01m02s
[kp-march.base] 1093/1600  8.3 games/s  ETA 0h01m01s
[kp-march.base] 1109/1600  8.3 games/s  ETA 0h00m59s
[kp-march.base] 1121/1600  8.2 games/s  ETA 0h00m58s
[kp-march.base] 1140/1600  8.2 games/s  ETA 0h00m55s
[kp-march.base] 1158/1600  8.3 games/s  ETA 0h00m53s
[kp-march.base] 1180/1600  8.3 games/s  ETA 0h00m50s
[kp-march.base] 1199/1600  8.3 games/s  ETA 0h00m48s
[kp-march.base] 1217/1600  8.3 games/s  ETA 0h00m46s
[kp-march.base] 1232/1600  8.3 games/s  ETA 0h00m44s
[kp-march.base] 1250/1600  8.3 games/s  ETA 0h00m42s
[kp-march.base] 1265/1600  8.3 games/s  ETA 0h00m40s
[kp-march.base] 1279/1600  8.3 games/s  ETA 0h00m38s
[kp-march.base] 1297/1600  8.3 games/s  ETA 0h00m36s
[kp-march.base] 1319/1600  8.3 games/s  ETA 0h00m33s
[kp-march.base] 1337/1600  8.3 games/s  ETA 0h00m31s
[kp-march.base] 1358/1600  8.4 games/s  ETA 0h00m28s
[kp-march.base] 1373/1600  8.4 games/s  ETA 0h00m27s
[kp-march.base] 1390/1600  8.4 games/s  ETA 0h00m25s
[kp-march.base] 1407/1600  8.4 games/s  ETA 0h00m23s
[kp-march.base] 1427/1600  8.4 games/s  ETA 0h00m20s
[kp-march.base] 1445/1600  8.4 games/s  ETA 0h00m18s
[kp-march.base] 1459/1600  8.4 games/s  ETA 0h00m16s
[kp-march.base] 1479/1600  8.4 games/s  ETA 0h00m14s
[kp-march.base] 1493/1600  8.4 games/s  ETA 0h00m12s
[kp-march.base] 1516/1600  8.4 games/s  ETA 0h00m09s
[kp-march.base] 1533/1600  8.4 games/s  ETA 0h00m07s
[kp-march.base] 1550/1600  8.4 games/s  ETA 0h00m05s
[kp-march.base] 1571/1600  8.4 games/s  ETA 0h00m03s
[kp-march.base] 1589/1600  8.4 games/s  ETA 0h00m01s
[kp-march.base] 1600 games in 0h03m09s (8.5 games/s)
[kp-march.base] summary -> sim/out/kp-march.base.summary.json
[kp-march.var] 1600 games (0 already done), 1600 to play on 16 workers -> sim/out/kp-march.var.jsonl
[kp-march.var] depth 3, 4 random opening plies, ply cap 300, pairs off (both sides identical; --pairs forces them on)
[kp-march.var] rules {"kings":[{"king":"Mud","power":"March"},{"king":"Mud","power":"March"}]}, values {}
[kp-march.var] 2/1600  1.0 games/s  ETA 0h26m38s
[kp-march.var] 18/1600  4.5 games/s  ETA 0h05m51s
[kp-march.var] 42/1600  7.0 games/s  ETA 0h03m42s
[kp-march.var] 58/1600  7.2 games/s  ETA 0h03m32s
[kp-march.var] 74/1600  7.4 games/s  ETA 0h03m26s
[kp-march.var] 90/1600  7.5 games/s  ETA 0h03m21s
[kp-march.var] 106/1600  7.6 games/s  ETA 0h03m17s
[kp-march.var] 131/1600  8.2 games/s  ETA 0h02m59s
[kp-march.var] 146/1600  8.1 games/s  ETA 0h02m59s
[kp-march.var] 160/1600  8.0 games/s  ETA 0h03m00s
[kp-march.var] 179/1600  8.1 games/s  ETA 0h02m54s
[kp-march.var] 197/1600  8.2 games/s  ETA 0h02m51s
[kp-march.var] 216/1600  8.3 games/s  ETA 0h02m46s
[kp-march.var] 238/1600  8.5 games/s  ETA 0h02m40s
[kp-march.var] 254/1600  8.5 games/s  ETA 0h02m39s
[kp-march.var] 273/1600  8.5 games/s  ETA 0h02m35s
[kp-march.var] 290/1600  8.5 games/s  ETA 0h02m33s
[kp-march.var] 305/1600  8.5 games/s  ETA 0h02m33s
[kp-march.var] 323/1600  8.5 games/s  ETA 0h02m30s
[kp-march.var] 339/1600  8.5 games/s  ETA 0h02m28s
[kp-march.var] 359/1600  8.5 games/s  ETA 0h02m25s
[kp-march.var] 371/1600  8.4 games/s  ETA 0h02m25s
[kp-march.var] 387/1600  8.4 games/s  ETA 0h02m24s
[kp-march.var] 406/1600  8.4 games/s  ETA 0h02m21s
[kp-march.var] 423/1600  8.5 games/s  ETA 0h02m19s
[kp-march.var] 441/1600  8.5 games/s  ETA 0h02m16s
[kp-march.var] 456/1600  8.4 games/s  ETA 0h02m15s
[kp-march.var] 475/1600  8.5 games/s  ETA 0h02m12s
[kp-march.var] 495/1600  8.5 games/s  ETA 0h02m09s
[kp-march.var] 509/1600  8.5 games/s  ETA 0h02m08s
[kp-march.var] 531/1600  8.6 games/s  ETA 0h02m04s
[kp-march.var] 549/1600  8.6 games/s  ETA 0h02m02s
[kp-march.var] 564/1600  8.5 games/s  ETA 0h02m01s
[kp-march.var] 582/1600  8.5 games/s  ETA 0h01m59s
[kp-march.var] 602/1600  8.6 games/s  ETA 0h01m56s
[kp-march.var] 616/1600  8.5 games/s  ETA 0h01m55s
[kp-march.var] 628/1600  8.5 games/s  ETA 0h01m54s
[kp-march.var] 642/1600  8.4 games/s  ETA 0h01m53s
[kp-march.var] 657/1600  8.4 games/s  ETA 0h01m52s
[kp-march.var] 666/1600  8.3 games/s  ETA 0h01m52s
[kp-march.var] 685/1600  8.3 games/s  ETA 0h01m49s
[kp-march.var] 697/1600  8.3 games/s  ETA 0h01m48s
[kp-march.var] 710/1600  8.2 games/s  ETA 0h01m47s
[kp-march.var] 725/1600  8.2 games/s  ETA 0h01m46s
[kp-march.var] 742/1600  8.2 games/s  ETA 0h01m44s
[kp-march.var] 754/1600  8.2 games/s  ETA 0h01m43s
[kp-march.var] 769/1600  8.2 games/s  ETA 0h01m41s
[kp-march.var] 783/1600  8.1 games/s  ETA 0h01m40s
[kp-march.var] 798/1600  8.1 games/s  ETA 0h01m38s
[kp-march.var] 812/1600  8.1 games/s  ETA 0h01m37s
[kp-march.var] 829/1600  8.1 games/s  ETA 0h01m34s
[kp-march.var] 845/1600  8.1 games/s  ETA 0h01m33s
[kp-march.var] 863/1600  8.1 games/s  ETA 0h01m30s
[kp-march.var] 878/1600  8.1 games/s  ETA 0h01m28s
[kp-march.var] 892/1600  8.1 games/s  ETA 0h01m27s
[kp-march.var] 904/1600  8.1 games/s  ETA 0h01m26s
[kp-march.var] 919/1600  8.1 games/s  ETA 0h01m24s
[kp-march.var] 933/1600  8.0 games/s  ETA 0h01m23s
[kp-march.var] 948/1600  8.0 games/s  ETA 0h01m21s
[kp-march.var] 965/1600  8.0 games/s  ETA 0h01m19s
[kp-march.var] 983/1600  8.0 games/s  ETA 0h01m16s
[kp-march.var] 996/1600  8.0 games/s  ETA 0h01m15s
[kp-march.var] 1014/1600  8.0 games/s  ETA 0h01m12s
[kp-march.var] 1029/1600  8.0 games/s  ETA 0h01m11s
[kp-march.var] 1042/1600  8.0 games/s  ETA 0h01m09s
[kp-march.var] 1063/1600  8.0 games/s  ETA 0h01m06s
[kp-march.var] 1078/1600  8.0 games/s  ETA 0h01m04s
[kp-march.var] 1091/1600  8.0 games/s  ETA 0h01m03s
[kp-march.var] 1109/1600  8.0 games/s  ETA 0h01m01s
[kp-march.var] 1126/1600  8.0 games/s  ETA 0h00m59s
[kp-march.var] 1142/1600  8.0 games/s  ETA 0h00m57s
[kp-march.var] 1156/1600  8.0 games/s  ETA 0h00m55s
[kp-march.var] 1173/1600  8.0 games/s  ETA 0h00m53s
[kp-march.var] 1191/1600  8.0 games/s  ETA 0h00m50s
[kp-march.var] 1206/1600  8.0 games/s  ETA 0h00m49s
[kp-march.var] 1221/1600  8.0 games/s  ETA 0h00m47s
[kp-march.var] 1238/1600  8.0 games/s  ETA 0h00m45s
[kp-march.var] 1254/1600  8.0 games/s  ETA 0h00m43s
[kp-march.var] 1268/1600  8.0 games/s  ETA 0h00m41s
[kp-march.var] 1290/1600  8.1 games/s  ETA 0h00m38s
[kp-march.var] 1310/1600  8.1 games/s  ETA 0h00m35s
[kp-march.var] 1328/1600  8.1 games/s  ETA 0h00m33s
[kp-march.var] 1346/1600  8.1 games/s  ETA 0h00m31s
[kp-march.var] 1366/1600  8.1 games/s  ETA 0h00m28s
[kp-march.var] 1384/1600  8.1 games/s  ETA 0h00m26s
[kp-march.var] 1399/1600  8.1 games/s  ETA 0h00m24s
[kp-march.var] 1413/1600  8.1 games/s  ETA 0h00m23s
[kp-march.var] 1438/1600  8.2 games/s  ETA 0h00m19s
[kp-march.var] 1453/1600  8.2 games/s  ETA 0h00m18s
[kp-march.var] 1472/1600  8.2 games/s  ETA 0h00m15s
[kp-march.var] 1486/1600  8.2 games/s  ETA 0h00m13s
[kp-march.var] 1502/1600  8.2 games/s  ETA 0h00m12s
[kp-march.var] 1522/1600  8.2 games/s  ETA 0h00m09s
[kp-march.var] 1541/1600  8.2 games/s  ETA 0h00m07s
[kp-march.var] 1559/1600  8.2 games/s  ETA 0h00m05s
[kp-march.var] 1578/1600  8.2 games/s  ETA 0h00m02s
[kp-march.var] 1593/1600  8.2 games/s  ETA 0h00m00s
[kp-march.var] 1600 games in 0h03m15s (8.2 games/s)
[kp-march.var] summary -> sim/out/kp-march.var.summary.json
# Rule A/B — kp-march

`kings=[object Object],[object Object]` against today's defaults.
1600 games per population, depth 3, the same 40 arrangements and the same
opening seeds in both (common random numbers). Control arm: `kp-march.base`.

A symmetric rule changes both sides at once, so there is no match to run and no SPRT: this is a
paired two-population comparison. The interval is a 95% normal approximation on the
mean paired difference over arrangements; with few arrangements,
and with one interval per metric, read "significant" as "worth a second run", not as a test.

| metric | base (pooled) | with the rule (pooled) | mean paired difference ±95% | significant |
|---|---|---|---|---|
| white score | 0.534 | 0.538 | +0.004 ± 0.036 | no |
| decisive | 0.721 | 0.854 | +0.132 ± 0.030 | yes |
| draw rate | 0.264 | 0.142 | -0.122 ± 0.030 | yes |
| capped | 0.014 | 0.004 | -0.011 ± 0.006 | yes |
| mean plies | 121.3 | 101.6 | -19.7 ± 3.2 | yes |
| branching factor | 32.1 | 33.7 | +1.6 ± 0.3 | yes |
| killer move | 0.332 | 0.380 | +0.048 ± 0.018 | yes |
| lead change | 0.068 | 0.072 | +0.004 ± 0.004 | no |
| uncertainty late | 0.648 | 0.642 | -0.006 ± 0.004 | yes |
| drama | 0.138 | 0.165 | +0.028 ± 0.011 | yes |
| permanence | 0.961 | 0.950 | -0.011 ± 0.001 | yes |
| min utilisation | 0.44 | 0.51 | +0.06 ± 0.02 | yes |
| interest | 0.484 | 0.494 | +0.011 ± 0.006 | yes |
| interest (min-use) | 0.484 | 0.463 | -0.004 ± 0.012 | no |
| killerMove (resid.) | -0.003 | 0.003 | +0.006 ± 0.014 | no |
| leadChange (resid.) | -0.003 | 0.003 | +0.007 ± 0.004 | yes |
| uncertaintyLate (resid.) | -0.004 | 0.004 | +0.008 ± 0.003 | yes |
| drama (resid.) | -0.005 | 0.005 | +0.010 ± 0.011 | no |
| permanence (resid.) | 0.002 | -0.002 | -0.004 ± 0.002 | yes |
| fairyUse (resid.) | 0.000 | 0.000 | +0.000 ± 0.000 | no |
| excessDecisiveness (resid.) | 0.051 | -0.032 | -0.071 ± 0.014 | yes |
| interest (resid.) | 0.002 | -0.001 | -0.002 ± 0.004 | no |
| interestMinFairy (resid.) | 0.018 | -0.011 | -0.012 ± 0.011 | yes |

## Degeneracy counters
| counter | base | with the rule |
|---|---|---|
| guard captures per game | 0.000 | 0.000 |
| games with a guard rampage (≥ 3 captures) | 0 (0.0%) | 0 (0.0%) |
| dead-material endings (draw50 + drawMaterial) | 30 (1.9%) | 27 (1.7%) |
| games where a king never moved | 259 (16.2%) | 464 (29.0%) |

## Per piece (both sides, whole population; moves and captures per game)
| piece | moves A | moves B | captures A | captures B | survival A | survival B |
|---|---|---|---|---|---|---|
| P | 26.54 | 25.82 | 4.41 | 4.47 | 40.7% | 38.8% |
| M | 14.65 | 11.51 | 1.61 | 1.48 | 34.1% | 44.0% |
| A | 14.46 | 11.73 | 2.49 | 2.19 | 46.9% | 53.0% |
| K | 14.32 | 9.42 | 1.04 | 0.85 | 100.0% | 100.0% |
| R | 12.87 | 9.88 | 1.81 | 1.90 | 42.3% | 43.4% |
| S | 10.48 | 9.57 | 1.40 | 1.36 | 32.9% | 41.7% |
| B | 7.34 | 6.30 | 1.65 | 1.56 | 23.5% | 28.4% |
| N | 6.66 | 6.65 | 1.35 | 1.40 | 10.4% | 14.1% |
| Q | 5.93 | 5.06 | 0.99 | 1.07 | 76.3% | 92.9% |
| G | 4.98 | 3.08 | 0.00 | 0.00 | 96.7% | 97.7% |
| L | 3.05 | 2.60 | 0.85 | 0.84 | 6.2% | 7.1% |

## Fairy events per game
| event | base | with the rule |
|---|---|---|
| archerShots | 2.49 | 2.19 |
| beastChainMoves | 1.08 | 1.08 |
| beastChainCaptures | 1.40 | 1.36 |
| maesterSwaps | 6.56 | 4.98 |
| maesterLongSwaps | 0.75 | 0.62 |
| paladinSacrifices | 0.39 | 0.37 |
| promotions | 0.32 | 0.54 |
| checks | 4.42 | 3.62 |
| ogreShoves | 0.00 | 0.00 |
| ogreShovesFriend | 0.00 | 0.00 |
| ogreShovesGuard | 0.00 | 0.00 |
| catapultChecks | 0.00 | 0.00 |

The pooled columns describe each whole population; the difference column is the mean over the
40 shared arrangements of (rule − base) on the same openings. The two can disagree in sign when the
pooled value is not a mean of the per-arrangement values (minimum utilisation is one). Trust the
paired column.

Elo of the variant population is not reported: both populations play themselves, so their scores
are not comparable as a match. Read the white score as a fairness check, not as a strength delta.

== 2026-09-17 04:18:01 npm run sim -- --id kp-leap --experiment ab --games 1600 --sample 40 --depth 3 --seed 62 --workers 16 --rule kings=Mud:Leap

> king-down-chess@0.0.1 sim
> tsx src/sim/run.ts --id kp-leap --experiment ab --games 1600 --sample 40 --depth 3 --seed 62 --workers 16 --rule kings=Mud:Leap

[kp-leap.base] 1600 games (0 already done), 1600 to play on 16 workers -> sim/out/kp-leap.base.jsonl
[kp-leap.base] depth 3, 4 random opening plies, ply cap 300, pairs off (both sides identical; --pairs forces them on)
[kp-leap.base] rules {}, values {}
[kp-leap.base] 5/1600  2.5 games/s  ETA 0h10m38s
[kp-leap.base] 22/1600  5.5 games/s  ETA 0h04m47s
[kp-leap.base] 39/1600  6.5 games/s  ETA 0h04m00s
[kp-leap.base] 52/1600  6.5 games/s  ETA 0h03m58s
[kp-leap.base] 66/1600  6.6 games/s  ETA 0h03m52s
[kp-leap.base] 83/1600  6.9 games/s  ETA 0h03m39s
[kp-leap.base] 94/1600  6.7 games/s  ETA 0h03m44s
[kp-leap.base] 108/1600  6.7 games/s  ETA 0h03m41s
[kp-leap.base] 126/1600  7.0 games/s  ETA 0h03m30s
[kp-leap.base] 139/1600  6.9 games/s  ETA 0h03m30s
[kp-leap.base] 154/1600  7.0 games/s  ETA 0h03m26s
[kp-leap.base] 169/1600  7.0 games/s  ETA 0h03m23s
[kp-leap.base] 183/1600  7.0 games/s  ETA 0h03m21s
[kp-leap.base] 196/1600  7.0 games/s  ETA 0h03m20s
[kp-leap.base] 214/1600  7.1 games/s  ETA 0h03m14s
[kp-leap.base] 232/1600  7.2 games/s  ETA 0h03m08s
[kp-leap.base] 250/1600  7.3 games/s  ETA 0h03m03s
[kp-leap.base] 263/1600  7.3 games/s  ETA 0h03m03s
[kp-leap.base] 280/1600  7.4 games/s  ETA 0h02m59s
[kp-leap.base] 295/1600  7.4 games/s  ETA 0h02m57s
[kp-leap.base] 310/1600  7.4 games/s  ETA 0h02m55s
[kp-leap.base] 324/1600  7.4 games/s  ETA 0h02m53s
[kp-leap.base] 338/1600  7.3 games/s  ETA 0h02m52s
[kp-leap.base] 353/1600  7.3 games/s  ETA 0h02m49s
[kp-leap.base] 367/1600  7.3 games/s  ETA 0h02m48s
[kp-leap.base] 382/1600  7.3 games/s  ETA 0h02m46s
[kp-leap.base] 401/1600  7.4 games/s  ETA 0h02m41s
[kp-leap.base] 414/1600  7.4 games/s  ETA 0h02m40s
[kp-leap.base] 430/1600  7.4 games/s  ETA 0h02m38s
[kp-leap.base] 449/1600  7.5 games/s  ETA 0h02m34s
[kp-leap.base] 463/1600  7.5 games/s  ETA 0h02m32s
[kp-leap.base] 481/1600  7.5 games/s  ETA 0h02m29s
[kp-leap.base] 497/1600  7.5 games/s  ETA 0h02m26s
[kp-leap.base] 515/1600  7.6 games/s  ETA 0h02m23s
[kp-leap.base] 530/1600  7.6 games/s  ETA 0h02m21s
[kp-leap.base] 550/1600  7.6 games/s  ETA 0h02m17s
[kp-leap.base] 567/1600  7.7 games/s  ETA 0h02m15s
[kp-leap.base] 579/1600  7.6 games/s  ETA 0h02m14s
[kp-leap.base] 593/1600  7.6 games/s  ETA 0h02m12s
[kp-leap.base] 609/1600  7.6 games/s  ETA 0h02m10s
[kp-leap.base] 624/1600  7.6 games/s  ETA 0h02m08s
[kp-leap.base] 637/1600  7.6 games/s  ETA 0h02m07s
[kp-leap.base] 654/1600  7.6 games/s  ETA 0h02m04s
[kp-leap.base] 668/1600  7.6 games/s  ETA 0h02m02s
[kp-leap.base] 684/1600  7.6 games/s  ETA 0h02m00s
[kp-leap.base] 697/1600  7.6 games/s  ETA 0h01m59s
[kp-leap.base] 715/1600  7.6 games/s  ETA 0h01m56s
[kp-leap.base] 730/1600  7.6 games/s  ETA 0h01m54s
[kp-leap.base] 748/1600  7.6 games/s  ETA 0h01m51s
[kp-leap.base] 759/1600  7.6 games/s  ETA 0h01m50s
[kp-leap.base] 776/1600  7.6 games/s  ETA 0h01m48s
[kp-leap.base] 789/1600  7.6 games/s  ETA 0h01m47s
[kp-leap.base] 801/1600  7.5 games/s  ETA 0h01m45s
[kp-leap.base] 816/1600  7.5 games/s  ETA 0h01m43s
[kp-leap.base] 831/1600  7.5 games/s  ETA 0h01m41s
[kp-leap.base] 844/1600  7.5 games/s  ETA 0h01m40s
[kp-leap.base] 861/1600  7.5 games/s  ETA 0h01m37s
[kp-leap.base] 877/1600  7.5 games/s  ETA 0h01m35s
[kp-leap.base] 890/1600  7.5 games/s  ETA 0h01m34s
[kp-leap.base] 908/1600  7.6 games/s  ETA 0h01m31s
[kp-leap.base] 923/1600  7.6 games/s  ETA 0h01m29s
[kp-leap.base] 935/1600  7.5 games/s  ETA 0h01m28s
[kp-leap.base] 953/1600  7.6 games/s  ETA 0h01m25s
[kp-leap.base] 967/1600  7.5 games/s  ETA 0h01m23s
[kp-leap.base] 981/1600  7.5 games/s  ETA 0h01m22s
[kp-leap.base] 993/1600  7.5 games/s  ETA 0h01m20s
[kp-leap.base] 1005/1600  7.5 games/s  ETA 0h01m19s
[kp-leap.base] 1022/1600  7.5 games/s  ETA 0h01m17s
[kp-leap.base] 1036/1600  7.5 games/s  ETA 0h01m15s
[kp-leap.base] 1053/1600  7.5 games/s  ETA 0h01m12s
[kp-leap.base] 1065/1600  7.5 games/s  ETA 0h01m11s
[kp-leap.base] 1074/1600  7.4 games/s  ETA 0h01m10s
[kp-leap.base] 1089/1600  7.4 games/s  ETA 0h01m08s
[kp-leap.base] 1102/1600  7.4 games/s  ETA 0h01m06s
[kp-leap.base] 1113/1600  7.4 games/s  ETA 0h01m05s
[kp-leap.base] 1126/1600  7.4 games/s  ETA 0h01m04s
[kp-leap.base] 1144/1600  7.4 games/s  ETA 0h01m01s
[kp-leap.base] 1161/1600  7.4 games/s  ETA 0h00m59s
[kp-leap.base] 1179/1600  7.5 games/s  ETA 0h00m56s
[kp-leap.base] 1197/1600  7.5 games/s  ETA 0h00m53s
[kp-leap.base] 1213/1600  7.5 games/s  ETA 0h00m51s
[kp-leap.base] 1230/1600  7.5 games/s  ETA 0h00m49s
[kp-leap.base] 1245/1600  7.5 games/s  ETA 0h00m47s
[kp-leap.base] 1263/1600  7.5 games/s  ETA 0h00m44s
[kp-leap.base] 1275/1600  7.5 games/s  ETA 0h00m43s
[kp-leap.base] 1290/1600  7.5 games/s  ETA 0h00m41s
[kp-leap.base] 1303/1600  7.5 games/s  ETA 0h00m39s
[kp-leap.base] 1324/1600  7.5 games/s  ETA 0h00m36s
[kp-leap.base] 1345/1600  7.5 games/s  ETA 0h00m33s
[kp-leap.base] 1362/1600  7.6 games/s  ETA 0h00m31s
[kp-leap.base] 1376/1600  7.6 games/s  ETA 0h00m29s
[kp-leap.base] 1390/1600  7.5 games/s  ETA 0h00m27s
[kp-leap.base] 1404/1600  7.5 games/s  ETA 0h00m26s
[kp-leap.base] 1421/1600  7.5 games/s  ETA 0h00m23s
[kp-leap.base] 1438/1600  7.6 games/s  ETA 0h00m21s
[kp-leap.base] 1449/1600  7.5 games/s  ETA 0h00m20s
[kp-leap.base] 1465/1600  7.5 games/s  ETA 0h00m17s
[kp-leap.base] 1481/1600  7.5 games/s  ETA 0h00m15s
[kp-leap.base] 1492/1600  7.5 games/s  ETA 0h00m14s
[kp-leap.base] 1508/1600  7.5 games/s  ETA 0h00m12s
[kp-leap.base] 1527/1600  7.5 games/s  ETA 0h00m09s
[kp-leap.base] 1546/1600  7.6 games/s  ETA 0h00m07s
[kp-leap.base] 1560/1600  7.6 games/s  ETA 0h00m05s
[kp-leap.base] 1578/1600  7.6 games/s  ETA 0h00m02s
[kp-leap.base] 1598/1600  7.6 games/s  ETA 0h00m00s
[kp-leap.base] 1600 games in 0h03m30s (7.6 games/s)
[kp-leap.base] summary -> sim/out/kp-leap.base.summary.json
[kp-leap.var] 1600 games (0 already done), 1600 to play on 16 workers -> sim/out/kp-leap.var.jsonl
[kp-leap.var] depth 3, 4 random opening plies, ply cap 300, pairs off (both sides identical; --pairs forces them on)
[kp-leap.var] rules {"kings":[{"king":"Mud","power":"Leap"},{"king":"Mud","power":"Leap"}]}, values {}
[kp-leap.var] 6/1600  3.0 games/s  ETA 0h08m51s
[kp-leap.var] 21/1600  5.2 games/s  ETA 0h05m00s
[kp-leap.var] 38/1600  6.3 games/s  ETA 0h04m06s
[kp-leap.var] 52/1600  6.5 games/s  ETA 0h03m58s
[kp-leap.var] 63/1600  6.3 games/s  ETA 0h04m04s
[kp-leap.var] 82/1600  6.8 games/s  ETA 0h03m42s
[kp-leap.var] 95/1600  6.8 games/s  ETA 0h03m42s
[kp-leap.var] 109/1600  6.8 games/s  ETA 0h03m39s
[kp-leap.var] 126/1600  7.0 games/s  ETA 0h03m30s
[kp-leap.var] 138/1600  6.9 games/s  ETA 0h03m32s
[kp-leap.var] 152/1600  6.9 games/s  ETA 0h03m29s
[kp-leap.var] 173/1600  7.2 games/s  ETA 0h03m18s
[kp-leap.var] 194/1600  7.5 games/s  ETA 0h03m08s
[kp-leap.var] 212/1600  7.6 games/s  ETA 0h03m03s
[kp-leap.var] 231/1600  7.7 games/s  ETA 0h02m57s
[kp-leap.var] 249/1600  7.8 games/s  ETA 0h02m53s
[kp-leap.var] 256/1600  7.5 games/s  ETA 0h02m58s
[kp-leap.var] 275/1600  7.6 games/s  ETA 0h02m53s
[kp-leap.var] 290/1600  7.6 games/s  ETA 0h02m51s
[kp-leap.var] 303/1600  7.6 games/s  ETA 0h02m51s
[kp-leap.var] 322/1600  7.7 games/s  ETA 0h02m46s
[kp-leap.var] 341/1600  7.7 games/s  ETA 0h02m42s
[kp-leap.var] 361/1600  7.8 games/s  ETA 0h02m38s
[kp-leap.var] 378/1600  7.9 games/s  ETA 0h02m35s
[kp-leap.var] 395/1600  7.9 games/s  ETA 0h02m32s
[kp-leap.var] 411/1600  7.9 games/s  ETA 0h02m30s
[kp-leap.var] 427/1600  7.9 games/s  ETA 0h02m28s
[kp-leap.var] 437/1600  7.8 games/s  ETA 0h02m29s
[kp-leap.var] 453/1600  7.8 games/s  ETA 0h02m26s
[kp-leap.var] 465/1600  7.7 games/s  ETA 0h02m26s
[kp-leap.var] 479/1600  7.7 games/s  ETA 0h02m25s
[kp-leap.var] 497/1600  7.8 games/s  ETA 0h02m22s
[kp-leap.var] 514/1600  7.8 games/s  ETA 0h02m19s
[kp-leap.var] 534/1600  7.8 games/s  ETA 0h02m15s
[kp-leap.var] 546/1600  7.8 games/s  ETA 0h02m15s
[kp-leap.var] 571/1600  7.9 games/s  ETA 0h02m09s
[kp-leap.var] 587/1600  7.9 games/s  ETA 0h02m07s
[kp-leap.var] 611/1600  8.0 games/s  ETA 0h02m03s
[kp-leap.var] 634/1600  8.1 games/s  ETA 0h01m58s
[kp-leap.var] 649/1600  8.1 games/s  ETA 0h01m57s
[kp-leap.var] 666/1600  8.1 games/s  ETA 0h01m55s
[kp-leap.var] 689/1600  8.2 games/s  ETA 0h01m51s
[kp-leap.var] 707/1600  8.2 games/s  ETA 0h01m48s
[kp-leap.var] 724/1600  8.2 games/s  ETA 0h01m46s
[kp-leap.var] 737/1600  8.2 games/s  ETA 0h01m45s
[kp-leap.var] 757/1600  8.2 games/s  ETA 0h01m42s
[kp-leap.var] 778/1600  8.3 games/s  ETA 0h01m39s
[kp-leap.var] 801/1600  8.3 games/s  ETA 0h01m35s
[kp-leap.var] 814/1600  8.3 games/s  ETA 0h01m34s
[kp-leap.var] 837/1600  8.4 games/s  ETA 0h01m31s
[kp-leap.var] 852/1600  8.3 games/s  ETA 0h01m29s
[kp-leap.var] 869/1600  8.3 games/s  ETA 0h01m27s
[kp-leap.var] 888/1600  8.4 games/s  ETA 0h01m25s
[kp-leap.var] 902/1600  8.3 games/s  ETA 0h01m23s
[kp-leap.var] 927/1600  8.4 games/s  ETA 0h01m19s
[kp-leap.var] 943/1600  8.4 games/s  ETA 0h01m18s
[kp-leap.var] 961/1600  8.4 games/s  ETA 0h01m15s
[kp-leap.var] 976/1600  8.4 games/s  ETA 0h01m14s
[kp-leap.var] 996/1600  8.4 games/s  ETA 0h01m11s
[kp-leap.var] 1009/1600  8.4 games/s  ETA 0h01m10s
[kp-leap.var] 1022/1600  8.4 games/s  ETA 0h01m09s
[kp-leap.var] 1041/1600  8.4 games/s  ETA 0h01m06s
[kp-leap.var] 1058/1600  8.4 games/s  ETA 0h01m04s
[kp-leap.var] 1077/1600  8.4 games/s  ETA 0h01m02s
[kp-leap.var] 1094/1600  8.4 games/s  ETA 0h01m00s
[kp-leap.var] 1109/1600  8.4 games/s  ETA 0h00m58s
[kp-leap.var] 1124/1600  8.4 games/s  ETA 0h00m56s
[kp-leap.var] 1137/1600  8.4 games/s  ETA 0h00m55s
[kp-leap.var] 1151/1600  8.3 games/s  ETA 0h00m53s
[kp-leap.var] 1174/1600  8.4 games/s  ETA 0h00m50s
[kp-leap.var] 1194/1600  8.4 games/s  ETA 0h00m48s
[kp-leap.var] 1214/1600  8.4 games/s  ETA 0h00m45s
[kp-leap.var] 1233/1600  8.4 games/s  ETA 0h00m43s
[kp-leap.var] 1247/1600  8.4 games/s  ETA 0h00m41s
[kp-leap.var] 1264/1600  8.4 games/s  ETA 0h00m39s
[kp-leap.var] 1285/1600  8.4 games/s  ETA 0h00m37s
[kp-leap.var] 1304/1600  8.5 games/s  ETA 0h00m34s
[kp-leap.var] 1321/1600  8.5 games/s  ETA 0h00m32s
[kp-leap.var] 1344/1600  8.5 games/s  ETA 0h00m30s
[kp-leap.var] 1363/1600  8.5 games/s  ETA 0h00m27s
[kp-leap.var] 1376/1600  8.5 games/s  ETA 0h00m26s
[kp-leap.var] 1396/1600  8.5 games/s  ETA 0h00m23s
[kp-leap.var] 1413/1600  8.5 games/s  ETA 0h00m21s
[kp-leap.var] 1430/1600  8.5 games/s  ETA 0h00m19s
[kp-leap.var] 1448/1600  8.5 games/s  ETA 0h00m17s
[kp-leap.var] 1469/1600  8.5 games/s  ETA 0h00m15s
[kp-leap.var] 1492/1600  8.6 games/s  ETA 0h00m12s
[kp-leap.var] 1509/1600  8.6 games/s  ETA 0h00m10s
[kp-leap.var] 1526/1600  8.6 games/s  ETA 0h00m08s
[kp-leap.var] 1541/1600  8.6 games/s  ETA 0h00m06s
[kp-leap.var] 1555/1600  8.5 games/s  ETA 0h00m05s
[kp-leap.var] 1571/1600  8.5 games/s  ETA 0h00m03s
[kp-leap.var] 1584/1600  8.5 games/s  ETA 0h00m01s
[kp-leap.var] 1597/1600  8.5 games/s  ETA 0h00m00s
[kp-leap.var] 1600 games in 0h03m08s (8.5 games/s)
[kp-leap.var] summary -> sim/out/kp-leap.var.summary.json
# Rule A/B — kp-leap

`kings=[object Object],[object Object]` against today's defaults.
1600 games per population, depth 3, the same 40 arrangements and the same
opening seeds in both (common random numbers). Control arm: `kp-leap.base`.

A symmetric rule changes both sides at once, so there is no match to run and no SPRT: this is a
paired two-population comparison. The interval is a 95% normal approximation on the
mean paired difference over arrangements; with few arrangements,
and with one interval per metric, read "significant" as "worth a second run", not as a test.

| metric | base (pooled) | with the rule (pooled) | mean paired difference ±95% | significant |
|---|---|---|---|---|
| white score | 0.534 | 0.608 | +0.074 ± 0.037 | yes |
| decisive | 0.721 | 0.795 | +0.074 ± 0.029 | yes |
| draw rate | 0.264 | 0.192 | -0.072 ± 0.030 | yes |
| capped | 0.014 | 0.013 | -0.001 ± 0.008 | no |
| mean plies | 121.3 | 103.9 | -17.4 ± 4.6 | yes |
| branching factor | 32.1 | 34.4 | +2.3 ± 0.6 | yes |
| killer move | 0.332 | 0.283 | -0.049 ± 0.023 | yes |
| lead change | 0.068 | 0.041 | -0.027 ± 0.007 | yes |
| uncertainty late | 0.648 | 0.583 | -0.064 ± 0.015 | yes |
| drama | 0.138 | 0.113 | -0.025 ± 0.013 | yes |
| permanence | 0.961 | 0.964 | +0.003 ± 0.002 | yes |
| min utilisation | 0.44 | 0.44 | -0.01 ± 0.01 | no |
| interest | 0.484 | 0.467 | -0.017 ± 0.007 | yes |
| interest (min-use) | 0.484 | 0.467 | -0.021 ± 0.008 | yes |
| killerMove (resid.) | 0.026 | -0.026 | -0.052 ± 0.023 | yes |
| leadChange (resid.) | 0.009 | -0.009 | -0.017 ± 0.007 | yes |
| uncertaintyLate (resid.) | 0.019 | -0.019 | -0.038 ± 0.015 | yes |
| drama (resid.) | 0.013 | -0.013 | -0.026 ± 0.013 | yes |
| permanence (resid.) | -0.002 | 0.002 | +0.004 ± 0.002 | yes |
| fairyUse (resid.) | 0.000 | 0.000 | +0.000 ± 0.000 | no |
| excessDecisiveness (resid.) | 0.045 | -0.025 | -0.058 ± 0.013 | yes |
| interest (resid.) | 0.010 | -0.009 | -0.019 ± 0.007 | yes |
| interestMinFairy (resid.) | 0.026 | 0.002 | -0.028 ± 0.008 | yes |

## Degeneracy counters
| counter | base | with the rule |
|---|---|---|
| guard captures per game | 0.000 | 0.000 |
| games with a guard rampage (≥ 3 captures) | 0 (0.0%) | 0 (0.0%) |
| dead-material endings (draw50 + drawMaterial) | 30 (1.9%) | 26 (1.6%) |
| games where a king never moved | 259 (16.2%) | 424 (26.5%) |

## Per piece (both sides, whole population; moves and captures per game)
| piece | moves A | moves B | captures A | captures B | survival A | survival B |
|---|---|---|---|---|---|---|
| P | 26.54 | 22.60 | 4.41 | 3.88 | 40.7% | 48.6% |
| M | 14.65 | 12.74 | 1.61 | 1.43 | 34.1% | 41.5% |
| A | 14.46 | 12.39 | 2.49 | 2.13 | 46.9% | 56.5% |
| K | 14.32 | 12.72 | 1.04 | 0.92 | 100.0% | 100.0% |
| R | 12.87 | 10.61 | 1.81 | 1.86 | 42.3% | 35.6% |
| S | 10.48 | 9.51 | 1.40 | 1.25 | 32.9% | 41.6% |
| B | 7.34 | 6.51 | 1.65 | 1.56 | 23.5% | 24.0% |
| N | 6.66 | 5.84 | 1.35 | 1.18 | 10.4% | 21.9% |
| Q | 5.93 | 4.32 | 0.99 | 0.86 | 76.3% | 66.1% |
| G | 4.98 | 4.05 | 0.00 | 0.00 | 96.7% | 96.1% |
| L | 3.05 | 2.56 | 0.85 | 0.78 | 6.2% | 11.8% |

## Fairy events per game
| event | base | with the rule |
|---|---|---|
| archerShots | 2.49 | 2.13 |
| beastChainMoves | 1.08 | 1.00 |
| beastChainCaptures | 1.40 | 1.25 |
| maesterSwaps | 6.56 | 5.61 |
| maesterLongSwaps | 0.75 | 0.63 |
| paladinSacrifices | 0.39 | 0.37 |
| promotions | 0.32 | 0.28 |
| checks | 4.42 | 3.48 |
| ogreShoves | 0.00 | 0.00 |
| ogreShovesFriend | 0.00 | 0.00 |
| ogreShovesGuard | 0.00 | 0.00 |
| catapultChecks | 0.00 | 0.00 |

The pooled columns describe each whole population; the difference column is the mean over the
40 shared arrangements of (rule − base) on the same openings. The two can disagree in sign when the
pooled value is not a mean of the per-arrangement values (minimum utilisation is one). Trust the
paired column.

Elo of the variant population is not reported: both populations play themselves, so their scores
are not comparable as a match. Read the white score as a fairness check, not as a strength delta.

== 2026-09-17 04:24:41 node_modules/.bin/tsx tools/kings-summary.ts
kings-summary: wrote docs/research/sim-kings-2026-09-16.md; depth 4 queued for 5 power(s)
== 2026-09-17 04:24:43 npm run sim -- --id kp-mercy-d4 --experiment ab --games 400 --sample 40 --depth 4 --seed 63 --workers 16 --rule kings=Spirit:Mercy

> king-down-chess@0.0.1 sim
> tsx src/sim/run.ts --id kp-mercy-d4 --experiment ab --games 400 --sample 40 --depth 4 --seed 63 --workers 16 --rule kings=Spirit:Mercy

[kp-mercy-d4.base] 400 games (0 already done), 400 to play on 16 workers -> sim/out/kp-mercy-d4.base.jsonl
[kp-mercy-d4.base] depth 4, 4 random opening plies, ply cap 300, pairs off (both sides identical; --pairs forces them on)
[kp-mercy-d4.base] rules {}, values {}
[kp-mercy-d4.base] 0/400  0.0 games/s  ETA ?
[kp-mercy-d4.base] 1/400  0.2 games/s  ETA 0h26m41s
[kp-mercy-d4.base] 1/400  0.2 games/s  ETA 0h39m59s
[kp-mercy-d4.base] 1/400  0.1 games/s  ETA 0h53m18s
[kp-mercy-d4.base] 2/400  0.2 games/s  ETA 0h33m15s
[kp-mercy-d4.base] 6/400  0.5 games/s  ETA 0h13m10s
[kp-mercy-d4.base] 11/400  0.8 games/s  ETA 0h08m16s
[kp-mercy-d4.base] 13/400  0.8 games/s  ETA 0h07m57s
[kp-mercy-d4.base] 18/400  1.0 games/s  ETA 0h06m23s
[kp-mercy-d4.base] 20/400  1.0 games/s  ETA 0h06m21s
[kp-mercy-d4.base] 22/400  1.0 games/s  ETA 0h06m18s
[kp-mercy-d4.base] 26/400  1.1 games/s  ETA 0h05m46s
[kp-mercy-d4.base] 28/400  1.1 games/s  ETA 0h05m46s
[kp-mercy-d4.base] 31/400  1.1 games/s  ETA 0h05m34s
[kp-mercy-d4.base] 34/400  1.1 games/s  ETA 0h05m23s
[kp-mercy-d4.base] 37/400  1.2 games/s  ETA 0h05m14s
[kp-mercy-d4.base] 40/400  1.2 games/s  ETA 0h05m06s
[kp-mercy-d4.base] 43/400  1.2 games/s  ETA 0h04m59s
[kp-mercy-d4.base] 44/400  1.2 games/s  ETA 0h05m08s
[kp-mercy-d4.base] 49/400  1.2 games/s  ETA 0h04m47s
[kp-mercy-d4.base] 53/400  1.3 games/s  ETA 0h04m35s
[kp-mercy-d4.base] 56/400  1.3 games/s  ETA 0h04m30s
[kp-mercy-d4.base] 60/400  1.3 games/s  ETA 0h04m21s
[kp-mercy-d4.base] 65/400  1.4 games/s  ETA 0h04m07s
[kp-mercy-d4.base] 69/400  1.4 games/s  ETA 0h04m00s
[kp-mercy-d4.base] 71/400  1.4 games/s  ETA 0h04m01s
[kp-mercy-d4.base] 73/400  1.3 games/s  ETA 0h04m02s
[kp-mercy-d4.base] 77/400  1.4 games/s  ETA 0h03m55s
[kp-mercy-d4.base] 82/400  1.4 games/s  ETA 0h03m45s
[kp-mercy-d4.base] 89/400  1.5 games/s  ETA 0h03m29s
[kp-mercy-d4.base] 93/400  1.5 games/s  ETA 0h03m24s
[kp-mercy-d4.base] 93/400  1.5 games/s  ETA 0h03m31s
[kp-mercy-d4.base] 95/400  1.4 games/s  ETA 0h03m32s
[kp-mercy-d4.base] 99/400  1.5 games/s  ETA 0h03m27s
[kp-mercy-d4.base] 105/400  1.5 games/s  ETA 0h03m16s
[kp-mercy-d4.base] 108/400  1.5 games/s  ETA 0h03m14s
[kp-mercy-d4.base] 115/400  1.6 games/s  ETA 0h03m03s
[kp-mercy-d4.base] 120/400  1.6 games/s  ETA 0h02m57s
[kp-mercy-d4.base] 123/400  1.6 games/s  ETA 0h02m55s
[kp-mercy-d4.base] 125/400  1.6 games/s  ETA 0h02m56s
[kp-mercy-d4.base] 128/400  1.6 games/s  ETA 0h02m54s
[kp-mercy-d4.base] 136/400  1.6 games/s  ETA 0h02m43s
[kp-mercy-d4.base] 139/400  1.6 games/s  ETA 0h02m41s
[kp-mercy-d4.base] 140/400  1.6 games/s  ETA 0h02m43s
[kp-mercy-d4.base] 142/400  1.6 games/s  ETA 0h02m43s
[kp-mercy-d4.base] 145/400  1.6 games/s  ETA 0h02m42s
[kp-mercy-d4.base] 151/400  1.6 games/s  ETA 0h02m35s
[kp-mercy-d4.base] 157/400  1.6 games/s  ETA 0h02m28s
[kp-mercy-d4.base] 159/400  1.6 games/s  ETA 0h02m28s
[kp-mercy-d4.base] 160/400  1.6 games/s  ETA 0h02m30s
[kp-mercy-d4.base] 163/400  1.6 games/s  ETA 0h02m28s
[kp-mercy-d4.base] 165/400  1.6 games/s  ETA 0h02m28s
[kp-mercy-d4.base] 169/400  1.6 games/s  ETA 0h02m25s
[kp-mercy-d4.base] 172/400  1.6 games/s  ETA 0h02m23s
[kp-mercy-d4.base] 178/400  1.6 games/s  ETA 0h02m17s
[kp-mercy-d4.base] 181/400  1.6 games/s  ETA 0h02m15s
[kp-mercy-d4.base] 184/400  1.6 games/s  ETA 0h02m14s
[kp-mercy-d4.base] 188/400  1.6 games/s  ETA 0h02m10s
[kp-mercy-d4.base] 193/400  1.6 games/s  ETA 0h02m06s
[kp-mercy-d4.base] 199/400  1.7 games/s  ETA 0h02m01s
[kp-mercy-d4.base] 203/400  1.7 games/s  ETA 0h01m58s
[kp-mercy-d4.base] 203/400  1.6 games/s  ETA 0h02m00s
[kp-mercy-d4.base] 205/400  1.6 games/s  ETA 0h02m00s
[kp-mercy-d4.base] 210/400  1.6 games/s  ETA 0h01m55s
[kp-mercy-d4.base] 213/400  1.6 games/s  ETA 0h01m54s
[kp-mercy-d4.base] 215/400  1.6 games/s  ETA 0h01m53s
[kp-mercy-d4.base] 219/400  1.6 games/s  ETA 0h01m50s
[kp-mercy-d4.base] 226/400  1.7 games/s  ETA 0h01m44s
[kp-mercy-d4.base] 230/400  1.7 games/s  ETA 0h01m42s
[kp-mercy-d4.base] 231/400  1.6 games/s  ETA 0h01m42s
[kp-mercy-d4.base] 235/400  1.7 games/s  ETA 0h01m39s
[kp-mercy-d4.base] 240/400  1.7 games/s  ETA 0h01m36s
[kp-mercy-d4.base] 244/400  1.7 games/s  ETA 0h01m33s
[kp-mercy-d4.base] 246/400  1.7 games/s  ETA 0h01m32s
[kp-mercy-d4.base] 251/400  1.7 games/s  ETA 0h01m29s
[kp-mercy-d4.base] 254/400  1.7 games/s  ETA 0h01m27s
[kp-mercy-d4.base] 256/400  1.7 games/s  ETA 0h01m26s
[kp-mercy-d4.base] 263/400  1.7 games/s  ETA 0h01m21s
[kp-mercy-d4.base] 266/400  1.7 games/s  ETA 0h01m19s
[kp-mercy-d4.base] 269/400  1.7 games/s  ETA 0h01m18s
[kp-mercy-d4.base] 274/400  1.7 games/s  ETA 0h01m14s
[kp-mercy-d4.base] 279/400  1.7 games/s  ETA 0h01m11s
[kp-mercy-d4.base] 281/400  1.7 games/s  ETA 0h01m10s
[kp-mercy-d4.base] 283/400  1.7 games/s  ETA 0h01m09s
[kp-mercy-d4.base] 285/400  1.7 games/s  ETA 0h01m08s
[kp-mercy-d4.base] 289/400  1.7 games/s  ETA 0h01m06s
[kp-mercy-d4.base] 293/400  1.7 games/s  ETA 0h01m03s
[kp-mercy-d4.base] 299/400  1.7 games/s  ETA 0h00m59s
[kp-mercy-d4.base] 301/400  1.7 games/s  ETA 0h00m58s
[kp-mercy-d4.base] 306/400  1.7 games/s  ETA 0h00m55s
[kp-mercy-d4.base] 310/400  1.7 games/s  ETA 0h00m52s
[kp-mercy-d4.base] 313/400  1.7 games/s  ETA 0h00m51s
[kp-mercy-d4.base] 315/400  1.7 games/s  ETA 0h00m50s
[kp-mercy-d4.base] 320/400  1.7 games/s  ETA 0h00m47s
[kp-mercy-d4.base] 324/400  1.7 games/s  ETA 0h00m44s
[kp-mercy-d4.base] 329/400  1.7 games/s  ETA 0h00m41s
[kp-mercy-d4.base] 331/400  1.7 games/s  ETA 0h00m40s
[kp-mercy-d4.base] 334/400  1.7 games/s  ETA 0h00m38s
[kp-mercy-d4.base] 338/400  1.7 games/s  ETA 0h00m36s
[kp-mercy-d4.base] 343/400  1.7 games/s  ETA 0h00m33s
[kp-mercy-d4.base] 346/400  1.7 games/s  ETA 0h00m31s
[kp-mercy-d4.base] 349/400  1.7 games/s  ETA 0h00m29s
[kp-mercy-d4.base] 352/400  1.7 games/s  ETA 0h00m28s
[kp-mercy-d4.base] 354/400  1.7 games/s  ETA 0h00m27s
[kp-mercy-d4.base] 355/400  1.7 games/s  ETA 0h00m26s
[kp-mercy-d4.base] 361/400  1.7 games/s  ETA 0h00m22s
[kp-mercy-d4.base] 365/400  1.7 games/s  ETA 0h00m20s
[kp-mercy-d4.base] 370/400  1.7 games/s  ETA 0h00m17s
[kp-mercy-d4.base] 372/400  1.7 games/s  ETA 0h00m16s
[kp-mercy-d4.base] 374/400  1.7 games/s  ETA 0h00m15s
[kp-mercy-d4.base] 380/400  1.7 games/s  ETA 0h00m11s
[kp-mercy-d4.base] 385/400  1.7 games/s  ETA 0h00m08s
[kp-mercy-d4.base] 388/400  1.7 games/s  ETA 0h00m06s
[kp-mercy-d4.base] 389/400  1.7 games/s  ETA 0h00m06s
[kp-mercy-d4.base] 398/400  1.7 games/s  ETA 0h00m01s
[kp-mercy-d4.base] 398/400  1.7 games/s  ETA 0h00m01s
[kp-mercy-d4.base] 399/400  1.7 games/s  ETA 0h00m00s
[kp-mercy-d4.base] 399/400  1.7 games/s  ETA 0h00m00s
[kp-mercy-d4.base] 400 games in 0h03m57s (1.7 games/s)
[kp-mercy-d4.base] summary -> sim/out/kp-mercy-d4.base.summary.json
[kp-mercy-d4.var] 400 games (0 already done), 400 to play on 16 workers -> sim/out/kp-mercy-d4.var.jsonl
[kp-mercy-d4.var] depth 4, 4 random opening plies, ply cap 300, pairs off (both sides identical; --pairs forces them on)
[kp-mercy-d4.var] rules {"kings":[{"king":"Spirit","power":"Mercy"},{"king":"Spirit","power":"Mercy"}]}, values {}
[kp-mercy-d4.var] 0/400  0.0 games/s  ETA ?
[kp-mercy-d4.var] 2/400  0.5 games/s  ETA 0h13m16s
[kp-mercy-d4.var] 3/400  0.5 games/s  ETA 0h13m14s
[kp-mercy-d4.var] 7/400  0.9 games/s  ETA 0h07m29s
[kp-mercy-d4.var] 10/400  1.0 games/s  ETA 0h06m30s
[kp-mercy-d4.var] 12/400  1.0 games/s  ETA 0h06m28s
[kp-mercy-d4.var] 17/400  1.2 games/s  ETA 0h05m15s
[kp-mercy-d4.var] 20/400  1.2 games/s  ETA 0h05m04s
[kp-mercy-d4.var] 24/400  1.3 games/s  ETA 0h04m42s
[kp-mercy-d4.var] 28/400  1.4 games/s  ETA 0h04m26s
[kp-mercy-d4.var] 31/400  1.4 games/s  ETA 0h04m22s
[kp-mercy-d4.var] 34/400  1.4 games/s  ETA 0h04m18s
[kp-mercy-d4.var] 39/400  1.5 games/s  ETA 0h04m00s
[kp-mercy-d4.var] 42/400  1.5 games/s  ETA 0h03m58s
[kp-mercy-d4.var] 47/400  1.6 games/s  ETA 0h03m45s
[kp-mercy-d4.var] 49/400  1.5 games/s  ETA 0h03m49s
[kp-mercy-d4.var] 51/400  1.5 games/s  ETA 0h03m52s
[kp-mercy-d4.var] 54/400  1.5 games/s  ETA 0h03m50s
[kp-mercy-d4.var] 59/400  1.6 games/s  ETA 0h03m39s
[kp-mercy-d4.var] 62/400  1.5 games/s  ETA 0h03m38s
[kp-mercy-d4.var] 65/400  1.5 games/s  ETA 0h03m36s
[kp-mercy-d4.var] 70/400  1.6 games/s  ETA 0h03m27s
[kp-mercy-d4.var] 72/400  1.6 games/s  ETA 0h03m29s
[kp-mercy-d4.var] 76/400  1.6 games/s  ETA 0h03m24s
[kp-mercy-d4.var] 79/400  1.6 games/s  ETA 0h03m23s
[kp-mercy-d4.var] 80/400  1.5 games/s  ETA 0h03m28s
[kp-mercy-d4.var] 83/400  1.5 games/s  ETA 0h03m26s
[kp-mercy-d4.var] 85/400  1.5 games/s  ETA 0h03m27s
[kp-mercy-d4.var] 87/400  1.5 games/s  ETA 0h03m28s
[kp-mercy-d4.var] 91/400  1.5 games/s  ETA 0h03m24s
[kp-mercy-d4.var] 93/400  1.5 games/s  ETA 0h03m24s
[kp-mercy-d4.var] 97/400  1.5 games/s  ETA 0h03m20s
[kp-mercy-d4.var] 100/400  1.5 games/s  ETA 0h03m18s
[kp-mercy-d4.var] 104/400  1.5 games/s  ETA 0h03m13s
[kp-mercy-d4.var] 106/400  1.5 games/s  ETA 0h03m14s
[kp-mercy-d4.var] 112/400  1.6 games/s  ETA 0h03m05s
[kp-mercy-d4.var] 117/400  1.6 games/s  ETA 0h02m59s
[kp-mercy-d4.var] 118/400  1.6 games/s  ETA 0h03m01s
[kp-mercy-d4.var] 124/400  1.6 games/s  ETA 0h02m53s
[kp-mercy-d4.var] 126/400  1.6 games/s  ETA 0h02m54s
[kp-mercy-d4.var] 128/400  1.6 games/s  ETA 0h02m54s
[kp-mercy-d4.var] 132/400  1.6 games/s  ETA 0h02m50s
[kp-mercy-d4.var] 136/400  1.6 games/s  ETA 0h02m47s
[kp-mercy-d4.var] 138/400  1.6 games/s  ETA 0h02m47s
[kp-mercy-d4.var] 142/400  1.6 games/s  ETA 0h02m43s
[kp-mercy-d4.var] 145/400  1.6 games/s  ETA 0h02m41s
[kp-mercy-d4.var] 147/400  1.6 games/s  ETA 0h02m41s
[kp-mercy-d4.var] 149/400  1.6 games/s  ETA 0h02m41s
[kp-mercy-d4.var] 152/400  1.5 games/s  ETA 0h02m40s
[kp-mercy-d4.var] 156/400  1.6 games/s  ETA 0h02m36s
[kp-mercy-d4.var] 159/400  1.6 games/s  ETA 0h02m34s
[kp-mercy-d4.var] 165/400  1.6 games/s  ETA 0h02m28s
[kp-mercy-d4.var] 167/400  1.6 games/s  ETA 0h02m28s
[kp-mercy-d4.var] 170/400  1.6 games/s  ETA 0h02m26s
[kp-mercy-d4.var] 172/400  1.6 games/s  ETA 0h02m26s
[kp-mercy-d4.var] 175/400  1.6 games/s  ETA 0h02m24s
[kp-mercy-d4.var] 179/400  1.6 games/s  ETA 0h02m20s
[kp-mercy-d4.var] 182/400  1.6 games/s  ETA 0h02m19s
[kp-mercy-d4.var] 184/400  1.6 games/s  ETA 0h02m18s
[kp-mercy-d4.var] 187/400  1.6 games/s  ETA 0h02m16s
[kp-mercy-d4.var] 188/400  1.5 games/s  ETA 0h02m17s
[kp-mercy-d4.var] 196/400  1.6 games/s  ETA 0h02m09s
[kp-mercy-d4.var] 200/400  1.6 games/s  ETA 0h02m06s
[kp-mercy-d4.var] 202/400  1.6 games/s  ETA 0h02m05s
[kp-mercy-d4.var] 203/400  1.6 games/s  ETA 0h02m06s
[kp-mercy-d4.var] 209/400  1.6 games/s  ETA 0h02m00s
[kp-mercy-d4.var] 210/400  1.6 games/s  ETA 0h02m01s
[kp-mercy-d4.var] 211/400  1.5 games/s  ETA 0h02m01s
[kp-mercy-d4.var] 216/400  1.6 games/s  ETA 0h01m57s
[kp-mercy-d4.var] 220/400  1.6 games/s  ETA 0h01m54s
[kp-mercy-d4.var] 223/400  1.6 games/s  ETA 0h01m52s
[kp-mercy-d4.var] 227/400  1.6 games/s  ETA 0h01m49s
[kp-mercy-d4.var] 231/400  1.6 games/s  ETA 0h01m46s
[kp-mercy-d4.var] 234/400  1.6 games/s  ETA 0h01m45s
[kp-mercy-d4.var] 236/400  1.6 games/s  ETA 0h01m44s
[kp-mercy-d4.var] 239/400  1.6 games/s  ETA 0h01m42s
[kp-mercy-d4.var] 243/400  1.6 games/s  ETA 0h01m39s
[kp-mercy-d4.var] 247/400  1.6 games/s  ETA 0h01m36s
[kp-mercy-d4.var] 250/400  1.6 games/s  ETA 0h01m34s
[kp-mercy-d4.var] 252/400  1.6 games/s  ETA 0h01m34s
[kp-mercy-d4.var] 257/400  1.6 games/s  ETA 0h01m30s
[kp-mercy-d4.var] 258/400  1.6 games/s  ETA 0h01m30s
[kp-mercy-d4.var] 261/400  1.6 games/s  ETA 0h01m28s
[kp-mercy-d4.var] 264/400  1.6 games/s  ETA 0h01m26s
[kp-mercy-d4.var] 269/400  1.6 games/s  ETA 0h01m22s
[kp-mercy-d4.var] 272/400  1.6 games/s  ETA 0h01m21s
[kp-mercy-d4.var] 274/400  1.6 games/s  ETA 0h01m20s
[kp-mercy-d4.var] 276/400  1.6 games/s  ETA 0h01m19s
[kp-mercy-d4.var] 277/400  1.6 games/s  ETA 0h01m19s
[kp-mercy-d4.var] 281/400  1.6 games/s  ETA 0h01m16s
[kp-mercy-d4.var] 284/400  1.6 games/s  ETA 0h01m14s
[kp-mercy-d4.var] 289/400  1.6 games/s  ETA 0h01m10s
[kp-mercy-d4.var] 292/400  1.6 games/s  ETA 0h01m08s
[kp-mercy-d4.var] 292/400  1.6 games/s  ETA 0h01m09s
[kp-mercy-d4.var] 296/400  1.6 games/s  ETA 0h01m06s
[kp-mercy-d4.var] 301/400  1.6 games/s  ETA 0h01m03s
[kp-mercy-d4.var] 302/400  1.6 games/s  ETA 0h01m03s
[kp-mercy-d4.var] 308/400  1.6 games/s  ETA 0h00m58s
[kp-mercy-d4.var] 310/400  1.6 games/s  ETA 0h00m57s
[kp-mercy-d4.var] 314/400  1.6 games/s  ETA 0h00m54s
[kp-mercy-d4.var] 317/400  1.6 games/s  ETA 0h00m52s
[kp-mercy-d4.var] 320/400  1.6 games/s  ETA 0h00m51s
[kp-mercy-d4.var] 323/400  1.6 games/s  ETA 0h00m49s
[kp-mercy-d4.var] 325/400  1.6 games/s  ETA 0h00m48s
[kp-mercy-d4.var] 330/400  1.6 games/s  ETA 0h00m44s
[kp-mercy-d4.var] 331/400  1.6 games/s  ETA 0h00m44s
[kp-mercy-d4.var] 337/400  1.6 games/s  ETA 0h00m40s
[kp-mercy-d4.var] 339/400  1.6 games/s  ETA 0h00m38s
[kp-mercy-d4.var] 341/400  1.6 games/s  ETA 0h00m37s
[kp-mercy-d4.var] 343/400  1.6 games/s  ETA 0h00m36s
[kp-mercy-d4.var] 347/400  1.6 games/s  ETA 0h00m33s
[kp-mercy-d4.var] 352/400  1.6 games/s  ETA 0h00m30s
[kp-mercy-d4.var] 354/400  1.6 games/s  ETA 0h00m29s
[kp-mercy-d4.var] 359/400  1.6 games/s  ETA 0h00m26s
[kp-mercy-d4.var] 363/400  1.6 games/s  ETA 0h00m23s
[kp-mercy-d4.var] 364/400  1.6 games/s  ETA 0h00m22s
[kp-mercy-d4.var] 366/400  1.6 games/s  ETA 0h00m21s
[kp-mercy-d4.var] 374/400  1.6 games/s  ETA 0h00m16s
[kp-mercy-d4.var] 377/400  1.6 games/s  ETA 0h00m14s
[kp-mercy-d4.var] 381/400  1.6 games/s  ETA 0h00m11s
[kp-mercy-d4.var] 382/400  1.6 games/s  ETA 0h00m11s
[kp-mercy-d4.var] 387/400  1.6 games/s  ETA 0h00m08s
[kp-mercy-d4.var] 391/400  1.6 games/s  ETA 0h00m05s
[kp-mercy-d4.var] 396/400  1.6 games/s  ETA 0h00m02s
[kp-mercy-d4.var] 397/400  1.6 games/s  ETA 0h00m01s
[kp-mercy-d4.var] 399/400  1.6 games/s  ETA 0h00m00s
[kp-mercy-d4.var] 400 games in 0h04m13s (1.6 games/s)
[kp-mercy-d4.var] summary -> sim/out/kp-mercy-d4.var.summary.json
# Rule A/B — kp-mercy-d4

`kings=[object Object],[object Object]` against today's defaults.
400 games per population, depth 4, the same 40 arrangements and the same
opening seeds in both (common random numbers). Control arm: `kp-mercy-d4.base`.

A symmetric rule changes both sides at once, so there is no match to run and no SPRT: this is a
paired two-population comparison. The interval is a 95% normal approximation on the
mean paired difference over arrangements; with few arrangements,
and with one interval per metric, read "significant" as "worth a second run", not as a test.

| metric | base (pooled) | with the rule (pooled) | mean paired difference ±95% | significant |
|---|---|---|---|---|
| white score | 0.585 | 0.576 | -0.009 ± 0.048 | no |
| decisive | 0.670 | 0.682 | +0.013 ± 0.075 | no |
| draw rate | 0.310 | 0.297 | -0.013 ± 0.072 | no |
| capped | 0.020 | 0.020 | -0.000 ± 0.019 | no |
| mean plies | 126.3 | 118.2 | -8.2 ± 8.4 | no |
| branching factor | 30.4 | 32.8 | +2.4 ± 0.6 | yes |
| killer move | 0.189 | 0.208 | +0.019 ± 0.017 | yes |
| lead change | 0.040 | 0.038 | -0.002 ± 0.008 | no |
| uncertainty late | 0.626 | 0.630 | +0.004 ± 0.009 | no |
| drama | 0.099 | 0.119 | +0.019 ± 0.019 | yes |
| permanence | 0.971 | 0.969 | -0.002 ± 0.002 | yes |
| min utilisation | 0.41 | 0.39 | -0.04 ± 0.03 | yes |
| interest | 0.454 | 0.461 | +0.007 ± 0.007 | no |
| interest (min-use) | 0.454 | 0.376 | -0.018 ± 0.016 | yes |
| killerMove (resid.) | -0.009 | 0.009 | +0.018 ± 0.017 | yes |
| leadChange (resid.) | 0.001 | -0.001 | -0.002 ± 0.008 | no |
| uncertaintyLate (resid.) | -0.003 | 0.003 | +0.005 ± 0.008 | no |
| drama (resid.) | -0.009 | 0.009 | +0.018 ± 0.016 | yes |
| permanence (resid.) | 0.001 | -0.001 | -0.002 ± 0.002 | yes |
| fairyUse (resid.) | 0.000 | 0.000 | +0.000 ± 0.000 | no |
| excessDecisiveness (resid.) | 0.031 | 0.013 | -0.011 ± 0.024 | no |
| interest (resid.) | -0.001 | 0.004 | +0.006 ± 0.005 | yes |
| interestMinFairy (resid.) | 0.034 | -0.045 | -0.019 ± 0.016 | yes |

## Degeneracy counters
| counter | base | with the rule |
|---|---|---|
| guard captures per game | 0.000 | 0.000 |
| games with a guard rampage (≥ 3 captures) | 0 (0.0%) | 0 (0.0%) |
| dead-material endings (draw50 + drawMaterial) | 20 (5.0%) | 15 (3.8%) |
| games where a king never moved | 62 (15.5%) | 52 (13.0%) |

## Per piece (both sides, whole population; moves and captures per game)
| piece | moves A | moves B | captures A | captures B | survival A | survival B |
|---|---|---|---|---|---|---|
| P | 25.70 | 23.06 | 4.58 | 4.15 | 33.3% | 37.8% |
| K | 20.07 | 18.88 | 1.64 | 0.21 | 100.0% | 100.0% |
| A | 15.07 | 14.20 | 2.54 | 2.33 | 42.0% | 50.3% |
| S | 12.91 | 11.37 | 1.57 | 1.47 | 37.7% | 45.1% |
| M | 12.79 | 13.27 | 1.54 | 1.79 | 32.0% | 38.4% |
| R | 9.48 | 8.71 | 1.58 | 1.69 | 38.3% | 42.0% |
| B | 8.32 | 8.14 | 2.04 | 2.13 | 20.4% | 22.2% |
| N | 7.09 | 7.98 | 1.54 | 1.65 | 6.2% | 10.4% |
| Q | 6.14 | 6.26 | 1.03 | 1.14 | 45.0% | 65.3% |
| L | 5.00 | 4.49 | 1.50 | 1.58 | 8.5% | 9.3% |
| G | 3.73 | 1.81 | 0.00 | 0.00 | 87.9% | 75.3% |

## Fairy events per game
| event | base | with the rule |
|---|---|---|
| archerShots | 2.54 | 2.33 |
| beastChainMoves | 1.33 | 1.26 |
| beastChainCaptures | 1.57 | 1.47 |
| maesterSwaps | 5.00 | 5.13 |
| maesterLongSwaps | 0.71 | 0.80 |
| paladinSacrifices | 0.56 | 0.57 |
| promotions | 0.15 | 0.15 |
| checks | 7.37 | 9.34 |
| ogreShoves | 0.00 | 0.00 |
| ogreShovesFriend | 0.00 | 0.00 |
| ogreShovesGuard | 0.00 | 0.00 |
| catapultChecks | 0.00 | 0.00 |

The pooled columns describe each whole population; the difference column is the mean over the
40 shared arrangements of (rule − base) on the same openings. The two can disagree in sign when the
pooled value is not a mean of the per-arrangement values (minimum utilisation is one). Trust the
paired column.

Elo of the variant population is not reported: both populations play themselves, so their scores
are not comparable as a match. Read the white score as a fairness check, not as a strength delta.

== 2026-09-17 04:32:54 npm run sim -- --id kp-deathtouch-d4 --experiment ab --games 400 --sample 40 --depth 4 --seed 63 --workers 16 --rule kings=Shadow:DeathTouch

> king-down-chess@0.0.1 sim
> tsx src/sim/run.ts --id kp-deathtouch-d4 --experiment ab --games 400 --sample 40 --depth 4 --seed 63 --workers 16 --rule kings=Shadow:DeathTouch

[kp-deathtouch-d4.base] 400 games (0 already done), 400 to play on 16 workers -> sim/out/kp-deathtouch-d4.base.jsonl
[kp-deathtouch-d4.base] depth 4, 4 random opening plies, ply cap 300, pairs off (both sides identical; --pairs forces them on)
[kp-deathtouch-d4.base] rules {}, values {}
[kp-deathtouch-d4.base] 1/400  0.5 games/s  ETA 0h13m18s
[kp-deathtouch-d4.base] 1/400  0.2 games/s  ETA 0h26m37s
[kp-deathtouch-d4.base] 1/400  0.2 games/s  ETA 0h39m55s
[kp-deathtouch-d4.base] 3/400  0.4 games/s  ETA 0h17m39s
[kp-deathtouch-d4.base] 9/400  0.9 games/s  ETA 0h07m14s
[kp-deathtouch-d4.base] 13/400  1.1 games/s  ETA 0h05m57s
[kp-deathtouch-d4.base] 18/400  1.3 games/s  ETA 0h04m57s
[kp-deathtouch-d4.base] 22/400  1.4 games/s  ETA 0h04m35s
[kp-deathtouch-d4.base] 24/400  1.3 games/s  ETA 0h04m42s
[kp-deathtouch-d4.base] 28/400  1.4 games/s  ETA 0h04m25s
[kp-deathtouch-d4.base] 30/400  1.4 games/s  ETA 0h04m31s
[kp-deathtouch-d4.base] 34/400  1.4 games/s  ETA 0h04m18s
[kp-deathtouch-d4.base] 36/400  1.4 games/s  ETA 0h04m23s
[kp-deathtouch-d4.base] 40/400  1.4 games/s  ETA 0h04m12s
[kp-deathtouch-d4.base] 42/400  1.4 games/s  ETA 0h04m15s
[kp-deathtouch-d4.base] 44/400  1.4 games/s  ETA 0h04m19s
[kp-deathtouch-d4.base] 48/400  1.4 games/s  ETA 0h04m09s
[kp-deathtouch-d4.base] 54/400  1.5 games/s  ETA 0h03m50s
[kp-deathtouch-d4.base] 57/400  1.5 games/s  ETA 0h03m48s
[kp-deathtouch-d4.base] 60/400  1.5 games/s  ETA 0h03m46s
[kp-deathtouch-d4.base] 62/400  1.5 games/s  ETA 0h03m49s
[kp-deathtouch-d4.base] 69/400  1.6 games/s  ETA 0h03m31s
[kp-deathtouch-d4.base] 71/400  1.5 games/s  ETA 0h03m33s
[kp-deathtouch-d4.base] 73/400  1.5 games/s  ETA 0h03m35s
[kp-deathtouch-d4.base] 76/400  1.5 games/s  ETA 0h03m33s
[kp-deathtouch-d4.base] 81/400  1.6 games/s  ETA 0h03m24s
[kp-deathtouch-d4.base] 88/400  1.6 games/s  ETA 0h03m11s
[kp-deathtouch-d4.base] 93/400  1.7 games/s  ETA 0h03m05s
[kp-deathtouch-d4.base] 93/400  1.6 games/s  ETA 0h03m11s
[kp-deathtouch-d4.base] 95/400  1.6 games/s  ETA 0h03m12s
[kp-deathtouch-d4.base] 100/400  1.6 games/s  ETA 0h03m06s
[kp-deathtouch-d4.base] 103/400  1.6 games/s  ETA 0h03m04s
[kp-deathtouch-d4.base] 108/400  1.6 games/s  ETA 0h02m58s
[kp-deathtouch-d4.base] 113/400  1.7 games/s  ETA 0h02m52s
[kp-deathtouch-d4.base] 119/400  1.7 games/s  ETA 0h02m45s
[kp-deathtouch-d4.base] 123/400  1.7 games/s  ETA 0h02m42s
[kp-deathtouch-d4.base] 125/400  1.7 games/s  ETA 0h02m42s
[kp-deathtouch-d4.base] 127/400  1.7 games/s  ETA 0h02m43s
[kp-deathtouch-d4.base] 132/400  1.7 games/s  ETA 0h02m38s
[kp-deathtouch-d4.base] 138/400  1.7 games/s  ETA 0h02m32s
[kp-deathtouch-d4.base] 140/400  1.7 games/s  ETA 0h02m32s
[kp-deathtouch-d4.base] 141/400  1.7 games/s  ETA 0h02m34s
[kp-deathtouch-d4.base] 144/400  1.7 games/s  ETA 0h02m33s
[kp-deathtouch-d4.base] 147/400  1.7 games/s  ETA 0h02m31s
[kp-deathtouch-d4.base] 150/400  1.7 games/s  ETA 0h02m30s
[kp-deathtouch-d4.base] 155/400  1.7 games/s  ETA 0h02m25s
[kp-deathtouch-d4.base] 158/400  1.7 games/s  ETA 0h02m24s
[kp-deathtouch-d4.base] 160/400  1.7 games/s  ETA 0h02m24s
[kp-deathtouch-d4.base] 160/400  1.6 games/s  ETA 0h02m27s
[kp-deathtouch-d4.base] 163/400  1.6 games/s  ETA 0h02m25s
[kp-deathtouch-d4.base] 164/400  1.6 games/s  ETA 0h02m26s
[kp-deathtouch-d4.base] 167/400  1.6 games/s  ETA 0h02m25s
[kp-deathtouch-d4.base] 171/400  1.6 games/s  ETA 0h02m22s
[kp-deathtouch-d4.base] 173/400  1.6 games/s  ETA 0h02m21s
[kp-deathtouch-d4.base] 178/400  1.6 games/s  ETA 0h02m17s
[kp-deathtouch-d4.base] 180/400  1.6 games/s  ETA 0h02m17s
[kp-deathtouch-d4.base] 182/400  1.6 games/s  ETA 0h02m16s
[kp-deathtouch-d4.base] 187/400  1.6 games/s  ETA 0h02m12s
[kp-deathtouch-d4.base] 191/400  1.6 games/s  ETA 0h02m09s
[kp-deathtouch-d4.base] 195/400  1.6 games/s  ETA 0h02m06s
[kp-deathtouch-d4.base] 200/400  1.6 games/s  ETA 0h02m02s
[kp-deathtouch-d4.base] 202/400  1.6 games/s  ETA 0h02m01s
[kp-deathtouch-d4.base] 204/400  1.6 games/s  ETA 0h02m01s
[kp-deathtouch-d4.base] 206/400  1.6 games/s  ETA 0h02m00s
[kp-deathtouch-d4.base] 209/400  1.6 games/s  ETA 0h01m58s
[kp-deathtouch-d4.base] 212/400  1.6 games/s  ETA 0h01m57s
[kp-deathtouch-d4.base] 215/400  1.6 games/s  ETA 0h01m55s
[kp-deathtouch-d4.base] 216/400  1.6 games/s  ETA 0h01m56s
[kp-deathtouch-d4.base] 221/400  1.6 games/s  ETA 0h01m51s
[kp-deathtouch-d4.base] 227/400  1.6 games/s  ETA 0h01m46s
[kp-deathtouch-d4.base] 231/400  1.6 games/s  ETA 0h01m44s
[kp-deathtouch-d4.base] 231/400  1.6 games/s  ETA 0h01m45s
[kp-deathtouch-d4.base] 235/400  1.6 games/s  ETA 0h01m42s
[kp-deathtouch-d4.base] 240/400  1.6 games/s  ETA 0h01m38s
[kp-deathtouch-d4.base] 244/400  1.6 games/s  ETA 0h01m36s
[kp-deathtouch-d4.base] 246/400  1.6 games/s  ETA 0h01m35s
[kp-deathtouch-d4.base] 250/400  1.6 games/s  ETA 0h01m32s
[kp-deathtouch-d4.base] 253/400  1.6 games/s  ETA 0h01m30s
[kp-deathtouch-d4.base] 255/400  1.6 games/s  ETA 0h01m29s
[kp-deathtouch-d4.base] 258/400  1.6 games/s  ETA 0h01m28s
[kp-deathtouch-d4.base] 264/400  1.6 games/s  ETA 0h01m23s
[kp-deathtouch-d4.base] 268/400  1.6 games/s  ETA 0h01m20s
[kp-deathtouch-d4.base] 271/400  1.6 games/s  ETA 0h01m19s
[kp-deathtouch-d4.base] 276/400  1.6 games/s  ETA 0h01m15s
[kp-deathtouch-d4.base] 280/400  1.6 games/s  ETA 0h01m12s
[kp-deathtouch-d4.base] 282/400  1.6 games/s  ETA 0h01m12s
[kp-deathtouch-d4.base] 285/400  1.6 games/s  ETA 0h01m10s
[kp-deathtouch-d4.base] 287/400  1.6 games/s  ETA 0h01m09s
[kp-deathtouch-d4.base] 291/400  1.6 games/s  ETA 0h01m06s
[kp-deathtouch-d4.base] 296/400  1.6 games/s  ETA 0h01m03s
[kp-deathtouch-d4.base] 301/400  1.7 games/s  ETA 0h00m59s
[kp-deathtouch-d4.base] 302/400  1.6 games/s  ETA 0h00m59s
[kp-deathtouch-d4.base] 308/400  1.7 games/s  ETA 0h00m55s
[kp-deathtouch-d4.base] 312/400  1.7 games/s  ETA 0h00m53s
[kp-deathtouch-d4.base] 314/400  1.7 games/s  ETA 0h00m52s
[kp-deathtouch-d4.base] 318/400  1.7 games/s  ETA 0h00m49s
[kp-deathtouch-d4.base] 322/400  1.7 games/s  ETA 0h00m47s
[kp-deathtouch-d4.base] 328/400  1.7 games/s  ETA 0h00m43s
[kp-deathtouch-d4.base] 329/400  1.7 games/s  ETA 0h00m42s
[kp-deathtouch-d4.base] 334/400  1.7 games/s  ETA 0h00m39s
[kp-deathtouch-d4.base] 338/400  1.7 games/s  ETA 0h00m37s
[kp-deathtouch-d4.base] 341/400  1.7 games/s  ETA 0h00m35s
[kp-deathtouch-d4.base] 345/400  1.7 games/s  ETA 0h00m32s
[kp-deathtouch-d4.base] 348/400  1.7 games/s  ETA 0h00m31s
[kp-deathtouch-d4.base] 350/400  1.7 games/s  ETA 0h00m30s
[kp-deathtouch-d4.base] 352/400  1.7 games/s  ETA 0h00m28s
[kp-deathtouch-d4.base] 354/400  1.7 games/s  ETA 0h00m27s
[kp-deathtouch-d4.base] 355/400  1.6 games/s  ETA 0h00m27s
[kp-deathtouch-d4.base] 365/400  1.7 games/s  ETA 0h00m20s
[kp-deathtouch-d4.base] 368/400  1.7 games/s  ETA 0h00m19s
[kp-deathtouch-d4.base] 370/400  1.7 games/s  ETA 0h00m18s
[kp-deathtouch-d4.base] 373/400  1.7 games/s  ETA 0h00m16s
[kp-deathtouch-d4.base] 377/400  1.7 games/s  ETA 0h00m13s
[kp-deathtouch-d4.base] 383/400  1.7 games/s  ETA 0h00m10s
[kp-deathtouch-d4.base] 386/400  1.7 games/s  ETA 0h00m08s
[kp-deathtouch-d4.base] 388/400  1.7 games/s  ETA 0h00m07s
[kp-deathtouch-d4.base] 395/400  1.7 games/s  ETA 0h00m02s
[kp-deathtouch-d4.base] 398/400  1.7 games/s  ETA 0h00m01s
[kp-deathtouch-d4.base] 399/400  1.7 games/s  ETA 0h00m00s
[kp-deathtouch-d4.base] 399/400  1.7 games/s  ETA 0h00m00s
[kp-deathtouch-d4.base] 400 games in 0h04m02s (1.7 games/s)
[kp-deathtouch-d4.base] summary -> sim/out/kp-deathtouch-d4.base.summary.json
[kp-deathtouch-d4.var] 400 games (0 already done), 400 to play on 16 workers -> sim/out/kp-deathtouch-d4.var.jsonl
[kp-deathtouch-d4.var] depth 4, 4 random opening plies, ply cap 300, pairs off (both sides identical; --pairs forces them on)
[kp-deathtouch-d4.var] rules {"kings":[{"king":"Shadow","power":"DeathTouch"},{"king":"Shadow","power":"DeathTouch"}]}, values {}
[kp-deathtouch-d4.var] 0/400  0.0 games/s  ETA ?
[kp-deathtouch-d4.var] 0/400  0.0 games/s  ETA ?
[kp-deathtouch-d4.var] 3/400  0.5 games/s  ETA 0h13m15s
[kp-deathtouch-d4.var] 5/400  0.6 games/s  ETA 0h10m32s
[kp-deathtouch-d4.var] 9/400  0.9 games/s  ETA 0h07m14s
[kp-deathtouch-d4.var] 11/400  0.9 games/s  ETA 0h07m04s
[kp-deathtouch-d4.var] 15/400  1.1 games/s  ETA 0h05m59s
[kp-deathtouch-d4.var] 16/400  1.0 games/s  ETA 0h06m24s
[kp-deathtouch-d4.var] 20/400  1.1 games/s  ETA 0h05m42s
[kp-deathtouch-d4.var] 24/400  1.2 games/s  ETA 0h05m13s
[kp-deathtouch-d4.var] 28/400  1.3 games/s  ETA 0h04m52s
[kp-deathtouch-d4.var] 31/400  1.3 games/s  ETA 0h04m46s
[kp-deathtouch-d4.var] 34/400  1.3 games/s  ETA 0h04m40s
[kp-deathtouch-d4.var] 36/400  1.3 games/s  ETA 0h04m43s
[kp-deathtouch-d4.var] 39/400  1.3 games/s  ETA 0h04m38s
[kp-deathtouch-d4.var] 43/400  1.3 games/s  ETA 0h04m25s
[kp-deathtouch-d4.var] 46/400  1.4 games/s  ETA 0h04m21s
[kp-deathtouch-d4.var] 50/400  1.4 games/s  ETA 0h04m12s
[kp-deathtouch-d4.var] 55/400  1.4 games/s  ETA 0h03m58s
[kp-deathtouch-d4.var] 57/400  1.4 games/s  ETA 0h04m01s
[kp-deathtouch-d4.var] 63/400  1.5 games/s  ETA 0h03m44s
[kp-deathtouch-d4.var] 65/400  1.5 games/s  ETA 0h03m47s
[kp-deathtouch-d4.var] 71/400  1.5 games/s  ETA 0h03m33s
[kp-deathtouch-d4.var] 72/400  1.5 games/s  ETA 0h03m38s
[kp-deathtouch-d4.var] 74/400  1.5 games/s  ETA 0h03m40s
[kp-deathtouch-d4.var] 78/400  1.5 games/s  ETA 0h03m34s
[kp-deathtouch-d4.var] 82/400  1.5 games/s  ETA 0h03m29s
[kp-deathtouch-d4.var] 86/400  1.5 games/s  ETA 0h03m24s
[kp-deathtouch-d4.var] 87/400  1.5 games/s  ETA 0h03m28s
[kp-deathtouch-d4.var] 91/400  1.5 games/s  ETA 0h03m23s
[kp-deathtouch-d4.var] 94/400  1.5 games/s  ETA 0h03m22s
[kp-deathtouch-d4.var] 98/400  1.5 games/s  ETA 0h03m17s
[kp-deathtouch-d4.var] 101/400  1.5 games/s  ETA 0h03m15s
[kp-deathtouch-d4.var] 103/400  1.5 games/s  ETA 0h03m16s
[kp-deathtouch-d4.var] 110/400  1.6 games/s  ETA 0h03m04s
[kp-deathtouch-d4.var] 116/400  1.6 games/s  ETA 0h02m56s
[kp-deathtouch-d4.var] 119/400  1.6 games/s  ETA 0h02m54s
[kp-deathtouch-d4.var] 121/400  1.6 games/s  ETA 0h02m55s
[kp-deathtouch-d4.var] 125/400  1.6 games/s  ETA 0h02m51s
[kp-deathtouch-d4.var] 128/400  1.6 games/s  ETA 0h02m50s
[kp-deathtouch-d4.var] 134/400  1.6 games/s  ETA 0h02m42s
[kp-deathtouch-d4.var] 137/400  1.6 games/s  ETA 0h02m41s
[kp-deathtouch-d4.var] 141/400  1.6 games/s  ETA 0h02m38s
[kp-deathtouch-d4.var] 143/400  1.6 games/s  ETA 0h02m38s
[kp-deathtouch-d4.var] 145/400  1.6 games/s  ETA 0h02m38s
[kp-deathtouch-d4.var] 148/400  1.6 games/s  ETA 0h02m36s
[kp-deathtouch-d4.var] 154/400  1.6 games/s  ETA 0h02m30s
[kp-deathtouch-d4.var] 158/400  1.6 games/s  ETA 0h02m27s
[kp-deathtouch-d4.var] 160/400  1.6 games/s  ETA 0h02m27s
[kp-deathtouch-d4.var] 162/400  1.6 games/s  ETA 0h02m27s
[kp-deathtouch-d4.var] 164/400  1.6 games/s  ETA 0h02m26s
[kp-deathtouch-d4.var] 171/400  1.6 games/s  ETA 0h02m19s
[kp-deathtouch-d4.var] 174/400  1.6 games/s  ETA 0h02m17s
[kp-deathtouch-d4.var] 176/400  1.6 games/s  ETA 0h02m17s
[kp-deathtouch-d4.var] 176/400  1.6 games/s  ETA 0h02m20s
[kp-deathtouch-d4.var] 179/400  1.6 games/s  ETA 0h02m18s
[kp-deathtouch-d4.var] 182/400  1.6 games/s  ETA 0h02m16s
[kp-deathtouch-d4.var] 185/400  1.6 games/s  ETA 0h02m14s
[kp-deathtouch-d4.var] 188/400  1.6 games/s  ETA 0h02m13s
[kp-deathtouch-d4.var] 193/400  1.6 games/s  ETA 0h02m08s
[kp-deathtouch-d4.var] 197/400  1.6 games/s  ETA 0h02m05s
[kp-deathtouch-d4.var] 202/400  1.6 games/s  ETA 0h02m01s
[kp-deathtouch-d4.var] 203/400  1.6 games/s  ETA 0h02m02s
[kp-deathtouch-d4.var] 206/400  1.6 games/s  ETA 0h02m00s
[kp-deathtouch-d4.var] 211/400  1.6 games/s  ETA 0h01m56s
[kp-deathtouch-d4.var] 212/400  1.6 games/s  ETA 0h01m57s
[kp-deathtouch-d4.var] 216/400  1.6 games/s  ETA 0h01m54s
[kp-deathtouch-d4.var] 219/400  1.6 games/s  ETA 0h01m52s
[kp-deathtouch-d4.var] 227/400  1.6 games/s  ETA 0h01m45s
[kp-deathtouch-d4.var] 228/400  1.6 games/s  ETA 0h01m45s
[kp-deathtouch-d4.var] 230/400  1.6 games/s  ETA 0h01m45s
[kp-deathtouch-d4.var] 236/400  1.6 games/s  ETA 0h01m40s
[kp-deathtouch-d4.var] 240/400  1.6 games/s  ETA 0h01m37s
[kp-deathtouch-d4.var] 242/400  1.6 games/s  ETA 0h01m36s
[kp-deathtouch-d4.var] 245/400  1.6 games/s  ETA 0h01m35s
[kp-deathtouch-d4.var] 249/400  1.6 games/s  ETA 0h01m32s
[kp-deathtouch-d4.var] 253/400  1.6 games/s  ETA 0h01m29s
[kp-deathtouch-d4.var] 256/400  1.6 games/s  ETA 0h01m27s
[kp-deathtouch-d4.var] 257/400  1.6 games/s  ETA 0h01m28s
[kp-deathtouch-d4.var] 260/400  1.6 games/s  ETA 0h01m26s
[kp-deathtouch-d4.var] 265/400  1.6 games/s  ETA 0h01m22s
[kp-deathtouch-d4.var] 271/400  1.7 games/s  ETA 0h01m18s
[kp-deathtouch-d4.var] 273/400  1.6 games/s  ETA 0h01m17s
[kp-deathtouch-d4.var] 277/400  1.6 games/s  ETA 0h01m14s
[kp-deathtouch-d4.var] 281/400  1.7 games/s  ETA 0h01m12s
[kp-deathtouch-d4.var] 282/400  1.6 games/s  ETA 0h01m12s
[kp-deathtouch-d4.var] 283/400  1.6 games/s  ETA 0h01m12s
[kp-deathtouch-d4.var] 284/400  1.6 games/s  ETA 0h01m11s
[kp-deathtouch-d4.var] 287/400  1.6 games/s  ETA 0h01m10s
[kp-deathtouch-d4.var] 289/400  1.6 games/s  ETA 0h01m09s
[kp-deathtouch-d4.var] 293/400  1.6 games/s  ETA 0h01m06s
[kp-deathtouch-d4.var] 298/400  1.6 games/s  ETA 0h01m03s
[kp-deathtouch-d4.var] 303/400  1.6 games/s  ETA 0h00m59s
[kp-deathtouch-d4.var] 304/400  1.6 games/s  ETA 0h00m59s
[kp-deathtouch-d4.var] 310/400  1.6 games/s  ETA 0h00m55s
[kp-deathtouch-d4.var] 312/400  1.6 games/s  ETA 0h00m54s
[kp-deathtouch-d4.var] 314/400  1.6 games/s  ETA 0h00m53s
[kp-deathtouch-d4.var] 323/400  1.6 games/s  ETA 0h00m46s
[kp-deathtouch-d4.var] 326/400  1.6 games/s  ETA 0h00m44s
[kp-deathtouch-d4.var] 330/400  1.6 games/s  ETA 0h00m42s
[kp-deathtouch-d4.var] 333/400  1.6 games/s  ETA 0h00m40s
[kp-deathtouch-d4.var] 336/400  1.6 games/s  ETA 0h00m38s
[kp-deathtouch-d4.var] 337/400  1.6 games/s  ETA 0h00m38s
[kp-deathtouch-d4.var] 338/400  1.6 games/s  ETA 0h00m38s
[kp-deathtouch-d4.var] 343/400  1.6 games/s  ETA 0h00m34s
[kp-deathtouch-d4.var] 347/400  1.6 games/s  ETA 0h00m32s
[kp-deathtouch-d4.var] 349/400  1.6 games/s  ETA 0h00m31s
[kp-deathtouch-d4.var] 353/400  1.6 games/s  ETA 0h00m28s
[kp-deathtouch-d4.var] 354/400  1.6 games/s  ETA 0h00m28s
[kp-deathtouch-d4.var] 358/400  1.6 games/s  ETA 0h00m25s
[kp-deathtouch-d4.var] 362/400  1.6 games/s  ETA 0h00m23s
[kp-deathtouch-d4.var] 368/400  1.6 games/s  ETA 0h00m19s
[kp-deathtouch-d4.var] 371/400  1.6 games/s  ETA 0h00m17s
[kp-deathtouch-d4.var] 376/400  1.6 games/s  ETA 0h00m14s
[kp-deathtouch-d4.var] 379/400  1.6 games/s  ETA 0h00m12s
[kp-deathtouch-d4.var] 382/400  1.6 games/s  ETA 0h00m10s
[kp-deathtouch-d4.var] 387/400  1.7 games/s  ETA 0h00m07s
[kp-deathtouch-d4.var] 392/400  1.7 games/s  ETA 0h00m04s
[kp-deathtouch-d4.var] 396/400  1.7 games/s  ETA 0h00m02s
[kp-deathtouch-d4.var] 399/400  1.7 games/s  ETA 0h00m00s
[kp-deathtouch-d4.var] 400 games in 0h04m00s (1.7 games/s)
[kp-deathtouch-d4.var] summary -> sim/out/kp-deathtouch-d4.var.summary.json
# Rule A/B — kp-deathtouch-d4

`kings=[object Object],[object Object]` against today's defaults.
400 games per population, depth 4, the same 40 arrangements and the same
opening seeds in both (common random numbers). Control arm: `kp-deathtouch-d4.base`.

A symmetric rule changes both sides at once, so there is no match to run and no SPRT: this is a
paired two-population comparison. The interval is a 95% normal approximation on the
mean paired difference over arrangements; with few arrangements,
and with one interval per metric, read "significant" as "worth a second run", not as a test.

| metric | base (pooled) | with the rule (pooled) | mean paired difference ±95% | significant |
|---|---|---|---|---|
| white score | 0.585 | 0.581 | -0.004 ± 0.044 | no |
| decisive | 0.670 | 0.573 | -0.097 ± 0.050 | yes |
| draw rate | 0.310 | 0.390 | +0.080 ± 0.050 | yes |
| capped | 0.020 | 0.037 | +0.017 ± 0.021 | no |
| mean plies | 126.3 | 134.1 | +7.8 ± 8.7 | no |
| branching factor | 30.4 | 29.9 | -0.5 ± 0.6 | no |
| killer move | 0.189 | 0.196 | +0.007 ± 0.017 | no |
| lead change | 0.040 | 0.042 | +0.002 ± 0.005 | no |
| uncertainty late | 0.626 | 0.628 | +0.001 ± 0.005 | no |
| drama | 0.099 | 0.090 | -0.009 ± 0.014 | no |
| permanence | 0.971 | 0.971 | +0.001 ± 0.001 | no |
| min utilisation | 0.41 | 0.38 | -0.03 ± 0.02 | yes |
| interest | 0.454 | 0.455 | +0.000 ± 0.006 | no |
| interest (min-use) | 0.454 | 0.455 | +0.001 ± 0.011 | no |
| killerMove (resid.) | -0.005 | 0.005 | +0.010 ± 0.017 | no |
| leadChange (resid.) | 0.001 | -0.001 | -0.003 ± 0.005 | no |
| uncertaintyLate (resid.) | 0.003 | -0.003 | -0.006 ± 0.006 | no |
| drama (resid.) | -0.001 | 0.001 | +0.002 ± 0.012 | no |
| permanence (resid.) | 0.000 | -0.000 | -0.000 ± 0.001 | no |
| fairyUse (resid.) | 0.000 | 0.000 | +0.000 ± 0.000 | no |
| excessDecisiveness (resid.) | -0.007 | 0.067 | +0.065 ± 0.030 | yes |
| interest (resid.) | -0.001 | 0.005 | +0.006 ± 0.004 | yes |
| interestMinFairy (resid.) | 0.020 | 0.028 | +0.009 ± 0.011 | no |

## Degeneracy counters
| counter | base | with the rule |
|---|---|---|
| guard captures per game | 0.000 | 0.000 |
| games with a guard rampage (≥ 3 captures) | 0 (0.0%) | 0 (0.0%) |
| dead-material endings (draw50 + drawMaterial) | 20 (5.0%) | 40 (10.0%) |
| games where a king never moved | 62 (15.5%) | 60 (15.0%) |

## Per piece (both sides, whole population; moves and captures per game)
| piece | moves A | moves B | captures A | captures B | survival A | survival B |
|---|---|---|---|---|---|---|
| P | 25.70 | 25.40 | 4.58 | 4.47 | 33.3% | 29.9% |
| K | 20.07 | 24.09 | 1.64 | 2.67 | 100.0% | 100.0% |
| A | 15.07 | 15.54 | 2.54 | 2.53 | 42.0% | 41.1% |
| S | 12.91 | 13.32 | 1.57 | 1.46 | 37.7% | 36.5% |
| M | 12.79 | 13.69 | 1.54 | 1.55 | 32.0% | 32.2% |
| R | 9.48 | 9.98 | 1.58 | 1.42 | 38.3% | 36.5% |
| B | 8.32 | 8.09 | 2.04 | 1.96 | 20.4% | 18.6% |
| N | 7.09 | 7.58 | 1.54 | 1.56 | 6.2% | 8.4% |
| Q | 6.14 | 6.40 | 1.03 | 1.11 | 45.0% | 41.9% |
| L | 5.00 | 5.26 | 1.50 | 1.50 | 8.5% | 9.6% |
| G | 3.73 | 4.71 | 0.00 | 0.00 | 87.9% | 80.0% |

## Fairy events per game
| event | base | with the rule |
|---|---|---|
| archerShots | 2.54 | 2.53 |
| beastChainMoves | 1.33 | 1.28 |
| beastChainCaptures | 1.57 | 1.46 |
| maesterSwaps | 5.00 | 5.38 |
| maesterLongSwaps | 0.71 | 0.86 |
| paladinSacrifices | 0.56 | 0.57 |
| promotions | 0.15 | 0.15 |
| checks | 7.37 | 6.31 |
| ogreShoves | 0.00 | 0.00 |
| ogreShovesFriend | 0.00 | 0.00 |
| ogreShovesGuard | 0.00 | 0.00 |
| catapultChecks | 0.00 | 0.00 |

The pooled columns describe each whole population; the difference column is the mean over the
40 shared arrangements of (rule − base) on the same openings. The two can disagree in sign when the
pooled value is not a mean of the per-arrangement values (minimum utilisation is one). Trust the
paired column.

Elo of the variant population is not reported: both populations play themselves, so their scores
are not comparable as a match. Read the white score as a fairness check, not as a strength delta.

== 2026-09-17 04:40:58 npm run sim -- --id kp-darkness-d4 --experiment ab --games 400 --sample 40 --depth 4 --seed 63 --workers 16 --rule kings=Shadow:Darkness

> king-down-chess@0.0.1 sim
> tsx src/sim/run.ts --id kp-darkness-d4 --experiment ab --games 400 --sample 40 --depth 4 --seed 63 --workers 16 --rule kings=Shadow:Darkness

[kp-darkness-d4.base] 400 games (0 already done), 400 to play on 16 workers -> sim/out/kp-darkness-d4.base.jsonl
[kp-darkness-d4.base] depth 4, 4 random opening plies, ply cap 300, pairs off (both sides identical; --pairs forces them on)
[kp-darkness-d4.base] rules {}, values {}
[kp-darkness-d4.base] 0/400  0.0 games/s  ETA ?
[kp-darkness-d4.base] 1/400  0.2 games/s  ETA 0h26m39s
[kp-darkness-d4.base] 1/400  0.2 games/s  ETA 0h39m57s
[kp-darkness-d4.base] 2/400  0.2 games/s  ETA 0h26m33s
[kp-darkness-d4.base] 7/400  0.7 games/s  ETA 0h09m22s
[kp-darkness-d4.base] 13/400  1.1 games/s  ETA 0h05m57s
[kp-darkness-d4.base] 16/400  1.1 games/s  ETA 0h05m36s
[kp-darkness-d4.base] 21/400  1.3 games/s  ETA 0h04m49s
[kp-darkness-d4.base] 22/400  1.2 games/s  ETA 0h05m09s
[kp-darkness-d4.base] 28/400  1.4 games/s  ETA 0h04m26s
[kp-darkness-d4.base] 29/400  1.3 games/s  ETA 0h04m41s
[kp-darkness-d4.base] 32/400  1.3 games/s  ETA 0h04m36s
[kp-darkness-d4.base] 34/400  1.3 games/s  ETA 0h04m40s
[kp-darkness-d4.base] 38/400  1.4 games/s  ETA 0h04m27s
[kp-darkness-d4.base] 42/400  1.4 games/s  ETA 0h04m15s
[kp-darkness-d4.base] 43/400  1.3 games/s  ETA 0h04m26s
[kp-darkness-d4.base] 47/400  1.4 games/s  ETA 0h04m15s
[kp-darkness-d4.base] 52/400  1.4 games/s  ETA 0h04m01s
[kp-darkness-d4.base] 54/400  1.4 games/s  ETA 0h04m03s
[kp-darkness-d4.base] 57/400  1.4 games/s  ETA 0h04m01s
[kp-darkness-d4.base] 60/400  1.4 games/s  ETA 0h03m58s
[kp-darkness-d4.base] 66/400  1.5 games/s  ETA 0h03m43s
[kp-darkness-d4.base] 70/400  1.5 games/s  ETA 0h03m37s
[kp-darkness-d4.base] 71/400  1.5 games/s  ETA 0h03m42s
[kp-darkness-d4.base] 73/400  1.5 games/s  ETA 0h03m44s
[kp-darkness-d4.base] 77/400  1.5 games/s  ETA 0h03m38s
[kp-darkness-d4.base] 84/400  1.6 games/s  ETA 0h03m23s
[kp-darkness-d4.base] 91/400  1.6 games/s  ETA 0h03m10s
[kp-darkness-d4.base] 93/400  1.6 games/s  ETA 0h03m11s
[kp-darkness-d4.base] 93/400  1.5 games/s  ETA 0h03m18s
[kp-darkness-d4.base] 96/400  1.5 games/s  ETA 0h03m16s
[kp-darkness-d4.base] 101/400  1.6 games/s  ETA 0h03m09s
[kp-darkness-d4.base] 104/400  1.6 games/s  ETA 0h03m08s
[kp-darkness-d4.base] 109/400  1.6 games/s  ETA 0h03m01s
[kp-darkness-d4.base] 112/400  1.6 games/s  ETA 0h03m00s
[kp-darkness-d4.base] 119/400  1.7 games/s  ETA 0h02m50s
[kp-darkness-d4.base] 121/400  1.6 games/s  ETA 0h02m50s
[kp-darkness-d4.base] 123/400  1.6 games/s  ETA 0h02m51s
[kp-darkness-d4.base] 125/400  1.6 games/s  ETA 0h02m51s
[kp-darkness-d4.base] 127/400  1.6 games/s  ETA 0h02m52s
[kp-darkness-d4.base] 131/400  1.6 games/s  ETA 0h02m48s
[kp-darkness-d4.base] 138/400  1.6 games/s  ETA 0h02m39s
[kp-darkness-d4.base] 140/400  1.6 games/s  ETA 0h02m39s
[kp-darkness-d4.base] 140/400  1.6 games/s  ETA 0h02m43s
[kp-darkness-d4.base] 142/400  1.6 games/s  ETA 0h02m43s
[kp-darkness-d4.base] 144/400  1.6 games/s  ETA 0h02m43s
[kp-darkness-d4.base] 148/400  1.6 games/s  ETA 0h02m40s
[kp-darkness-d4.base] 154/400  1.6 games/s  ETA 0h02m33s
[kp-darkness-d4.base] 157/400  1.6 games/s  ETA 0h02m31s
[kp-darkness-d4.base] 159/400  1.6 games/s  ETA 0h02m31s
[kp-darkness-d4.base] 160/400  1.6 games/s  ETA 0h02m33s
[kp-darkness-d4.base] 163/400  1.6 games/s  ETA 0h02m31s
[kp-darkness-d4.base] 165/400  1.6 games/s  ETA 0h02m31s
[kp-darkness-d4.base] 170/400  1.6 games/s  ETA 0h02m26s
[kp-darkness-d4.base] 174/400  1.6 games/s  ETA 0h02m23s
[kp-darkness-d4.base] 179/400  1.6 games/s  ETA 0h02m18s
[kp-darkness-d4.base] 181/400  1.6 games/s  ETA 0h02m18s
[kp-darkness-d4.base] 183/400  1.6 games/s  ETA 0h02m17s
[kp-darkness-d4.base] 191/400  1.6 games/s  ETA 0h02m09s
[kp-darkness-d4.base] 192/400  1.6 games/s  ETA 0h02m10s
[kp-darkness-d4.base] 198/400  1.6 games/s  ETA 0h02m04s
[kp-darkness-d4.base] 202/400  1.6 games/s  ETA 0h02m01s
[kp-darkness-d4.base] 203/400  1.6 games/s  ETA 0h02m02s
[kp-darkness-d4.base] 205/400  1.6 games/s  ETA 0h02m01s
[kp-darkness-d4.base] 208/400  1.6 games/s  ETA 0h02m00s
[kp-darkness-d4.base] 213/400  1.6 games/s  ETA 0h01m56s
[kp-darkness-d4.base] 215/400  1.6 games/s  ETA 0h01m55s
[kp-darkness-d4.base] 218/400  1.6 games/s  ETA 0h01m53s
[kp-darkness-d4.base] 222/400  1.6 games/s  ETA 0h01m50s
[kp-darkness-d4.base] 230/400  1.6 games/s  ETA 0h01m43s
[kp-darkness-d4.base] 231/400  1.6 games/s  ETA 0h01m44s
[kp-darkness-d4.base] 232/400  1.6 games/s  ETA 0h01m44s
[kp-darkness-d4.base] 239/400  1.6 games/s  ETA 0h01m38s
[kp-darkness-d4.base] 243/400  1.6 games/s  ETA 0h01m35s
[kp-darkness-d4.base] 246/400  1.6 games/s  ETA 0h01m34s
[kp-darkness-d4.base] 249/400  1.6 games/s  ETA 0h01m32s
[kp-darkness-d4.base] 253/400  1.6 games/s  ETA 0h01m29s
[kp-darkness-d4.base] 255/400  1.6 games/s  ETA 0h01m28s
[kp-darkness-d4.base] 257/400  1.6 games/s  ETA 0h01m28s
[kp-darkness-d4.base] 265/400  1.7 games/s  ETA 0h01m21s
[kp-darkness-d4.base] 269/400  1.7 games/s  ETA 0h01m18s
[kp-darkness-d4.base] 271/400  1.7 games/s  ETA 0h01m18s
[kp-darkness-d4.base] 276/400  1.7 games/s  ETA 0h01m14s
[kp-darkness-d4.base] 280/400  1.7 games/s  ETA 0h01m12s
[kp-darkness-d4.base] 282/400  1.7 games/s  ETA 0h01m11s
[kp-darkness-d4.base] 283/400  1.6 games/s  ETA 0h01m11s
[kp-darkness-d4.base] 285/400  1.6 games/s  ETA 0h01m10s
[kp-darkness-d4.base] 289/400  1.6 games/s  ETA 0h01m07s
[kp-darkness-d4.base] 293/400  1.6 games/s  ETA 0h01m05s
[kp-darkness-d4.base] 299/400  1.7 games/s  ETA 0h01m00s
[kp-darkness-d4.base] 301/400  1.7 games/s  ETA 0h00m59s
[kp-darkness-d4.base] 305/400  1.7 games/s  ETA 0h00m57s
[kp-darkness-d4.base] 310/400  1.7 games/s  ETA 0h00m54s
[kp-darkness-d4.base] 313/400  1.7 games/s  ETA 0h00m52s
[kp-darkness-d4.base] 315/400  1.7 games/s  ETA 0h00m51s
[kp-darkness-d4.base] 320/400  1.7 games/s  ETA 0h00m48s
[kp-darkness-d4.base] 324/400  1.7 games/s  ETA 0h00m45s
[kp-darkness-d4.base] 329/400  1.7 games/s  ETA 0h00m42s
[kp-darkness-d4.base] 331/400  1.7 games/s  ETA 0h00m41s
[kp-darkness-d4.base] 335/400  1.7 games/s  ETA 0h00m38s
[kp-darkness-d4.base] 338/400  1.7 games/s  ETA 0h00m37s
[kp-darkness-d4.base] 342/400  1.7 games/s  ETA 0h00m34s
[kp-darkness-d4.base] 346/400  1.7 games/s  ETA 0h00m32s
[kp-darkness-d4.base] 349/400  1.7 games/s  ETA 0h00m30s
[kp-darkness-d4.base] 351/400  1.7 games/s  ETA 0h00m29s
[kp-darkness-d4.base] 353/400  1.7 games/s  ETA 0h00m28s
[kp-darkness-d4.base] 354/400  1.7 games/s  ETA 0h00m27s
[kp-darkness-d4.base] 358/400  1.7 games/s  ETA 0h00m25s
[kp-darkness-d4.base] 365/400  1.7 games/s  ETA 0h00m20s
[kp-darkness-d4.base] 368/400  1.7 games/s  ETA 0h00m19s
[kp-darkness-d4.base] 372/400  1.7 games/s  ETA 0h00m16s
[kp-darkness-d4.base] 374/400  1.7 games/s  ETA 0h00m15s
[kp-darkness-d4.base] 379/400  1.7 games/s  ETA 0h00m12s
[kp-darkness-d4.base] 384/400  1.7 games/s  ETA 0h00m09s
[kp-darkness-d4.base] 386/400  1.7 games/s  ETA 0h00m08s
[kp-darkness-d4.base] 389/400  1.7 games/s  ETA 0h00m06s
[kp-darkness-d4.base] 397/400  1.7 games/s  ETA 0h00m01s
[kp-darkness-d4.base] 398/400  1.7 games/s  ETA 0h00m01s
[kp-darkness-d4.base] 399/400  1.7 games/s  ETA 0h00m00s
[kp-darkness-d4.base] 399/400  1.7 games/s  ETA 0h00m00s
[kp-darkness-d4.base] 400 games in 0h04m00s (1.7 games/s)
[kp-darkness-d4.base] summary -> sim/out/kp-darkness-d4.base.summary.json
[kp-darkness-d4.var] 400 games (0 already done), 400 to play on 16 workers -> sim/out/kp-darkness-d4.var.jsonl
[kp-darkness-d4.var] depth 4, 4 random opening plies, ply cap 300, pairs off (both sides identical; --pairs forces them on)
[kp-darkness-d4.var] rules {"kings":[{"king":"Shadow","power":"Darkness"},{"king":"Shadow","power":"Darkness"}]}, values {}
[kp-darkness-d4.var] 1/400  0.5 games/s  ETA 0h13m18s
[kp-darkness-d4.var] 3/400  0.7 games/s  ETA 0h08m49s
[kp-darkness-d4.var] 8/400  1.3 games/s  ETA 0h04m54s
[kp-darkness-d4.var] 14/400  1.7 games/s  ETA 0h03m40s
[kp-darkness-d4.var] 17/400  1.7 games/s  ETA 0h03m45s
[kp-darkness-d4.var] 20/400  1.7 games/s  ETA 0h03m48s
[kp-darkness-d4.var] 26/400  1.9 games/s  ETA 0h03m21s
[kp-darkness-d4.var] 31/400  1.9 games/s  ETA 0h03m10s
[kp-darkness-d4.var] 35/400  1.9 games/s  ETA 0h03m07s
[kp-darkness-d4.var] 39/400  1.9 games/s  ETA 0h03m05s
[kp-darkness-d4.var] 44/400  2.0 games/s  ETA 0h02m58s
[kp-darkness-d4.var] 52/400  2.2 games/s  ETA 0h02m40s
[kp-darkness-d4.var] 54/400  2.1 games/s  ETA 0h02m46s
[kp-darkness-d4.var] 59/400  2.1 games/s  ETA 0h02m41s
[kp-darkness-d4.var] 64/400  2.1 games/s  ETA 0h02m37s
[kp-darkness-d4.var] 70/400  2.2 games/s  ETA 0h02m31s
[kp-darkness-d4.var] 74/400  2.2 games/s  ETA 0h02m29s
[kp-darkness-d4.var] 79/400  2.2 games/s  ETA 0h02m26s
[kp-darkness-d4.var] 82/400  2.2 games/s  ETA 0h02m27s
[kp-darkness-d4.var] 84/400  2.1 games/s  ETA 0h02m30s
[kp-darkness-d4.var] 89/400  2.1 games/s  ETA 0h02m26s
[kp-darkness-d4.var] 91/400  2.1 games/s  ETA 0h02m29s
[kp-darkness-d4.var] 97/400  2.1 games/s  ETA 0h02m23s
[kp-darkness-d4.var] 99/400  2.1 games/s  ETA 0h02m26s
[kp-darkness-d4.var] 103/400  2.1 games/s  ETA 0h02m24s
[kp-darkness-d4.var] 107/400  2.1 games/s  ETA 0h02m22s
[kp-darkness-d4.var] 112/400  2.1 games/s  ETA 0h02m19s
[kp-darkness-d4.var] 117/400  2.1 games/s  ETA 0h02m15s
[kp-darkness-d4.var] 117/400  2.0 games/s  ETA 0h02m20s
[kp-darkness-d4.var] 121/400  2.0 games/s  ETA 0h02m18s
[kp-darkness-d4.var] 124/400  2.0 games/s  ETA 0h02m18s
[kp-darkness-d4.var] 128/400  2.0 games/s  ETA 0h02m16s
[kp-darkness-d4.var] 133/400  2.0 games/s  ETA 0h02m12s
[kp-darkness-d4.var] 137/400  2.0 games/s  ETA 0h02m10s
[kp-darkness-d4.var] 140/400  2.0 games/s  ETA 0h02m10s
[kp-darkness-d4.var] 146/400  2.0 games/s  ETA 0h02m05s
[kp-darkness-d4.var] 149/400  2.0 games/s  ETA 0h02m04s
[kp-darkness-d4.var] 151/400  2.0 games/s  ETA 0h02m05s
[kp-darkness-d4.var] 157/400  2.0 games/s  ETA 0h02m00s
[kp-darkness-d4.var] 158/400  2.0 games/s  ETA 0h02m02s
[kp-darkness-d4.var] 161/400  2.0 games/s  ETA 0h02m01s
[kp-darkness-d4.var] 168/400  2.0 games/s  ETA 0h01m56s
[kp-darkness-d4.var] 173/400  2.0 games/s  ETA 0h01m53s
[kp-darkness-d4.var] 175/400  2.0 games/s  ETA 0h01m53s
[kp-darkness-d4.var] 179/400  2.0 games/s  ETA 0h01m51s
[kp-darkness-d4.var] 182/400  2.0 games/s  ETA 0h01m50s
[kp-darkness-d4.var] 187/400  2.0 games/s  ETA 0h01m47s
[kp-darkness-d4.var] 193/400  2.0 games/s  ETA 0h01m43s
[kp-darkness-d4.var] 197/400  2.0 games/s  ETA 0h01m41s
[kp-darkness-d4.var] 201/400  2.0 games/s  ETA 0h01m39s
[kp-darkness-d4.var] 204/400  2.0 games/s  ETA 0h01m38s
[kp-darkness-d4.var] 206/400  2.0 games/s  ETA 0h01m38s
[kp-darkness-d4.var] 212/400  2.0 games/s  ETA 0h01m34s
[kp-darkness-d4.var] 219/400  2.0 games/s  ETA 0h01m29s
[kp-darkness-d4.var] 220/400  2.0 games/s  ETA 0h01m30s
[kp-darkness-d4.var] 221/400  2.0 games/s  ETA 0h01m30s
[kp-darkness-d4.var] 225/400  2.0 games/s  ETA 0h01m28s
[kp-darkness-d4.var] 229/400  2.0 games/s  ETA 0h01m26s
[kp-darkness-d4.var] 232/400  2.0 games/s  ETA 0h01m25s
[kp-darkness-d4.var] 235/400  2.0 games/s  ETA 0h01m24s
[kp-darkness-d4.var] 241/400  2.0 games/s  ETA 0h01m20s
[kp-darkness-d4.var] 246/400  2.0 games/s  ETA 0h01m17s
[kp-darkness-d4.var] 251/400  2.0 games/s  ETA 0h01m14s
[kp-darkness-d4.var] 256/400  2.0 games/s  ETA 0h01m12s
[kp-darkness-d4.var] 258/400  2.0 games/s  ETA 0h01m11s
[kp-darkness-d4.var] 262/400  2.0 games/s  ETA 0h01m09s
[kp-darkness-d4.var] 266/400  2.0 games/s  ETA 0h01m07s
[kp-darkness-d4.var] 268/400  2.0 games/s  ETA 0h01m07s
[kp-darkness-d4.var] 272/400  2.0 games/s  ETA 0h01m05s
[kp-darkness-d4.var] 277/400  2.0 games/s  ETA 0h01m02s
[kp-darkness-d4.var] 279/400  2.0 games/s  ETA 0h01m01s
[kp-darkness-d4.var] 286/400  2.0 games/s  ETA 0h00m57s
[kp-darkness-d4.var] 286/400  2.0 games/s  ETA 0h00m58s
[kp-darkness-d4.var] 289/400  2.0 games/s  ETA 0h00m56s
[kp-darkness-d4.var] 295/400  2.0 games/s  ETA 0h00m53s
[kp-darkness-d4.var] 297/400  2.0 games/s  ETA 0h00m52s
[kp-darkness-d4.var] 302/400  2.0 games/s  ETA 0h00m50s
[kp-darkness-d4.var] 305/400  2.0 games/s  ETA 0h00m48s
[kp-darkness-d4.var] 309/400  2.0 games/s  ETA 0h00m46s
[kp-darkness-d4.var] 316/400  2.0 games/s  ETA 0h00m42s
[kp-darkness-d4.var] 323/400  2.0 games/s  ETA 0h00m38s
[kp-darkness-d4.var] 325/400  2.0 games/s  ETA 0h00m37s
[kp-darkness-d4.var] 327/400  2.0 games/s  ETA 0h00m37s
[kp-darkness-d4.var] 332/400  2.0 games/s  ETA 0h00m34s
[kp-darkness-d4.var] 336/400  2.0 games/s  ETA 0h00m32s
[kp-darkness-d4.var] 340/400  2.0 games/s  ETA 0h00m30s
[kp-darkness-d4.var] 343/400  2.0 games/s  ETA 0h00m28s
[kp-darkness-d4.var] 346/400  2.0 games/s  ETA 0h00m27s
[kp-darkness-d4.var] 350/400  2.0 games/s  ETA 0h00m25s
[kp-darkness-d4.var] 354/400  2.0 games/s  ETA 0h00m23s
[kp-darkness-d4.var] 359/400  2.0 games/s  ETA 0h00m20s
[kp-darkness-d4.var] 362/400  2.0 games/s  ETA 0h00m19s
[kp-darkness-d4.var] 367/400  2.0 games/s  ETA 0h00m16s
[kp-darkness-d4.var] 373/400  2.0 games/s  ETA 0h00m13s
[kp-darkness-d4.var] 376/400  2.0 games/s  ETA 0h00m12s
[kp-darkness-d4.var] 380/400  2.0 games/s  ETA 0h00m10s
[kp-darkness-d4.var] 384/400  2.0 games/s  ETA 0h00m08s
[kp-darkness-d4.var] 388/400  2.0 games/s  ETA 0h00m06s
[kp-darkness-d4.var] 393/400  2.0 games/s  ETA 0h00m03s
[kp-darkness-d4.var] 398/400  2.0 games/s  ETA 0h00m01s
[kp-darkness-d4.var] 398/400  2.0 games/s  ETA 0h00m01s
[kp-darkness-d4.var] 400 games in 0h03m24s (2.0 games/s)
[kp-darkness-d4.var] summary -> sim/out/kp-darkness-d4.var.summary.json
# Rule A/B — kp-darkness-d4

`kings=[object Object],[object Object]` against today's defaults.
400 games per population, depth 4, the same 40 arrangements and the same
opening seeds in both (common random numbers). Control arm: `kp-darkness-d4.base`.

A symmetric rule changes both sides at once, so there is no match to run and no SPRT: this is a
paired two-population comparison. The interval is a 95% normal approximation on the
mean paired difference over arrangements; with few arrangements,
and with one interval per metric, read "significant" as "worth a second run", not as a test.

| metric | base (pooled) | with the rule (pooled) | mean paired difference ±95% | significant |
|---|---|---|---|---|
| white score | 0.585 | 0.596 | +0.011 ± 0.058 | no |
| decisive | 0.670 | 0.802 | +0.133 ± 0.054 | yes |
| draw rate | 0.310 | 0.185 | -0.125 ± 0.053 | yes |
| capped | 0.020 | 0.013 | -0.008 ± 0.015 | no |
| mean plies | 126.3 | 101.0 | -25.3 ± 7.7 | yes |
| branching factor | 30.4 | 30.7 | +0.4 ± 0.6 | no |
| killer move | 0.189 | 0.225 | +0.036 ± 0.024 | yes |
| lead change | 0.040 | 0.051 | +0.011 ± 0.010 | yes |
| uncertainty late | 0.626 | 0.618 | -0.008 ± 0.010 | no |
| drama | 0.099 | 0.131 | +0.031 ± 0.019 | yes |
| permanence | 0.971 | 0.960 | -0.010 ± 0.002 | yes |
| min utilisation | 0.41 | 0.44 | -0.02 ± 0.04 | no |
| interest | 0.454 | 0.461 | +0.007 ± 0.007 | yes |
| interest (min-use) | 0.454 | 0.348 | -0.024 ± 0.019 | yes |
| killerMove (resid.) | -0.014 | 0.014 | +0.028 ± 0.024 | yes |
| leadChange (resid.) | -0.008 | 0.008 | +0.016 ± 0.009 | yes |
| uncertaintyLate (resid.) | -0.003 | 0.003 | +0.006 ± 0.008 | no |
| drama (resid.) | -0.009 | 0.009 | +0.017 ± 0.019 | no |
| permanence (resid.) | 0.004 | -0.004 | -0.008 ± 0.002 | yes |
| fairyUse (resid.) | 0.000 | 0.000 | +0.000 ± 0.000 | no |
| excessDecisiveness (resid.) | 0.072 | -0.038 | -0.094 ± 0.024 | yes |
| interest (resid.) | 0.002 | 0.000 | -0.000 ± 0.006 | no |
| interestMinFairy (resid.) | 0.042 | -0.075 | -0.035 ± 0.018 | yes |

## Degeneracy counters
| counter | base | with the rule |
|---|---|---|
| guard captures per game | 0.000 | 0.000 |
| games with a guard rampage (≥ 3 captures) | 0 (0.0%) | 0 (0.0%) |
| dead-material endings (draw50 + drawMaterial) | 20 (5.0%) | 10 (2.5%) |
| games where a king never moved | 62 (15.5%) | 106 (26.5%) |

## Per piece (both sides, whole population; moves and captures per game)
| piece | moves A | moves B | captures A | captures B | survival A | survival B |
|---|---|---|---|---|---|---|
| P | 25.70 | 22.54 | 4.58 | 2.24 | 33.3% | 45.4% |
| K | 20.07 | 13.23 | 1.64 | 1.52 | 100.0% | 100.0% |
| A | 15.07 | 12.91 | 2.54 | 2.57 | 42.0% | 47.3% |
| S | 12.91 | 11.73 | 1.57 | 2.17 | 37.7% | 40.2% |
| M | 12.79 | 9.54 | 1.54 | 1.38 | 32.0% | 39.5% |
| R | 9.48 | 5.34 | 1.58 | 1.32 | 38.3% | 27.3% |
| B | 8.32 | 6.91 | 2.04 | 1.85 | 20.4% | 25.3% |
| N | 7.09 | 7.37 | 1.54 | 1.40 | 6.2% | 12.5% |
| Q | 6.14 | 6.27 | 1.03 | 1.30 | 45.0% | 53.6% |
| L | 5.00 | 3.96 | 1.50 | 1.44 | 8.5% | 5.0% |
| G | 3.73 | 1.17 | 0.00 | 0.00 | 87.9% | 91.5% |

## Fairy events per game
| event | base | with the rule |
|---|---|---|
| archerShots | 2.54 | 2.57 |
| beastChainMoves | 1.33 | 1.61 |
| beastChainCaptures | 1.57 | 2.17 |
| maesterSwaps | 5.00 | 3.25 |
| maesterLongSwaps | 0.71 | 0.61 |
| paladinSacrifices | 0.56 | 0.59 |
| promotions | 0.15 | 0.24 |
| checks | 7.37 | 6.76 |
| ogreShoves | 0.00 | 0.00 |
| ogreShovesFriend | 0.00 | 0.00 |
| ogreShovesGuard | 0.00 | 0.00 |
| catapultChecks | 0.00 | 0.00 |

The pooled columns describe each whole population; the difference column is the mean over the
40 shared arrangements of (rule − base) on the same openings. The two can disagree in sign when the
pooled value is not a mean of the per-arrangement values (minimum utilisation is one). Trust the
paired column.

Elo of the variant population is not reported: both populations play themselves, so their scores
are not comparable as a match. Read the white score as a fairness check, not as a strength delta.

== 2026-09-17 04:48:23 npm run sim -- --id kp-march-d4 --experiment ab --games 400 --sample 40 --depth 4 --seed 63 --workers 16 --rule kings=Mud:March

> king-down-chess@0.0.1 sim
> tsx src/sim/run.ts --id kp-march-d4 --experiment ab --games 400 --sample 40 --depth 4 --seed 63 --workers 16 --rule kings=Mud:March

[kp-march-d4.base] 400 games (0 already done), 400 to play on 16 workers -> sim/out/kp-march-d4.base.jsonl
[kp-march-d4.base] depth 4, 4 random opening plies, ply cap 300, pairs off (both sides identical; --pairs forces them on)
[kp-march-d4.base] rules {}, values {}
[kp-march-d4.base] 1/400  0.5 games/s  ETA 0h13m18s
[kp-march-d4.base] 1/400  0.2 games/s  ETA 0h26m36s
[kp-march-d4.base] 1/400  0.2 games/s  ETA 0h39m55s
[kp-march-d4.base] 3/400  0.4 games/s  ETA 0h17m39s
[kp-march-d4.base] 9/400  0.9 games/s  ETA 0h07m14s
[kp-march-d4.base] 12/400  1.0 games/s  ETA 0h06m28s
[kp-march-d4.base] 17/400  1.2 games/s  ETA 0h05m15s
[kp-march-d4.base] 22/400  1.4 games/s  ETA 0h04m35s
[kp-march-d4.base] 23/400  1.3 games/s  ETA 0h04m55s
[kp-march-d4.base] 28/400  1.4 games/s  ETA 0h04m25s
[kp-march-d4.base] 29/400  1.3 games/s  ETA 0h04m41s
[kp-march-d4.base] 33/400  1.4 games/s  ETA 0h04m27s
[kp-march-d4.base] 35/400  1.3 games/s  ETA 0h04m31s
[kp-march-d4.base] 40/400  1.4 games/s  ETA 0h04m12s
[kp-march-d4.base] 42/400  1.4 games/s  ETA 0h04m15s
[kp-march-d4.base] 44/400  1.4 games/s  ETA 0h04m19s
[kp-march-d4.base] 47/400  1.4 games/s  ETA 0h04m15s
[kp-march-d4.base] 53/400  1.5 games/s  ETA 0h03m55s
[kp-march-d4.base] 55/400  1.4 games/s  ETA 0h03m58s
[kp-march-d4.base] 58/400  1.4 games/s  ETA 0h03m56s
[kp-march-d4.base] 62/400  1.5 games/s  ETA 0h03m49s
[kp-march-d4.base] 69/400  1.6 games/s  ETA 0h03m31s
[kp-march-d4.base] 70/400  1.5 games/s  ETA 0h03m37s
[kp-march-d4.base] 73/400  1.5 games/s  ETA 0h03m35s
[kp-march-d4.base] 76/400  1.5 games/s  ETA 0h03m33s
[kp-march-d4.base] 82/400  1.6 games/s  ETA 0h03m21s
[kp-march-d4.base] 87/400  1.6 games/s  ETA 0h03m14s
[kp-march-d4.base] 93/400  1.7 games/s  ETA 0h03m05s
[kp-march-d4.base] 93/400  1.6 games/s  ETA 0h03m11s
[kp-march-d4.base] 94/400  1.6 games/s  ETA 0h03m15s
[kp-march-d4.base] 100/400  1.6 games/s  ETA 0h03m06s
[kp-march-d4.base] 103/400  1.6 games/s  ETA 0h03m04s
[kp-march-d4.base] 107/400  1.6 games/s  ETA 0h03m00s
[kp-march-d4.base] 112/400  1.6 games/s  ETA 0h02m55s
[kp-march-d4.base] 119/400  1.7 games/s  ETA 0h02m45s
[kp-march-d4.base] 123/400  1.7 games/s  ETA 0h02m42s
[kp-march-d4.base] 125/400  1.7 games/s  ETA 0h02m42s
[kp-march-d4.base] 127/400  1.7 games/s  ETA 0h02m43s
[kp-march-d4.base] 132/400  1.7 games/s  ETA 0h02m38s
[kp-march-d4.base] 138/400  1.7 games/s  ETA 0h02m32s
[kp-march-d4.base] 140/400  1.7 games/s  ETA 0h02m32s
[kp-march-d4.base] 142/400  1.7 games/s  ETA 0h02m32s
[kp-march-d4.base] 144/400  1.7 games/s  ETA 0h02m33s
[kp-march-d4.base] 148/400  1.7 games/s  ETA 0h02m29s
[kp-march-d4.base] 154/400  1.7 games/s  ETA 0h02m23s
[kp-march-d4.base] 158/400  1.7 games/s  ETA 0h02m21s
[kp-march-d4.base] 160/400  1.7 games/s  ETA 0h02m21s
[kp-march-d4.base] 160/400  1.7 games/s  ETA 0h02m24s
[kp-march-d4.base] 164/400  1.7 games/s  ETA 0h02m21s
[kp-march-d4.base] 165/400  1.6 games/s  ETA 0h02m22s
[kp-march-d4.base] 171/400  1.7 games/s  ETA 0h02m16s
[kp-march-d4.base] 172/400  1.7 games/s  ETA 0h02m18s
[kp-march-d4.base] 179/400  1.7 games/s  ETA 0h02m11s
[kp-march-d4.base] 181/400  1.7 games/s  ETA 0h02m10s
[kp-march-d4.base] 183/400  1.7 games/s  ETA 0h02m10s
[kp-march-d4.base] 189/400  1.7 games/s  ETA 0h02m05s
[kp-march-d4.base] 193/400  1.7 games/s  ETA 0h02m02s
[kp-march-d4.base] 198/400  1.7 games/s  ETA 0h01m58s
[kp-march-d4.base] 201/400  1.7 games/s  ETA 0h01m56s
[kp-march-d4.base] 203/400  1.7 games/s  ETA 0h01m56s
[kp-march-d4.base] 205/400  1.7 games/s  ETA 0h01m56s
[kp-march-d4.base] 208/400  1.7 games/s  ETA 0h01m54s
[kp-march-d4.base] 213/400  1.7 games/s  ETA 0h01m50s
[kp-march-d4.base] 215/400  1.7 games/s  ETA 0h01m50s
[kp-march-d4.base] 218/400  1.7 games/s  ETA 0h01m48s
[kp-march-d4.base] 224/400  1.7 games/s  ETA 0h01m43s
[kp-march-d4.base] 230/400  1.7 games/s  ETA 0h01m39s
[kp-march-d4.base] 231/400  1.7 games/s  ETA 0h01m39s
[kp-march-d4.base] 232/400  1.7 games/s  ETA 0h01m40s
[kp-march-d4.base] 238/400  1.7 games/s  ETA 0h01m35s
[kp-march-d4.base] 244/400  1.7 games/s  ETA 0h01m30s
[kp-march-d4.base] 246/400  1.7 games/s  ETA 0h01m30s
[kp-march-d4.base] 249/400  1.7 games/s  ETA 0h01m28s
[kp-march-d4.base] 253/400  1.7 games/s  ETA 0h01m26s
[kp-march-d4.base] 256/400  1.7 games/s  ETA 0h01m24s
[kp-march-d4.base] 258/400  1.7 games/s  ETA 0h01m23s
[kp-march-d4.base] 264/400  1.7 games/s  ETA 0h01m19s
[kp-march-d4.base] 269/400  1.7 games/s  ETA 0h01m16s
[kp-march-d4.base] 271/400  1.7 games/s  ETA 0h01m15s
[kp-march-d4.base] 276/400  1.7 games/s  ETA 0h01m11s
[kp-march-d4.base] 280/400  1.7 games/s  ETA 0h01m09s
[kp-march-d4.base] 283/400  1.7 games/s  ETA 0h01m07s
[kp-march-d4.base] 285/400  1.7 games/s  ETA 0h01m07s
[kp-march-d4.base] 287/400  1.7 games/s  ETA 0h01m06s
[kp-march-d4.base] 290/400  1.7 games/s  ETA 0h01m04s
[kp-march-d4.base] 295/400  1.7 games/s  ETA 0h01m01s
[kp-march-d4.base] 300/400  1.7 games/s  ETA 0h00m58s
[kp-march-d4.base] 302/400  1.7 games/s  ETA 0h00m57s
[kp-march-d4.base] 307/400  1.7 games/s  ETA 0h00m53s
[kp-march-d4.base] 311/400  1.7 games/s  ETA 0h00m51s
[kp-march-d4.base] 313/400  1.7 games/s  ETA 0h00m50s
[kp-march-d4.base] 318/400  1.7 games/s  ETA 0h00m47s
[kp-march-d4.base] 323/400  1.7 games/s  ETA 0h00m44s
[kp-march-d4.base] 328/400  1.7 games/s  ETA 0h00m41s
[kp-march-d4.base] 330/400  1.7 games/s  ETA 0h00m40s
[kp-march-d4.base] 333/400  1.7 games/s  ETA 0h00m38s
[kp-march-d4.base] 338/400  1.7 games/s  ETA 0h00m35s
[kp-march-d4.base] 341/400  1.7 games/s  ETA 0h00m33s
[kp-march-d4.base] 344/400  1.7 games/s  ETA 0h00m32s
[kp-march-d4.base] 348/400  1.7 games/s  ETA 0h00m29s
[kp-march-d4.base] 350/400  1.7 games/s  ETA 0h00m28s
[kp-march-d4.base] 352/400  1.7 games/s  ETA 0h00m27s
[kp-march-d4.base] 354/400  1.7 games/s  ETA 0h00m26s
[kp-march-d4.base] 355/400  1.7 games/s  ETA 0h00m26s
[kp-march-d4.base] 364/400  1.7 games/s  ETA 0h00m20s
[kp-march-d4.base] 367/400  1.7 games/s  ETA 0h00m19s
[kp-march-d4.base] 369/400  1.7 games/s  ETA 0h00m17s
[kp-march-d4.base] 372/400  1.7 games/s  ETA 0h00m16s
[kp-march-d4.base] 376/400  1.7 games/s  ETA 0h00m13s
[kp-march-d4.base] 381/400  1.7 games/s  ETA 0h00m10s
[kp-march-d4.base] 385/400  1.7 games/s  ETA 0h00m08s
[kp-march-d4.base] 388/400  1.7 games/s  ETA 0h00m06s
[kp-march-d4.base] 392/400  1.7 games/s  ETA 0h00m04s
[kp-march-d4.base] 398/400  1.7 games/s  ETA 0h00m01s
[kp-march-d4.base] 398/400  1.7 games/s  ETA 0h00m01s
[kp-march-d4.base] 399/400  1.7 games/s  ETA 0h00m00s
[kp-march-d4.base] 400 games in 0h03m54s (1.7 games/s)
[kp-march-d4.base] summary -> sim/out/kp-march-d4.base.summary.json
[kp-march-d4.var] 400 games (0 already done), 400 to play on 16 workers -> sim/out/kp-march-d4.var.jsonl
[kp-march-d4.var] depth 4, 4 random opening plies, ply cap 300, pairs off (both sides identical; --pairs forces them on)
[kp-march-d4.var] rules {"kings":[{"king":"Mud","power":"March"},{"king":"Mud","power":"March"}]}, values {}
[kp-march-d4.var] 0/400  0.0 games/s  ETA ?
[kp-march-d4.var] 0/400  0.0 games/s  ETA ?
[kp-march-d4.var] 3/400  0.5 games/s  ETA 0h13m14s
[kp-march-d4.var] 8/400  1.0 games/s  ETA 0h06m32s
[kp-march-d4.var] 14/400  1.4 games/s  ETA 0h04m36s
[kp-march-d4.var] 16/400  1.3 games/s  ETA 0h04m48s
[kp-march-d4.var] 18/400  1.3 games/s  ETA 0h04m57s
[kp-march-d4.var] 25/400  1.6 games/s  ETA 0h04m00s
[kp-march-d4.var] 25/400  1.4 games/s  ETA 0h04m30s
[kp-march-d4.var] 28/400  1.4 games/s  ETA 0h04m26s
[kp-march-d4.var] 33/400  1.5 games/s  ETA 0h04m04s
[kp-march-d4.var] 37/400  1.5 games/s  ETA 0h03m55s
[kp-march-d4.var] 39/400  1.5 games/s  ETA 0h04m00s
[kp-march-d4.var] 43/400  1.5 games/s  ETA 0h03m52s
[kp-march-d4.var] 45/400  1.5 games/s  ETA 0h03m56s
[kp-march-d4.var] 51/400  1.6 games/s  ETA 0h03m39s
[kp-march-d4.var] 55/400  1.6 games/s  ETA 0h03m33s
[kp-march-d4.var] 56/400  1.6 games/s  ETA 0h03m41s
[kp-march-d4.var] 60/400  1.6 games/s  ETA 0h03m35s
[kp-march-d4.var] 63/400  1.6 games/s  ETA 0h03m34s
[kp-march-d4.var] 69/400  1.6 games/s  ETA 0h03m21s
[kp-march-d4.var] 72/400  1.6 games/s  ETA 0h03m20s
[kp-march-d4.var] 73/400  1.6 games/s  ETA 0h03m26s
[kp-march-d4.var] 76/400  1.6 games/s  ETA 0h03m24s
[kp-march-d4.var] 78/400  1.6 games/s  ETA 0h03m26s
[kp-march-d4.var] 83/400  1.6 games/s  ETA 0h03m18s
[kp-march-d4.var] 85/400  1.6 games/s  ETA 0h03m20s
[kp-march-d4.var] 87/400  1.6 games/s  ETA 0h03m21s
[kp-march-d4.var] 88/400  1.5 games/s  ETA 0h03m25s
[kp-march-d4.var] 93/400  1.5 games/s  ETA 0h03m18s
[kp-march-d4.var] 99/400  1.6 games/s  ETA 0h03m08s
[kp-march-d4.var] 102/400  1.6 games/s  ETA 0h03m07s
[kp-march-d4.var] 105/400  1.6 games/s  ETA 0h03m05s
[kp-march-d4.var] 111/400  1.6 games/s  ETA 0h02m57s
[kp-march-d4.var] 114/400  1.6 games/s  ETA 0h02m55s
[kp-march-d4.var] 116/400  1.6 games/s  ETA 0h02m56s
[kp-march-d4.var] 121/400  1.6 games/s  ETA 0h02m50s
[kp-march-d4.var] 124/400  1.6 games/s  ETA 0h02m49s
[kp-march-d4.var] 126/400  1.6 games/s  ETA 0h02m49s
[kp-march-d4.var] 131/400  1.6 games/s  ETA 0h02m44s
[kp-march-d4.var] 136/400  1.7 games/s  ETA 0h02m39s
[kp-march-d4.var] 138/400  1.6 games/s  ETA 0h02m39s
[kp-march-d4.var] 140/400  1.6 games/s  ETA 0h02m39s
[kp-march-d4.var] 147/400  1.7 games/s  ETA 0h02m31s
[kp-march-d4.var] 148/400  1.6 games/s  ETA 0h02m33s
[kp-march-d4.var] 151/400  1.6 games/s  ETA 0h02m31s
[kp-march-d4.var] 154/400  1.6 games/s  ETA 0h02m30s
[kp-march-d4.var] 156/400  1.6 games/s  ETA 0h02m30s
[kp-march-d4.var] 160/400  1.6 games/s  ETA 0h02m27s
[kp-march-d4.var] 165/400  1.6 games/s  ETA 0h02m22s
[kp-march-d4.var] 169/400  1.7 games/s  ETA 0h02m19s
[kp-march-d4.var] 172/400  1.7 games/s  ETA 0h02m18s
[kp-march-d4.var] 175/400  1.6 games/s  ETA 0h02m16s
[kp-march-d4.var] 179/400  1.7 games/s  ETA 0h02m13s
[kp-march-d4.var] 182/400  1.7 games/s  ETA 0h02m11s
[kp-march-d4.var] 185/400  1.6 games/s  ETA 0h02m10s
[kp-march-d4.var] 189/400  1.7 games/s  ETA 0h02m07s
[kp-march-d4.var] 194/400  1.7 games/s  ETA 0h02m03s
[kp-march-d4.var] 198/400  1.7 games/s  ETA 0h02m00s
[kp-march-d4.var] 201/400  1.7 games/s  ETA 0h01m58s
[kp-march-d4.var] 204/400  1.7 games/s  ETA 0h01m57s
[kp-march-d4.var] 208/400  1.7 games/s  ETA 0h01m54s
[kp-march-d4.var] 209/400  1.7 games/s  ETA 0h01m55s
[kp-march-d4.var] 212/400  1.7 games/s  ETA 0h01m53s
[kp-march-d4.var] 216/400  1.7 games/s  ETA 0h01m50s
[kp-march-d4.var] 223/400  1.7 games/s  ETA 0h01m44s
[kp-march-d4.var] 225/400  1.7 games/s  ETA 0h01m44s
[kp-march-d4.var] 227/400  1.7 games/s  ETA 0h01m43s
[kp-march-d4.var] 232/400  1.7 games/s  ETA 0h01m40s
[kp-march-d4.var] 234/400  1.7 games/s  ETA 0h01m39s
[kp-march-d4.var] 239/400  1.7 games/s  ETA 0h01m35s
[kp-march-d4.var] 242/400  1.7 games/s  ETA 0h01m34s
[kp-march-d4.var] 246/400  1.7 games/s  ETA 0h01m31s
[kp-march-d4.var] 250/400  1.7 games/s  ETA 0h01m28s
[kp-march-d4.var] 253/400  1.7 games/s  ETA 0h01m27s
[kp-march-d4.var] 257/400  1.7 games/s  ETA 0h01m24s
[kp-march-d4.var] 258/400  1.7 games/s  ETA 0h01m24s
[kp-march-d4.var] 261/400  1.7 games/s  ETA 0h01m23s
[kp-march-d4.var] 266/400  1.7 games/s  ETA 0h01m19s
[kp-march-d4.var] 268/400  1.7 games/s  ETA 0h01m18s
[kp-march-d4.var] 271/400  1.7 games/s  ETA 0h01m17s
[kp-march-d4.var] 275/400  1.7 games/s  ETA 0h01m14s
[kp-march-d4.var] 279/400  1.7 games/s  ETA 0h01m12s
[kp-march-d4.var] 282/400  1.7 games/s  ETA 0h01m10s
[kp-march-d4.var] 283/400  1.7 games/s  ETA 0h01m10s
[kp-march-d4.var] 286/400  1.7 games/s  ETA 0h01m08s
[kp-march-d4.var] 288/400  1.7 games/s  ETA 0h01m07s
[kp-march-d4.var] 294/400  1.7 games/s  ETA 0h01m03s
[kp-march-d4.var] 296/400  1.7 games/s  ETA 0h01m02s
[kp-march-d4.var] 301/400  1.7 games/s  ETA 0h00m59s
[kp-march-d4.var] 304/400  1.7 games/s  ETA 0h00m57s
[kp-march-d4.var] 307/400  1.7 games/s  ETA 0h00m55s
[kp-march-d4.var] 309/400  1.7 games/s  ETA 0h00m54s
[kp-march-d4.var] 312/400  1.7 games/s  ETA 0h00m53s
[kp-march-d4.var] 315/400  1.7 games/s  ETA 0h00m51s
[kp-march-d4.var] 316/400  1.6 games/s  ETA 0h00m51s
[kp-march-d4.var] 318/400  1.6 games/s  ETA 0h00m50s
[kp-march-d4.var] 320/400  1.6 games/s  ETA 0h00m49s
[kp-march-d4.var] 325/400  1.6 games/s  ETA 0h00m45s
[kp-march-d4.var] 330/400  1.6 games/s  ETA 0h00m42s
[kp-march-d4.var] 333/400  1.6 games/s  ETA 0h00m40s
[kp-march-d4.var] 334/400  1.6 games/s  ETA 0h00m40s
[kp-march-d4.var] 338/400  1.6 games/s  ETA 0h00m37s
[kp-march-d4.var] 338/400  1.6 games/s  ETA 0h00m38s
[kp-march-d4.var] 340/400  1.6 games/s  ETA 0h00m37s
[kp-march-d4.var] 346/400  1.6 games/s  ETA 0h00m33s
[kp-march-d4.var] 350/400  1.6 games/s  ETA 0h00m30s
[kp-march-d4.var] 353/400  1.6 games/s  ETA 0h00m28s
[kp-march-d4.var] 355/400  1.6 games/s  ETA 0h00m27s
[kp-march-d4.var] 357/400  1.6 games/s  ETA 0h00m26s
[kp-march-d4.var] 362/400  1.6 games/s  ETA 0h00m23s
[kp-march-d4.var] 365/400  1.6 games/s  ETA 0h00m21s
[kp-march-d4.var] 370/400  1.6 games/s  ETA 0h00m18s
[kp-march-d4.var] 371/400  1.6 games/s  ETA 0h00m17s
[kp-march-d4.var] 377/400  1.6 games/s  ETA 0h00m14s
[kp-march-d4.var] 383/400  1.6 games/s  ETA 0h00m10s
[kp-march-d4.var] 386/400  1.6 games/s  ETA 0h00m08s
[kp-march-d4.var] 389/400  1.6 games/s  ETA 0h00m06s
[kp-march-d4.var] 394/400  1.7 games/s  ETA 0h00m03s
[kp-march-d4.var] 397/400  1.7 games/s  ETA 0h00m01s
[kp-march-d4.var] 400 games in 0h04m01s (1.7 games/s)
[kp-march-d4.var] summary -> sim/out/kp-march-d4.var.summary.json
# Rule A/B — kp-march-d4

`kings=[object Object],[object Object]` against today's defaults.
400 games per population, depth 4, the same 40 arrangements and the same
opening seeds in both (common random numbers). Control arm: `kp-march-d4.base`.

A symmetric rule changes both sides at once, so there is no match to run and no SPRT: this is a
paired two-population comparison. The interval is a 95% normal approximation on the
mean paired difference over arrangements; with few arrangements,
and with one interval per metric, read "significant" as "worth a second run", not as a test.

| metric | base (pooled) | with the rule (pooled) | mean paired difference ±95% | significant |
|---|---|---|---|---|
| white score | 0.585 | 0.545 | -0.040 ± 0.050 | no |
| decisive | 0.670 | 0.745 | +0.075 ± 0.061 | yes |
| draw rate | 0.310 | 0.242 | -0.067 ± 0.063 | yes |
| capped | 0.020 | 0.013 | -0.008 ± 0.015 | no |
| mean plies | 126.3 | 108.8 | -17.5 ± 7.1 | yes |
| branching factor | 30.4 | 31.8 | +1.5 ± 0.7 | yes |
| killer move | 0.189 | 0.198 | +0.009 ± 0.020 | no |
| lead change | 0.040 | 0.049 | +0.009 ± 0.007 | yes |
| uncertainty late | 0.626 | 0.628 | +0.002 ± 0.009 | no |
| drama | 0.099 | 0.131 | +0.031 ± 0.020 | yes |
| permanence | 0.971 | 0.965 | -0.005 ± 0.001 | yes |
| min utilisation | 0.41 | 0.46 | +0.03 ± 0.03 | no |
| interest | 0.454 | 0.459 | +0.004 ± 0.008 | no |
| interest (min-use) | 0.454 | 0.459 | -0.010 ± 0.016 | no |
| killerMove (resid.) | -0.002 | 0.002 | +0.004 ± 0.019 | no |
| leadChange (resid.) | -0.007 | 0.007 | +0.014 ± 0.007 | yes |
| uncertaintyLate (resid.) | -0.005 | 0.005 | +0.010 ± 0.007 | yes |
| drama (resid.) | -0.011 | 0.011 | +0.021 ± 0.015 | yes |
| permanence (resid.) | 0.002 | -0.002 | -0.005 ± 0.001 | yes |
| fairyUse (resid.) | 0.000 | 0.000 | +0.000 ± 0.000 | no |
| excessDecisiveness (resid.) | 0.055 | 0.014 | -0.058 ± 0.023 | yes |
| interest (resid.) | 0.002 | 0.002 | -0.001 ± 0.005 | no |
| interestMinFairy (resid.) | 0.034 | 0.030 | -0.018 ± 0.014 | yes |

## Degeneracy counters
| counter | base | with the rule |
|---|---|---|
| guard captures per game | 0.000 | 0.000 |
| games with a guard rampage (≥ 3 captures) | 0 (0.0%) | 0 (0.0%) |
| dead-material endings (draw50 + drawMaterial) | 20 (5.0%) | 9 (2.3%) |
| games where a king never moved | 62 (15.5%) | 89 (22.3%) |

## Per piece (both sides, whole population; moves and captures per game)
| piece | moves A | moves B | captures A | captures B | survival A | survival B |
|---|---|---|---|---|---|---|
| P | 25.70 | 25.08 | 4.58 | 4.60 | 33.3% | 33.1% |
| K | 20.07 | 14.06 | 1.64 | 1.39 | 100.0% | 100.0% |
| A | 15.07 | 13.10 | 2.54 | 2.37 | 42.0% | 47.3% |
| S | 12.91 | 11.37 | 1.57 | 1.52 | 37.7% | 43.7% |
| M | 12.79 | 10.70 | 1.54 | 1.49 | 32.0% | 42.4% |
| R | 9.48 | 6.84 | 1.58 | 1.49 | 38.3% | 30.7% |
| B | 8.32 | 7.42 | 2.04 | 1.96 | 20.4% | 23.4% |
| N | 7.09 | 7.21 | 1.54 | 1.57 | 6.2% | 12.1% |
| Q | 6.14 | 5.77 | 1.03 | 1.16 | 45.0% | 48.3% |
| L | 5.00 | 4.34 | 1.50 | 1.50 | 8.5% | 8.3% |
| G | 3.73 | 2.89 | 0.00 | 0.00 | 87.9% | 93.2% |

## Fairy events per game
| event | base | with the rule |
|---|---|---|
| archerShots | 2.54 | 2.37 |
| beastChainMoves | 1.33 | 1.24 |
| beastChainCaptures | 1.57 | 1.52 |
| maesterSwaps | 5.00 | 4.30 |
| maesterLongSwaps | 0.71 | 0.66 |
| paladinSacrifices | 0.56 | 0.57 |
| promotions | 0.15 | 0.30 |
| checks | 7.37 | 6.13 |
| ogreShoves | 0.00 | 0.00 |
| ogreShovesFriend | 0.00 | 0.00 |
| ogreShovesGuard | 0.00 | 0.00 |
| catapultChecks | 0.00 | 0.00 |

The pooled columns describe each whole population; the difference column is the mean over the
40 shared arrangements of (rule − base) on the same openings. The two can disagree in sign when the
pooled value is not a mean of the per-arrangement values (minimum utilisation is one). Trust the
paired column.

Elo of the variant population is not reported: both populations play themselves, so their scores
are not comparable as a match. Read the white score as a fairness check, not as a strength delta.

== 2026-09-17 04:56:19 npm run sim -- --id kp-leap-d4 --experiment ab --games 400 --sample 40 --depth 4 --seed 63 --workers 16 --rule kings=Mud:Leap

> king-down-chess@0.0.1 sim
> tsx src/sim/run.ts --id kp-leap-d4 --experiment ab --games 400 --sample 40 --depth 4 --seed 63 --workers 16 --rule kings=Mud:Leap

[kp-leap-d4.base] 400 games (0 already done), 400 to play on 16 workers -> sim/out/kp-leap-d4.base.jsonl
[kp-leap-d4.base] depth 4, 4 random opening plies, ply cap 300, pairs off (both sides identical; --pairs forces them on)
[kp-leap-d4.base] rules {}, values {}
[kp-leap-d4.base] 1/400  0.5 games/s  ETA 0h13m18s
[kp-leap-d4.base] 1/400  0.2 games/s  ETA 0h26m37s
[kp-leap-d4.base] 1/400  0.2 games/s  ETA 0h39m55s
[kp-leap-d4.base] 2/400  0.2 games/s  ETA 0h26m33s
[kp-leap-d4.base] 8/400  0.8 games/s  ETA 0h08m10s
[kp-leap-d4.base] 12/400  1.0 games/s  ETA 0h06m28s
[kp-leap-d4.base] 17/400  1.2 games/s  ETA 0h05m15s
[kp-leap-d4.base] 21/400  1.3 games/s  ETA 0h04m48s
[kp-leap-d4.base] 23/400  1.3 games/s  ETA 0h04m55s
[kp-leap-d4.base] 27/400  1.3 games/s  ETA 0h04m36s
[kp-leap-d4.base] 28/400  1.3 games/s  ETA 0h04m52s
[kp-leap-d4.base] 32/400  1.3 games/s  ETA 0h04m36s
[kp-leap-d4.base] 34/400  1.3 games/s  ETA 0h04m40s
[kp-leap-d4.base] 37/400  1.3 games/s  ETA 0h04m34s
[kp-leap-d4.base] 39/400  1.3 games/s  ETA 0h04m37s
[kp-leap-d4.base] 42/400  1.3 games/s  ETA 0h04m33s
[kp-leap-d4.base] 44/400  1.3 games/s  ETA 0h04m35s
[kp-leap-d4.base] 46/400  1.3 games/s  ETA 0h04m37s
[kp-leap-d4.base] 49/400  1.3 games/s  ETA 0h04m32s
[kp-leap-d4.base] 52/400  1.3 games/s  ETA 0h04m27s
[kp-leap-d4.base] 54/400  1.3 games/s  ETA 0h04m29s
[kp-leap-d4.base] 56/400  1.3 games/s  ETA 0h04m30s
[kp-leap-d4.base] 59/400  1.3 games/s  ETA 0h04m26s
[kp-leap-d4.base] 60/400  1.2 games/s  ETA 0h04m32s
[kp-leap-d4.base] 68/400  1.4 games/s  ETA 0h04m04s
[kp-leap-d4.base] 69/400  1.3 games/s  ETA 0h04m09s
[kp-leap-d4.base] 70/400  1.3 games/s  ETA 0h04m14s
[kp-leap-d4.base] 73/400  1.3 games/s  ETA 0h04m11s
[kp-leap-d4.base] 74/400  1.3 games/s  ETA 0h04m15s
[kp-leap-d4.base] 78/400  1.3 games/s  ETA 0h04m08s
[kp-leap-d4.base] 82/400  1.3 games/s  ETA 0h04m00s
[kp-leap-d4.base] 87/400  1.4 games/s  ETA 0h03m50s
[kp-leap-d4.base] 92/400  1.4 games/s  ETA 0h03m41s
[kp-leap-d4.base] 93/400  1.4 games/s  ETA 0h03m44s
[kp-leap-d4.base] 94/400  1.3 games/s  ETA 0h03m48s
[kp-leap-d4.base] 98/400  1.4 games/s  ETA 0h03m42s
[kp-leap-d4.base] 101/400  1.4 games/s  ETA 0h03m39s
[kp-leap-d4.base] 104/400  1.4 games/s  ETA 0h03m36s
[kp-leap-d4.base] 110/400  1.4 games/s  ETA 0h03m25s
[kp-leap-d4.base] 115/400  1.4 games/s  ETA 0h03m18s
[kp-leap-d4.base] 120/400  1.5 games/s  ETA 0h03m11s
[kp-leap-d4.base] 123/400  1.5 games/s  ETA 0h03m09s
[kp-leap-d4.base] 125/400  1.5 games/s  ETA 0h03m09s
[kp-leap-d4.base] 127/400  1.4 games/s  ETA 0h03m09s
[kp-leap-d4.base] 131/400  1.5 games/s  ETA 0h03m05s
[kp-leap-d4.base] 138/400  1.5 games/s  ETA 0h02m54s
[kp-leap-d4.base] 140/400  1.5 games/s  ETA 0h02m54s
[kp-leap-d4.base] 141/400  1.5 games/s  ETA 0h02m56s
[kp-leap-d4.base] 143/400  1.5 games/s  ETA 0h02m56s
[kp-leap-d4.base] 145/400  1.4 games/s  ETA 0h02m56s
[kp-leap-d4.base] 152/400  1.5 games/s  ETA 0h02m46s
[kp-leap-d4.base] 156/400  1.5 games/s  ETA 0h02m42s
[kp-leap-d4.base] 159/400  1.5 games/s  ETA 0h02m40s
[kp-leap-d4.base] 160/400  1.5 games/s  ETA 0h02m42s
[kp-leap-d4.base] 160/400  1.5 games/s  ETA 0h02m45s
[kp-leap-d4.base] 164/400  1.5 games/s  ETA 0h02m41s
[kp-leap-d4.base] 165/400  1.4 games/s  ETA 0h02m42s
[kp-leap-d4.base] 171/400  1.5 games/s  ETA 0h02m35s
[kp-leap-d4.base] 172/400  1.5 games/s  ETA 0h02m36s
[kp-leap-d4.base] 179/400  1.5 games/s  ETA 0h02m28s
[kp-leap-d4.base] 181/400  1.5 games/s  ETA 0h02m27s
[kp-leap-d4.base] 184/400  1.5 games/s  ETA 0h02m25s
[kp-leap-d4.base] 189/400  1.5 games/s  ETA 0h02m20s
[kp-leap-d4.base] 193/400  1.5 games/s  ETA 0h02m17s
[kp-leap-d4.base] 198/400  1.5 games/s  ETA 0h02m12s
[kp-leap-d4.base] 201/400  1.5 games/s  ETA 0h02m10s
[kp-leap-d4.base] 203/400  1.5 games/s  ETA 0h02m10s
[kp-leap-d4.base] 205/400  1.5 games/s  ETA 0h02m09s
[kp-leap-d4.base] 206/400  1.5 games/s  ETA 0h02m10s
[kp-leap-d4.base] 211/400  1.5 games/s  ETA 0h02m05s
[kp-leap-d4.base] 214/400  1.5 games/s  ETA 0h02m03s
[kp-leap-d4.base] 216/400  1.5 games/s  ETA 0h02m02s
[kp-leap-d4.base] 221/400  1.5 games/s  ETA 0h01m58s
[kp-leap-d4.base] 229/400  1.5 games/s  ETA 0h01m50s
[kp-leap-d4.base] 231/400  1.5 games/s  ETA 0h01m49s
[kp-leap-d4.base] 231/400  1.5 games/s  ETA 0h01m51s
[kp-leap-d4.base] 235/400  1.5 games/s  ETA 0h01m48s
[kp-leap-d4.base] 243/400  1.6 games/s  ETA 0h01m40s
[kp-leap-d4.base] 244/400  1.5 games/s  ETA 0h01m41s
[kp-leap-d4.base] 247/400  1.5 games/s  ETA 0h01m39s
[kp-leap-d4.base] 251/400  1.5 games/s  ETA 0h01m36s
[kp-leap-d4.base] 254/400  1.5 games/s  ETA 0h01m34s
[kp-leap-d4.base] 255/400  1.5 games/s  ETA 0h01m34s
[kp-leap-d4.base] 262/400  1.6 games/s  ETA 0h01m28s
[kp-leap-d4.base] 266/400  1.6 games/s  ETA 0h01m25s
[kp-leap-d4.base] 270/400  1.6 games/s  ETA 0h01m22s
[kp-leap-d4.base] 272/400  1.6 games/s  ETA 0h01m22s
[kp-leap-d4.base] 278/400  1.6 games/s  ETA 0h01m17s
[kp-leap-d4.base] 281/400  1.6 games/s  ETA 0h01m15s
[kp-leap-d4.base] 283/400  1.6 games/s  ETA 0h01m14s
[kp-leap-d4.base] 285/400  1.6 games/s  ETA 0h01m13s
[kp-leap-d4.base] 287/400  1.6 games/s  ETA 0h01m12s
[kp-leap-d4.base] 290/400  1.6 games/s  ETA 0h01m10s
[kp-leap-d4.base] 296/400  1.6 games/s  ETA 0h01m06s
[kp-leap-d4.base] 300/400  1.6 games/s  ETA 0h01m03s
[kp-leap-d4.base] 301/400  1.6 games/s  ETA 0h01m03s
[kp-leap-d4.base] 308/400  1.6 games/s  ETA 0h00m58s
[kp-leap-d4.base] 312/400  1.6 games/s  ETA 0h00m55s
[kp-leap-d4.base] 313/400  1.6 games/s  ETA 0h00m55s
[kp-leap-d4.base] 317/400  1.6 games/s  ETA 0h00m52s
[kp-leap-d4.base] 322/400  1.6 games/s  ETA 0h00m49s
[kp-leap-d4.base] 327/400  1.6 games/s  ETA 0h00m45s
[kp-leap-d4.base] 329/400  1.6 games/s  ETA 0h00m44s
[kp-leap-d4.base] 331/400  1.6 games/s  ETA 0h00m43s
[kp-leap-d4.base] 336/400  1.6 games/s  ETA 0h00m40s
[kp-leap-d4.base] 339/400  1.6 games/s  ETA 0h00m38s
[kp-leap-d4.base] 343/400  1.6 games/s  ETA 0h00m35s
[kp-leap-d4.base] 348/400  1.6 games/s  ETA 0h00m32s
[kp-leap-d4.base] 350/400  1.6 games/s  ETA 0h00m31s
[kp-leap-d4.base] 352/400  1.6 games/s  ETA 0h00m30s
[kp-leap-d4.base] 354/400  1.6 games/s  ETA 0h00m28s
[kp-leap-d4.base] 355/400  1.6 games/s  ETA 0h00m28s
[kp-leap-d4.base] 363/400  1.6 games/s  ETA 0h00m23s
[kp-leap-d4.base] 366/400  1.6 games/s  ETA 0h00m21s
[kp-leap-d4.base] 370/400  1.6 games/s  ETA 0h00m18s
[kp-leap-d4.base] 372/400  1.6 games/s  ETA 0h00m17s
[kp-leap-d4.base] 373/400  1.6 games/s  ETA 0h00m16s
[kp-leap-d4.base] 380/400  1.6 games/s  ETA 0h00m12s
[kp-leap-d4.base] 385/400  1.6 games/s  ETA 0h00m09s
[kp-leap-d4.base] 388/400  1.6 games/s  ETA 0h00m07s
[kp-leap-d4.base] 389/400  1.6 games/s  ETA 0h00m06s
[kp-leap-d4.base] 397/400  1.6 games/s  ETA 0h00m01s
[kp-leap-d4.base] 398/400  1.6 games/s  ETA 0h00m01s
[kp-leap-d4.base] 399/400  1.6 games/s  ETA 0h00m00s
[kp-leap-d4.base] 399/400  1.6 games/s  ETA 0h00m00s
[kp-leap-d4.base] 400 games in 0h04m11s (1.6 games/s)
[kp-leap-d4.base] summary -> sim/out/kp-leap-d4.base.summary.json
[kp-leap-d4.var] 400 games (0 already done), 400 to play on 16 workers -> sim/out/kp-leap-d4.var.jsonl
[kp-leap-d4.var] depth 4, 4 random opening plies, ply cap 300, pairs off (both sides identical; --pairs forces them on)
[kp-leap-d4.var] rules {"kings":[{"king":"Mud","power":"Leap"},{"king":"Mud","power":"Leap"}]}, values {}
[kp-leap-d4.var] 2/400  1.0 games/s  ETA 0h06m38s
[kp-leap-d4.var] 4/400  1.0 games/s  ETA 0h06m36s
[kp-leap-d4.var] 4/400  0.7 games/s  ETA 0h09m54s
[kp-leap-d4.var] 10/400  1.2 games/s  ETA 0h05m12s
[kp-leap-d4.var] 12/400  1.2 games/s  ETA 0h05m23s
[kp-leap-d4.var] 15/400  1.2 games/s  ETA 0h05m08s
[kp-leap-d4.var] 16/400  1.1 games/s  ETA 0h05m36s
[kp-leap-d4.var] 19/400  1.2 games/s  ETA 0h05m21s
[kp-leap-d4.var] 25/400  1.4 games/s  ETA 0h04m30s
[kp-leap-d4.var] 25/400  1.2 games/s  ETA 0h05m00s
[kp-leap-d4.var] 26/400  1.2 games/s  ETA 0h05m16s
[kp-leap-d4.var] 32/400  1.3 games/s  ETA 0h04m36s
[kp-leap-d4.var] 35/400  1.3 games/s  ETA 0h04m31s
[kp-leap-d4.var] 36/400  1.3 games/s  ETA 0h04m43s
[kp-leap-d4.var] 39/400  1.3 games/s  ETA 0h04m37s
[kp-leap-d4.var] 43/400  1.3 games/s  ETA 0h04m25s
[kp-leap-d4.var] 44/400  1.3 games/s  ETA 0h04m35s
[kp-leap-d4.var] 46/400  1.3 games/s  ETA 0h04m37s
[kp-leap-d4.var] 47/400  1.2 games/s  ETA 0h04m45s
[kp-leap-d4.var] 51/400  1.3 games/s  ETA 0h04m34s
[kp-leap-d4.var] 53/400  1.3 games/s  ETA 0h04m35s
[kp-leap-d4.var] 56/400  1.3 games/s  ETA 0h04m30s
[kp-leap-d4.var] 57/400  1.2 games/s  ETA 0h04m37s
[kp-leap-d4.var] 58/400  1.2 games/s  ETA 0h04m43s
[kp-leap-d4.var] 60/400  1.2 games/s  ETA 0h04m43s
[kp-leap-d4.var] 65/400  1.2 games/s  ETA 0h04m28s
[kp-leap-d4.var] 69/400  1.3 games/s  ETA 0h04m19s
[kp-leap-d4.var] 72/400  1.3 games/s  ETA 0h04m15s
[kp-leap-d4.var] 74/400  1.3 games/s  ETA 0h04m15s
[kp-leap-d4.var] 81/400  1.3 games/s  ETA 0h03m56s
[kp-leap-d4.var] 82/400  1.3 games/s  ETA 0h04m00s
[kp-leap-d4.var] 86/400  1.3 games/s  ETA 0h03m53s
[kp-leap-d4.var] 92/400  1.4 games/s  ETA 0h03m41s
[kp-leap-d4.var] 99/400  1.5 games/s  ETA 0h03m26s
[kp-leap-d4.var] 102/400  1.5 games/s  ETA 0h03m24s
[kp-leap-d4.var] 105/400  1.5 games/s  ETA 0h03m22s
[kp-leap-d4.var] 107/400  1.4 games/s  ETA 0h03m22s
[kp-leap-d4.var] 111/400  1.5 games/s  ETA 0h03m18s
[kp-leap-d4.var] 113/400  1.4 games/s  ETA 0h03m18s
[kp-leap-d4.var] 117/400  1.5 games/s  ETA 0h03m13s
[kp-leap-d4.var] 118/400  1.4 games/s  ETA 0h03m16s
[kp-leap-d4.var] 123/400  1.5 games/s  ETA 0h03m09s
[kp-leap-d4.var] 124/400  1.4 games/s  ETA 0h03m11s
[kp-leap-d4.var] 127/400  1.4 games/s  ETA 0h03m09s
[kp-leap-d4.var] 130/400  1.4 games/s  ETA 0h03m07s
[kp-leap-d4.var] 132/400  1.4 games/s  ETA 0h03m07s
[kp-leap-d4.var] 136/400  1.4 games/s  ETA 0h03m02s
[kp-leap-d4.var] 139/400  1.4 games/s  ETA 0h03m00s
[kp-leap-d4.var] 140/400  1.4 games/s  ETA 0h03m02s
[kp-leap-d4.var] 145/400  1.4 games/s  ETA 0h02m56s
[kp-leap-d4.var] 148/400  1.4 games/s  ETA 0h02m53s
[kp-leap-d4.var] 150/400  1.4 games/s  ETA 0h02m53s
[kp-leap-d4.var] 154/400  1.5 games/s  ETA 0h02m49s
[kp-leap-d4.var] 158/400  1.5 games/s  ETA 0h02m45s
[kp-leap-d4.var] 160/400  1.5 games/s  ETA 0h02m45s
[kp-leap-d4.var] 161/400  1.4 games/s  ETA 0h02m46s
[kp-leap-d4.var] 164/400  1.4 games/s  ETA 0h02m44s
[kp-leap-d4.var] 169/400  1.5 games/s  ETA 0h02m38s
[kp-leap-d4.var] 174/400  1.5 games/s  ETA 0h02m33s
[kp-leap-d4.var] 176/400  1.5 games/s  ETA 0h02m32s
[kp-leap-d4.var] 178/400  1.5 games/s  ETA 0h02m32s
[kp-leap-d4.var] 181/400  1.5 games/s  ETA 0h02m30s
[kp-leap-d4.var] 185/400  1.5 games/s  ETA 0h02m26s
[kp-leap-d4.var] 188/400  1.5 games/s  ETA 0h02m24s
[kp-leap-d4.var] 193/400  1.5 games/s  ETA 0h02m19s
[kp-leap-d4.var] 196/400  1.5 games/s  ETA 0h02m17s
[kp-leap-d4.var] 198/400  1.5 games/s  ETA 0h02m16s
[kp-leap-d4.var] 203/400  1.5 games/s  ETA 0h02m12s
[kp-leap-d4.var] 206/400  1.5 games/s  ETA 0h02m10s
[kp-leap-d4.var] 206/400  1.5 games/s  ETA 0h02m12s
[kp-leap-d4.var] 212/400  1.5 games/s  ETA 0h02m06s
[kp-leap-d4.var] 216/400  1.5 games/s  ETA 0h02m02s
[kp-leap-d4.var] 218/400  1.5 games/s  ETA 0h02m02s
[kp-leap-d4.var] 223/400  1.5 games/s  ETA 0h01m57s
[kp-leap-d4.var] 228/400  1.5 games/s  ETA 0h01m53s
[kp-leap-d4.var] 232/400  1.5 games/s  ETA 0h01m50s
[kp-leap-d4.var] 236/400  1.5 games/s  ETA 0h01m47s
[kp-leap-d4.var] 239/400  1.5 games/s  ETA 0h01m45s
[kp-leap-d4.var] 245/400  1.5 games/s  ETA 0h01m40s
[kp-leap-d4.var] 247/400  1.5 games/s  ETA 0h01m39s
[kp-leap-d4.var] 251/400  1.5 games/s  ETA 0h01m36s
[kp-leap-d4.var] 253/400  1.5 games/s  ETA 0h01m35s
[kp-leap-d4.var] 254/400  1.5 games/s  ETA 0h01m35s
[kp-leap-d4.var] 260/400  1.5 games/s  ETA 0h01m30s
[kp-leap-d4.var] 263/400  1.5 games/s  ETA 0h01m28s
[kp-leap-d4.var] 266/400  1.5 games/s  ETA 0h01m26s
[kp-leap-d4.var] 268/400  1.5 games/s  ETA 0h01m25s
[kp-leap-d4.var] 275/400  1.6 games/s  ETA 0h01m20s
[kp-leap-d4.var] 278/400  1.6 games/s  ETA 0h01m18s
[kp-leap-d4.var] 282/400  1.6 games/s  ETA 0h01m15s
[kp-leap-d4.var] 289/400  1.6 games/s  ETA 0h01m09s
[kp-leap-d4.var] 292/400  1.6 games/s  ETA 0h01m08s
[kp-leap-d4.var] 294/400  1.6 games/s  ETA 0h01m07s
[kp-leap-d4.var] 296/400  1.6 games/s  ETA 0h01m06s
[kp-leap-d4.var] 297/400  1.6 games/s  ETA 0h01m05s
[kp-leap-d4.var] 302/400  1.6 games/s  ETA 0h01m02s
[kp-leap-d4.var] 306/400  1.6 games/s  ETA 0h00m59s
[kp-leap-d4.var] 312/400  1.6 games/s  ETA 0h00m55s
[kp-leap-d4.var] 315/400  1.6 games/s  ETA 0h00m53s
[kp-leap-d4.var] 319/400  1.6 games/s  ETA 0h00m50s
[kp-leap-d4.var] 321/400  1.6 games/s  ETA 0h00m49s
[kp-leap-d4.var] 322/400  1.6 games/s  ETA 0h00m49s
[kp-leap-d4.var] 324/400  1.6 games/s  ETA 0h00m48s
[kp-leap-d4.var] 327/400  1.6 games/s  ETA 0h00m46s
[kp-leap-d4.var] 332/400  1.6 games/s  ETA 0h00m43s
[kp-leap-d4.var] 334/400  1.6 games/s  ETA 0h00m41s
[kp-leap-d4.var] 339/400  1.6 games/s  ETA 0h00m38s
[kp-leap-d4.var] 340/400  1.6 games/s  ETA 0h00m38s
[kp-leap-d4.var] 343/400  1.6 games/s  ETA 0h00m36s
[kp-leap-d4.var] 349/400  1.6 games/s  ETA 0h00m32s
[kp-leap-d4.var] 353/400  1.6 games/s  ETA 0h00m29s
[kp-leap-d4.var] 355/400  1.6 games/s  ETA 0h00m28s
[kp-leap-d4.var] 359/400  1.6 games/s  ETA 0h00m25s
[kp-leap-d4.var] 364/400  1.6 games/s  ETA 0h00m22s
[kp-leap-d4.var] 366/400  1.6 games/s  ETA 0h00m21s
[kp-leap-d4.var] 369/400  1.6 games/s  ETA 0h00m19s
[kp-leap-d4.var] 373/400  1.6 games/s  ETA 0h00m16s
[kp-leap-d4.var] 379/400  1.6 games/s  ETA 0h00m13s
[kp-leap-d4.var] 381/400  1.6 games/s  ETA 0h00m11s
[kp-leap-d4.var] 383/400  1.6 games/s  ETA 0h00m10s
[kp-leap-d4.var] 388/400  1.6 games/s  ETA 0h00m07s
[kp-leap-d4.var] 392/400  1.6 games/s  ETA 0h00m04s
[kp-leap-d4.var] 395/400  1.6 games/s  ETA 0h00m03s
[kp-leap-d4.var] 396/400  1.6 games/s  ETA 0h00m02s
[kp-leap-d4.var] 400 games in 0h04m09s (1.6 games/s)
[kp-leap-d4.var] summary -> sim/out/kp-leap-d4.var.summary.json
# Rule A/B — kp-leap-d4

`kings=[object Object],[object Object]` against today's defaults.
400 games per population, depth 4, the same 40 arrangements and the same
opening seeds in both (common random numbers). Control arm: `kp-leap-d4.base`.

A symmetric rule changes both sides at once, so there is no match to run and no SPRT: this is a
paired two-population comparison. The interval is a 95% normal approximation on the
mean paired difference over arrangements; with few arrangements,
and with one interval per metric, read "significant" as "worth a second run", not as a test.

| metric | base (pooled) | with the rule (pooled) | mean paired difference ±95% | significant |
|---|---|---|---|---|
| white score | 0.585 | 0.590 | +0.005 ± 0.059 | no |
| decisive | 0.670 | 0.775 | +0.105 ± 0.063 | yes |
| draw rate | 0.310 | 0.200 | -0.110 ± 0.065 | yes |
| capped | 0.020 | 0.025 | +0.005 ± 0.014 | no |
| mean plies | 126.3 | 117.5 | -8.8 ± 9.1 | no |
| branching factor | 30.4 | 31.9 | +1.5 ± 1.0 | yes |
| killer move | 0.189 | 0.176 | -0.013 ± 0.017 | no |
| lead change | 0.040 | 0.025 | -0.015 ± 0.009 | yes |
| uncertainty late | 0.626 | 0.578 | -0.048 ± 0.017 | yes |
| drama | 0.099 | 0.103 | +0.004 ± 0.025 | no |
| permanence | 0.971 | 0.973 | +0.002 ± 0.002 | yes |
| min utilisation | 0.41 | 0.41 | -0.00 ± 0.02 | no |
| interest | 0.454 | 0.448 | -0.006 ± 0.007 | no |
| interest (min-use) | 0.454 | 0.448 | -0.007 ± 0.016 | no |
| killerMove (resid.) | 0.007 | -0.007 | -0.015 ± 0.017 | no |
| leadChange (resid.) | 0.004 | -0.004 | -0.008 ± 0.009 | no |
| uncertaintyLate (resid.) | 0.012 | -0.012 | -0.024 ± 0.016 | yes |
| drama (resid.) | 0.002 | -0.002 | -0.003 ± 0.025 | no |
| permanence (resid.) | -0.001 | 0.001 | +0.002 ± 0.002 | yes |
| fairyUse (resid.) | 0.000 | 0.000 | +0.000 ± 0.000 | no |
| excessDecisiveness (resid.) | 0.070 | -0.032 | -0.088 ± 0.021 | yes |
| interest (resid.) | 0.007 | -0.004 | -0.010 ± 0.007 | yes |
| interestMinFairy (resid.) | 0.032 | 0.017 | -0.015 ± 0.016 | no |

## Degeneracy counters
| counter | base | with the rule |
|---|---|---|
| guard captures per game | 0.000 | 0.000 |
| games with a guard rampage (≥ 3 captures) | 0 (0.0%) | 0 (0.0%) |
| dead-material endings (draw50 + drawMaterial) | 20 (5.0%) | 20 (5.0%) |
| games where a king never moved | 62 (15.5%) | 77 (19.3%) |

## Per piece (both sides, whole population; moves and captures per game)
| piece | moves A | moves B | captures A | captures B | survival A | survival B |
|---|---|---|---|---|---|---|
| P | 25.70 | 23.82 | 4.58 | 4.38 | 33.3% | 36.7% |
| K | 20.07 | 19.33 | 1.64 | 1.63 | 100.0% | 100.0% |
| A | 15.07 | 13.80 | 2.54 | 2.25 | 42.0% | 47.2% |
| S | 12.91 | 11.87 | 1.57 | 1.45 | 37.7% | 45.1% |
| M | 12.79 | 12.17 | 1.54 | 1.65 | 32.0% | 30.1% |
| R | 9.48 | 7.22 | 1.58 | 1.42 | 38.3% | 28.8% |
| B | 8.32 | 6.96 | 2.04 | 1.89 | 20.4% | 17.9% |
| N | 7.09 | 6.87 | 1.54 | 1.54 | 6.2% | 13.8% |
| Q | 6.14 | 5.85 | 1.03 | 1.07 | 45.0% | 38.3% |
| L | 5.00 | 4.63 | 1.50 | 1.52 | 8.5% | 12.6% |
| G | 3.73 | 5.00 | 0.00 | 0.00 | 87.9% | 92.9% |

## Fairy events per game
| event | base | with the rule |
|---|---|---|
| archerShots | 2.54 | 2.25 |
| beastChainMoves | 1.33 | 1.21 |
| beastChainCaptures | 1.57 | 1.45 |
| maesterSwaps | 5.00 | 4.61 |
| maesterLongSwaps | 0.71 | 0.61 |
| paladinSacrifices | 0.56 | 0.57 |
| promotions | 0.15 | 0.15 |
| checks | 7.37 | 6.59 |
| ogreShoves | 0.00 | 0.00 |
| ogreShovesFriend | 0.00 | 0.00 |
| ogreShovesGuard | 0.00 | 0.00 |
| catapultChecks | 0.00 | 0.00 |

The pooled columns describe each whole population; the difference column is the mean over the
40 shared arrangements of (rule − base) on the same openings. The two can disagree in sign when the
pooled value is not a mean of the per-arrangement values (minimum utilisation is one). Trust the
paired column.

Elo of the variant population is not reported: both populations play themselves, so their scores
are not comparable as a match. Read the white score as a fairness check, not as a strength delta.

== 2026-09-17 05:04:41 node_modules/.bin/tsx tools/kings-summary.ts --final
kings-summary: wrote docs/research/sim-kings-2026-09-16.md; no depth-4 arms needed
== kings campaign complete 2026-09-17 05:04:43
