[pb-ab-O-push-d4b.base] 1600 games (0 already done), 1600 to play on 4 workers -> sim/out/pb-ab-O-push-d4b.base.jsonl
[pb-ab-O-push-d4b.base] depth 4, 4 random opening plies, ply cap 300, pairs off (both sides identical; --pairs forces them on)
[pb-ab-O-push-d4b.base] rules {}, values {}
[pb-ab-O-push-d4b.base] 0/1600  0.0 games/s  ETA ?
[pb-ab-O-push-d4b.base] 0/1600  0.0 games/s  ETA ?
[pb-ab-O-push-d4b.base] 1/1600  0.2 games/s  ETA 2h39m58s
[pb-ab-O-push-d4b.base] 1/1600  0.1 games/s  ETA 3h33m19s
[pb-ab-O-push-d4b.base] 1/1600  0.1 games/s  ETA 4h26m39s
[pb-ab-O-push-d4b.base] 1/1600  0.1 games/s  ETA 5h19m57s
[pb-ab-O-push-d4b.base] 1/1600  0.1 games/s  ETA 6h13m15s
[pb-ab-O-push-d4b.base] 2/1600  0.1 games/s  ETA 3h33m09s
[pb-ab-O-push-d4b.base] 3/1600  0.2 games/s  ETA 2h39m45s
[pb-ab-O-push-d4b.base] 4/1600  0.2 games/s  ETA 2h13m02s
[pb-ab-O-push-d4b.base] 4/1600  0.2 games/s  ETA 2h26m21s
[pb-ab-O-push-d4b.base] 4/1600  0.2 games/s  ETA 2h39m39s
[pb-ab-O-push-d4b.base] 6/1600  0.2 games/s  ETA 1h55m10s
[pb-ab-O-push-d4b.base] 6/1600  0.2 games/s  ETA 2h04m01s
[pb-ab-O-push-d4b.base] 7/1600  0.2 games/s  ETA 1h53m49s
[pb-ab-O-push-d4b.base] 7/1600  0.2 games/s  ETA 2h01m25s
[pb-ab-O-push-d4b.base] 7/1600  0.2 games/s  ETA 2h09m00s
[pb-ab-O-push-d4b.base] 9/1600  0.2 games/s  ETA 1h46m06s
[pb-ab-O-push-d4b.base] 9/1600  0.2 games/s  ETA 1h52m00s
[pb-ab-O-push-d4b.base] 10/1600  0.2 games/s  ETA 1h46m02s
[pb-ab-O-push-d4b.base] 11/1600  0.3 games/s  ETA 1h41m09s
[pb-ab-O-push-d4b.base] 11/1600  0.2 games/s  ETA 1h45m58s
[pb-ab-O-push-d4b.base] 11/1600  0.2 games/s  ETA 1h50m47s
[pb-ab-O-push-d4b.base] 11/1600  0.2 games/s  ETA 1h55m36s
[pb-ab-O-push-d4b.base] 12/1600  0.2 games/s  ETA 1h50m19s
[pb-ab-O-push-d4b.base] 13/1600  0.2 games/s  ETA 1h45m50s
[pb-ab-O-push-d4b.base] 14/1600  0.3 games/s  ETA 1h41m59s
[pb-ab-O-push-d4b.base] 14/1600  0.2 games/s  ETA 1h45m46s
[pb-ab-O-push-d4b.base] 15/1600  0.3 games/s  ETA 1h42m11s
[pb-ab-O-push-d4b.base] 15/1600  0.2 games/s  ETA 1h45m42s
[pb-ab-O-push-d4b.base] 15/1600  0.2 games/s  ETA 1h49m14s
[pb-ab-O-push-d4b.base] 16/1600  0.2 games/s  ETA 1h45m38s
[pb-ab-O-push-d4b.base] 17/1600  0.3 games/s  ETA 1h42m28s
[pb-ab-O-push-d4b.base] 18/1600  0.3 games/s  ETA 1h39m38s
[pb-ab-O-push-d4b.base] 18/1600  0.3 games/s  ETA 1h42m34s
[pb-ab-O-push-d4b.base] 19/1600  0.3 games/s  ETA 1h39m53s
[pb-ab-O-push-d4b.base] 19/1600  0.3 games/s  ETA 1h42m40s
[pb-ab-O-push-d4b.base] 19/1600  0.2 games/s  ETA 1h45m26s
[pb-ab-O-push-d4b.base] 20/1600  0.3 games/s  ETA 1h42m44s
[pb-ab-O-push-d4b.base] 20/1600  0.2 games/s  ETA 1h45m22s
[pb-ab-O-push-d4b.base] 20/1600  0.2 games/s  ETA 1h48m00s
[pb-ab-O-push-d4b.base] 24/1600  0.3 games/s  ETA 1h31m58s
[pb-ab-O-push-d4b.base] 24/1600  0.3 games/s  ETA 1h34m09s
[pb-ab-O-push-d4b.base] 24/1600  0.3 games/s  ETA 1h36m21s
[pb-ab-O-push-d4b.base] 24/1600  0.3 games/s  ETA 1h38m32s
[pb-ab-O-push-d4b.base] 25/1600  0.3 games/s  ETA 1h36m38s
[pb-ab-O-push-d4b.base] 25/1600  0.3 games/s  ETA 1h38m44s
[pb-ab-O-push-d4b.base] 27/1600  0.3 games/s  ETA 1h33m15s
[pb-ab-O-push-d4b.base] 27/1600  0.3 games/s  ETA 1h35m11s
[pb-ab-O-push-d4b.base] 28/1600  0.3 games/s  ETA 1h33m36s
[pb-ab-O-push-d4b.base] 30/1600  0.3 games/s  ETA 1h29m00s
[pb-ab-O-push-d4b.base] 30/1600  0.3 games/s  ETA 1h30m45s
[pb-ab-O-push-d4b.base] 30/1600  0.3 games/s  ETA 1h32m29s
[pb-ab-O-push-d4b.base] 32/1600  0.3 games/s  ETA 1h28m14s
[pb-ab-O-push-d4b.base] 32/1600  0.3 games/s  ETA 1h29m52s
[pb-ab-O-push-d4b.base] 33/1600  0.3 games/s  ETA 1h28m40s
[pb-ab-O-push-d4b.base] 34/1600  0.3 games/s  ETA 1h27m33s
[pb-ab-O-push-d4b.base] 34/1600  0.3 games/s  ETA 1h29m05s
[pb-ab-O-push-d4b.base] 34/1600  0.3 games/s  ETA 1h30m37s
[pb-ab-O-push-d4b.base] 34/1600  0.3 games/s  ETA 1h32m09s
[pb-ab-O-push-d4b.base] 34/1600  0.3 games/s  ETA 1h33m41s
[pb-ab-O-push-d4b.base] 35/1600  0.3 games/s  ETA 1h32m26s
[pb-ab-O-push-d4b.base] 35/1600  0.3 games/s  ETA 1h33m56s
[pb-ab-O-push-d4b.base] 36/1600  0.3 games/s  ETA 1h32m43s
[pb-ab-O-push-d4b.base] 36/1600  0.3 games/s  ETA 1h34m10s
[pb-ab-O-push-d4b.base] 37/1600  0.3 games/s  ETA 1h32m58s
[pb-ab-O-push-d4b.base] 37/1600  0.3 games/s  ETA 1h34m23s
[pb-ab-O-push-d4b.base] 37/1600  0.3 games/s  ETA 1h35m47s
[pb-ab-O-push-d4b.base] 37/1600  0.3 games/s  ETA 1h37m12s
[pb-ab-O-push-d4b.base] 38/1600  0.3 games/s  ETA 1h35m57s
[pb-ab-O-push-d4b.base] 39/1600  0.3 games/s  ETA 1h34m46s
[pb-ab-O-push-d4b.base] 39/1600  0.3 games/s  ETA 1h36m06s
[pb-ab-O-push-d4b.base] 39/1600  0.3 games/s  ETA 1h37m26s
[pb-ab-O-push-d4b.base] 39/1600  0.3 games/s  ETA 1h38m46s
[pb-ab-O-push-d4b.base] 40/1600  0.3 games/s  ETA 1h37m32s
[pb-ab-O-push-d4b.base] 41/1600  0.3 games/s  ETA 1h36m22s
[pb-ab-O-push-d4b.base] 42/1600  0.3 games/s  ETA 1h35m15s
[pb-ab-O-push-d4b.base] 43/1600  0.3 games/s  ETA 1h34m11s
[pb-ab-O-push-d4b.base] 43/1600  0.3 games/s  ETA 1h35m23s
[pb-ab-O-push-d4b.base] 43/1600  0.3 games/s  ETA 1h36m36s
[pb-ab-O-push-d4b.base] 43/1600  0.3 games/s  ETA 1h37m48s
[pb-ab-O-push-d4b.base] 43/1600  0.3 games/s  ETA 1h39m01s
[pb-ab-O-push-d4b.base] 45/1600  0.3 games/s  ETA 1h35m38s
[pb-ab-O-push-d4b.base] 45/1600  0.3 games/s  ETA 1h36m47s
[pb-ab-O-push-d4b.base] 45/1600  0.3 games/s  ETA 1h37m57s
[pb-ab-O-push-d4b.base] 46/1600  0.3 games/s  ETA 1h36m53s
[pb-ab-O-push-d4b.base] 47/1600  0.3 games/s  ETA 1h35m52s
[pb-ab-O-push-d4b.base] 47/1600  0.3 games/s  ETA 1h36m58s
[pb-ab-O-push-d4b.base] 48/1600  0.3 games/s  ETA 1h35m57s
[pb-ab-O-push-d4b.base] 48/1600  0.3 games/s  ETA 1h37m02s
[pb-ab-O-push-d4b.base] 49/1600  0.3 games/s  ETA 1h36m03s
[pb-ab-O-push-d4b.base] 50/1600  0.3 games/s  ETA 1h35m06s
[pb-ab-O-push-d4b.base] 50/1600  0.3 games/s  ETA 1h36m08s
[pb-ab-O-push-d4b.base] 51/1600  0.3 games/s  ETA 1h35m12s
[pb-ab-O-push-d4b.base] 51/1600  0.3 games/s  ETA 1h36m13s
[pb-ab-O-push-d4b.base] 52/1600  0.3 games/s  ETA 1h35m18s
[pb-ab-O-push-d4b.base] 52/1600  0.3 games/s  ETA 1h36m17s
[pb-ab-O-push-d4b.base] 52/1600  0.3 games/s  ETA 1h37m17s
[pb-ab-O-push-d4b.base] 53/1600  0.3 games/s  ETA 1h36m22s
[pb-ab-O-push-d4b.base] 53/1600  0.3 games/s  ETA 1h37m20s
[pb-ab-O-push-d4b.base] 53/1600  0.3 games/s  ETA 1h38m18s
[pb-ab-O-push-d4b.base] 54/1600  0.3 games/s  ETA 1h37m23s
[pb-ab-O-push-d4b.base] 54/1600  0.3 games/s  ETA 1h38m20s
[pb-ab-O-push-d4b.base] 54/1600  0.3 games/s  ETA 1h39m17s
[pb-ab-O-push-d4b.base] 55/1600  0.3 games/s  ETA 1h38m21s
[pb-ab-O-push-d4b.base] 55/1600  0.3 games/s  ETA 1h39m18s
[pb-ab-O-push-d4b.base] 56/1600  0.3 games/s  ETA 1h38m23s
[pb-ab-O-push-d4b.base] 56/1600  0.3 games/s  ETA 1h39m18s
[pb-ab-O-push-d4b.base] 56/1600  0.3 games/s  ETA 1h40m13s
[pb-ab-O-push-d4b.base] 57/1600  0.3 games/s  ETA 1h39m18s
[pb-ab-O-push-d4b.base] 58/1600  0.3 games/s  ETA 1h38m24s
[pb-ab-O-push-d4b.base] 59/1600  0.3 games/s  ETA 1h37m33s
[pb-ab-O-push-d4b.base] 59/1600  0.3 games/s  ETA 1h38m25s
[pb-ab-O-push-d4b.base] 59/1600  0.3 games/s  ETA 1h39m17s
[pb-ab-O-push-d4b.base] 60/1600  0.3 games/s  ETA 1h38m26s
[pb-ab-O-push-d4b.base] 60/1600  0.3 games/s  ETA 1h39m17s
[pb-ab-O-push-d4b.base] 60/1600  0.3 games/s  ETA 1h40m08s
[pb-ab-O-push-d4b.base] 61/1600  0.3 games/s  ETA 1h39m16s
[pb-ab-O-push-d4b.base] 61/1600  0.3 games/s  ETA 1h40m07s
[pb-ab-O-push-d4b.base] 61/1600  0.3 games/s  ETA 1h40m57s
[pb-ab-O-push-d4b.base] 61/1600  0.3 games/s  ETA 1h41m48s
[pb-ab-O-push-d4b.base] 62/1600  0.3 games/s  ETA 1h40m55s
[pb-ab-O-push-d4b.base] 63/1600  0.3 games/s  ETA 1h40m04s
[pb-ab-O-push-d4b.base] 63/1600  0.3 games/s  ETA 1h40m53s
[pb-ab-O-push-d4b.base] 64/1600  0.3 games/s  ETA 1h40m02s
[pb-ab-O-push-d4b.base] 66/1600  0.3 games/s  ETA 1h37m39s
[pb-ab-O-push-d4b.base] 67/1600  0.3 games/s  ETA 1h36m54s
[pb-ab-O-push-d4b.base] 67/1600  0.3 games/s  ETA 1h37m40s
[pb-ab-O-push-d4b.base] 67/1600  0.3 games/s  ETA 1h38m25s
[pb-ab-O-push-d4b.base] 67/1600  0.3 games/s  ETA 1h39m11s
[pb-ab-O-push-d4b.base] 68/1600  0.3 games/s  ETA 1h38m25s
[pb-ab-O-push-d4b.base] 69/1600  0.3 games/s  ETA 1h37m40s
[pb-ab-O-push-d4b.base] 70/1600  0.3 games/s  ETA 1h36m56s
[pb-ab-O-push-d4b.base] 70/1600  0.3 games/s  ETA 1h37m40s
[pb-ab-O-push-d4b.base] 70/1600  0.3 games/s  ETA 1h38m24s
[pb-ab-O-push-d4b.base] 70/1600  0.3 games/s  ETA 1h39m07s
[pb-ab-O-push-d4b.base] 72/1600  0.3 games/s  ETA 1h36m57s
[pb-ab-O-push-d4b.base] 73/1600  0.3 games/s  ETA 1h36m15s
[pb-ab-O-push-d4b.base] 73/1600  0.3 games/s  ETA 1h36m57s
[pb-ab-O-push-d4b.base] 73/1600  0.3 games/s  ETA 1h37m39s
[pb-ab-O-push-d4b.base] 73/1600  0.3 games/s  ETA 1h38m21s
[pb-ab-O-push-d4b.base] 73/1600  0.3 games/s  ETA 1h39m03s
[pb-ab-O-push-d4b.base] 75/1600  0.3 games/s  ETA 1h36m58s
[pb-ab-O-push-d4b.base] 75/1600  0.3 games/s  ETA 1h37m38s
[pb-ab-O-push-d4b.base] 76/1600  0.3 games/s  ETA 1h36m57s
[pb-ab-O-push-d4b.base] 77/1600  0.3 games/s  ETA 1h36m18s
[pb-ab-O-push-d4b.base] 78/1600  0.3 games/s  ETA 1h35m39s
[pb-ab-O-push-d4b.base] 78/1600  0.3 games/s  ETA 1h36m18s
[pb-ab-O-push-d4b.base] 79/1600  0.3 games/s  ETA 1h35m40s
[pb-ab-O-push-d4b.base] 81/1600  0.3 games/s  ETA 1h33m48s
[pb-ab-O-push-d4b.base] 81/1600  0.3 games/s  ETA 1h34m26s
[pb-ab-O-push-d4b.base] 81/1600  0.3 games/s  ETA 1h35m03s
[pb-ab-O-push-d4b.base] 82/1600  0.3 games/s  ETA 1h34m27s
[pb-ab-O-push-d4b.base] 83/1600  0.3 games/s  ETA 1h33m51s
[pb-ab-O-push-d4b.base] 84/1600  0.3 games/s  ETA 1h33m17s
[pb-ab-O-push-d4b.base] 84/1600  0.3 games/s  ETA 1h33m53s
[pb-ab-O-push-d4b.base] 84/1600  0.3 games/s  ETA 1h34m29s
[pb-ab-O-push-d4b.base] 84/1600  0.3 games/s  ETA 1h35m05s
[pb-ab-O-push-d4b.base] 85/1600  0.3 games/s  ETA 1h34m30s
[pb-ab-O-push-d4b.base] 85/1600  0.3 games/s  ETA 1h35m06s
[pb-ab-O-push-d4b.base] 85/1600  0.3 games/s  ETA 1h35m41s
[pb-ab-O-push-d4b.base] 85/1600  0.3 games/s  ETA 1h36m17s
[pb-ab-O-push-d4b.base] 85/1600  0.3 games/s  ETA 1h36m53s
[pb-ab-O-push-d4b.base] 85/1600  0.3 games/s  ETA 1h37m28s
[pb-ab-O-push-d4b.base] 87/1600  0.3 games/s  ETA 1h35m41s
[pb-ab-O-push-d4b.base] 88/1600  0.3 games/s  ETA 1h35m07s
[pb-ab-O-push-d4b.base] 89/1600  0.3 games/s  ETA 1h34m33s
[pb-ab-O-push-d4b.base] 89/1600  0.3 games/s  ETA 1h35m07s
[pb-ab-O-push-d4b.base] 89/1600  0.3 games/s  ETA 1h35m41s
[pb-ab-O-push-d4b.base] 90/1600  0.3 games/s  ETA 1h35m07s
[pb-ab-O-push-d4b.base] 90/1600  0.3 games/s  ETA 1h35m40s
[pb-ab-O-push-d4b.base] 91/1600  0.3 games/s  ETA 1h35m07s
[pb-ab-O-push-d4b.base] 91/1600  0.3 games/s  ETA 1h35m40s
[pb-ab-O-push-d4b.base] 91/1600  0.3 games/s  ETA 1h36m13s
[pb-ab-O-push-d4b.base] 91/1600  0.3 games/s  ETA 1h36m46s
[pb-ab-O-push-d4b.base] 93/1600  0.3 games/s  ETA 1h35m06s
[pb-ab-O-push-d4b.base] 93/1600  0.3 games/s  ETA 1h35m38s
[pb-ab-O-push-d4b.base] 93/1600  0.3 games/s  ETA 1h36m11s
[pb-ab-O-push-d4b.base] 93/1600  0.3 games/s  ETA 1h36m43s
[pb-ab-O-push-d4b.base] 95/1600  0.3 games/s  ETA 1h35m05s
[pb-ab-O-push-d4b.base] 95/1600  0.3 games/s  ETA 1h35m37s
[pb-ab-O-push-d4b.base] 95/1600  0.3 games/s  ETA 1h36m09s
[pb-ab-O-push-d4b.base] 95/1600  0.3 games/s  ETA 1h36m40s
[pb-ab-O-push-d4b.base] 96/1600  0.3 games/s  ETA 1h36m07s
[pb-ab-O-push-d4b.base] 96/1600  0.3 games/s  ETA 1h36m39s
[pb-ab-O-push-d4b.base] 97/1600  0.3 games/s  ETA 1h36m06s
[pb-ab-O-push-d4b.base] 97/1600  0.3 games/s  ETA 1h36m37s
[pb-ab-O-push-d4b.base] 97/1600  0.3 games/s  ETA 1h37m08s
[pb-ab-O-push-d4b.base] 98/1600  0.3 games/s  ETA 1h36m36s
[pb-ab-O-push-d4b.base] 98/1600  0.3 games/s  ETA 1h37m06s
[pb-ab-O-push-d4b.base] 98/1600  0.3 games/s  ETA 1h37m37s
[pb-ab-O-push-d4b.base] 101/1600  0.3 games/s  ETA 1h35m01s
[pb-ab-O-push-d4b.base] 101/1600  0.3 games/s  ETA 1h35m31s
[pb-ab-O-push-d4b.base] 101/1600  0.3 games/s  ETA 1h36m01s
[pb-ab-O-push-d4b.base] 101/1600  0.3 games/s  ETA 1h36m30s
[pb-ab-O-push-d4b.base] 101/1600  0.3 games/s  ETA 1h37m00s
[pb-ab-O-push-d4b.base] 101/1600  0.3 games/s  ETA 1h37m30s
[pb-ab-O-push-d4b.base] 102/1600  0.3 games/s  ETA 1h36m58s
[pb-ab-O-push-d4b.base] 102/1600  0.3 games/s  ETA 1h37m27s
[pb-ab-O-push-d4b.base] 104/1600  0.3 games/s  ETA 1h35m56s
[pb-ab-O-push-d4b.base] 104/1600  0.3 games/s  ETA 1h36m25s
[pb-ab-O-push-d4b.base] 104/1600  0.3 games/s  ETA 1h36m54s
[pb-ab-O-push-d4b.base] 107/1600  0.3 games/s  ETA 1h34m27s
[pb-ab-O-push-d4b.base] 107/1600  0.3 games/s  ETA 1h34m55s
[pb-ab-O-push-d4b.base] 107/1600  0.3 games/s  ETA 1h35m23s
[pb-ab-O-push-d4b.base] 107/1600  0.3 games/s  ETA 1h35m51s
[pb-ab-O-push-d4b.base] 108/1600  0.3 games/s  ETA 1h35m21s
[pb-ab-O-push-d4b.base] 108/1600  0.3 games/s  ETA 1h35m49s
[pb-ab-O-push-d4b.base] 109/1600  0.3 games/s  ETA 1h35m20s
[pb-ab-O-push-d4b.base] 111/1600  0.3 games/s  ETA 1h33m56s
[pb-ab-O-push-d4b.base] 111/1600  0.3 games/s  ETA 1h34m23s
[pb-ab-O-push-d4b.base] 111/1600  0.3 games/s  ETA 1h34m50s
[pb-ab-O-push-d4b.base] 112/1600  0.3 games/s  ETA 1h34m22s
[pb-ab-O-push-d4b.base] 112/1600  0.3 games/s  ETA 1h34m48s
[pb-ab-O-push-d4b.base] 112/1600  0.3 games/s  ETA 1h35m15s
[pb-ab-O-push-d4b.base] 113/1600  0.3 games/s  ETA 1h34m47s
[pb-ab-O-push-d4b.base] 115/1600  0.3 games/s  ETA 1h33m26s
[pb-ab-O-push-d4b.base] 115/1600  0.3 games/s  ETA 1h33m52s
[pb-ab-O-push-d4b.base] 116/1600  0.3 games/s  ETA 1h33m26s
[pb-ab-O-push-d4b.base] 117/1600  0.3 games/s  ETA 1h32m59s
[pb-ab-O-push-d4b.base] 117/1600  0.3 games/s  ETA 1h33m25s
[pb-ab-O-push-d4b.base] 119/1600  0.3 games/s  ETA 1h32m08s
[pb-ab-O-push-d4b.base] 119/1600  0.3 games/s  ETA 1h32m33s
[pb-ab-O-push-d4b.base] 119/1600  0.3 games/s  ETA 1h32m58s
[pb-ab-O-push-d4b.base] 119/1600  0.3 games/s  ETA 1h33m23s
[pb-ab-O-push-d4b.base] 119/1600  0.3 games/s  ETA 1h33m47s
[pb-ab-O-push-d4b.base] 119/1600  0.3 games/s  ETA 1h34m12s
[pb-ab-O-push-d4b.base] 119/1600  0.3 games/s  ETA 1h34m37s
[pb-ab-O-push-d4b.base] 121/1600  0.3 games/s  ETA 1h33m20s
[pb-ab-O-push-d4b.base] 122/1600  0.3 games/s  ETA 1h32m55s
[pb-ab-O-push-d4b.base] 122/1600  0.3 games/s  ETA 1h33m19s
[pb-ab-O-push-d4b.base] 122/1600  0.3 games/s  ETA 1h33m43s
[pb-ab-O-push-d4b.base] 123/1600  0.3 games/s  ETA 1h33m18s
[pb-ab-O-push-d4b.base] 124/1600  0.3 games/s  ETA 1h32m53s
[pb-ab-O-push-d4b.base] 124/1600  0.3 games/s  ETA 1h33m17s
[pb-ab-O-push-d4b.base] 125/1600  0.3 games/s  ETA 1h32m52s
[pb-ab-O-push-d4b.base] 126/1600  0.3 games/s  ETA 1h32m27s
[pb-ab-O-push-d4b.base] 126/1600  0.3 games/s  ETA 1h32m51s
[pb-ab-O-push-d4b.base] 129/1600  0.3 games/s  ETA 1h30m53s
[pb-ab-O-push-d4b.base] 129/1600  0.3 games/s  ETA 1h31m16s
[pb-ab-O-push-d4b.base] 130/1600  0.3 games/s  ETA 1h30m52s
[pb-ab-O-push-d4b.base] 131/1600  0.3 games/s  ETA 1h30m29s
[pb-ab-O-push-d4b.base] 132/1600  0.3 games/s  ETA 1h30m07s
[pb-ab-O-push-d4b.base] 133/1600  0.3 games/s  ETA 1h29m45s
[pb-ab-O-push-d4b.base] 133/1600  0.3 games/s  ETA 1h30m07s
[pb-ab-O-push-d4b.base] 133/1600  0.3 games/s  ETA 1h30m29s
[pb-ab-O-push-d4b.base] 135/1600  0.3 games/s  ETA 1h29m23s
[pb-ab-O-push-d4b.base] 136/1600  0.3 games/s  ETA 1h29m01s
[pb-ab-O-push-d4b.base] 137/1600  0.3 games/s  ETA 1h28m40s
[pb-ab-O-push-d4b.base] 138/1600  0.3 games/s  ETA 1h28m19s
[pb-ab-O-push-d4b.base] 139/1600  0.3 games/s  ETA 1h27m58s
[pb-ab-O-push-d4b.base] 139/1600  0.3 games/s  ETA 1h28m19s
[pb-ab-O-push-d4b.base] 140/1600  0.3 games/s  ETA 1h27m59s
[pb-ab-O-push-d4b.base] 140/1600  0.3 games/s  ETA 1h28m20s
[pb-ab-O-push-d4b.base] 141/1600  0.3 games/s  ETA 1h27m59s
[pb-ab-O-push-d4b.base] 142/1600  0.3 games/s  ETA 1h27m39s
[pb-ab-O-push-d4b.base] 143/1600  0.3 games/s  ETA 1h27m19s
[pb-ab-O-push-d4b.base] 143/1600  0.3 games/s  ETA 1h27m39s
[pb-ab-O-push-d4b.base] 143/1600  0.3 games/s  ETA 1h28m00s
[pb-ab-O-push-d4b.base] 144/1600  0.3 games/s  ETA 1h27m40s
[pb-ab-O-push-d4b.base] 144/1600  0.3 games/s  ETA 1h28m00s
[pb-ab-O-push-d4b.base] 145/1600  0.3 games/s  ETA 1h27m40s
[pb-ab-O-push-d4b.base] 146/1600  0.3 games/s  ETA 1h27m20s
[pb-ab-O-push-d4b.base] 147/1600  0.3 games/s  ETA 1h27m01s
[pb-ab-O-push-d4b.base] 148/1600  0.3 games/s  ETA 1h26m42s
[pb-ab-O-push-d4b.base] 148/1600  0.3 games/s  ETA 1h27m01s
[pb-ab-O-push-d4b.base] 148/1600  0.3 games/s  ETA 1h27m21s
[pb-ab-O-push-d4b.base] 149/1600  0.3 games/s  ETA 1h27m02s
[pb-ab-O-push-d4b.base] 150/1600  0.3 games/s  ETA 1h26m43s
[pb-ab-O-push-d4b.base] 152/1600  0.3 games/s  ETA 1h25m46s
[pb-ab-O-push-d4b.base] 152/1600  0.3 games/s  ETA 1h26m05s
[pb-ab-O-push-d4b.base] 152/1600  0.3 games/s  ETA 1h26m24s
[pb-ab-O-push-d4b.base] 154/1600  0.3 games/s  ETA 1h25m29s
[pb-ab-O-push-d4b.base] 154/1600  0.3 games/s  ETA 1h25m47s
[pb-ab-O-push-d4b.base] 156/1600  0.3 games/s  ETA 1h24m53s
[pb-ab-O-push-d4b.base] 156/1600  0.3 games/s  ETA 1h25m11s
[pb-ab-O-push-d4b.base] 158/1600  0.3 games/s  ETA 1h24m18s
[pb-ab-O-push-d4b.base] 158/1600  0.3 games/s  ETA 1h24m36s
[pb-ab-O-push-d4b.base] 158/1600  0.3 games/s  ETA 1h24m55s
[pb-ab-O-push-d4b.base] 159/1600  0.3 games/s  ETA 1h24m37s
[pb-ab-O-push-d4b.base] 159/1600  0.3 games/s  ETA 1h24m55s
[pb-ab-O-push-d4b.base] 160/1600  0.3 games/s  ETA 1h24m38s
[pb-ab-O-push-d4b.base] 160/1600  0.3 games/s  ETA 1h24m56s
[pb-ab-O-push-d4b.base] 161/1600  0.3 games/s  ETA 1h24m39s
[pb-ab-O-push-d4b.base] 161/1600  0.3 games/s  ETA 1h24m57s
[pb-ab-O-push-d4b.base] 163/1600  0.3 games/s  ETA 1h24m05s
[pb-ab-O-push-d4b.base] 164/1600  0.3 games/s  ETA 1h23m48s
[pb-ab-O-push-d4b.base] 165/1600  0.3 games/s  ETA 1h23m31s
[pb-ab-O-push-d4b.base] 165/1600  0.3 games/s  ETA 1h23m49s
[pb-ab-O-push-d4b.base] 165/1600  0.3 games/s  ETA 1h24m06s
[pb-ab-O-push-d4b.base] 165/1600  0.3 games/s  ETA 1h24m24s
[pb-ab-O-push-d4b.base] 167/1600  0.3 games/s  ETA 1h23m33s
[pb-ab-O-push-d4b.base] 168/1600  0.3 games/s  ETA 1h23m17s
[pb-ab-O-push-d4b.base] 168/1600  0.3 games/s  ETA 1h23m34s
[pb-ab-O-push-d4b.base] 168/1600  0.3 games/s  ETA 1h23m51s
[pb-ab-O-push-d4b.base] 168/1600  0.3 games/s  ETA 1h24m08s
[pb-ab-O-push-d4b.base] 168/1600  0.3 games/s  ETA 1h24m25s
[pb-ab-O-push-d4b.base] 170/1600  0.3 games/s  ETA 1h23m35s
[pb-ab-O-push-d4b.base] 170/1600  0.3 games/s  ETA 1h23m52s
[pb-ab-O-push-d4b.base] 171/1600  0.3 games/s  ETA 1h23m36s
[pb-ab-O-push-d4b.base] 172/1600  0.3 games/s  ETA 1h23m20s
[pb-ab-O-push-d4b.base] 173/1600  0.3 games/s  ETA 1h23m04s
[pb-ab-O-push-d4b.base] 173/1600  0.3 games/s  ETA 1h23m20s
[pb-ab-O-push-d4b.base] 173/1600  0.3 games/s  ETA 1h23m37s
[pb-ab-O-push-d4b.base] 173/1600  0.3 games/s  ETA 1h23m53s
[pb-ab-O-push-d4b.base] 175/1600  0.3 games/s  ETA 1h23m05s
[pb-ab-O-push-d4b.base] 176/1600  0.3 games/s  ETA 1h22m50s
[pb-ab-O-push-d4b.base] 176/1600  0.3 games/s  ETA 1h23m06s
[pb-ab-O-push-d4b.base] 177/1600  0.3 games/s  ETA 1h22m50s
[pb-ab-O-push-d4b.base] 177/1600  0.3 games/s  ETA 1h23m06s
[pb-ab-O-push-d4b.base] 178/1600  0.3 games/s  ETA 1h22m51s
[pb-ab-O-push-d4b.base] 178/1600  0.3 games/s  ETA 1h23m07s
[pb-ab-O-push-d4b.base] 178/1600  0.3 games/s  ETA 1h23m23s
[pb-ab-O-push-d4b.base] 180/1600  0.3 games/s  ETA 1h22m36s
[pb-ab-O-push-d4b.base] 181/1600  0.3 games/s  ETA 1h22m21s
[pb-ab-O-push-d4b.base] 181/1600  0.3 games/s  ETA 1h22m37s
[pb-ab-O-push-d4b.base] 181/1600  0.3 games/s  ETA 1h22m52s
[pb-ab-O-push-d4b.base] 182/1600  0.3 games/s  ETA 1h22m37s
[pb-ab-O-push-d4b.base] 183/1600  0.3 games/s  ETA 1h22m22s
[pb-ab-O-push-d4b.base] 184/1600  0.3 games/s  ETA 1h22m07s
[pb-ab-O-push-d4b.base] 185/1600  0.3 games/s  ETA 1h21m52s
[pb-ab-O-push-d4b.base] 185/1600  0.3 games/s  ETA 1h22m08s
[pb-ab-O-push-d4b.base] 186/1600  0.3 games/s  ETA 1h21m53s
[pb-ab-O-push-d4b.base] 186/1600  0.3 games/s  ETA 1h22m08s
[pb-ab-O-push-d4b.base] 187/1600  0.3 games/s  ETA 1h21m53s
[pb-ab-O-push-d4b.base] 187/1600  0.3 games/s  ETA 1h22m08s
[pb-ab-O-push-d4b.base] 188/1600  0.3 games/s  ETA 1h21m54s
[pb-ab-O-push-d4b.base] 189/1600  0.3 games/s  ETA 1h21m39s
[pb-ab-O-push-d4b.base] 190/1600  0.3 games/s  ETA 1h21m25s
[pb-ab-O-push-d4b.base] 192/1600  0.3 games/s  ETA 1h20m42s
[pb-ab-O-push-d4b.base] 192/1600  0.3 games/s  ETA 1h20m56s
[pb-ab-O-push-d4b.base] 192/1600  0.3 games/s  ETA 1h21m11s
[pb-ab-O-push-d4b.base] 193/1600  0.3 games/s  ETA 1h20m57s
[pb-ab-O-push-d4b.base] 193/1600  0.3 games/s  ETA 1h21m12s
[pb-ab-O-push-d4b.base] 194/1600  0.3 games/s  ETA 1h20m58s
[pb-ab-O-push-d4b.base] 195/1600  0.3 games/s  ETA 1h20m44s
[pb-ab-O-push-d4b.base] 196/1600  0.3 games/s  ETA 1h20m30s
[pb-ab-O-push-d4b.base] 196/1600  0.3 games/s  ETA 1h20m44s
[pb-ab-O-push-d4b.base] 196/1600  0.3 games/s  ETA 1h20m58s
[pb-ab-O-push-d4b.base] 197/1600  0.3 games/s  ETA 1h20m45s
[pb-ab-O-push-d4b.base] 198/1600  0.3 games/s  ETA 1h20m31s
[pb-ab-O-push-d4b.base] 198/1600  0.3 games/s  ETA 1h20m45s
[pb-ab-O-push-d4b.base] 199/1600  0.3 games/s  ETA 1h20m31s
[pb-ab-O-push-d4b.base] 199/1600  0.3 games/s  ETA 1h20m45s
[pb-ab-O-push-d4b.base] 200/1600  0.3 games/s  ETA 1h20m32s
[pb-ab-O-push-d4b.base] 200/1600  0.3 games/s  ETA 1h20m46s
[pb-ab-O-push-d4b.base] 200/1600  0.3 games/s  ETA 1h21m00s
[pb-ab-O-push-d4b.base] 202/1600  0.3 games/s  ETA 1h20m19s
[pb-ab-O-push-d4b.base] 202/1600  0.3 games/s  ETA 1h20m32s
[pb-ab-O-push-d4b.base] 204/1600  0.3 games/s  ETA 1h19m52s
[pb-ab-O-push-d4b.base] 204/1600  0.3 games/s  ETA 1h20m06s
[pb-ab-O-push-d4b.base] 204/1600  0.3 games/s  ETA 1h20m19s
[pb-ab-O-push-d4b.base] 205/1600  0.3 games/s  ETA 1h20m06s
[pb-ab-O-push-d4b.base] 206/1600  0.3 games/s  ETA 1h19m53s
[pb-ab-O-push-d4b.base] 208/1600  0.3 games/s  ETA 1h19m13s
[pb-ab-O-push-d4b.base] 208/1600  0.3 games/s  ETA 1h19m27s
[pb-ab-O-push-d4b.base] 209/1600  0.3 games/s  ETA 1h19m14s
[pb-ab-O-push-d4b.base] 209/1600  0.3 games/s  ETA 1h19m27s
[pb-ab-O-push-d4b.base] 210/1600  0.3 games/s  ETA 1h19m14s
[pb-ab-O-push-d4b.base] 211/1600  0.3 games/s  ETA 1h19m01s
[pb-ab-O-push-d4b.base] 211/1600  0.3 games/s  ETA 1h19m15s
[pb-ab-O-push-d4b.base] 212/1600  0.3 games/s  ETA 1h19m02s
[pb-ab-O-push-d4b.base] 213/1600  0.3 games/s  ETA 1h18m49s
[pb-ab-O-push-d4b.base] 214/1600  0.3 games/s  ETA 1h18m37s
[pb-ab-O-push-d4b.base] 214/1600  0.3 games/s  ETA 1h18m50s
[pb-ab-O-push-d4b.base] 214/1600  0.3 games/s  ETA 1h19m03s
[pb-ab-O-push-d4b.base] 214/1600  0.3 games/s  ETA 1h19m16s
[pb-ab-O-push-d4b.base] 214/1600  0.3 games/s  ETA 1h19m29s
[pb-ab-O-push-d4b.base] 216/1600  0.3 games/s  ETA 1h18m50s
[pb-ab-O-push-d4b.base] 217/1600  0.3 games/s  ETA 1h18m38s
[pb-ab-O-push-d4b.base] 218/1600  0.3 games/s  ETA 1h18m26s
[pb-ab-O-push-d4b.base] 218/1600  0.3 games/s  ETA 1h18m38s
[pb-ab-O-push-d4b.base] 219/1600  0.3 games/s  ETA 1h18m26s
[pb-ab-O-push-d4b.base] 220/1600  0.3 games/s  ETA 1h18m14s
[pb-ab-O-push-d4b.base] 221/1600  0.3 games/s  ETA 1h18m02s
[pb-ab-O-push-d4b.base] 221/1600  0.3 games/s  ETA 1h18m14s
[pb-ab-O-push-d4b.base] 221/1600  0.3 games/s  ETA 1h18m27s
[pb-ab-O-push-d4b.base] 221/1600  0.3 games/s  ETA 1h18m39s
[pb-ab-O-push-d4b.base] 221/1600  0.3 games/s  ETA 1h18m52s
[pb-ab-O-push-d4b.base] 221/1600  0.3 games/s  ETA 1h19m04s
[pb-ab-O-push-d4b.base] 225/1600  0.3 games/s  ETA 1h17m38s
[pb-ab-O-push-d4b.base] 225/1600  0.3 games/s  ETA 1h17m51s
[pb-ab-O-push-d4b.base] 225/1600  0.3 games/s  ETA 1h18m03s
[pb-ab-O-push-d4b.base] 226/1600  0.3 games/s  ETA 1h17m51s
[pb-ab-O-push-d4b.base] 227/1600  0.3 games/s  ETA 1h17m39s
[pb-ab-O-push-d4b.base] 227/1600  0.3 games/s  ETA 1h17m51s
[pb-ab-O-push-d4b.base] 227/1600  0.3 games/s  ETA 1h18m03s
[pb-ab-O-push-d4b.base] 227/1600  0.3 games/s  ETA 1h18m15s
[pb-ab-O-push-d4b.base] 229/1600  0.3 games/s  ETA 1h17m40s
[pb-ab-O-push-d4b.base] 229/1600  0.3 games/s  ETA 1h17m51s
[pb-ab-O-push-d4b.base] 229/1600  0.3 games/s  ETA 1h18m03s
[pb-ab-O-push-d4b.base] 229/1600  0.3 games/s  ETA 1h18m15s
[pb-ab-O-push-d4b.base] 230/1600  0.3 games/s  ETA 1h18m04s
[pb-ab-O-push-d4b.base] 231/1600  0.3 games/s  ETA 1h17m52s
[pb-ab-O-push-d4b.base] 232/1600  0.3 games/s  ETA 1h17m40s
[pb-ab-O-push-d4b.base] 232/1600  0.3 games/s  ETA 1h17m52s
[pb-ab-O-push-d4b.base] 232/1600  0.3 games/s  ETA 1h18m04s
[pb-ab-O-push-d4b.base] 232/1600  0.3 games/s  ETA 1h18m15s
[pb-ab-O-push-d4b.base] 233/1600  0.3 games/s  ETA 1h18m04s
[pb-ab-O-push-d4b.base] 233/1600  0.3 games/s  ETA 1h18m15s
[pb-ab-O-push-d4b.base] 234/1600  0.3 games/s  ETA 1h18m03s
[pb-ab-O-push-d4b.base] 234/1600  0.3 games/s  ETA 1h18m15s
[pb-ab-O-push-d4b.base] 235/1600  0.3 games/s  ETA 1h18m03s
[pb-ab-O-push-d4b.base] 235/1600  0.3 games/s  ETA 1h18m15s
[pb-ab-O-push-d4b.base] 236/1600  0.3 games/s  ETA 1h18m03s
[pb-ab-O-push-d4b.base] 237/1600  0.3 games/s  ETA 1h17m52s
[pb-ab-O-push-d4b.base] 238/1600  0.3 games/s  ETA 1h17m40s
[pb-ab-O-push-d4b.base] 238/1600  0.3 games/s  ETA 1h17m51s
[pb-ab-O-push-d4b.base] 238/1600  0.3 games/s  ETA 1h18m03s
[pb-ab-O-push-d4b.base] 239/1600  0.3 games/s  ETA 1h17m51s
[pb-ab-O-push-d4b.base] 239/1600  0.3 games/s  ETA 1h18m03s
[pb-ab-O-push-d4b.base] 240/1600  0.3 games/s  ETA 1h17m51s
[pb-ab-O-push-d4b.base] 240/1600  0.3 games/s  ETA 1h18m02s
[pb-ab-O-push-d4b.base] 241/1600  0.3 games/s  ETA 1h17m51s
[pb-ab-O-push-d4b.base] 243/1600  0.3 games/s  ETA 1h17m17s
[pb-ab-O-push-d4b.base] 243/1600  0.3 games/s  ETA 1h17m28s
[pb-ab-O-push-d4b.base] 243/1600  0.3 games/s  ETA 1h17m39s
[pb-ab-O-push-d4b.base] 243/1600  0.3 games/s  ETA 1h17m50s
[pb-ab-O-push-d4b.base] 243/1600  0.3 games/s  ETA 1h18m01s
[pb-ab-O-push-d4b.base] 243/1600  0.3 games/s  ETA 1h18m13s
[pb-ab-O-push-d4b.base] 243/1600  0.3 games/s  ETA 1h18m24s
[pb-ab-O-push-d4b.base] 243/1600  0.3 games/s  ETA 1h18m35s
[pb-ab-O-push-d4b.base] 244/1600  0.3 games/s  ETA 1h18m23s
[pb-ab-O-push-d4b.base] 244/1600  0.3 games/s  ETA 1h18m34s
[pb-ab-O-push-d4b.base] 246/1600  0.3 games/s  ETA 1h18m00s
[pb-ab-O-push-d4b.base] 246/1600  0.3 games/s  ETA 1h18m11s
[pb-ab-O-push-d4b.base] 247/1600  0.3 games/s  ETA 1h18m00s
[pb-ab-O-push-d4b.base] 247/1600  0.3 games/s  ETA 1h18m11s
[pb-ab-O-push-d4b.base] 247/1600  0.3 games/s  ETA 1h18m22s
[pb-ab-O-push-d4b.base] 247/1600  0.3 games/s  ETA 1h18m33s
[pb-ab-O-push-d4b.base] 247/1600  0.3 games/s  ETA 1h18m44s
[pb-ab-O-push-d4b.base] 249/1600  0.3 games/s  ETA 1h18m10s
[pb-ab-O-push-d4b.base] 249/1600  0.3 games/s  ETA 1h18m20s
[pb-ab-O-push-d4b.base] 249/1600  0.3 games/s  ETA 1h18m31s
[pb-ab-O-push-d4b.base] 250/1600  0.3 games/s  ETA 1h18m20s
[pb-ab-O-push-d4b.base] 250/1600  0.3 games/s  ETA 1h18m31s
[pb-ab-O-push-d4b.base] 250/1600  0.3 games/s  ETA 1h18m41s
[pb-ab-O-push-d4b.base] 251/1600  0.3 games/s  ETA 1h18m30s
[pb-ab-O-push-d4b.base] 252/1600  0.3 games/s  ETA 1h18m18s
[pb-ab-O-push-d4b.base] 252/1600  0.3 games/s  ETA 1h18m29s
[pb-ab-O-push-d4b.base] 252/1600  0.3 games/s  ETA 1h18m40s
[pb-ab-O-push-d4b.base] 252/1600  0.3 games/s  ETA 1h18m50s
[pb-ab-O-push-d4b.base] 253/1600  0.3 games/s  ETA 1h18m39s
[pb-ab-O-push-d4b.base] 253/1600  0.3 games/s  ETA 1h18m50s
[pb-ab-O-push-d4b.base] 254/1600  0.3 games/s  ETA 1h18m38s
[pb-ab-O-push-d4b.base] 254/1600  0.3 games/s  ETA 1h18m49s
[pb-ab-O-push-d4b.base] 254/1600  0.3 games/s  ETA 1h18m59s
[pb-ab-O-push-d4b.base] 254/1600  0.3 games/s  ETA 1h19m10s
[pb-ab-O-push-d4b.base] 255/1600  0.3 games/s  ETA 1h18m58s
[pb-ab-O-push-d4b.base] 255/1600  0.3 games/s  ETA 1h19m09s
[pb-ab-O-push-d4b.base] 257/1600  0.3 games/s  ETA 1h18m35s
[pb-ab-O-push-d4b.base] 257/1600  0.3 games/s  ETA 1h18m46s
[pb-ab-O-push-d4b.base] 259/1600  0.3 games/s  ETA 1h18m13s
[pb-ab-O-push-d4b.base] 259/1600  0.3 games/s  ETA 1h18m23s
[pb-ab-O-push-d4b.base] 259/1600  0.3 games/s  ETA 1h18m33s
[pb-ab-O-push-d4b.base] 259/1600  0.3 games/s  ETA 1h18m44s
[pb-ab-O-push-d4b.base] 259/1600  0.3 games/s  ETA 1h18m54s
[pb-ab-O-push-d4b.base] 259/1600  0.3 games/s  ETA 1h19m04s
[pb-ab-O-push-d4b.base] 261/1600  0.3 games/s  ETA 1h18m31s
[pb-ab-O-push-d4b.base] 261/1600  0.3 games/s  ETA 1h18m42s
[pb-ab-O-push-d4b.base] 261/1600  0.3 games/s  ETA 1h18m52s
[pb-ab-O-push-d4b.base] 262/1600  0.3 games/s  ETA 1h18m40s
[pb-ab-O-push-d4b.base] 262/1600  0.3 games/s  ETA 1h18m51s
[pb-ab-O-push-d4b.base] 262/1600  0.3 games/s  ETA 1h19m01s
[pb-ab-O-push-d4b.base] 263/1600  0.3 games/s  ETA 1h18m50s
[pb-ab-O-push-d4b.base] 263/1600  0.3 games/s  ETA 1h19m00s
[pb-ab-O-push-d4b.base] 263/1600  0.3 games/s  ETA 1h19m10s
[pb-ab-O-push-d4b.base] 265/1600  0.3 games/s  ETA 1h18m37s
[pb-ab-O-push-d4b.base] 265/1600  0.3 games/s  ETA 1h18m47s
[pb-ab-O-push-d4b.base] 266/1600  0.3 games/s  ETA 1h18m36s
[pb-ab-O-push-d4b.base] 266/1600  0.3 games/s  ETA 1h18m46s
[pb-ab-O-push-d4b.base] 266/1600  0.3 games/s  ETA 1h18m56s
[pb-ab-O-push-d4b.base] 267/1600  0.3 games/s  ETA 1h18m45s
[pb-ab-O-push-d4b.base] 267/1600  0.3 games/s  ETA 1h18m55s
[pb-ab-O-push-d4b.base] 267/1600  0.3 games/s  ETA 1h19m05s
[pb-ab-O-push-d4b.base] 267/1600  0.3 games/s  ETA 1h19m15s
[pb-ab-O-push-d4b.base] 268/1600  0.3 games/s  ETA 1h19m03s
[pb-ab-O-push-d4b.base] 268/1600  0.3 games/s  ETA 1h19m13s
[pb-ab-O-push-d4b.base] 270/1600  0.3 games/s  ETA 1h18m41s
[pb-ab-O-push-d4b.base] 270/1600  0.3 games/s  ETA 1h18m51s
[pb-ab-O-push-d4b.base] 271/1600  0.3 games/s  ETA 1h18m39s
[pb-ab-O-push-d4b.base] 272/1600  0.3 games/s  ETA 1h18m28s
[pb-ab-O-push-d4b.base] 272/1600  0.3 games/s  ETA 1h18m38s
[pb-ab-O-push-d4b.base] 273/1600  0.3 games/s  ETA 1h18m27s
[pb-ab-O-push-d4b.base] 273/1600  0.3 games/s  ETA 1h18m37s
[pb-ab-O-push-d4b.base] 273/1600  0.3 games/s  ETA 1h18m46s
[pb-ab-O-push-d4b.base] 274/1600  0.3 games/s  ETA 1h18m35s
[pb-ab-O-push-d4b.base] 275/1600  0.3 games/s  ETA 1h18m24s
[pb-ab-O-push-d4b.base] 276/1600  0.3 games/s  ETA 1h18m13s
[pb-ab-O-push-d4b.base] 277/1600  0.3 games/s  ETA 1h18m02s
[pb-ab-O-push-d4b.base] 277/1600  0.3 games/s  ETA 1h18m12s
[pb-ab-O-push-d4b.base] 277/1600  0.3 games/s  ETA 1h18m21s
[pb-ab-O-push-d4b.base] 277/1600  0.3 games/s  ETA 1h18m31s
[pb-ab-O-push-d4b.base] 277/1600  0.3 games/s  ETA 1h18m41s
[pb-ab-O-push-d4b.base] 278/1600  0.3 games/s  ETA 1h18m30s
[pb-ab-O-push-d4b.base] 280/1600  0.3 games/s  ETA 1h17m58s
[pb-ab-O-push-d4b.base] 280/1600  0.3 games/s  ETA 1h18m08s
[pb-ab-O-push-d4b.base] 282/1600  0.3 games/s  ETA 1h17m37s
[pb-ab-O-push-d4b.base] 282/1600  0.3 games/s  ETA 1h17m46s
[pb-ab-O-push-d4b.base] 284/1600  0.3 games/s  ETA 1h17m15s
[pb-ab-O-push-d4b.base] 284/1600  0.3 games/s  ETA 1h17m25s
[pb-ab-O-push-d4b.base] 285/1600  0.3 games/s  ETA 1h17m14s
[pb-ab-O-push-d4b.base] 286/1600  0.3 games/s  ETA 1h17m04s
[pb-ab-O-push-d4b.base] 286/1600  0.3 games/s  ETA 1h17m13s
[pb-ab-O-push-d4b.base] 287/1600  0.3 games/s  ETA 1h17m02s
[pb-ab-O-push-d4b.base] 287/1600  0.3 games/s  ETA 1h17m11s
[pb-ab-O-push-d4b.base] 289/1600  0.3 games/s  ETA 1h16m41s
[pb-ab-O-push-d4b.base] 289/1600  0.3 games/s  ETA 1h16m51s
[pb-ab-O-push-d4b.base] 290/1600  0.3 games/s  ETA 1h16m40s
[pb-ab-O-push-d4b.base] 291/1600  0.3 games/s  ETA 1h16m30s
[pb-ab-O-push-d4b.base] 292/1600  0.3 games/s  ETA 1h16m20s
[pb-ab-O-push-d4b.base] 292/1600  0.3 games/s  ETA 1h16m29s
[pb-ab-O-push-d4b.base] 292/1600  0.3 games/s  ETA 1h16m38s
[pb-ab-O-push-d4b.base] 292/1600  0.3 games/s  ETA 1h16m47s
[pb-ab-O-push-d4b.base] 293/1600  0.3 games/s  ETA 1h16m36s
[pb-ab-O-push-d4b.base] 295/1600  0.3 games/s  ETA 1h16m07s
[pb-ab-O-push-d4b.base] 295/1600  0.3 games/s  ETA 1h16m16s
[pb-ab-O-push-d4b.base] 295/1600  0.3 games/s  ETA 1h16m25s
[pb-ab-O-push-d4b.base] 296/1600  0.3 games/s  ETA 1h16m14s
[pb-ab-O-push-d4b.base] 296/1600  0.3 games/s  ETA 1h16m23s
[pb-ab-O-push-d4b.base] 297/1600  0.3 games/s  ETA 1h16m13s
[pb-ab-O-push-d4b.base] 298/1600  0.3 games/s  ETA 1h16m03s
[pb-ab-O-push-d4b.base] 298/1600  0.3 games/s  ETA 1h16m12s
[pb-ab-O-push-d4b.base] 298/1600  0.3 games/s  ETA 1h16m20s
[pb-ab-O-push-d4b.base] 298/1600  0.3 games/s  ETA 1h16m29s
[pb-ab-O-push-d4b.base] 299/1600  0.3 games/s  ETA 1h16m19s
[pb-ab-O-push-d4b.base] 299/1600  0.3 games/s  ETA 1h16m28s
[pb-ab-O-push-d4b.base] 299/1600  0.3 games/s  ETA 1h16m36s
[pb-ab-O-push-d4b.base] 300/1600  0.3 games/s  ETA 1h16m26s
[pb-ab-O-push-d4b.base] 301/1600  0.3 games/s  ETA 1h16m16s
[pb-ab-O-push-d4b.base] 301/1600  0.3 games/s  ETA 1h16m25s
[pb-ab-O-push-d4b.base] 302/1600  0.3 games/s  ETA 1h16m15s
[pb-ab-O-push-d4b.base] 303/1600  0.3 games/s  ETA 1h16m05s
[pb-ab-O-push-d4b.base] 304/1600  0.3 games/s  ETA 1h15m55s
[pb-ab-O-push-d4b.base] 305/1600  0.3 games/s  ETA 1h15m45s
[pb-ab-O-push-d4b.base] 305/1600  0.3 games/s  ETA 1h15m53s
[pb-ab-O-push-d4b.base] 305/1600  0.3 games/s  ETA 1h16m02s
[pb-ab-O-push-d4b.base] 306/1600  0.3 games/s  ETA 1h15m52s
[pb-ab-O-push-d4b.base] 307/1600  0.3 games/s  ETA 1h15m42s
[pb-ab-O-push-d4b.base] 307/1600  0.3 games/s  ETA 1h15m50s
[pb-ab-O-push-d4b.base] 309/1600  0.3 games/s  ETA 1h15m22s
[pb-ab-O-push-d4b.base] 309/1600  0.3 games/s  ETA 1h15m31s
[pb-ab-O-push-d4b.base] 310/1600  0.3 games/s  ETA 1h15m21s
[pb-ab-O-push-d4b.base] 311/1600  0.3 games/s  ETA 1h15m11s
[pb-ab-O-push-d4b.base] 312/1600  0.3 games/s  ETA 1h15m01s
[pb-ab-O-push-d4b.base] 312/1600  0.3 games/s  ETA 1h15m10s
[pb-ab-O-push-d4b.base] 313/1600  0.3 games/s  ETA 1h15m00s
[pb-ab-O-push-d4b.base] 313/1600  0.3 games/s  ETA 1h15m08s
[pb-ab-O-push-d4b.base] 315/1600  0.3 games/s  ETA 1h14m41s
[pb-ab-O-push-d4b.base] 315/1600  0.3 games/s  ETA 1h14m49s
[pb-ab-O-push-d4b.base] 316/1600  0.3 games/s  ETA 1h14m39s
[pb-ab-O-push-d4b.base] 317/1600  0.3 games/s  ETA 1h14m30s
[pb-ab-O-push-d4b.base] 317/1600  0.3 games/s  ETA 1h14m38s
[pb-ab-O-push-d4b.base] 317/1600  0.3 games/s  ETA 1h14m46s
[pb-ab-O-push-d4b.base] 317/1600  0.3 games/s  ETA 1h14m54s
[pb-ab-O-push-d4b.base] 318/1600  0.3 games/s  ETA 1h14m45s
[pb-ab-O-push-d4b.base] 319/1600  0.3 games/s  ETA 1h14m35s
[pb-ab-O-push-d4b.base] 320/1600  0.3 games/s  ETA 1h14m26s
[pb-ab-O-push-d4b.base] 320/1600  0.3 games/s  ETA 1h14m34s
[pb-ab-O-push-d4b.base] 320/1600  0.3 games/s  ETA 1h14m42s
[pb-ab-O-push-d4b.base] 322/1600  0.3 games/s  ETA 1h14m15s
[pb-ab-O-push-d4b.base] 322/1600  0.3 games/s  ETA 1h14m23s
[pb-ab-O-push-d4b.base] 322/1600  0.3 games/s  ETA 1h14m31s
[pb-ab-O-push-d4b.base] 322/1600  0.3 games/s  ETA 1h14m39s
[pb-ab-O-push-d4b.base] 323/1600  0.3 games/s  ETA 1h14m29s
[pb-ab-O-push-d4b.base] 323/1600  0.3 games/s  ETA 1h14m37s
[pb-ab-O-push-d4b.base] 324/1600  0.3 games/s  ETA 1h14m28s
[pb-ab-O-push-d4b.base] 325/1600  0.3 games/s  ETA 1h14m18s
[pb-ab-O-push-d4b.base] 326/1600  0.3 games/s  ETA 1h14m09s
[pb-ab-O-push-d4b.base] 326/1600  0.3 games/s  ETA 1h14m17s
[pb-ab-O-push-d4b.base] 327/1600  0.3 games/s  ETA 1h14m07s
[pb-ab-O-push-d4b.base] 327/1600  0.3 games/s  ETA 1h14m15s
[pb-ab-O-push-d4b.base] 328/1600  0.3 games/s  ETA 1h14m06s
[pb-ab-O-push-d4b.base] 329/1600  0.3 games/s  ETA 1h13m57s
[pb-ab-O-push-d4b.base] 329/1600  0.3 games/s  ETA 1h14m04s
[pb-ab-O-push-d4b.base] 329/1600  0.3 games/s  ETA 1h14m12s
[pb-ab-O-push-d4b.base] 329/1600  0.3 games/s  ETA 1h14m20s
[pb-ab-O-push-d4b.base] 331/1600  0.3 games/s  ETA 1h13m53s
[pb-ab-O-push-d4b.base] 332/1600  0.3 games/s  ETA 1h13m44s
[pb-ab-O-push-d4b.base] 332/1600  0.3 games/s  ETA 1h13m52s
[pb-ab-O-push-d4b.base] 333/1600  0.3 games/s  ETA 1h13m43s
[pb-ab-O-push-d4b.base] 333/1600  0.3 games/s  ETA 1h13m50s
[pb-ab-O-push-d4b.base] 333/1600  0.3 games/s  ETA 1h13m58s
[pb-ab-O-push-d4b.base] 335/1600  0.3 games/s  ETA 1h13m32s
[pb-ab-O-push-d4b.base] 336/1600  0.3 games/s  ETA 1h13m23s
[pb-ab-O-push-d4b.base] 336/1600  0.3 games/s  ETA 1h13m31s
[pb-ab-O-push-d4b.base] 337/1600  0.3 games/s  ETA 1h13m21s
[pb-ab-O-push-d4b.base] 337/1600  0.3 games/s  ETA 1h13m29s
[pb-ab-O-push-d4b.base] 337/1600  0.3 games/s  ETA 1h13m36s
[pb-ab-O-push-d4b.base] 338/1600  0.3 games/s  ETA 1h13m27s
[pb-ab-O-push-d4b.base] 338/1600  0.3 games/s  ETA 1h13m35s
[pb-ab-O-push-d4b.base] 338/1600  0.3 games/s  ETA 1h13m42s
[pb-ab-O-push-d4b.base] 340/1600  0.3 games/s  ETA 1h13m17s
[pb-ab-O-push-d4b.base] 340/1600  0.3 games/s  ETA 1h13m24s
[pb-ab-O-push-d4b.base] 341/1600  0.3 games/s  ETA 1h13m15s
[pb-ab-O-push-d4b.base] 341/1600  0.3 games/s  ETA 1h13m23s
[pb-ab-O-push-d4b.base] 342/1600  0.3 games/s  ETA 1h13m14s
[pb-ab-O-push-d4b.base] 342/1600  0.3 games/s  ETA 1h13m21s
[pb-ab-O-push-d4b.base] 342/1600  0.3 games/s  ETA 1h13m28s
[pb-ab-O-push-d4b.base] 343/1600  0.3 games/s  ETA 1h13m19s
[pb-ab-O-push-d4b.base] 343/1600  0.3 games/s  ETA 1h13m27s
[pb-ab-O-push-d4b.base] 343/1600  0.3 games/s  ETA 1h13m34s
[pb-ab-O-push-d4b.base] 344/1600  0.3 games/s  ETA 1h13m25s
[pb-ab-O-push-d4b.base] 344/1600  0.3 games/s  ETA 1h13m32s
[pb-ab-O-push-d4b.base] 345/1600  0.3 games/s  ETA 1h13m23s
[pb-ab-O-push-d4b.base] 345/1600  0.3 games/s  ETA 1h13m30s
[pb-ab-O-push-d4b.base] 345/1600  0.3 games/s  ETA 1h13m38s
[pb-ab-O-push-d4b.base] 345/1600  0.3 games/s  ETA 1h13m45s
[pb-ab-O-push-d4b.base] 348/1600  0.3 games/s  ETA 1h13m04s
[pb-ab-O-push-d4b.base] 348/1600  0.3 games/s  ETA 1h13m11s
[pb-ab-O-push-d4b.base] 348/1600  0.3 games/s  ETA 1h13m18s
[pb-ab-O-push-d4b.base] 349/1600  0.3 games/s  ETA 1h13m09s
[pb-ab-O-push-d4b.base] 350/1600  0.3 games/s  ETA 1h13m00s
[pb-ab-O-push-d4b.base] 350/1600  0.3 games/s  ETA 1h13m07s
[pb-ab-O-push-d4b.base] 350/1600  0.3 games/s  ETA 1h13m14s
[pb-ab-O-push-d4b.base] 351/1600  0.3 games/s  ETA 1h13m06s
[pb-ab-O-push-d4b.base] 351/1600  0.3 games/s  ETA 1h13m13s
[pb-ab-O-push-d4b.base] 351/1600  0.3 games/s  ETA 1h13m20s
[pb-ab-O-push-d4b.base] 351/1600  0.3 games/s  ETA 1h13m27s
[pb-ab-O-push-d4b.base] 352/1600  0.3 games/s  ETA 1h13m18s
[pb-ab-O-push-d4b.base] 353/1600  0.3 games/s  ETA 1h13m09s
[pb-ab-O-push-d4b.base] 353/1600  0.3 games/s  ETA 1h13m16s
[pb-ab-O-push-d4b.base] 354/1600  0.3 games/s  ETA 1h13m07s
[pb-ab-O-push-d4b.base] 354/1600  0.3 games/s  ETA 1h13m14s
[pb-ab-O-push-d4b.base] 354/1600  0.3 games/s  ETA 1h13m21s
[pb-ab-O-push-d4b.base] 355/1600  0.3 games/s  ETA 1h13m12s
[pb-ab-O-push-d4b.base] 355/1600  0.3 games/s  ETA 1h13m19s
[pb-ab-O-push-d4b.base] 355/1600  0.3 games/s  ETA 1h13m26s
[pb-ab-O-push-d4b.base] 355/1600  0.3 games/s  ETA 1h13m33s
[pb-ab-O-push-d4b.base] 355/1600  0.3 games/s  ETA 1h13m40s
[pb-ab-O-push-d4b.base] 355/1600  0.3 games/s  ETA 1h13m47s
[pb-ab-O-push-d4b.base] 355/1600  0.3 games/s  ETA 1h13m54s
[pb-ab-O-push-d4b.base] 356/1600  0.3 games/s  ETA 1h13m45s
[pb-ab-O-push-d4b.base] 356/1600  0.3 games/s  ETA 1h13m52s
[pb-ab-O-push-d4b.base] 357/1600  0.3 games/s  ETA 1h13m43s
[pb-ab-O-push-d4b.base] 357/1600  0.3 games/s  ETA 1h13m50s
[pb-ab-O-push-d4b.base] 358/1600  0.3 games/s  ETA 1h13m41s
[pb-ab-O-push-d4b.base] 360/1600  0.3 games/s  ETA 1h13m17s
[pb-ab-O-push-d4b.base] 360/1600  0.3 games/s  ETA 1h13m24s
[pb-ab-O-push-d4b.base] 360/1600  0.3 games/s  ETA 1h13m30s
[pb-ab-O-push-d4b.base] 360/1600  0.3 games/s  ETA 1h13m37s
[pb-ab-O-push-d4b.base] 361/1600  0.3 games/s  ETA 1h13m28s
[pb-ab-O-push-d4b.base] 363/1600  0.3 games/s  ETA 1h13m04s
[pb-ab-O-push-d4b.base] 364/1600  0.3 games/s  ETA 1h12m55s
[pb-ab-O-push-d4b.base] 365/1600  0.3 games/s  ETA 1h12m46s
[pb-ab-O-push-d4b.base] 365/1600  0.3 games/s  ETA 1h12m53s
[pb-ab-O-push-d4b.base] 366/1600  0.3 games/s  ETA 1h12m44s
[pb-ab-O-push-d4b.base] 367/1600  0.3 games/s  ETA 1h12m36s
[pb-ab-O-push-d4b.base] 368/1600  0.3 games/s  ETA 1h12m27s
[pb-ab-O-push-d4b.base] 369/1600  0.3 games/s  ETA 1h12m18s
[pb-ab-O-push-d4b.base] 369/1600  0.3 games/s  ETA 1h12m25s
[pb-ab-O-push-d4b.base] 370/1600  0.3 games/s  ETA 1h12m16s
[pb-ab-O-push-d4b.base] 371/1600  0.3 games/s  ETA 1h12m08s
[pb-ab-O-push-d4b.base] 371/1600  0.3 games/s  ETA 1h12m14s
[pb-ab-O-push-d4b.base] 371/1600  0.3 games/s  ETA 1h12m21s
[pb-ab-O-push-d4b.base] 373/1600  0.3 games/s  ETA 1h11m57s
[pb-ab-O-push-d4b.base] 373/1600  0.3 games/s  ETA 1h12m04s
[pb-ab-O-push-d4b.base] 375/1600  0.3 games/s  ETA 1h11m40s
[pb-ab-O-push-d4b.base] 375/1600  0.3 games/s  ETA 1h11m47s
[pb-ab-O-push-d4b.base] 376/1600  0.3 games/s  ETA 1h11m39s
[pb-ab-O-push-d4b.base] 377/1600  0.3 games/s  ETA 1h11m30s
[pb-ab-O-push-d4b.base] 377/1600  0.3 games/s  ETA 1h11m37s
[pb-ab-O-push-d4b.base] 378/1600  0.3 games/s  ETA 1h11m28s
[pb-ab-O-push-d4b.base] 379/1600  0.3 games/s  ETA 1h11m20s
[pb-ab-O-push-d4b.base] 379/1600  0.3 games/s  ETA 1h11m26s
[pb-ab-O-push-d4b.base] 379/1600  0.3 games/s  ETA 1h11m33s
[pb-ab-O-push-d4b.base] 379/1600  0.3 games/s  ETA 1h11m39s
[pb-ab-O-push-d4b.base] 379/1600  0.3 games/s  ETA 1h11m46s
[pb-ab-O-push-d4b.base] 381/1600  0.3 games/s  ETA 1h11m22s
[pb-ab-O-push-d4b.base] 381/1600  0.3 games/s  ETA 1h11m29s
[pb-ab-O-push-d4b.base] 381/1600  0.3 games/s  ETA 1h11m35s
[pb-ab-O-push-d4b.base] 382/1600  0.3 games/s  ETA 1h11m27s
[pb-ab-O-push-d4b.base] 382/1600  0.3 games/s  ETA 1h11m33s
[pb-ab-O-push-d4b.base] 383/1600  0.3 games/s  ETA 1h11m25s
[pb-ab-O-push-d4b.base] 383/1600  0.3 games/s  ETA 1h11m31s
[pb-ab-O-push-d4b.base] 385/1600  0.3 games/s  ETA 1h11m08s
[pb-ab-O-push-d4b.base] 385/1600  0.3 games/s  ETA 1h11m15s
[pb-ab-O-push-d4b.base] 385/1600  0.3 games/s  ETA 1h11m21s
[pb-ab-O-push-d4b.base] 386/1600  0.3 games/s  ETA 1h11m13s
[pb-ab-O-push-d4b.base] 387/1600  0.3 games/s  ETA 1h11m04s
[pb-ab-O-push-d4b.base] 388/1600  0.3 games/s  ETA 1h10m56s
[pb-ab-O-push-d4b.base] 388/1600  0.3 games/s  ETA 1h11m02s
[pb-ab-O-push-d4b.base] 389/1600  0.3 games/s  ETA 1h10m54s
[pb-ab-O-push-d4b.base] 389/1600  0.3 games/s  ETA 1h11m00s
[pb-ab-O-push-d4b.base] 390/1600  0.3 games/s  ETA 1h10m52s
[pb-ab-O-push-d4b.base] 390/1600  0.3 games/s  ETA 1h10m58s
[pb-ab-O-push-d4b.base] 391/1600  0.3 games/s  ETA 1h10m50s
[pb-ab-O-push-d4b.base] 391/1600  0.3 games/s  ETA 1h10m56s
[pb-ab-O-push-d4b.base] 392/1600  0.3 games/s  ETA 1h10m48s
[pb-ab-O-push-d4b.base] 392/1600  0.3 games/s  ETA 1h10m54s
[pb-ab-O-push-d4b.base] 394/1600  0.3 games/s  ETA 1h10m32s
[pb-ab-O-push-d4b.base] 394/1600  0.3 games/s  ETA 1h10m38s
[pb-ab-O-push-d4b.base] 395/1600  0.3 games/s  ETA 1h10m30s
[pb-ab-O-push-d4b.base] 396/1600  0.3 games/s  ETA 1h10m22s
[pb-ab-O-push-d4b.base] 396/1600  0.3 games/s  ETA 1h10m28s
[pb-ab-O-push-d4b.base] 396/1600  0.3 games/s  ETA 1h10m34s
[pb-ab-O-push-d4b.base] 397/1600  0.3 games/s  ETA 1h10m26s
[pb-ab-O-push-d4b.base] 397/1600  0.3 games/s  ETA 1h10m32s
[pb-ab-O-push-d4b.base] 399/1600  0.3 games/s  ETA 1h10m09s
[pb-ab-O-push-d4b.base] 400/1600  0.3 games/s  ETA 1h10m01s
[pb-ab-O-push-d4b.base] 400/1600  0.3 games/s  ETA 1h10m07s
[pb-ab-O-push-d4b.base] 400/1600  0.3 games/s  ETA 1h10m13s
[pb-ab-O-push-d4b.base] 400/1600  0.3 games/s  ETA 1h10m19s
[pb-ab-O-push-d4b.base] 400/1600  0.3 games/s  ETA 1h10m25s
[pb-ab-O-push-d4b.base] 402/1600  0.3 games/s  ETA 1h10m03s
[pb-ab-O-push-d4b.base] 402/1600  0.3 games/s  ETA 1h10m09s
[pb-ab-O-push-d4b.base] 402/1600  0.3 games/s  ETA 1h10m15s
[pb-ab-O-push-d4b.base] 402/1600  0.3 games/s  ETA 1h10m21s
[pb-ab-O-push-d4b.base] 402/1600  0.3 games/s  ETA 1h10m27s
[pb-ab-O-push-d4b.base] 402/1600  0.3 games/s  ETA 1h10m33s
[pb-ab-O-push-d4b.base] 403/1600  0.3 games/s  ETA 1h10m25s
[pb-ab-O-push-d4b.base] 403/1600  0.3 games/s  ETA 1h10m31s
[pb-ab-O-push-d4b.base] 404/1600  0.3 games/s  ETA 1h10m23s
[pb-ab-O-push-d4b.base] 406/1600  0.3 games/s  ETA 1h10m01s
[pb-ab-O-push-d4b.base] 407/1600  0.3 games/s  ETA 1h09m53s
[pb-ab-O-push-d4b.base] 407/1600  0.3 games/s  ETA 1h09m59s
[pb-ab-O-push-d4b.base] 407/1600  0.3 games/s  ETA 1h10m05s
[pb-ab-O-push-d4b.base] 409/1600  0.3 games/s  ETA 1h09m43s
[pb-ab-O-push-d4b.base] 409/1600  0.3 games/s  ETA 1h09m49s
[pb-ab-O-push-d4b.base] 410/1600  0.3 games/s  ETA 1h09m41s
[pb-ab-O-push-d4b.base] 411/1600  0.3 games/s  ETA 1h09m33s
[pb-ab-O-push-d4b.base] 411/1600  0.3 games/s  ETA 1h09m39s
[pb-ab-O-push-d4b.base] 411/1600  0.3 games/s  ETA 1h09m45s
[pb-ab-O-push-d4b.base] 411/1600  0.3 games/s  ETA 1h09m50s
[pb-ab-O-push-d4b.base] 413/1600  0.3 games/s  ETA 1h09m29s
[pb-ab-O-push-d4b.base] 414/1600  0.3 games/s  ETA 1h09m21s
[pb-ab-O-push-d4b.base] 414/1600  0.3 games/s  ETA 1h09m27s
[pb-ab-O-push-d4b.base] 414/1600  0.3 games/s  ETA 1h09m32s
[pb-ab-O-push-d4b.base] 415/1600  0.3 games/s  ETA 1h09m25s
[pb-ab-O-push-d4b.base] 415/1600  0.3 games/s  ETA 1h09m30s
[pb-ab-O-push-d4b.base] 415/1600  0.3 games/s  ETA 1h09m36s
[pb-ab-O-push-d4b.base] 417/1600  0.3 games/s  ETA 1h09m15s
[pb-ab-O-push-d4b.base] 417/1600  0.3 games/s  ETA 1h09m20s
[pb-ab-O-push-d4b.base] 418/1600  0.3 games/s  ETA 1h09m13s
[pb-ab-O-push-d4b.base] 418/1600  0.3 games/s  ETA 1h09m18s
[pb-ab-O-push-d4b.base] 418/1600  0.3 games/s  ETA 1h09m24s
[pb-ab-O-push-d4b.base] 419/1600  0.3 games/s  ETA 1h09m16s
[pb-ab-O-push-d4b.base] 420/1600  0.3 games/s  ETA 1h09m08s
[pb-ab-O-push-d4b.base] 420/1600  0.3 games/s  ETA 1h09m14s
[pb-ab-O-push-d4b.base] 421/1600  0.3 games/s  ETA 1h09m06s
[pb-ab-O-push-d4b.base] 423/1600  0.3 games/s  ETA 1h08m45s
[pb-ab-O-push-d4b.base] 424/1600  0.3 games/s  ETA 1h08m37s
[pb-ab-O-push-d4b.base] 424/1600  0.3 games/s  ETA 1h08m43s
[pb-ab-O-push-d4b.base] 425/1600  0.3 games/s  ETA 1h08m35s
[pb-ab-O-push-d4b.base] 425/1600  0.3 games/s  ETA 1h08m41s
[pb-ab-O-push-d4b.base] 425/1600  0.3 games/s  ETA 1h08m46s
[pb-ab-O-push-d4b.base] 426/1600  0.3 games/s  ETA 1h08m39s
[pb-ab-O-push-d4b.base] 426/1600  0.3 games/s  ETA 1h08m44s
[pb-ab-O-push-d4b.base] 426/1600  0.3 games/s  ETA 1h08m50s
[pb-ab-O-push-d4b.base] 427/1600  0.3 games/s  ETA 1h08m42s
[pb-ab-O-push-d4b.base] 428/1600  0.3 games/s  ETA 1h08m34s
[pb-ab-O-push-d4b.base] 430/1600  0.3 games/s  ETA 1h08m14s
[pb-ab-O-push-d4b.base] 431/1600  0.3 games/s  ETA 1h08m06s
[pb-ab-O-push-d4b.base] 431/1600  0.3 games/s  ETA 1h08m12s
[pb-ab-O-push-d4b.base] 431/1600  0.3 games/s  ETA 1h08m17s
[pb-ab-O-push-d4b.base] 432/1600  0.3 games/s  ETA 1h08m09s
[pb-ab-O-push-d4b.base] 433/1600  0.3 games/s  ETA 1h08m02s
[pb-ab-O-push-d4b.base] 435/1600  0.3 games/s  ETA 1h07m41s
[pb-ab-O-push-d4b.base] 435/1600  0.3 games/s  ETA 1h07m47s
[pb-ab-O-push-d4b.base] 436/1600  0.3 games/s  ETA 1h07m39s
[pb-ab-O-push-d4b.base] 436/1600  0.3 games/s  ETA 1h07m45s
[pb-ab-O-push-d4b.base] 437/1600  0.3 games/s  ETA 1h07m37s
[pb-ab-O-push-d4b.base] 437/1600  0.3 games/s  ETA 1h07m43s
[pb-ab-O-push-d4b.base] 437/1600  0.3 games/s  ETA 1h07m48s
[pb-ab-O-push-d4b.base] 437/1600  0.3 games/s  ETA 1h07m53s
[pb-ab-O-push-d4b.base] 437/1600  0.3 games/s  ETA 1h07m59s
[pb-ab-O-push-d4b.base] 438/1600  0.3 games/s  ETA 1h07m51s
[pb-ab-O-push-d4b.base] 438/1600  0.3 games/s  ETA 1h07m56s
[pb-ab-O-push-d4b.base] 438/1600  0.3 games/s  ETA 1h08m02s
[pb-ab-O-push-d4b.base] 439/1600  0.3 games/s  ETA 1h07m54s
[pb-ab-O-push-d4b.base] 439/1600  0.3 games/s  ETA 1h07m59s
[pb-ab-O-push-d4b.base] 440/1600  0.3 games/s  ETA 1h07m52s
[pb-ab-O-push-d4b.base] 441/1600  0.3 games/s  ETA 1h07m44s
[pb-ab-O-push-d4b.base] 441/1600  0.3 games/s  ETA 1h07m50s
[pb-ab-O-push-d4b.base] 441/1600  0.3 games/s  ETA 1h07m55s
[pb-ab-O-push-d4b.base] 441/1600  0.3 games/s  ETA 1h08m00s
[pb-ab-O-push-d4b.base] 442/1600  0.3 games/s  ETA 1h07m53s
[pb-ab-O-push-d4b.base] 443/1600  0.3 games/s  ETA 1h07m45s
[pb-ab-O-push-d4b.base] 444/1600  0.3 games/s  ETA 1h07m38s
[pb-ab-O-push-d4b.base] 444/1600  0.3 games/s  ETA 1h07m43s
[pb-ab-O-push-d4b.base] 444/1600  0.3 games/s  ETA 1h07m48s
[pb-ab-O-push-d4b.base] 446/1600  0.3 games/s  ETA 1h07m28s
[pb-ab-O-push-d4b.base] 446/1600  0.3 games/s  ETA 1h07m33s
[pb-ab-O-push-d4b.base] 448/1600  0.3 games/s  ETA 1h07m13s
[pb-ab-O-push-d4b.base] 448/1600  0.3 games/s  ETA 1h07m19s
[pb-ab-O-push-d4b.base] 449/1600  0.3 games/s  ETA 1h07m11s
[pb-ab-O-push-d4b.base] 449/1600  0.3 games/s  ETA 1h07m16s
[pb-ab-O-push-d4b.base] 449/1600  0.3 games/s  ETA 1h07m21s
[pb-ab-O-push-d4b.base] 449/1600  0.3 games/s  ETA 1h07m27s
[pb-ab-O-push-d4b.base] 450/1600  0.3 games/s  ETA 1h07m19s
[pb-ab-O-push-d4b.base] 450/1600  0.3 games/s  ETA 1h07m24s
[pb-ab-O-push-d4b.base] 451/1600  0.3 games/s  ETA 1h07m17s
[pb-ab-O-push-d4b.base] 452/1600  0.3 games/s  ETA 1h07m10s
[pb-ab-O-push-d4b.base] 452/1600  0.3 games/s  ETA 1h07m15s
[pb-ab-O-push-d4b.base] 452/1600  0.3 games/s  ETA 1h07m20s
[pb-ab-O-push-d4b.base] 453/1600  0.3 games/s  ETA 1h07m12s
[pb-ab-O-push-d4b.base] 453/1600  0.3 games/s  ETA 1h07m17s
[pb-ab-O-push-d4b.base] 453/1600  0.3 games/s  ETA 1h07m22s
[pb-ab-O-push-d4b.base] 454/1600  0.3 games/s  ETA 1h07m15s
[pb-ab-O-push-d4b.base] 456/1600  0.3 games/s  ETA 1h06m55s
[pb-ab-O-push-d4b.base] 456/1600  0.3 games/s  ETA 1h07m00s
[pb-ab-O-push-d4b.base] 456/1600  0.3 games/s  ETA 1h07m05s
[pb-ab-O-push-d4b.base] 456/1600  0.3 games/s  ETA 1h07m10s
[pb-ab-O-push-d4b.base] 456/1600  0.3 games/s  ETA 1h07m15s
[pb-ab-O-push-d4b.base] 456/1600  0.3 games/s  ETA 1h07m20s
[pb-ab-O-push-d4b.base] 456/1600  0.3 games/s  ETA 1h07m26s
[pb-ab-O-push-d4b.base] 457/1600  0.3 games/s  ETA 1h07m18s
[pb-ab-O-push-d4b.base] 458/1600  0.3 games/s  ETA 1h07m11s
[pb-ab-O-push-d4b.base] 459/1600  0.3 games/s  ETA 1h07m03s
[pb-ab-O-push-d4b.base] 460/1600  0.3 games/s  ETA 1h06m56s
[pb-ab-O-push-d4b.base] 460/1600  0.3 games/s  ETA 1h07m01s
[pb-ab-O-push-d4b.base] 460/1600  0.3 games/s  ETA 1h07m06s
[pb-ab-O-push-d4b.base] 460/1600  0.3 games/s  ETA 1h07m11s
[pb-ab-O-push-d4b.base] 462/1600  0.3 games/s  ETA 1h06m51s
[pb-ab-O-push-d4b.base] 463/1600  0.3 games/s  ETA 1h06m44s
[pb-ab-O-push-d4b.base] 464/1600  0.3 games/s  ETA 1h06m37s
[pb-ab-O-push-d4b.base] 464/1600  0.3 games/s  ETA 1h06m42s
[pb-ab-O-push-d4b.base] 464/1600  0.3 games/s  ETA 1h06m47s
[pb-ab-O-push-d4b.base] 464/1600  0.3 games/s  ETA 1h06m52s
[pb-ab-O-push-d4b.base] 464/1600  0.3 games/s  ETA 1h06m57s
[pb-ab-O-push-d4b.base] 465/1600  0.3 games/s  ETA 1h06m49s
[pb-ab-O-push-d4b.base] 467/1600  0.3 games/s  ETA 1h06m30s
[pb-ab-O-push-d4b.base] 468/1600  0.3 games/s  ETA 1h06m23s
[pb-ab-O-push-d4b.base] 468/1600  0.3 games/s  ETA 1h06m28s
[pb-ab-O-push-d4b.base] 468/1600  0.3 games/s  ETA 1h06m32s
[pb-ab-O-push-d4b.base] 469/1600  0.3 games/s  ETA 1h06m25s
[pb-ab-O-push-d4b.base] 470/1600  0.3 games/s  ETA 1h06m18s
[pb-ab-O-push-d4b.base] 471/1600  0.3 games/s  ETA 1h06m11s
[pb-ab-O-push-d4b.base] 471/1600  0.3 games/s  ETA 1h06m16s
[pb-ab-O-push-d4b.base] 471/1600  0.3 games/s  ETA 1h06m20s
[pb-ab-O-push-d4b.base] 471/1600  0.3 games/s  ETA 1h06m25s
[pb-ab-O-push-d4b.base] 471/1600  0.3 games/s  ETA 1h06m30s
[pb-ab-O-push-d4b.base] 471/1600  0.3 games/s  ETA 1h06m35s
[pb-ab-O-push-d4b.base] 471/1600  0.3 games/s  ETA 1h06m40s
[pb-ab-O-push-d4b.base] 472/1600  0.3 games/s  ETA 1h06m32s
[pb-ab-O-push-d4b.base] 473/1600  0.3 games/s  ETA 1h06m25s
[pb-ab-O-push-d4b.base] 473/1600  0.3 games/s  ETA 1h06m30s
[pb-ab-O-push-d4b.base] 474/1600  0.3 games/s  ETA 1h06m23s
[pb-ab-O-push-d4b.base] 475/1600  0.3 games/s  ETA 1h06m16s
[pb-ab-O-push-d4b.base] 475/1600  0.3 games/s  ETA 1h06m20s
[pb-ab-O-push-d4b.base] 476/1600  0.3 games/s  ETA 1h06m13s
[pb-ab-O-push-d4b.base] 477/1600  0.3 games/s  ETA 1h06m06s
[pb-ab-O-push-d4b.base] 477/1600  0.3 games/s  ETA 1h06m11s
[pb-ab-O-push-d4b.base] 477/1600  0.3 games/s  ETA 1h06m15s
[pb-ab-O-push-d4b.base] 477/1600  0.3 games/s  ETA 1h06m20s
[pb-ab-O-push-d4b.base] 478/1600  0.3 games/s  ETA 1h06m13s
[pb-ab-O-push-d4b.base] 479/1600  0.3 games/s  ETA 1h06m06s
[pb-ab-O-push-d4b.base] 480/1600  0.3 games/s  ETA 1h05m59s
[pb-ab-O-push-d4b.base] 480/1600  0.3 games/s  ETA 1h06m03s
[pb-ab-O-push-d4b.base] 480/1600  0.3 games/s  ETA 1h06m08s
[pb-ab-O-push-d4b.base] 481/1600  0.3 games/s  ETA 1h06m01s
[pb-ab-O-push-d4b.base] 481/1600  0.3 games/s  ETA 1h06m06s
[pb-ab-O-push-d4b.base] 482/1600  0.3 games/s  ETA 1h05m58s
[pb-ab-O-push-d4b.base] 482/1600  0.3 games/s  ETA 1h06m03s
[pb-ab-O-push-d4b.base] 483/1600  0.3 games/s  ETA 1h05m56s
[pb-ab-O-push-d4b.base] 485/1600  0.3 games/s  ETA 1h05m37s
[pb-ab-O-push-d4b.base] 486/1600  0.3 games/s  ETA 1h05m30s
[pb-ab-O-push-d4b.base] 486/1600  0.3 games/s  ETA 1h05m35s
[pb-ab-O-push-d4b.base] 486/1600  0.3 games/s  ETA 1h05m39s
[pb-ab-O-push-d4b.base] 486/1600  0.3 games/s  ETA 1h05m44s
[pb-ab-O-push-d4b.base] 486/1600  0.3 games/s  ETA 1h05m48s
[pb-ab-O-push-d4b.base] 486/1600  0.3 games/s  ETA 1h05m53s
[pb-ab-O-push-d4b.base] 488/1600  0.3 games/s  ETA 1h05m34s
[pb-ab-O-push-d4b.base] 489/1600  0.3 games/s  ETA 1h05m27s
[pb-ab-O-push-d4b.base] 489/1600  0.3 games/s  ETA 1h05m32s
[pb-ab-O-push-d4b.base] 489/1600  0.3 games/s  ETA 1h05m36s
[pb-ab-O-push-d4b.base] 490/1600  0.3 games/s  ETA 1h05m29s
[pb-ab-O-push-d4b.base] 490/1600  0.3 games/s  ETA 1h05m34s
[pb-ab-O-push-d4b.base] 491/1600  0.3 games/s  ETA 1h05m27s
[pb-ab-O-push-d4b.base] 492/1600  0.3 games/s  ETA 1h05m20s
[pb-ab-O-push-d4b.base] 493/1600  0.3 games/s  ETA 1h05m13s
[pb-ab-O-push-d4b.base] 494/1600  0.3 games/s  ETA 1h05m06s
[pb-ab-O-push-d4b.base] 494/1600  0.3 games/s  ETA 1h05m10s
[pb-ab-O-push-d4b.base] 494/1600  0.3 games/s  ETA 1h05m15s
[pb-ab-O-push-d4b.base] 496/1600  0.3 games/s  ETA 1h04m56s
[pb-ab-O-push-d4b.base] 496/1600  0.3 games/s  ETA 1h05m01s
[pb-ab-O-push-d4b.base] 496/1600  0.3 games/s  ETA 1h05m05s
[pb-ab-O-push-d4b.base] 497/1600  0.3 games/s  ETA 1h04m58s
[pb-ab-O-push-d4b.base] 497/1600  0.3 games/s  ETA 1h05m03s
[pb-ab-O-push-d4b.base] 497/1600  0.3 games/s  ETA 1h05m07s
[pb-ab-O-push-d4b.base] 498/1600  0.3 games/s  ETA 1h05m00s
[pb-ab-O-push-d4b.base] 498/1600  0.3 games/s  ETA 1h05m05s
[pb-ab-O-push-d4b.base] 500/1600  0.3 games/s  ETA 1h04m47s
[pb-ab-O-push-d4b.base] 500/1600  0.3 games/s  ETA 1h04m51s
[pb-ab-O-push-d4b.base] 500/1600  0.3 games/s  ETA 1h04m55s
[pb-ab-O-push-d4b.base] 500/1600  0.3 games/s  ETA 1h05m00s
[pb-ab-O-push-d4b.base] 502/1600  0.3 games/s  ETA 1h04m41s
[pb-ab-O-push-d4b.base] 502/1600  0.3 games/s  ETA 1h04m46s
[pb-ab-O-push-d4b.base] 502/1600  0.3 games/s  ETA 1h04m50s
[pb-ab-O-push-d4b.base] 504/1600  0.3 games/s  ETA 1h04m32s
[pb-ab-O-push-d4b.base] 504/1600  0.3 games/s  ETA 1h04m36s
[pb-ab-O-push-d4b.base] 506/1600  0.3 games/s  ETA 1h04m18s
[pb-ab-O-push-d4b.base] 507/1600  0.3 games/s  ETA 1h04m12s
[pb-ab-O-push-d4b.base] 507/1600  0.3 games/s  ETA 1h04m16s
[pb-ab-O-push-d4b.base] 508/1600  0.3 games/s  ETA 1h04m09s
[pb-ab-O-push-d4b.base] 508/1600  0.3 games/s  ETA 1h04m13s
[pb-ab-O-push-d4b.base] 509/1600  0.3 games/s  ETA 1h04m07s
[pb-ab-O-push-d4b.base] 509/1600  0.3 games/s  ETA 1h04m11s
[pb-ab-O-push-d4b.base] 509/1600  0.3 games/s  ETA 1h04m15s
[pb-ab-O-push-d4b.base] 510/1600  0.3 games/s  ETA 1h04m08s
[pb-ab-O-push-d4b.base] 510/1600  0.3 games/s  ETA 1h04m13s
[pb-ab-O-push-d4b.base] 512/1600  0.3 games/s  ETA 1h03m55s
[pb-ab-O-push-d4b.base] 512/1600  0.3 games/s  ETA 1h03m59s
[pb-ab-O-push-d4b.base] 512/1600  0.3 games/s  ETA 1h04m03s
[pb-ab-O-push-d4b.base] 513/1600  0.3 games/s  ETA 1h03m57s
[pb-ab-O-push-d4b.base] 515/1600  0.3 games/s  ETA 1h03m39s
[pb-ab-O-push-d4b.base] 515/1600  0.3 games/s  ETA 1h03m43s
[pb-ab-O-push-d4b.base] 516/1600  0.3 games/s  ETA 1h03m36s
[pb-ab-O-push-d4b.base] 516/1600  0.3 games/s  ETA 1h03m40s
[pb-ab-O-push-d4b.base] 517/1600  0.3 games/s  ETA 1h03m34s
[pb-ab-O-push-d4b.base] 517/1600  0.3 games/s  ETA 1h03m38s
[pb-ab-O-push-d4b.base] 519/1600  0.3 games/s  ETA 1h03m20s
[pb-ab-O-push-d4b.base] 520/1600  0.3 games/s  ETA 1h03m14s
[pb-ab-O-push-d4b.base] 521/1600  0.3 games/s  ETA 1h03m07s
[pb-ab-O-push-d4b.base] 521/1600  0.3 games/s  ETA 1h03m11s
[pb-ab-O-push-d4b.base] 522/1600  0.3 games/s  ETA 1h03m05s
[pb-ab-O-push-d4b.base] 522/1600  0.3 games/s  ETA 1h03m09s
[pb-ab-O-push-d4b.base] 522/1600  0.3 games/s  ETA 1h03m13s
[pb-ab-O-push-d4b.base] 522/1600  0.3 games/s  ETA 1h03m17s
[pb-ab-O-push-d4b.base] 522/1600  0.3 games/s  ETA 1h03m21s
[pb-ab-O-push-d4b.base] 523/1600  0.3 games/s  ETA 1h03m14s
[pb-ab-O-push-d4b.base] 524/1600  0.3 games/s  ETA 1h03m08s
[pb-ab-O-push-d4b.base] 525/1600  0.3 games/s  ETA 1h03m01s
[pb-ab-O-push-d4b.base] 525/1600  0.3 games/s  ETA 1h03m05s
[pb-ab-O-push-d4b.base] 526/1600  0.3 games/s  ETA 1h02m59s
[pb-ab-O-push-d4b.base] 526/1600  0.3 games/s  ETA 1h03m03s
[pb-ab-O-push-d4b.base] 527/1600  0.3 games/s  ETA 1h02m56s
[pb-ab-O-push-d4b.base] 528/1600  0.3 games/s  ETA 1h02m49s
[pb-ab-O-push-d4b.base] 529/1600  0.3 games/s  ETA 1h02m43s
[pb-ab-O-push-d4b.base] 529/1600  0.3 games/s  ETA 1h02m47s
[pb-ab-O-push-d4b.base] 529/1600  0.3 games/s  ETA 1h02m51s
[pb-ab-O-push-d4b.base] 529/1600  0.3 games/s  ETA 1h02m55s
[pb-ab-O-push-d4b.base] 530/1600  0.3 games/s  ETA 1h02m48s
[pb-ab-O-push-d4b.base] 530/1600  0.3 games/s  ETA 1h02m53s
[pb-ab-O-push-d4b.base] 532/1600  0.3 games/s  ETA 1h02m35s
[pb-ab-O-push-d4b.base] 533/1600  0.3 games/s  ETA 1h02m29s
[pb-ab-O-push-d4b.base] 533/1600  0.3 games/s  ETA 1h02m33s
[pb-ab-O-push-d4b.base] 533/1600  0.3 games/s  ETA 1h02m37s
[pb-ab-O-push-d4b.base] 534/1600  0.3 games/s  ETA 1h02m30s
[pb-ab-O-push-d4b.base] 535/1600  0.3 games/s  ETA 1h02m24s
[pb-ab-O-push-d4b.base] 537/1600  0.3 games/s  ETA 1h02m07s
[pb-ab-O-push-d4b.base] 537/1600  0.3 games/s  ETA 1h02m11s
[pb-ab-O-push-d4b.base] 538/1600  0.3 games/s  ETA 1h02m04s
[pb-ab-O-push-d4b.base] 538/1600  0.3 games/s  ETA 1h02m08s
[pb-ab-O-push-d4b.base] 538/1600  0.3 games/s  ETA 1h02m12s
[pb-ab-O-push-d4b.base] 539/1600  0.3 games/s  ETA 1h02m06s
[pb-ab-O-push-d4b.base] 540/1600  0.3 games/s  ETA 1h01m59s
[pb-ab-O-push-d4b.base] 540/1600  0.3 games/s  ETA 1h02m03s
[pb-ab-O-push-d4b.base] 541/1600  0.3 games/s  ETA 1h01m57s
[pb-ab-O-push-d4b.base] 541/1600  0.3 games/s  ETA 1h02m00s
[pb-ab-O-push-d4b.base] 541/1600  0.3 games/s  ETA 1h02m04s
[pb-ab-O-push-d4b.base] 541/1600  0.3 games/s  ETA 1h02m08s
[pb-ab-O-push-d4b.base] 542/1600  0.3 games/s  ETA 1h02m02s
[pb-ab-O-push-d4b.base] 543/1600  0.3 games/s  ETA 1h01m55s
[pb-ab-O-push-d4b.base] 543/1600  0.3 games/s  ETA 1h01m59s
[pb-ab-O-push-d4b.base] 543/1600  0.3 games/s  ETA 1h02m03s
[pb-ab-O-push-d4b.base] 543/1600  0.3 games/s  ETA 1h02m07s
[pb-ab-O-push-d4b.base] 545/1600  0.3 games/s  ETA 1h01m50s
[pb-ab-O-push-d4b.base] 546/1600  0.3 games/s  ETA 1h01m44s
[pb-ab-O-push-d4b.base] 546/1600  0.3 games/s  ETA 1h01m48s
[pb-ab-O-push-d4b.base] 546/1600  0.3 games/s  ETA 1h01m51s
[pb-ab-O-push-d4b.base] 546/1600  0.3 games/s  ETA 1h01m55s
[pb-ab-O-push-d4b.base] 546/1600  0.3 games/s  ETA 1h01m59s
[pb-ab-O-push-d4b.base] 546/1600  0.3 games/s  ETA 1h02m03s
[pb-ab-O-push-d4b.base] 547/1600  0.3 games/s  ETA 1h01m57s
[pb-ab-O-push-d4b.base] 548/1600  0.3 games/s  ETA 1h01m50s
[pb-ab-O-push-d4b.base] 549/1600  0.3 games/s  ETA 1h01m44s
[pb-ab-O-push-d4b.base] 549/1600  0.3 games/s  ETA 1h01m47s
[pb-ab-O-push-d4b.base] 549/1600  0.3 games/s  ETA 1h01m51s
[pb-ab-O-push-d4b.base] 549/1600  0.3 games/s  ETA 1h01m55s
[pb-ab-O-push-d4b.base] 550/1600  0.3 games/s  ETA 1h01m49s
[pb-ab-O-push-d4b.base] 550/1600  0.3 games/s  ETA 1h01m53s
[pb-ab-O-push-d4b.base] 551/1600  0.3 games/s  ETA 1h01m46s
[pb-ab-O-push-d4b.base] 551/1600  0.3 games/s  ETA 1h01m50s
[pb-ab-O-push-d4b.base] 552/1600  0.3 games/s  ETA 1h01m43s
[pb-ab-O-push-d4b.base] 552/1600  0.3 games/s  ETA 1h01m47s
[pb-ab-O-push-d4b.base] 552/1600  0.3 games/s  ETA 1h01m51s
[pb-ab-O-push-d4b.base] 552/1600  0.3 games/s  ETA 1h01m55s
[pb-ab-O-push-d4b.base] 553/1600  0.3 games/s  ETA 1h01m48s
[pb-ab-O-push-d4b.base] 553/1600  0.3 games/s  ETA 1h01m52s
[pb-ab-O-push-d4b.base] 553/1600  0.3 games/s  ETA 1h01m56s
[pb-ab-O-push-d4b.base] 554/1600  0.3 games/s  ETA 1h01m49s
[pb-ab-O-push-d4b.base] 554/1600  0.3 games/s  ETA 1h01m53s
[pb-ab-O-push-d4b.base] 556/1600  0.3 games/s  ETA 1h01m37s
[pb-ab-O-push-d4b.base] 556/1600  0.3 games/s  ETA 1h01m40s
[pb-ab-O-push-d4b.base] 556/1600  0.3 games/s  ETA 1h01m44s
[pb-ab-O-push-d4b.base] 556/1600  0.3 games/s  ETA 1h01m48s
[pb-ab-O-push-d4b.base] 556/1600  0.3 games/s  ETA 1h01m52s
[pb-ab-O-push-d4b.base] 556/1600  0.3 games/s  ETA 1h01m55s
[pb-ab-O-push-d4b.base] 556/1600  0.3 games/s  ETA 1h01m59s
[pb-ab-O-push-d4b.base] 556/1600  0.3 games/s  ETA 1h02m03s
[pb-ab-O-push-d4b.base] 557/1600  0.3 games/s  ETA 1h01m56s
[pb-ab-O-push-d4b.base] 557/1600  0.3 games/s  ETA 1h02m00s
[pb-ab-O-push-d4b.base] 557/1600  0.3 games/s  ETA 1h02m04s
[pb-ab-O-push-d4b.base] 557/1600  0.3 games/s  ETA 1h02m08s
[pb-ab-O-push-d4b.base] 559/1600  0.3 games/s  ETA 1h01m51s
[pb-ab-O-push-d4b.base] 560/1600  0.3 games/s  ETA 1h01m44s
[pb-ab-O-push-d4b.base] 560/1600  0.3 games/s  ETA 1h01m48s
[pb-ab-O-push-d4b.base] 560/1600  0.3 games/s  ETA 1h01m52s
[pb-ab-O-push-d4b.base] 560/1600  0.3 games/s  ETA 1h01m56s
[pb-ab-O-push-d4b.base] 560/1600  0.3 games/s  ETA 1h01m59s
[pb-ab-O-push-d4b.base] 560/1600  0.3 games/s  ETA 1h02m03s
[pb-ab-O-push-d4b.base] 561/1600  0.3 games/s  ETA 1h01m56s
[pb-ab-O-push-d4b.base] 561/1600  0.3 games/s  ETA 1h02m00s
[pb-ab-O-push-d4b.base] 562/1600  0.3 games/s  ETA 1h01m54s
[pb-ab-O-push-d4b.base] 562/1600  0.3 games/s  ETA 1h01m57s
[pb-ab-O-push-d4b.base] 562/1600  0.3 games/s  ETA 1h02m01s
[pb-ab-O-push-d4b.base] 562/1600  0.3 games/s  ETA 1h02m05s
[pb-ab-O-push-d4b.base] 562/1600  0.3 games/s  ETA 1h02m08s
[pb-ab-O-push-d4b.base] 563/1600  0.3 games/s  ETA 1h02m02s
[pb-ab-O-push-d4b.base] 563/1600  0.3 games/s  ETA 1h02m06s
[pb-ab-O-push-d4b.base] 563/1600  0.3 games/s  ETA 1h02m09s
[pb-ab-O-push-d4b.base] 563/1600  0.3 games/s  ETA 1h02m13s
[pb-ab-O-push-d4b.base] 563/1600  0.3 games/s  ETA 1h02m17s
[pb-ab-O-push-d4b.base] 564/1600  0.3 games/s  ETA 1h02m10s
[pb-ab-O-push-d4b.base] 565/1600  0.3 games/s  ETA 1h02m04s
[pb-ab-O-push-d4b.base] 565/1600  0.3 games/s  ETA 1h02m07s
[pb-ab-O-push-d4b.base] 566/1600  0.3 games/s  ETA 1h02m01s
[pb-ab-O-push-d4b.base] 567/1600  0.3 games/s  ETA 1h01m54s
[pb-ab-O-push-d4b.base] 567/1600  0.3 games/s  ETA 1h01m58s
[pb-ab-O-push-d4b.base] 568/1600  0.3 games/s  ETA 1h01m51s
[pb-ab-O-push-d4b.base] 568/1600  0.3 games/s  ETA 1h01m55s
[pb-ab-O-push-d4b.base] 568/1600  0.3 games/s  ETA 1h01m59s
[pb-ab-O-push-d4b.base] 569/1600  0.3 games/s  ETA 1h01m52s
[pb-ab-O-push-d4b.base] 569/1600  0.3 games/s  ETA 1h01m56s
[pb-ab-O-push-d4b.base] 569/1600  0.3 games/s  ETA 1h01m59s
[pb-ab-O-push-d4b.base] 570/1600  0.3 games/s  ETA 1h01m53s
[pb-ab-O-push-d4b.base] 570/1600  0.3 games/s  ETA 1h01m56s
[pb-ab-O-push-d4b.base] 571/1600  0.3 games/s  ETA 1h01m50s
[pb-ab-O-push-d4b.base] 571/1600  0.3 games/s  ETA 1h01m54s
[pb-ab-O-push-d4b.base] 571/1600  0.3 games/s  ETA 1h01m57s
[pb-ab-O-push-d4b.base] 571/1600  0.3 games/s  ETA 1h02m01s
[pb-ab-O-push-d4b.base] 571/1600  0.3 games/s  ETA 1h02m04s
[pb-ab-O-push-d4b.base] 571/1600  0.3 games/s  ETA 1h02m08s
[pb-ab-O-push-d4b.base] 572/1600  0.3 games/s  ETA 1h02m01s
[pb-ab-O-push-d4b.base] 572/1600  0.3 games/s  ETA 1h02m05s
[pb-ab-O-push-d4b.base] 573/1600  0.3 games/s  ETA 1h01m58s
[pb-ab-O-push-d4b.base] 573/1600  0.3 games/s  ETA 1h02m02s
[pb-ab-O-push-d4b.base] 573/1600  0.3 games/s  ETA 1h02m06s
[pb-ab-O-push-d4b.base] 573/1600  0.3 games/s  ETA 1h02m09s
[pb-ab-O-push-d4b.base] 575/1600  0.3 games/s  ETA 1h01m53s
[pb-ab-O-push-d4b.base] 575/1600  0.3 games/s  ETA 1h01m56s
[pb-ab-O-push-d4b.base] 575/1600  0.3 games/s  ETA 1h02m00s
[pb-ab-O-push-d4b.base] 575/1600  0.3 games/s  ETA 1h02m03s
[pb-ab-O-push-d4b.base] 575/1600  0.3 games/s  ETA 1h02m07s
[pb-ab-O-push-d4b.base] 575/1600  0.3 games/s  ETA 1h02m10s
[pb-ab-O-push-d4b.base] 575/1600  0.3 games/s  ETA 1h02m14s
[pb-ab-O-push-d4b.base] 575/1600  0.3 games/s  ETA 1h02m18s
[pb-ab-O-push-d4b.base] 577/1600  0.3 games/s  ETA 1h02m01s
[pb-ab-O-push-d4b.base] 578/1600  0.3 games/s  ETA 1h01m54s
[pb-ab-O-push-d4b.base] 578/1600  0.3 games/s  ETA 1h01m58s
[pb-ab-O-push-d4b.base] 578/1600  0.3 games/s  ETA 1h02m01s
[pb-ab-O-push-d4b.base] 578/1600  0.3 games/s  ETA 1h02m05s
[pb-ab-O-push-d4b.base] 579/1600  0.3 games/s  ETA 1h01m58s
[pb-ab-O-push-d4b.base] 579/1600  0.3 games/s  ETA 1h02m02s
[pb-ab-O-push-d4b.base] 579/1600  0.3 games/s  ETA 1h02m05s
[pb-ab-O-push-d4b.base] 579/1600  0.3 games/s  ETA 1h02m09s
[pb-ab-O-push-d4b.base] 579/1600  0.3 games/s  ETA 1h02m13s
[pb-ab-O-push-d4b.base] 580/1600  0.3 games/s  ETA 1h02m06s
[pb-ab-O-push-d4b.base] 580/1600  0.3 games/s  ETA 1h02m10s
[pb-ab-O-push-d4b.base] 580/1600  0.3 games/s  ETA 1h02m13s
[pb-ab-O-push-d4b.base] 580/1600  0.3 games/s  ETA 1h02m17s
[pb-ab-O-push-d4b.base] 581/1600  0.3 games/s  ETA 1h02m10s
[pb-ab-O-push-d4b.base] 581/1600  0.3 games/s  ETA 1h02m13s
[pb-ab-O-push-d4b.base] 581/1600  0.3 games/s  ETA 1h02m17s
[pb-ab-O-push-d4b.base] 581/1600  0.3 games/s  ETA 1h02m20s
[pb-ab-O-push-d4b.base] 581/1600  0.3 games/s  ETA 1h02m24s
[pb-ab-O-push-d4b.base] 581/1600  0.3 games/s  ETA 1h02m28s
[pb-ab-O-push-d4b.base] 581/1600  0.3 games/s  ETA 1h02m31s
[pb-ab-O-push-d4b.base] 582/1600  0.3 games/s  ETA 1h02m24s
[pb-ab-O-push-d4b.base] 584/1600  0.3 games/s  ETA 1h02m08s
[pb-ab-O-push-d4b.base] 584/1600  0.3 games/s  ETA 1h02m11s
[pb-ab-O-push-d4b.base] 584/1600  0.3 games/s  ETA 1h02m15s
[pb-ab-O-push-d4b.base] 584/1600  0.3 games/s  ETA 1h02m18s
[pb-ab-O-push-d4b.base] 584/1600  0.3 games/s  ETA 1h02m22s
[pb-ab-O-push-d4b.base] 585/1600  0.3 games/s  ETA 1h02m15s
[pb-ab-O-push-d4b.base] 585/1600  0.3 games/s  ETA 1h02m19s
[pb-ab-O-push-d4b.base] 586/1600  0.3 games/s  ETA 1h02m12s
[pb-ab-O-push-d4b.base] 586/1600  0.3 games/s  ETA 1h02m15s
[pb-ab-O-push-d4b.base] 586/1600  0.3 games/s  ETA 1h02m19s
[pb-ab-O-push-d4b.base] 587/1600  0.3 games/s  ETA 1h02m12s
[pb-ab-O-push-d4b.base] 587/1600  0.3 games/s  ETA 1h02m16s
[pb-ab-O-push-d4b.base] 587/1600  0.3 games/s  ETA 1h02m19s
[pb-ab-O-push-d4b.base] 587/1600  0.3 games/s  ETA 1h02m23s
[pb-ab-O-push-d4b.base] 588/1600  0.3 games/s  ETA 1h02m16s
[pb-ab-O-push-d4b.base] 588/1600  0.3 games/s  ETA 1h02m19s
[pb-ab-O-push-d4b.base] 588/1600  0.3 games/s  ETA 1h02m23s
[pb-ab-O-push-d4b.base] 588/1600  0.3 games/s  ETA 1h02m26s
[pb-ab-O-push-d4b.base] 588/1600  0.3 games/s  ETA 1h02m30s
[pb-ab-O-push-d4b.base] 589/1600  0.3 games/s  ETA 1h02m23s
[pb-ab-O-push-d4b.base] 590/1600  0.3 games/s  ETA 1h02m17s
[pb-ab-O-push-d4b.base] 591/1600  0.3 games/s  ETA 1h02m10s
[pb-ab-O-push-d4b.base] 591/1600  0.3 games/s  ETA 1h02m13s
[pb-ab-O-push-d4b.base] 592/1600  0.3 games/s  ETA 1h02m07s
[pb-ab-O-push-d4b.base] 592/1600  0.3 games/s  ETA 1h02m10s
[pb-ab-O-push-d4b.base] 593/1600  0.3 games/s  ETA 1h02m04s
[pb-ab-O-push-d4b.base] 593/1600  0.3 games/s  ETA 1h02m07s
[pb-ab-O-push-d4b.base] 593/1600  0.3 games/s  ETA 1h02m10s
[pb-ab-O-push-d4b.base] 593/1600  0.3 games/s  ETA 1h02m14s
[pb-ab-O-push-d4b.base] 593/1600  0.3 games/s  ETA 1h02m17s
[pb-ab-O-push-d4b.base] 594/1600  0.3 games/s  ETA 1h02m11s
[pb-ab-O-push-d4b.base] 594/1600  0.3 games/s  ETA 1h02m14s
[pb-ab-O-push-d4b.base] 596/1600  0.3 games/s  ETA 1h01m57s
[pb-ab-O-push-d4b.base] 596/1600  0.3 games/s  ETA 1h02m01s
[pb-ab-O-push-d4b.base] 596/1600  0.3 games/s  ETA 1h02m04s
[pb-ab-O-push-d4b.base] 596/1600  0.3 games/s  ETA 1h02m07s
[pb-ab-O-push-d4b.base] 597/1600  0.3 games/s  ETA 1h02m01s
[pb-ab-O-push-d4b.base] 598/1600  0.3 games/s  ETA 1h01m54s
[pb-ab-O-push-d4b.base] 598/1600  0.3 games/s  ETA 1h01m58s
[pb-ab-O-push-d4b.base] 598/1600  0.3 games/s  ETA 1h02m01s
[pb-ab-O-push-d4b.base] 598/1600  0.3 games/s  ETA 1h02m04s
[pb-ab-O-push-d4b.base] 598/1600  0.3 games/s  ETA 1h02m08s
[pb-ab-O-push-d4b.base] 598/1600  0.3 games/s  ETA 1h02m11s
[pb-ab-O-push-d4b.base] 598/1600  0.3 games/s  ETA 1h02m14s
[pb-ab-O-push-d4b.base] 598/1600  0.3 games/s  ETA 1h02m18s
[pb-ab-O-push-d4b.base] 598/1600  0.3 games/s  ETA 1h02m21s
[pb-ab-O-push-d4b.base] 598/1600  0.3 games/s  ETA 1h02m24s
[pb-ab-O-push-d4b.base] 599/1600  0.3 games/s  ETA 1h02m18s
[pb-ab-O-push-d4b.base] 600/1600  0.3 games/s  ETA 1h02m11s
[pb-ab-O-push-d4b.base] 601/1600  0.3 games/s  ETA 1h02m05s
[pb-ab-O-push-d4b.base] 601/1600  0.3 games/s  ETA 1h02m08s
[pb-ab-O-push-d4b.base] 601/1600  0.3 games/s  ETA 1h02m11s
[pb-ab-O-push-d4b.base] 601/1600  0.3 games/s  ETA 1h02m15s
[pb-ab-O-push-d4b.base] 602/1600  0.3 games/s  ETA 1h02m08s
[pb-ab-O-push-d4b.base] 602/1600  0.3 games/s  ETA 1h02m11s
[pb-ab-O-push-d4b.base] 603/1600  0.3 games/s  ETA 1h02m05s
[pb-ab-O-push-d4b.base] 603/1600  0.3 games/s  ETA 1h02m08s
[pb-ab-O-push-d4b.base] 603/1600  0.3 games/s  ETA 1h02m11s
[pb-ab-O-push-d4b.base] 604/1600  0.3 games/s  ETA 1h02m05s
[pb-ab-O-push-d4b.base] 604/1600  0.3 games/s  ETA 1h02m08s
[pb-ab-O-push-d4b.base] 604/1600  0.3 games/s  ETA 1h02m11s
[pb-ab-O-push-d4b.base] 604/1600  0.3 games/s  ETA 1h02m15s
[pb-ab-O-push-d4b.base] 604/1600  0.3 games/s  ETA 1h02m18s
[pb-ab-O-push-d4b.base] 604/1600  0.3 games/s  ETA 1h02m21s
[pb-ab-O-push-d4b.base] 606/1600  0.3 games/s  ETA 1h02m05s
[pb-ab-O-push-d4b.base] 606/1600  0.3 games/s  ETA 1h02m08s
[pb-ab-O-push-d4b.base] 606/1600  0.3 games/s  ETA 1h02m11s
[pb-ab-O-push-d4b.base] 606/1600  0.3 games/s  ETA 1h02m14s
[pb-ab-O-push-d4b.base] 607/1600  0.3 games/s  ETA 1h02m08s
[pb-ab-O-push-d4b.base] 607/1600  0.3 games/s  ETA 1h02m11s
[pb-ab-O-push-d4b.base] 608/1600  0.3 games/s  ETA 1h02m04s
[pb-ab-O-push-d4b.base] 608/1600  0.3 games/s  ETA 1h02m08s
[pb-ab-O-push-d4b.base] 608/1600  0.3 games/s  ETA 1h02m11s
[pb-ab-O-push-d4b.base] 608/1600  0.3 games/s  ETA 1h02m14s
[pb-ab-O-push-d4b.base] 608/1600  0.3 games/s  ETA 1h02m18s
[pb-ab-O-push-d4b.base] 609/1600  0.3 games/s  ETA 1h02m11s
[pb-ab-O-push-d4b.base] 609/1600  0.3 games/s  ETA 1h02m14s
[pb-ab-O-push-d4b.base] 609/1600  0.3 games/s  ETA 1h02m17s
[pb-ab-O-push-d4b.base] 610/1600  0.3 games/s  ETA 1h02m11s
[pb-ab-O-push-d4b.base] 611/1600  0.3 games/s  ETA 1h02m04s
[pb-ab-O-push-d4b.base] 611/1600  0.3 games/s  ETA 1h02m07s
[pb-ab-O-push-d4b.base] 611/1600  0.3 games/s  ETA 1h02m11s
[pb-ab-O-push-d4b.base] 611/1600  0.3 games/s  ETA 1h02m14s
[pb-ab-O-push-d4b.base] 612/1600  0.3 games/s  ETA 1h02m07s
[pb-ab-O-push-d4b.base] 613/1600  0.3 games/s  ETA 1h02m01s
[pb-ab-O-push-d4b.base] 613/1600  0.3 games/s  ETA 1h02m04s
[pb-ab-O-push-d4b.base] 613/1600  0.3 games/s  ETA 1h02m07s
[pb-ab-O-push-d4b.base] 613/1600  0.3 games/s  ETA 1h02m10s
[pb-ab-O-push-d4b.base] 613/1600  0.3 games/s  ETA 1h02m13s
[pb-ab-O-push-d4b.base] 613/1600  0.3 games/s  ETA 1h02m17s
[pb-ab-O-push-d4b.base] 614/1600  0.3 games/s  ETA 1h02m10s
[pb-ab-O-push-d4b.base] 614/1600  0.3 games/s  ETA 1h02m13s
[pb-ab-O-push-d4b.base] 614/1600  0.3 games/s  ETA 1h02m16s
[pb-ab-O-push-d4b.base] 614/1600  0.3 games/s  ETA 1h02m20s
[pb-ab-O-push-d4b.base] 615/1600  0.3 games/s  ETA 1h02m13s
[pb-ab-O-push-d4b.base] 615/1600  0.3 games/s  ETA 1h02m16s
[pb-ab-O-push-d4b.base] 615/1600  0.3 games/s  ETA 1h02m19s
[pb-ab-O-push-d4b.base] 615/1600  0.3 games/s  ETA 1h02m23s
[pb-ab-O-push-d4b.base] 616/1600  0.3 games/s  ETA 1h02m16s
[pb-ab-O-push-d4b.base] 616/1600  0.3 games/s  ETA 1h02m19s
[pb-ab-O-push-d4b.base] 616/1600  0.3 games/s  ETA 1h02m22s
[pb-ab-O-push-d4b.base] 616/1600  0.3 games/s  ETA 1h02m26s
[pb-ab-O-push-d4b.base] 616/1600  0.3 games/s  ETA 1h02m29s
[pb-ab-O-push-d4b.base] 617/1600  0.3 games/s  ETA 1h02m22s
[pb-ab-O-push-d4b.base] 617/1600  0.3 games/s  ETA 1h02m25s
[pb-ab-O-push-d4b.base] 618/1600  0.3 games/s  ETA 1h02m19s
[pb-ab-O-push-d4b.base] 618/1600  0.3 games/s  ETA 1h02m22s
[pb-ab-O-push-d4b.base] 618/1600  0.3 games/s  ETA 1h02m25s
[pb-ab-O-push-d4b.base] 618/1600  0.3 games/s  ETA 1h02m28s
[pb-ab-O-push-d4b.base] 618/1600  0.3 games/s  ETA 1h02m31s
[pb-ab-O-push-d4b.base] 618/1600  0.3 games/s  ETA 1h02m34s
[pb-ab-O-push-d4b.base] 618/1600  0.3 games/s  ETA 1h02m38s
[pb-ab-O-push-d4b.base] 618/1600  0.3 games/s  ETA 1h02m41s
[pb-ab-O-push-d4b.base] 618/1600  0.3 games/s  ETA 1h02m44s
[pb-ab-O-push-d4b.base] 618/1600  0.3 games/s  ETA 1h02m47s
[pb-ab-O-push-d4b.base] 618/1600  0.3 games/s  ETA 1h02m50s
[pb-ab-O-push-d4b.base] 618/1600  0.3 games/s  ETA 1h02m54s
[pb-ab-O-push-d4b.base] 618/1600  0.3 games/s  ETA 1h02m57s
[pb-ab-O-push-d4b.base] 619/1600  0.3 games/s  ETA 1h02m50s
[pb-ab-O-push-d4b.base] 619/1600  0.3 games/s  ETA 1h02m53s
[pb-ab-O-push-d4b.base] 619/1600  0.3 games/s  ETA 1h02m56s
[pb-ab-O-push-d4b.base] 620/1600  0.3 games/s  ETA 1h02m49s
[pb-ab-O-push-d4b.base] 620/1600  0.3 games/s  ETA 1h02m53s
[pb-ab-O-push-d4b.base] 622/1600  0.3 games/s  ETA 1h02m36s
[pb-ab-O-push-d4b.base] 622/1600  0.3 games/s  ETA 1h02m39s
[pb-ab-O-push-d4b.base] 623/1600  0.3 games/s  ETA 1h02m32s
[pb-ab-O-push-d4b.base] 623/1600  0.3 games/s  ETA 1h02m36s
[pb-ab-O-push-d4b.base] 623/1600  0.3 games/s  ETA 1h02m39s
[pb-ab-O-push-d4b.base] 623/1600  0.3 games/s  ETA 1h02m42s
[pb-ab-O-push-d4b.base] 623/1600  0.3 games/s  ETA 1h02m45s
[pb-ab-O-push-d4b.base] 623/1600  0.3 games/s  ETA 1h02m48s
[pb-ab-O-push-d4b.base] 624/1600  0.3 games/s  ETA 1h02m41s
[pb-ab-O-push-d4b.base] 625/1600  0.3 games/s  ETA 1h02m35s
[pb-ab-O-push-d4b.base] 627/1600  0.3 games/s  ETA 1h02m18s
[pb-ab-O-push-d4b.base] 627/1600  0.3 games/s  ETA 1h02m21s
[pb-ab-O-push-d4b.base] 627/1600  0.3 games/s  ETA 1h02m24s
[pb-ab-O-push-d4b.base] 627/1600  0.3 games/s  ETA 1h02m27s
[pb-ab-O-push-d4b.base] 627/1600  0.3 games/s  ETA 1h02m30s
[pb-ab-O-push-d4b.base] 627/1600  0.3 games/s  ETA 1h02m34s
[pb-ab-O-push-d4b.base] 627/1600  0.3 games/s  ETA 1h02m37s
[pb-ab-O-push-d4b.base] 629/1600  0.3 games/s  ETA 1h02m20s
[pb-ab-O-push-d4b.base] 629/1600  0.3 games/s  ETA 1h02m23s
[pb-ab-O-push-d4b.base] 630/1600  0.3 games/s  ETA 1h02m16s
[pb-ab-O-push-d4b.base] 630/1600  0.3 games/s  ETA 1h02m20s
[pb-ab-O-push-d4b.base] 631/1600  0.3 games/s  ETA 1h02m13s
[pb-ab-O-push-d4b.base] 631/1600  0.3 games/s  ETA 1h02m16s
[pb-ab-O-push-d4b.base] 631/1600  0.3 games/s  ETA 1h02m19s
[pb-ab-O-push-d4b.base] 631/1600  0.3 games/s  ETA 1h02m22s
[pb-ab-O-push-d4b.base] 631/1600  0.3 games/s  ETA 1h02m25s
[pb-ab-O-push-d4b.base] 631/1600  0.3 games/s  ETA 1h02m28s
[pb-ab-O-push-d4b.base] 631/1600  0.3 games/s  ETA 1h02m31s
[pb-ab-O-push-d4b.base] 631/1600  0.3 games/s  ETA 1h02m34s
[pb-ab-O-push-d4b.base] 631/1600  0.3 games/s  ETA 1h02m37s
[pb-ab-O-push-d4b.base] 631/1600  0.3 games/s  ETA 1h02m41s
[pb-ab-O-push-d4b.base] 631/1600  0.3 games/s  ETA 1h02m44s
[pb-ab-O-push-d4b.base] 631/1600  0.3 games/s  ETA 1h02m47s
[pb-ab-O-push-d4b.base] 632/1600  0.3 games/s  ETA 1h02m40s
[pb-ab-O-push-d4b.base] 633/1600  0.3 games/s  ETA 1h02m33s
[pb-ab-O-push-d4b.base] 634/1600  0.3 games/s  ETA 1h02m26s
[pb-ab-O-push-d4b.base] 634/1600  0.3 games/s  ETA 1h02m29s
[pb-ab-O-push-d4b.base] 635/1600  0.3 games/s  ETA 1h02m23s
[pb-ab-O-push-d4b.base] 635/1600  0.3 games/s  ETA 1h02m26s
[pb-ab-O-push-d4b.base] 635/1600  0.3 games/s  ETA 1h02m29s
[pb-ab-O-push-d4b.base] 636/1600  0.3 games/s  ETA 1h02m22s
[pb-ab-O-push-d4b.base] 636/1600  0.3 games/s  ETA 1h02m25s
[pb-ab-O-push-d4b.base] 636/1600  0.3 games/s  ETA 1h02m28s
[pb-ab-O-push-d4b.base] 637/1600  0.3 games/s  ETA 1h02m21s
[pb-ab-O-push-d4b.base] 637/1600  0.3 games/s  ETA 1h02m24s
[pb-ab-O-push-d4b.base] 638/1600  0.3 games/s  ETA 1h02m18s
[pb-ab-O-push-d4b.base] 638/1600  0.3 games/s  ETA 1h02m21s
[pb-ab-O-push-d4b.base] 638/1600  0.3 games/s  ETA 1h02m24s
[pb-ab-O-push-d4b.base] 638/1600  0.3 games/s  ETA 1h02m27s
[pb-ab-O-push-d4b.base] 638/1600  0.3 games/s  ETA 1h02m30s
[pb-ab-O-push-d4b.base] 638/1600  0.3 games/s  ETA 1h02m33s
[pb-ab-O-push-d4b.base] 639/1600  0.3 games/s  ETA 1h02m26s
[pb-ab-O-push-d4b.base] 641/1600  0.3 games/s  ETA 1h02m09s
[pb-ab-O-push-d4b.base] 641/1600  0.3 games/s  ETA 1h02m12s
[pb-ab-O-push-d4b.base] 641/1600  0.3 games/s  ETA 1h02m15s
[pb-ab-O-push-d4b.base] 642/1600  0.3 games/s  ETA 1h02m09s
[pb-ab-O-push-d4b.base] 642/1600  0.3 games/s  ETA 1h02m12s
[pb-ab-O-push-d4b.base] 643/1600  0.3 games/s  ETA 1h02m05s
[pb-ab-O-push-d4b.base] 644/1600  0.3 games/s  ETA 1h01m58s
[pb-ab-O-push-d4b.base] 644/1600  0.3 games/s  ETA 1h02m01s
[pb-ab-O-push-d4b.base] 645/1600  0.3 games/s  ETA 1h01m55s
[pb-ab-O-push-d4b.base] 646/1600  0.3 games/s  ETA 1h01m48s
[pb-ab-O-push-d4b.base] 646/1600  0.3 games/s  ETA 1h01m51s
[pb-ab-O-push-d4b.base] 648/1600  0.3 games/s  ETA 1h01m35s
[pb-ab-O-push-d4b.base] 648/1600  0.3 games/s  ETA 1h01m38s
[pb-ab-O-push-d4b.base] 648/1600  0.3 games/s  ETA 1h01m40s
[pb-ab-O-push-d4b.base] 648/1600  0.3 games/s  ETA 1h01m43s
[pb-ab-O-push-d4b.base] 648/1600  0.3 games/s  ETA 1h01m46s
[pb-ab-O-push-d4b.base] 648/1600  0.3 games/s  ETA 1h01m49s
[pb-ab-O-push-d4b.base] 649/1600  0.3 games/s  ETA 1h01m43s
[pb-ab-O-push-d4b.base] 649/1600  0.3 games/s  ETA 1h01m46s
[pb-ab-O-push-d4b.base] 649/1600  0.3 games/s  ETA 1h01m48s
[pb-ab-O-push-d4b.base] 650/1600  0.3 games/s  ETA 1h01m42s
[pb-ab-O-push-d4b.base] 651/1600  0.3 games/s  ETA 1h01m35s
[pb-ab-O-push-d4b.base] 651/1600  0.3 games/s  ETA 1h01m38s
[pb-ab-O-push-d4b.base] 651/1600  0.3 games/s  ETA 1h01m41s
[pb-ab-O-push-d4b.base] 651/1600  0.3 games/s  ETA 1h01m44s
[pb-ab-O-push-d4b.base] 652/1600  0.3 games/s  ETA 1h01m37s
[pb-ab-O-push-d4b.base] 652/1600  0.3 games/s  ETA 1h01m40s
[pb-ab-O-push-d4b.base] 652/1600  0.3 games/s  ETA 1h01m43s
[pb-ab-O-push-d4b.base] 652/1600  0.3 games/s  ETA 1h01m46s
[pb-ab-O-push-d4b.base] 653/1600  0.3 games/s  ETA 1h01m39s
[pb-ab-O-push-d4b.base] 654/1600  0.3 games/s  ETA 1h01m33s
[pb-ab-O-push-d4b.base] 654/1600  0.3 games/s  ETA 1h01m36s
[pb-ab-O-push-d4b.base] 654/1600  0.3 games/s  ETA 1h01m38s
[pb-ab-O-push-d4b.base] 654/1600  0.3 games/s  ETA 1h01m41s
[pb-ab-O-push-d4b.base] 655/1600  0.3 games/s  ETA 1h01m35s
[pb-ab-O-push-d4b.base] 655/1600  0.3 games/s  ETA 1h01m38s
[pb-ab-O-push-d4b.base] 656/1600  0.3 games/s  ETA 1h01m31s
[pb-ab-O-push-d4b.base] 656/1600  0.3 games/s  ETA 1h01m34s
[pb-ab-O-push-d4b.base] 656/1600  0.3 games/s  ETA 1h01m37s
[pb-ab-O-push-d4b.base] 657/1600  0.3 games/s  ETA 1h01m30s
[pb-ab-O-push-d4b.base] 657/1600  0.3 games/s  ETA 1h01m33s
[pb-ab-O-push-d4b.base] 658/1600  0.3 games/s  ETA 1h01m26s
[pb-ab-O-push-d4b.base] 659/1600  0.3 games/s  ETA 1h01m20s
[pb-ab-O-push-d4b.base] 659/1600  0.3 games/s  ETA 1h01m22s
[pb-ab-O-push-d4b.base] 660/1600  0.3 games/s  ETA 1h01m16s
[pb-ab-O-push-d4b.base] 660/1600  0.3 games/s  ETA 1h01m19s
[pb-ab-O-push-d4b.base] 661/1600  0.3 games/s  ETA 1h01m12s
[pb-ab-O-push-d4b.base] 661/1600  0.3 games/s  ETA 1h01m15s
[pb-ab-O-push-d4b.base] 661/1600  0.3 games/s  ETA 1h01m18s
[pb-ab-O-push-d4b.base] 661/1600  0.3 games/s  ETA 1h01m20s
[pb-ab-O-push-d4b.base] 661/1600  0.3 games/s  ETA 1h01m23s
[pb-ab-O-push-d4b.base] 661/1600  0.3 games/s  ETA 1h01m26s
[pb-ab-O-push-d4b.base] 662/1600  0.3 games/s  ETA 1h01m20s
[pb-ab-O-push-d4b.base] 663/1600  0.3 games/s  ETA 1h01m13s
[pb-ab-O-push-d4b.base] 664/1600  0.3 games/s  ETA 1h01m06s
[pb-ab-O-push-d4b.base] 664/1600  0.3 games/s  ETA 1h01m09s
[pb-ab-O-push-d4b.base] 664/1600  0.3 games/s  ETA 1h01m12s
[pb-ab-O-push-d4b.base] 664/1600  0.3 games/s  ETA 1h01m15s
[pb-ab-O-push-d4b.base] 664/1600  0.3 games/s  ETA 1h01m18s
[pb-ab-O-push-d4b.base] 664/1600  0.3 games/s  ETA 1h01m20s
[pb-ab-O-push-d4b.base] 665/1600  0.3 games/s  ETA 1h01m14s
[pb-ab-O-push-d4b.base] 665/1600  0.3 games/s  ETA 1h01m17s
[pb-ab-O-push-d4b.base] 665/1600  0.3 games/s  ETA 1h01m19s
[pb-ab-O-push-d4b.base] 666/1600  0.3 games/s  ETA 1h01m13s
[pb-ab-O-push-d4b.base] 667/1600  0.3 games/s  ETA 1h01m06s
[pb-ab-O-push-d4b.base] 668/1600  0.3 games/s  ETA 1h00m59s
[pb-ab-O-push-d4b.base] 669/1600  0.3 games/s  ETA 1h00m53s
[pb-ab-O-push-d4b.base] 669/1600  0.3 games/s  ETA 1h00m56s
[pb-ab-O-push-d4b.base] 670/1600  0.3 games/s  ETA 1h00m49s
[pb-ab-O-push-d4b.base] 670/1600  0.3 games/s  ETA 1h00m52s
[pb-ab-O-push-d4b.base] 670/1600  0.3 games/s  ETA 1h00m55s
[pb-ab-O-push-d4b.base] 670/1600  0.3 games/s  ETA 1h00m57s
[pb-ab-O-push-d4b.base] 671/1600  0.3 games/s  ETA 1h00m51s
[pb-ab-O-push-d4b.base] 671/1600  0.3 games/s  ETA 1h00m53s
[pb-ab-O-push-d4b.base] 672/1600  0.3 games/s  ETA 1h00m47s
[pb-ab-O-push-d4b.base] 673/1600  0.3 games/s  ETA 1h00m40s
[pb-ab-O-push-d4b.base] 673/1600  0.3 games/s  ETA 1h00m43s
[pb-ab-O-push-d4b.base] 673/1600  0.3 games/s  ETA 1h00m46s
[pb-ab-O-push-d4b.base] 673/1600  0.3 games/s  ETA 1h00m49s
[pb-ab-O-push-d4b.base] 674/1600  0.3 games/s  ETA 1h00m42s
[pb-ab-O-push-d4b.base] 675/1600  0.3 games/s  ETA 1h00m35s
[pb-ab-O-push-d4b.base] 675/1600  0.3 games/s  ETA 1h00m38s
[pb-ab-O-push-d4b.base] 675/1600  0.3 games/s  ETA 1h00m41s
[pb-ab-O-push-d4b.base] 676/1600  0.3 games/s  ETA 1h00m34s
[pb-ab-O-push-d4b.base] 676/1600  0.3 games/s  ETA 1h00m37s
[pb-ab-O-push-d4b.base] 676/1600  0.3 games/s  ETA 1h00m40s
[pb-ab-O-push-d4b.base] 676/1600  0.3 games/s  ETA 1h00m43s
[pb-ab-O-push-d4b.base] 676/1600  0.3 games/s  ETA 1h00m45s
[pb-ab-O-push-d4b.base] 676/1600  0.3 games/s  ETA 1h00m48s
[pb-ab-O-push-d4b.base] 676/1600  0.3 games/s  ETA 1h00m51s
[pb-ab-O-push-d4b.base] 677/1600  0.3 games/s  ETA 1h00m44s
[pb-ab-O-push-d4b.base] 678/1600  0.3 games/s  ETA 1h00m38s
[pb-ab-O-push-d4b.base] 678/1600  0.3 games/s  ETA 1h00m40s
[pb-ab-O-push-d4b.base] 678/1600  0.3 games/s  ETA 1h00m43s
[pb-ab-O-push-d4b.base] 678/1600  0.3 games/s  ETA 1h00m46s
[pb-ab-O-push-d4b.base] 678/1600  0.3 games/s  ETA 1h00m48s
[pb-ab-O-push-d4b.base] 678/1600  0.3 games/s  ETA 1h00m51s
[pb-ab-O-push-d4b.base] 679/1600  0.3 games/s  ETA 1h00m44s
[pb-ab-O-push-d4b.base] 679/1600  0.3 games/s  ETA 1h00m47s
[pb-ab-O-push-d4b.base] 680/1600  0.3 games/s  ETA 1h00m41s
[pb-ab-O-push-d4b.base] 680/1600  0.3 games/s  ETA 1h00m43s
[pb-ab-O-push-d4b.base] 680/1600  0.3 games/s  ETA 1h00m46s
[pb-ab-O-push-d4b.base] 681/1600  0.3 games/s  ETA 1h00m39s
[pb-ab-O-push-d4b.base] 681/1600  0.3 games/s  ETA 1h00m42s
[pb-ab-O-push-d4b.base] 682/1600  0.3 games/s  ETA 1h00m35s
[pb-ab-O-push-d4b.base] 682/1600  0.3 games/s  ETA 1h00m38s
[pb-ab-O-push-d4b.base] 682/1600  0.3 games/s  ETA 1h00m41s
[pb-ab-O-push-d4b.base] 682/1600  0.3 games/s  ETA 1h00m44s
[pb-ab-O-push-d4b.base] 682/1600  0.3 games/s  ETA 1h00m46s
[pb-ab-O-push-d4b.base] 682/1600  0.3 games/s  ETA 1h00m49s
[pb-ab-O-push-d4b.base] 683/1600  0.3 games/s  ETA 1h00m42s
[pb-ab-O-push-d4b.base] 684/1600  0.3 games/s  ETA 1h00m36s
[pb-ab-O-push-d4b.base] 685/1600  0.3 games/s  ETA 1h00m29s
[pb-ab-O-push-d4b.base] 686/1600  0.3 games/s  ETA 1h00m23s
[pb-ab-O-push-d4b.base] 686/1600  0.3 games/s  ETA 1h00m25s
[pb-ab-O-push-d4b.base] 686/1600  0.3 games/s  ETA 1h00m28s
[pb-ab-O-push-d4b.base] 686/1600  0.3 games/s  ETA 1h00m31s
[pb-ab-O-push-d4b.base] 686/1600  0.3 games/s  ETA 1h00m33s
[pb-ab-O-push-d4b.base] 686/1600  0.3 games/s  ETA 1h00m36s
[pb-ab-O-push-d4b.base] 686/1600  0.3 games/s  ETA 1h00m39s
[pb-ab-O-push-d4b.base] 687/1600  0.3 games/s  ETA 1h00m32s
[pb-ab-O-push-d4b.base] 687/1600  0.3 games/s  ETA 1h00m35s
[pb-ab-O-push-d4b.base] 688/1600  0.3 games/s  ETA 1h00m28s
[pb-ab-O-push-d4b.base] 689/1600  0.3 games/s  ETA 1h00m21s
[pb-ab-O-push-d4b.base] 690/1600  0.3 games/s  ETA 1h00m15s
[pb-ab-O-push-d4b.base] 690/1600  0.3 games/s  ETA 1h00m17s
[pb-ab-O-push-d4b.base] 690/1600  0.3 games/s  ETA 1h00m20s
[pb-ab-O-push-d4b.base] 690/1600  0.3 games/s  ETA 1h00m23s
[pb-ab-O-push-d4b.base] 690/1600  0.3 games/s  ETA 1h00m25s
[pb-ab-O-push-d4b.base] 690/1600  0.3 games/s  ETA 1h00m28s
[pb-ab-O-push-d4b.base] 691/1600  0.3 games/s  ETA 1h00m21s
[pb-ab-O-push-d4b.base] 691/1600  0.3 games/s  ETA 1h00m24s
[pb-ab-O-push-d4b.base] 692/1600  0.3 games/s  ETA 1h00m17s
[pb-ab-O-push-d4b.base] 694/1600  0.3 games/s  ETA 1h00m02s
[pb-ab-O-push-d4b.base] 694/1600  0.3 games/s  ETA 1h00m04s
[pb-ab-O-push-d4b.base] 694/1600  0.3 games/s  ETA 1h00m07s
[pb-ab-O-push-d4b.base] 694/1600  0.3 games/s  ETA 1h00m09s
[pb-ab-O-push-d4b.base] 694/1600  0.3 games/s  ETA 1h00m12s
[pb-ab-O-push-d4b.base] 694/1600  0.3 games/s  ETA 1h00m15s
[pb-ab-O-push-d4b.base] 694/1600  0.3 games/s  ETA 1h00m17s
[pb-ab-O-push-d4b.base] 695/1600  0.3 games/s  ETA 1h00m11s
[pb-ab-O-push-d4b.base] 696/1600  0.3 games/s  ETA 1h00m04s
[pb-ab-O-push-d4b.base] 697/1600  0.3 games/s  ETA 0h59m58s
[pb-ab-O-push-d4b.base] 697/1600  0.3 games/s  ETA 1h00m00s
[pb-ab-O-push-d4b.base] 697/1600  0.3 games/s  ETA 1h00m03s
[pb-ab-O-push-d4b.base] 697/1600  0.3 games/s  ETA 1h00m05s
[pb-ab-O-push-d4b.base] 697/1600  0.3 games/s  ETA 1h00m08s
[pb-ab-O-push-d4b.base] 697/1600  0.3 games/s  ETA 1h00m11s
[pb-ab-O-push-d4b.base] 697/1600  0.2 games/s  ETA 1h00m13s
[pb-ab-O-push-d4b.base] 697/1600  0.2 games/s  ETA 1h00m16s
[pb-ab-O-push-d4b.base] 698/1600  0.2 games/s  ETA 1h00m09s
[pb-ab-O-push-d4b.base] 698/1600  0.2 games/s  ETA 1h00m12s
[pb-ab-O-push-d4b.base] 698/1600  0.2 games/s  ETA 1h00m14s
[pb-ab-O-push-d4b.base] 699/1600  0.2 games/s  ETA 1h00m08s
[pb-ab-O-push-d4b.base] 700/1600  0.2 games/s  ETA 1h00m01s
[pb-ab-O-push-d4b.base] 700/1600  0.2 games/s  ETA 1h00m04s
[pb-ab-O-push-d4b.base] 700/1600  0.2 games/s  ETA 1h00m06s
[pb-ab-O-push-d4b.base] 701/1600  0.2 games/s  ETA 1h00m00s
[pb-ab-O-push-d4b.base] 701/1600  0.2 games/s  ETA 1h00m02s
[pb-ab-O-push-d4b.base] 701/1600  0.2 games/s  ETA 1h00m05s
[pb-ab-O-push-d4b.base] 702/1600  0.2 games/s  ETA 0h59m58s
[pb-ab-O-push-d4b.base] 702/1600  0.2 games/s  ETA 1h00m01s
[pb-ab-O-push-d4b.base] 702/1600  0.2 games/s  ETA 1h00m03s
[pb-ab-O-push-d4b.base] 703/1600  0.2 games/s  ETA 0h59m57s
[pb-ab-O-push-d4b.base] 703/1600  0.2 games/s  ETA 0h59m59s
[pb-ab-O-push-d4b.base] 704/1600  0.2 games/s  ETA 0h59m53s
[pb-ab-O-push-d4b.base] 704/1600  0.2 games/s  ETA 0h59m55s
[pb-ab-O-push-d4b.base] 704/1600  0.2 games/s  ETA 0h59m58s
[pb-ab-O-push-d4b.base] 705/1600  0.2 games/s  ETA 0h59m51s
[pb-ab-O-push-d4b.base] 706/1600  0.2 games/s  ETA 0h59m45s
[pb-ab-O-push-d4b.base] 706/1600  0.2 games/s  ETA 0h59m47s
[pb-ab-O-push-d4b.base] 707/1600  0.2 games/s  ETA 0h59m41s
[pb-ab-O-push-d4b.base] 707/1600  0.2 games/s  ETA 0h59m43s
[pb-ab-O-push-d4b.base] 707/1600  0.2 games/s  ETA 0h59m46s
[pb-ab-O-push-d4b.base] 707/1600  0.2 games/s  ETA 0h59m48s
[pb-ab-O-push-d4b.base] 707/1600  0.2 games/s  ETA 0h59m51s
[pb-ab-O-push-d4b.base] 708/1600  0.2 games/s  ETA 0h59m44s
[pb-ab-O-push-d4b.base] 708/1600  0.2 games/s  ETA 0h59m47s
[pb-ab-O-push-d4b.base] 708/1600  0.2 games/s  ETA 0h59m49s
[pb-ab-O-push-d4b.base] 708/1600  0.2 games/s  ETA 0h59m52s
[pb-ab-O-push-d4b.base] 708/1600  0.2 games/s  ETA 0h59m54s
[pb-ab-O-push-d4b.base] 708/1600  0.2 games/s  ETA 0h59m57s
[pb-ab-O-push-d4b.base] 709/1600  0.2 games/s  ETA 0h59m50s
[pb-ab-O-push-d4b.base] 709/1600  0.2 games/s  ETA 0h59m53s
[pb-ab-O-push-d4b.base] 712/1600  0.2 games/s  ETA 0h59m28s
[pb-ab-O-push-d4b.base] 712/1600  0.2 games/s  ETA 0h59m31s
[pb-ab-O-push-d4b.base] 713/1600  0.2 games/s  ETA 0h59m24s
[pb-ab-O-push-d4b.base] 713/1600  0.2 games/s  ETA 0h59m27s
[pb-ab-O-push-d4b.base] 714/1600  0.2 games/s  ETA 0h59m20s
[pb-ab-O-push-d4b.base] 714/1600  0.2 games/s  ETA 0h59m23s
[pb-ab-O-push-d4b.base] 714/1600  0.2 games/s  ETA 0h59m25s
[pb-ab-O-push-d4b.base] 715/1600  0.2 games/s  ETA 0h59m18s
[pb-ab-O-push-d4b.base] 715/1600  0.2 games/s  ETA 0h59m21s
[pb-ab-O-push-d4b.base] 715/1600  0.2 games/s  ETA 0h59m23s
[pb-ab-O-push-d4b.base] 715/1600  0.2 games/s  ETA 0h59m26s
[pb-ab-O-push-d4b.base] 716/1600  0.2 games/s  ETA 0h59m19s
[pb-ab-O-push-d4b.base] 716/1600  0.2 games/s  ETA 0h59m22s
[pb-ab-O-push-d4b.base] 716/1600  0.2 games/s  ETA 0h59m24s
[pb-ab-O-push-d4b.base] 716/1600  0.2 games/s  ETA 0h59m27s
[pb-ab-O-push-d4b.base] 718/1600  0.2 games/s  ETA 0h59m11s
[pb-ab-O-push-d4b.base] 718/1600  0.2 games/s  ETA 0h59m14s
[pb-ab-O-push-d4b.base] 718/1600  0.2 games/s  ETA 0h59m16s
[pb-ab-O-push-d4b.base] 719/1600  0.2 games/s  ETA 0h59m10s
[pb-ab-O-push-d4b.base] 719/1600  0.2 games/s  ETA 0h59m12s
[pb-ab-O-push-d4b.base] 719/1600  0.2 games/s  ETA 0h59m15s
[pb-ab-O-push-d4b.base] 719/1600  0.2 games/s  ETA 0h59m17s
[pb-ab-O-push-d4b.base] 721/1600  0.2 games/s  ETA 0h59m02s
[pb-ab-O-push-d4b.base] 721/1600  0.2 games/s  ETA 0h59m04s
[pb-ab-O-push-d4b.base] 721/1600  0.2 games/s  ETA 0h59m06s
[pb-ab-O-push-d4b.base] 721/1600  0.2 games/s  ETA 0h59m09s
[pb-ab-O-push-d4b.base] 722/1600  0.2 games/s  ETA 0h59m02s
[pb-ab-O-push-d4b.base] 722/1600  0.2 games/s  ETA 0h59m05s
[pb-ab-O-push-d4b.base] 722/1600  0.2 games/s  ETA 0h59m07s
[pb-ab-O-push-d4b.base] 723/1600  0.2 games/s  ETA 0h59m01s
[pb-ab-O-push-d4b.base] 723/1600  0.2 games/s  ETA 0h59m03s
[pb-ab-O-push-d4b.base] 723/1600  0.2 games/s  ETA 0h59m06s
[pb-ab-O-push-d4b.base] 724/1600  0.2 games/s  ETA 0h58m59s
[pb-ab-O-push-d4b.base] 725/1600  0.2 games/s  ETA 0h58m53s
[pb-ab-O-push-d4b.base] 727/1600  0.2 games/s  ETA 0h58m37s
[pb-ab-O-push-d4b.base] 727/1600  0.2 games/s  ETA 0h58m40s
[pb-ab-O-push-d4b.base] 727/1600  0.2 games/s  ETA 0h58m42s
[pb-ab-O-push-d4b.base] 727/1600  0.2 games/s  ETA 0h58m44s
[pb-ab-O-push-d4b.base] 727/1600  0.2 games/s  ETA 0h58m47s
[pb-ab-O-push-d4b.base] 727/1600  0.2 games/s  ETA 0h58m49s
[pb-ab-O-push-d4b.base] 727/1600  0.2 games/s  ETA 0h58m52s
[pb-ab-O-push-d4b.base] 727/1600  0.2 games/s  ETA 0h58m54s
[pb-ab-O-push-d4b.base] 730/1600  0.2 games/s  ETA 0h58m30s
[pb-ab-O-push-d4b.base] 730/1600  0.2 games/s  ETA 0h58m32s
[pb-ab-O-push-d4b.base] 731/1600  0.2 games/s  ETA 0h58m26s
[pb-ab-O-push-d4b.base] 732/1600  0.2 games/s  ETA 0h58m19s
[pb-ab-O-push-d4b.base] 732/1600  0.2 games/s  ETA 0h58m22s
[pb-ab-O-push-d4b.base] 732/1600  0.2 games/s  ETA 0h58m24s
[pb-ab-O-push-d4b.base] 732/1600  0.2 games/s  ETA 0h58m26s
[pb-ab-O-push-d4b.base] 732/1600  0.2 games/s  ETA 0h58m29s
[pb-ab-O-push-d4b.base] 733/1600  0.2 games/s  ETA 0h58m22s
[pb-ab-O-push-d4b.base] 733/1600  0.2 games/s  ETA 0h58m25s
[pb-ab-O-push-d4b.base] 734/1600  0.2 games/s  ETA 0h58m18s
[pb-ab-O-push-d4b.base] 734/1600  0.2 games/s  ETA 0h58m21s
[pb-ab-O-push-d4b.base] 735/1600  0.2 games/s  ETA 0h58m14s
[pb-ab-O-push-d4b.base] 736/1600  0.2 games/s  ETA 0h58m08s
[pb-ab-O-push-d4b.base] 736/1600  0.2 games/s  ETA 0h58m10s
[pb-ab-O-push-d4b.base] 736/1600  0.2 games/s  ETA 0h58m12s
[pb-ab-O-push-d4b.base] 737/1600  0.2 games/s  ETA 0h58m06s
[pb-ab-O-push-d4b.base] 737/1600  0.2 games/s  ETA 0h58m08s
[pb-ab-O-push-d4b.base] 737/1600  0.2 games/s  ETA 0h58m11s
[pb-ab-O-push-d4b.base] 737/1600  0.2 games/s  ETA 0h58m13s
[pb-ab-O-push-d4b.base] 738/1600  0.2 games/s  ETA 0h58m06s
[pb-ab-O-push-d4b.base] 738/1600  0.2 games/s  ETA 0h58m09s
[pb-ab-O-push-d4b.base] 738/1600  0.2 games/s  ETA 0h58m11s
[pb-ab-O-push-d4b.base] 739/1600  0.2 games/s  ETA 0h58m05s
[pb-ab-O-push-d4b.base] 740/1600  0.2 games/s  ETA 0h57m58s
[pb-ab-O-push-d4b.base] 740/1600  0.2 games/s  ETA 0h58m01s
[pb-ab-O-push-d4b.base] 741/1600  0.2 games/s  ETA 0h57m54s
[pb-ab-O-push-d4b.base] 741/1600  0.2 games/s  ETA 0h57m57s
[pb-ab-O-push-d4b.base] 741/1600  0.2 games/s  ETA 0h57m59s
[pb-ab-O-push-d4b.base] 743/1600  0.2 games/s  ETA 0h57m44s
[pb-ab-O-push-d4b.base] 744/1600  0.2 games/s  ETA 0h57m37s
[pb-ab-O-push-d4b.base] 744/1600  0.2 games/s  ETA 0h57m40s
[pb-ab-O-push-d4b.base] 744/1600  0.2 games/s  ETA 0h57m42s
[pb-ab-O-push-d4b.base] 744/1600  0.2 games/s  ETA 0h57m44s
[pb-ab-O-push-d4b.base] 745/1600  0.2 games/s  ETA 0h57m38s
[pb-ab-O-push-d4b.base] 746/1600  0.2 games/s  ETA 0h57m31s
[pb-ab-O-push-d4b.base] 746/1600  0.2 games/s  ETA 0h57m34s
[pb-ab-O-push-d4b.base] 746/1600  0.2 games/s  ETA 0h57m36s
[pb-ab-O-push-d4b.base] 746/1600  0.2 games/s  ETA 0h57m38s
[pb-ab-O-push-d4b.base] 747/1600  0.2 games/s  ETA 0h57m32s
[pb-ab-O-push-d4b.base] 747/1600  0.2 games/s  ETA 0h57m34s
[pb-ab-O-push-d4b.base] 748/1600  0.2 games/s  ETA 0h57m28s
[pb-ab-O-push-d4b.base] 749/1600  0.2 games/s  ETA 0h57m21s
[pb-ab-O-push-d4b.base] 749/1600  0.2 games/s  ETA 0h57m24s
[pb-ab-O-push-d4b.base] 749/1600  0.2 games/s  ETA 0h57m26s
[pb-ab-O-push-d4b.base] 749/1600  0.2 games/s  ETA 0h57m28s
[pb-ab-O-push-d4b.base] 751/1600  0.2 games/s  ETA 0h57m13s
[pb-ab-O-push-d4b.base] 751/1600  0.2 games/s  ETA 0h57m16s
[pb-ab-O-push-d4b.base] 752/1600  0.2 games/s  ETA 0h57m09s
[pb-ab-O-push-d4b.base] 752/1600  0.2 games/s  ETA 0h57m11s
[pb-ab-O-push-d4b.base] 753/1600  0.2 games/s  ETA 0h57m05s
[pb-ab-O-push-d4b.base] 753/1600  0.2 games/s  ETA 0h57m07s
[pb-ab-O-push-d4b.base] 754/1600  0.2 games/s  ETA 0h57m01s
[pb-ab-O-push-d4b.base] 755/1600  0.2 games/s  ETA 0h56m55s
[pb-ab-O-push-d4b.base] 755/1600  0.2 games/s  ETA 0h56m57s
[pb-ab-O-push-d4b.base] 755/1600  0.2 games/s  ETA 0h56m59s
[pb-ab-O-push-d4b.base] 756/1600  0.2 games/s  ETA 0h56m53s
[pb-ab-O-push-d4b.base] 756/1600  0.2 games/s  ETA 0h56m55s
[pb-ab-O-push-d4b.base] 756/1600  0.2 games/s  ETA 0h56m57s
[pb-ab-O-push-d4b.base] 756/1600  0.2 games/s  ETA 0h56m59s
[pb-ab-O-push-d4b.base] 756/1600  0.2 games/s  ETA 0h57m02s
[pb-ab-O-push-d4b.base] 756/1600  0.2 games/s  ETA 0h57m04s
[pb-ab-O-push-d4b.base] 757/1600  0.2 games/s  ETA 0h56m58s
[pb-ab-O-push-d4b.base] 757/1600  0.2 games/s  ETA 0h57m00s
[pb-ab-O-push-d4b.base] 757/1600  0.2 games/s  ETA 0h57m02s
[pb-ab-O-push-d4b.base] 758/1600  0.2 games/s  ETA 0h56m56s
[pb-ab-O-push-d4b.base] 758/1600  0.2 games/s  ETA 0h56m58s
[pb-ab-O-push-d4b.base] 759/1600  0.2 games/s  ETA 0h56m52s
[pb-ab-O-push-d4b.base] 760/1600  0.2 games/s  ETA 0h56m45s
[pb-ab-O-push-d4b.base] 760/1600  0.2 games/s  ETA 0h56m47s
[pb-ab-O-push-d4b.base] 760/1600  0.2 games/s  ETA 0h56m50s
[pb-ab-O-push-d4b.base] 760/1600  0.2 games/s  ETA 0h56m52s
[pb-ab-O-push-d4b.base] 761/1600  0.2 games/s  ETA 0h56m46s
[pb-ab-O-push-d4b.base] 761/1600  0.2 games/s  ETA 0h56m48s
[pb-ab-O-push-d4b.base] 762/1600  0.2 games/s  ETA 0h56m41s
[pb-ab-O-push-d4b.base] 764/1600  0.2 games/s  ETA 0h56m27s
[pb-ab-O-push-d4b.base] 764/1600  0.2 games/s  ETA 0h56m29s
[pb-ab-O-push-d4b.base] 764/1600  0.2 games/s  ETA 0h56m31s
[pb-ab-O-push-d4b.base] 764/1600  0.2 games/s  ETA 0h56m33s
[pb-ab-O-push-d4b.base] 764/1600  0.2 games/s  ETA 0h56m35s
[pb-ab-O-push-d4b.base] 764/1600  0.2 games/s  ETA 0h56m38s
[pb-ab-O-push-d4b.base] 764/1600  0.2 games/s  ETA 0h56m40s
[pb-ab-O-push-d4b.base] 765/1600  0.2 games/s  ETA 0h56m33s
[pb-ab-O-push-d4b.base] 765/1600  0.2 games/s  ETA 0h56m36s
[pb-ab-O-push-d4b.base] 765/1600  0.2 games/s  ETA 0h56m38s
[pb-ab-O-push-d4b.base] 766/1600  0.2 games/s  ETA 0h56m32s
[pb-ab-O-push-d4b.base] 766/1600  0.2 games/s  ETA 0h56m34s
[pb-ab-O-push-d4b.base] 768/1600  0.2 games/s  ETA 0h56m19s
[pb-ab-O-push-d4b.base] 768/1600  0.2 games/s  ETA 0h56m21s
[pb-ab-O-push-d4b.base] 768/1600  0.2 games/s  ETA 0h56m23s
[pb-ab-O-push-d4b.base] 769/1600  0.2 games/s  ETA 0h56m17s
[pb-ab-O-push-d4b.base] 769/1600  0.2 games/s  ETA 0h56m19s
[pb-ab-O-push-d4b.base] 769/1600  0.2 games/s  ETA 0h56m21s
[pb-ab-O-push-d4b.base] 769/1600  0.2 games/s  ETA 0h56m23s
[pb-ab-O-push-d4b.base] 771/1600  0.2 games/s  ETA 0h56m09s
[pb-ab-O-push-d4b.base] 771/1600  0.2 games/s  ETA 0h56m11s
[pb-ab-O-push-d4b.base] 771/1600  0.2 games/s  ETA 0h56m13s
[pb-ab-O-push-d4b.base] 772/1600  0.2 games/s  ETA 0h56m07s
[pb-ab-O-push-d4b.base] 772/1600  0.2 games/s  ETA 0h56m09s
[pb-ab-O-push-d4b.base] 773/1600  0.2 games/s  ETA 0h56m03s
[pb-ab-O-push-d4b.base] 773/1600  0.2 games/s  ETA 0h56m05s
[pb-ab-O-push-d4b.base] 774/1600  0.2 games/s  ETA 0h55m58s
[pb-ab-O-push-d4b.base] 774/1600  0.2 games/s  ETA 0h56m01s
[pb-ab-O-push-d4b.base] 776/1600  0.2 games/s  ETA 0h55m46s
[pb-ab-O-push-d4b.base] 776/1600  0.2 games/s  ETA 0h55m48s
[pb-ab-O-push-d4b.base] 776/1600  0.2 games/s  ETA 0h55m50s
[pb-ab-O-push-d4b.base] 778/1600  0.2 games/s  ETA 0h55m36s
[pb-ab-O-push-d4b.base] 778/1600  0.2 games/s  ETA 0h55m38s
[pb-ab-O-push-d4b.base] 778/1600  0.2 games/s  ETA 0h55m40s
[pb-ab-O-push-d4b.base] 778/1600  0.2 games/s  ETA 0h55m42s
[pb-ab-O-push-d4b.base] 778/1600  0.2 games/s  ETA 0h55m44s
[pb-ab-O-push-d4b.base] 779/1600  0.2 games/s  ETA 0h55m38s
[pb-ab-O-push-d4b.base] 779/1600  0.2 games/s  ETA 0h55m40s
[pb-ab-O-push-d4b.base] 779/1600  0.2 games/s  ETA 0h55m42s
[pb-ab-O-push-d4b.base] 779/1600  0.2 games/s  ETA 0h55m44s
[pb-ab-O-push-d4b.base] 780/1600  0.2 games/s  ETA 0h55m38s
[pb-ab-O-push-d4b.base] 780/1600  0.2 games/s  ETA 0h55m40s
[pb-ab-O-push-d4b.base] 781/1600  0.2 games/s  ETA 0h55m34s
[pb-ab-O-push-d4b.base] 782/1600  0.2 games/s  ETA 0h55m27s
[pb-ab-O-push-d4b.base] 782/1600  0.2 games/s  ETA 0h55m30s
[pb-ab-O-push-d4b.base] 783/1600  0.2 games/s  ETA 0h55m23s
[pb-ab-O-push-d4b.base] 783/1600  0.2 games/s  ETA 0h55m25s
[pb-ab-O-push-d4b.base] 783/1600  0.2 games/s  ETA 0h55m27s
[pb-ab-O-push-d4b.base] 783/1600  0.2 games/s  ETA 0h55m30s
[pb-ab-O-push-d4b.base] 783/1600  0.2 games/s  ETA 0h55m32s
[pb-ab-O-push-d4b.base] 784/1600  0.2 games/s  ETA 0h55m25s
[pb-ab-O-push-d4b.base] 784/1600  0.2 games/s  ETA 0h55m27s
[pb-ab-O-push-d4b.base] 784/1600  0.2 games/s  ETA 0h55m30s
[pb-ab-O-push-d4b.base] 784/1600  0.2 games/s  ETA 0h55m32s
[pb-ab-O-push-d4b.base] 786/1600  0.2 games/s  ETA 0h55m17s
[pb-ab-O-push-d4b.base] 786/1600  0.2 games/s  ETA 0h55m19s
[pb-ab-O-push-d4b.base] 786/1600  0.2 games/s  ETA 0h55m21s
[pb-ab-O-push-d4b.base] 786/1600  0.2 games/s  ETA 0h55m23s
[pb-ab-O-push-d4b.base] 786/1600  0.2 games/s  ETA 0h55m25s
[pb-ab-O-push-d4b.base] 786/1600  0.2 games/s  ETA 0h55m27s
[pb-ab-O-push-d4b.base] 787/1600  0.2 games/s  ETA 0h55m21s
[pb-ab-O-push-d4b.base] 787/1600  0.2 games/s  ETA 0h55m23s
[pb-ab-O-push-d4b.base] 788/1600  0.2 games/s  ETA 0h55m17s
[pb-ab-O-push-d4b.base] 789/1600  0.2 games/s  ETA 0h55m11s
[pb-ab-O-push-d4b.base] 789/1600  0.2 games/s  ETA 0h55m13s
[pb-ab-O-push-d4b.base] 789/1600  0.2 games/s  ETA 0h55m15s
[pb-ab-O-push-d4b.base] 790/1600  0.2 games/s  ETA 0h55m09s
[pb-ab-O-push-d4b.base] 790/1600  0.2 games/s  ETA 0h55m11s
[pb-ab-O-push-d4b.base] 790/1600  0.2 games/s  ETA 0h55m13s
[pb-ab-O-push-d4b.base] 790/1600  0.2 games/s  ETA 0h55m15s
[pb-ab-O-push-d4b.base] 790/1600  0.2 games/s  ETA 0h55m17s
[pb-ab-O-push-d4b.base] 790/1600  0.2 games/s  ETA 0h55m19s
[pb-ab-O-push-d4b.base] 790/1600  0.2 games/s  ETA 0h55m21s
[pb-ab-O-push-d4b.base] 791/1600  0.2 games/s  ETA 0h55m15s
[pb-ab-O-push-d4b.base] 791/1600  0.2 games/s  ETA 0h55m17s
[pb-ab-O-push-d4b.base] 791/1600  0.2 games/s  ETA 0h55m19s
[pb-ab-O-push-d4b.base] 792/1600  0.2 games/s  ETA 0h55m13s
[pb-ab-O-push-d4b.base] 792/1600  0.2 games/s  ETA 0h55m15s
[pb-ab-O-push-d4b.base] 792/1600  0.2 games/s  ETA 0h55m17s
[pb-ab-O-push-d4b.base] 793/1600  0.2 games/s  ETA 0h55m10s
[pb-ab-O-push-d4b.base] 795/1600  0.2 games/s  ETA 0h54m56s
[pb-ab-O-push-d4b.base] 795/1600  0.2 games/s  ETA 0h54m58s
[pb-ab-O-push-d4b.base] 795/1600  0.2 games/s  ETA 0h55m00s
[pb-ab-O-push-d4b.base] 795/1600  0.2 games/s  ETA 0h55m02s
[pb-ab-O-push-d4b.base] 795/1600  0.2 games/s  ETA 0h55m04s
[pb-ab-O-push-d4b.base] 796/1600  0.2 games/s  ETA 0h54m58s
[pb-ab-O-push-d4b.base] 796/1600  0.2 games/s  ETA 0h55m00s
[pb-ab-O-push-d4b.base] 796/1600  0.2 games/s  ETA 0h55m02s
[pb-ab-O-push-d4b.base] 796/1600  0.2 games/s  ETA 0h55m04s
[pb-ab-O-push-d4b.base] 798/1600  0.2 games/s  ETA 0h54m49s
[pb-ab-O-push-d4b.base] 798/1600  0.2 games/s  ETA 0h54m51s
[pb-ab-O-push-d4b.base] 798/1600  0.2 games/s  ETA 0h54m53s
[pb-ab-O-push-d4b.base] 798/1600  0.2 games/s  ETA 0h54m55s
[pb-ab-O-push-d4b.base] 799/1600  0.2 games/s  ETA 0h54m49s
[pb-ab-O-push-d4b.base] 800/1600  0.2 games/s  ETA 0h54m43s
[pb-ab-O-push-d4b.base] 800/1600  0.2 games/s  ETA 0h54m45s
[pb-ab-O-push-d4b.base] 800/1600  0.2 games/s  ETA 0h54m47s
[pb-ab-O-push-d4b.base] 800/1600  0.2 games/s  ETA 0h54m49s
[pb-ab-O-push-d4b.base] 801/1600  0.2 games/s  ETA 0h54m43s
[pb-ab-O-push-d4b.base] 802/1600  0.2 games/s  ETA 0h54m37s
[pb-ab-O-push-d4b.base] 802/1600  0.2 games/s  ETA 0h54m39s
[pb-ab-O-push-d4b.base] 802/1600  0.2 games/s  ETA 0h54m41s
[pb-ab-O-push-d4b.base] 802/1600  0.2 games/s  ETA 0h54m43s
[pb-ab-O-push-d4b.base] 802/1600  0.2 games/s  ETA 0h54m45s
[pb-ab-O-push-d4b.base] 802/1600  0.2 games/s  ETA 0h54m47s
[pb-ab-O-push-d4b.base] 802/1600  0.2 games/s  ETA 0h54m49s
[pb-ab-O-push-d4b.base] 802/1600  0.2 games/s  ETA 0h54m51s
[pb-ab-O-push-d4b.base] 803/1600  0.2 games/s  ETA 0h54m44s
[pb-ab-O-push-d4b.base] 803/1600  0.2 games/s  ETA 0h54m46s
[pb-ab-O-push-d4b.base] 803/1600  0.2 games/s  ETA 0h54m48s
[pb-ab-O-push-d4b.base] 806/1600  0.2 games/s  ETA 0h54m26s
[pb-ab-O-push-d4b.base] 806/1600  0.2 games/s  ETA 0h54m28s
[pb-ab-O-push-d4b.base] 806/1600  0.2 games/s  ETA 0h54m30s
[pb-ab-O-push-d4b.base] 806/1600  0.2 games/s  ETA 0h54m32s
[pb-ab-O-push-d4b.base] 807/1600  0.2 games/s  ETA 0h54m25s
[pb-ab-O-push-d4b.base] 808/1600  0.2 games/s  ETA 0h54m19s
[pb-ab-O-push-d4b.base] 808/1600  0.2 games/s  ETA 0h54m21s
[pb-ab-O-push-d4b.base] 808/1600  0.2 games/s  ETA 0h54m23s
[pb-ab-O-push-d4b.base] 809/1600  0.2 games/s  ETA 0h54m17s
[pb-ab-O-push-d4b.base] 810/1600  0.2 games/s  ETA 0h54m11s
[pb-ab-O-push-d4b.base] 810/1600  0.2 games/s  ETA 0h54m13s
[pb-ab-O-push-d4b.base] 810/1600  0.2 games/s  ETA 0h54m15s
[pb-ab-O-push-d4b.base] 811/1600  0.2 games/s  ETA 0h54m08s
[pb-ab-O-push-d4b.base] 811/1600  0.2 games/s  ETA 0h54m10s
[pb-ab-O-push-d4b.base] 811/1600  0.2 games/s  ETA 0h54m12s
[pb-ab-O-push-d4b.base] 811/1600  0.2 games/s  ETA 0h54m14s
[pb-ab-O-push-d4b.base] 812/1600  0.2 games/s  ETA 0h54m08s
[pb-ab-O-push-d4b.base] 812/1600  0.2 games/s  ETA 0h54m10s
[pb-ab-O-push-d4b.base] 812/1600  0.2 games/s  ETA 0h54m12s
[pb-ab-O-push-d4b.base] 812/1600  0.2 games/s  ETA 0h54m14s
[pb-ab-O-push-d4b.base] 813/1600  0.2 games/s  ETA 0h54m08s
[pb-ab-O-push-d4b.base] 813/1600  0.2 games/s  ETA 0h54m10s
[pb-ab-O-push-d4b.base] 813/1600  0.2 games/s  ETA 0h54m12s
[pb-ab-O-push-d4b.base] 814/1600  0.2 games/s  ETA 0h54m05s
[pb-ab-O-push-d4b.base] 815/1600  0.2 games/s  ETA 0h53m59s
[pb-ab-O-push-d4b.base] 815/1600  0.2 games/s  ETA 0h54m01s
[pb-ab-O-push-d4b.base] 815/1600  0.2 games/s  ETA 0h54m03s
[pb-ab-O-push-d4b.base] 815/1600  0.2 games/s  ETA 0h54m05s
[pb-ab-O-push-d4b.base] 815/1600  0.2 games/s  ETA 0h54m07s
[pb-ab-O-push-d4b.base] 815/1600  0.2 games/s  ETA 0h54m09s
[pb-ab-O-push-d4b.base] 816/1600  0.2 games/s  ETA 0h54m03s
[pb-ab-O-push-d4b.base] 816/1600  0.2 games/s  ETA 0h54m05s
[pb-ab-O-push-d4b.base] 816/1600  0.2 games/s  ETA 0h54m07s
[pb-ab-O-push-d4b.base] 817/1600  0.2 games/s  ETA 0h54m00s
[pb-ab-O-push-d4b.base] 817/1600  0.2 games/s  ETA 0h54m02s
[pb-ab-O-push-d4b.base] 819/1600  0.2 games/s  ETA 0h53m48s
[pb-ab-O-push-d4b.base] 820/1600  0.2 games/s  ETA 0h53m42s
[pb-ab-O-push-d4b.base] 820/1600  0.2 games/s  ETA 0h53m44s
[pb-ab-O-push-d4b.base] 820/1600  0.2 games/s  ETA 0h53m46s
[pb-ab-O-push-d4b.base] 821/1600  0.2 games/s  ETA 0h53m39s
[pb-ab-O-push-d4b.base] 821/1600  0.2 games/s  ETA 0h53m41s
[pb-ab-O-push-d4b.base] 823/1600  0.2 games/s  ETA 0h53m27s
[pb-ab-O-push-d4b.base] 824/1600  0.2 games/s  ETA 0h53m21s
[pb-ab-O-push-d4b.base] 824/1600  0.2 games/s  ETA 0h53m23s
[pb-ab-O-push-d4b.base] 824/1600  0.2 games/s  ETA 0h53m25s
[pb-ab-O-push-d4b.base] 824/1600  0.2 games/s  ETA 0h53m27s
[pb-ab-O-push-d4b.base] 825/1600  0.2 games/s  ETA 0h53m21s
[pb-ab-O-push-d4b.base] 825/1600  0.2 games/s  ETA 0h53m22s
[pb-ab-O-push-d4b.base] 826/1600  0.2 games/s  ETA 0h53m16s
[pb-ab-O-push-d4b.base] 826/1600  0.2 games/s  ETA 0h53m18s
[pb-ab-O-push-d4b.base] 826/1600  0.2 games/s  ETA 0h53m20s
[pb-ab-O-push-d4b.base] 827/1600  0.2 games/s  ETA 0h53m14s
[pb-ab-O-push-d4b.base] 827/1600  0.2 games/s  ETA 0h53m16s
[pb-ab-O-push-d4b.base] 827/1600  0.2 games/s  ETA 0h53m18s
[pb-ab-O-push-d4b.base] 828/1600  0.2 games/s  ETA 0h53m12s
[pb-ab-O-push-d4b.base] 828/1600  0.2 games/s  ETA 0h53m13s
[pb-ab-O-push-d4b.base] 828/1600  0.2 games/s  ETA 0h53m15s
[pb-ab-O-push-d4b.base] 829/1600  0.2 games/s  ETA 0h53m09s
[pb-ab-O-push-d4b.base] 829/1600  0.2 games/s  ETA 0h53m11s
[pb-ab-O-push-d4b.base] 830/1600  0.2 games/s  ETA 0h53m05s
[pb-ab-O-push-d4b.base] 830/1600  0.2 games/s  ETA 0h53m07s
[pb-ab-O-push-d4b.base] 830/1600  0.2 games/s  ETA 0h53m09s
[pb-ab-O-push-d4b.base] 830/1600  0.2 games/s  ETA 0h53m10s
[pb-ab-O-push-d4b.base] 830/1600  0.2 games/s  ETA 0h53m12s
[pb-ab-O-push-d4b.base] 831/1600  0.2 games/s  ETA 0h53m06s
[pb-ab-O-push-d4b.base] 831/1600  0.2 games/s  ETA 0h53m08s
[pb-ab-O-push-d4b.base] 831/1600  0.2 games/s  ETA 0h53m10s
[pb-ab-O-push-d4b.base] 831/1600  0.2 games/s  ETA 0h53m12s
[pb-ab-O-push-d4b.base] 831/1600  0.2 games/s  ETA 0h53m14s
[pb-ab-O-push-d4b.base] 833/1600  0.2 games/s  ETA 0h52m59s
[pb-ab-O-push-d4b.base] 834/1600  0.2 games/s  ETA 0h52m53s
[pb-ab-O-push-d4b.base] 834/1600  0.2 games/s  ETA 0h52m55s
[pb-ab-O-push-d4b.base] 835/1600  0.2 games/s  ETA 0h52m49s
[pb-ab-O-push-d4b.base] 835/1600  0.2 games/s  ETA 0h52m51s
[pb-ab-O-push-d4b.base] 835/1600  0.2 games/s  ETA 0h52m53s
[pb-ab-O-push-d4b.base] 836/1600  0.2 games/s  ETA 0h52m47s
[pb-ab-O-push-d4b.base] 836/1600  0.2 games/s  ETA 0h52m48s
[pb-ab-O-push-d4b.base] 836/1600  0.2 games/s  ETA 0h52m50s
[pb-ab-O-push-d4b.base] 837/1600  0.2 games/s  ETA 0h52m44s
[pb-ab-O-push-d4b.base] 837/1600  0.2 games/s  ETA 0h52m46s
[pb-ab-O-push-d4b.base] 837/1600  0.2 games/s  ETA 0h52m48s
[pb-ab-O-push-d4b.base] 838/1600  0.2 games/s  ETA 0h52m42s
[pb-ab-O-push-d4b.base] 838/1600  0.2 games/s  ETA 0h52m44s
[pb-ab-O-push-d4b.base] 838/1600  0.2 games/s  ETA 0h52m45s
[pb-ab-O-push-d4b.base] 839/1600  0.2 games/s  ETA 0h52m39s
[pb-ab-O-push-d4b.base] 839/1600  0.2 games/s  ETA 0h52m41s
[pb-ab-O-push-d4b.base] 839/1600  0.2 games/s  ETA 0h52m43s
[pb-ab-O-push-d4b.base] 840/1600  0.2 games/s  ETA 0h52m37s
[pb-ab-O-push-d4b.base] 841/1600  0.2 games/s  ETA 0h52m31s
[pb-ab-O-push-d4b.base] 842/1600  0.2 games/s  ETA 0h52m25s
[pb-ab-O-push-d4b.base] 842/1600  0.2 games/s  ETA 0h52m26s
[pb-ab-O-push-d4b.base] 843/1600  0.2 games/s  ETA 0h52m20s
[pb-ab-O-push-d4b.base] 843/1600  0.2 games/s  ETA 0h52m22s
[pb-ab-O-push-d4b.base] 843/1600  0.2 games/s  ETA 0h52m24s
[pb-ab-O-push-d4b.base] 843/1600  0.2 games/s  ETA 0h52m26s
[pb-ab-O-push-d4b.base] 843/1600  0.2 games/s  ETA 0h52m27s
[pb-ab-O-push-d4b.base] 843/1600  0.2 games/s  ETA 0h52m29s
[pb-ab-O-push-d4b.base] 844/1600  0.2 games/s  ETA 0h52m23s
[pb-ab-O-push-d4b.base] 844/1600  0.2 games/s  ETA 0h52m25s
[pb-ab-O-push-d4b.base] 844/1600  0.2 games/s  ETA 0h52m27s
[pb-ab-O-push-d4b.base] 846/1600  0.2 games/s  ETA 0h52m13s
[pb-ab-O-push-d4b.base] 846/1600  0.2 games/s  ETA 0h52m15s
[pb-ab-O-push-d4b.base] 846/1600  0.2 games/s  ETA 0h52m16s
[pb-ab-O-push-d4b.base] 846/1600  0.2 games/s  ETA 0h52m18s
[pb-ab-O-push-d4b.base] 846/1600  0.2 games/s  ETA 0h52m20s
[pb-ab-O-push-d4b.base] 847/1600  0.2 games/s  ETA 0h52m14s
[pb-ab-O-push-d4b.base] 847/1600  0.2 games/s  ETA 0h52m16s
[pb-ab-O-push-d4b.base] 848/1600  0.2 games/s  ETA 0h52m10s
[pb-ab-O-push-d4b.base] 849/1600  0.2 games/s  ETA 0h52m03s
[pb-ab-O-push-d4b.base] 849/1600  0.2 games/s  ETA 0h52m05s
[pb-ab-O-push-d4b.base] 850/1600  0.2 games/s  ETA 0h51m59s
[pb-ab-O-push-d4b.base] 850/1600  0.2 games/s  ETA 0h52m01s
[pb-ab-O-push-d4b.base] 850/1600  0.2 games/s  ETA 0h52m03s
[pb-ab-O-push-d4b.base] 852/1600  0.2 games/s  ETA 0h51m49s
[pb-ab-O-push-d4b.base] 852/1600  0.2 games/s  ETA 0h51m51s
[pb-ab-O-push-d4b.base] 853/1600  0.2 games/s  ETA 0h51m45s
[pb-ab-O-push-d4b.base] 853/1600  0.2 games/s  ETA 0h51m46s
[pb-ab-O-push-d4b.base] 853/1600  0.2 games/s  ETA 0h51m48s
[pb-ab-O-push-d4b.base] 854/1600  0.2 games/s  ETA 0h51m42s
[pb-ab-O-push-d4b.base] 854/1600  0.2 games/s  ETA 0h51m44s
[pb-ab-O-push-d4b.base] 854/1600  0.2 games/s  ETA 0h51m45s
[pb-ab-O-push-d4b.base] 854/1600  0.2 games/s  ETA 0h51m47s
[pb-ab-O-push-d4b.base] 855/1600  0.2 games/s  ETA 0h51m41s
[pb-ab-O-push-d4b.base] 855/1600  0.2 games/s  ETA 0h51m43s
[pb-ab-O-push-d4b.base] 857/1600  0.2 games/s  ETA 0h51m29s
[pb-ab-O-push-d4b.base] 857/1600  0.2 games/s  ETA 0h51m31s
[pb-ab-O-push-d4b.base] 857/1600  0.2 games/s  ETA 0h51m33s
[pb-ab-O-push-d4b.base] 857/1600  0.2 games/s  ETA 0h51m34s
[pb-ab-O-push-d4b.base] 857/1600  0.2 games/s  ETA 0h51m36s
[pb-ab-O-push-d4b.base] 858/1600  0.2 games/s  ETA 0h51m30s
[pb-ab-O-push-d4b.base] 859/1600  0.2 games/s  ETA 0h51m24s
[pb-ab-O-push-d4b.base] 859/1600  0.2 games/s  ETA 0h51m26s
[pb-ab-O-push-d4b.base] 859/1600  0.2 games/s  ETA 0h51m27s
[pb-ab-O-push-d4b.base] 859/1600  0.2 games/s  ETA 0h51m29s
[pb-ab-O-push-d4b.base] 859/1600  0.2 games/s  ETA 0h51m31s
[pb-ab-O-push-d4b.base] 860/1600  0.2 games/s  ETA 0h51m25s
[pb-ab-O-push-d4b.base] 861/1600  0.2 games/s  ETA 0h51m19s
[pb-ab-O-push-d4b.base] 861/1600  0.2 games/s  ETA 0h51m21s
[pb-ab-O-push-d4b.base] 861/1600  0.2 games/s  ETA 0h51m22s
[pb-ab-O-push-d4b.base] 861/1600  0.2 games/s  ETA 0h51m24s
[pb-ab-O-push-d4b.base] 862/1600  0.2 games/s  ETA 0h51m18s
[pb-ab-O-push-d4b.base] 863/1600  0.2 games/s  ETA 0h51m12s
[pb-ab-O-push-d4b.base] 864/1600  0.2 games/s  ETA 0h51m06s
[pb-ab-O-push-d4b.base] 864/1600  0.2 games/s  ETA 0h51m08s
[pb-ab-O-push-d4b.base] 864/1600  0.2 games/s  ETA 0h51m09s
[pb-ab-O-push-d4b.base] 864/1600  0.2 games/s  ETA 0h51m11s
[pb-ab-O-push-d4b.base] 865/1600  0.2 games/s  ETA 0h51m05s
[pb-ab-O-push-d4b.base] 865/1600  0.2 games/s  ETA 0h51m07s
[pb-ab-O-push-d4b.base] 865/1600  0.2 games/s  ETA 0h51m08s
[pb-ab-O-push-d4b.base] 866/1600  0.2 games/s  ETA 0h51m02s
[pb-ab-O-push-d4b.base] 867/1600  0.2 games/s  ETA 0h50m56s
[pb-ab-O-push-d4b.base] 867/1600  0.2 games/s  ETA 0h50m58s
[pb-ab-O-push-d4b.base] 867/1600  0.2 games/s  ETA 0h51m00s
[pb-ab-O-push-d4b.base] 867/1600  0.2 games/s  ETA 0h51m01s
[pb-ab-O-push-d4b.base] 868/1600  0.2 games/s  ETA 0h50m55s
[pb-ab-O-push-d4b.base] 868/1600  0.2 games/s  ETA 0h50m57s
[pb-ab-O-push-d4b.base] 868/1600  0.2 games/s  ETA 0h50m59s
[pb-ab-O-push-d4b.base] 869/1600  0.2 games/s  ETA 0h50m53s
[pb-ab-O-push-d4b.base] 869/1600  0.2 games/s  ETA 0h50m54s
[pb-ab-O-push-d4b.base] 870/1600  0.2 games/s  ETA 0h50m48s
[pb-ab-O-push-d4b.base] 871/1600  0.2 games/s  ETA 0h50m42s
[pb-ab-O-push-d4b.base] 871/1600  0.2 games/s  ETA 0h50m44s
[pb-ab-O-push-d4b.base] 871/1600  0.2 games/s  ETA 0h50m46s
[pb-ab-O-push-d4b.base] 872/1600  0.2 games/s  ETA 0h50m40s
[pb-ab-O-push-d4b.base] 873/1600  0.2 games/s  ETA 0h50m34s
[pb-ab-O-push-d4b.base] 873/1600  0.2 games/s  ETA 0h50m35s
[pb-ab-O-push-d4b.base] 873/1600  0.2 games/s  ETA 0h50m37s
[pb-ab-O-push-d4b.base] 873/1600  0.2 games/s  ETA 0h50m39s
[pb-ab-O-push-d4b.base] 873/1600  0.2 games/s  ETA 0h50m40s
[pb-ab-O-push-d4b.base] 874/1600  0.2 games/s  ETA 0h50m34s
[pb-ab-O-push-d4b.base] 874/1600  0.2 games/s  ETA 0h50m36s
[pb-ab-O-push-d4b.base] 874/1600  0.2 games/s  ETA 0h50m38s
[pb-ab-O-push-d4b.base] 875/1600  0.2 games/s  ETA 0h50m32s
[pb-ab-O-push-d4b.base] 876/1600  0.2 games/s  ETA 0h50m26s
[pb-ab-O-push-d4b.base] 876/1600  0.2 games/s  ETA 0h50m27s
[pb-ab-O-push-d4b.base] 876/1600  0.2 games/s  ETA 0h50m29s
[pb-ab-O-push-d4b.base] 876/1600  0.2 games/s  ETA 0h50m31s
[pb-ab-O-push-d4b.base] 876/1600  0.2 games/s  ETA 0h50m32s
[pb-ab-O-push-d4b.base] 876/1600  0.2 games/s  ETA 0h50m34s
[pb-ab-O-push-d4b.base] 876/1600  0.2 games/s  ETA 0h50m36s
[pb-ab-O-push-d4b.base] 876/1600  0.2 games/s  ETA 0h50m37s
[pb-ab-O-push-d4b.base] 877/1600  0.2 games/s  ETA 0h50m31s
[pb-ab-O-push-d4b.base] 878/1600  0.2 games/s  ETA 0h50m25s
[pb-ab-O-push-d4b.base] 879/1600  0.2 games/s  ETA 0h50m19s
[pb-ab-O-push-d4b.base] 879/1600  0.2 games/s  ETA 0h50m21s
[pb-ab-O-push-d4b.base] 880/1600  0.2 games/s  ETA 0h50m15s
[pb-ab-O-push-d4b.base] 880/1600  0.2 games/s  ETA 0h50m17s
[pb-ab-O-push-d4b.base] 880/1600  0.2 games/s  ETA 0h50m18s
[pb-ab-O-push-d4b.base] 881/1600  0.2 games/s  ETA 0h50m12s
[pb-ab-O-push-d4b.base] 882/1600  0.2 games/s  ETA 0h50m06s
[pb-ab-O-push-d4b.base] 882/1600  0.2 games/s  ETA 0h50m08s
[pb-ab-O-push-d4b.base] 882/1600  0.2 games/s  ETA 0h50m10s
[pb-ab-O-push-d4b.base] 882/1600  0.2 games/s  ETA 0h50m11s
[pb-ab-O-push-d4b.base] 883/1600  0.2 games/s  ETA 0h50m05s
[pb-ab-O-push-d4b.base] 883/1600  0.2 games/s  ETA 0h50m07s
[pb-ab-O-push-d4b.base] 884/1600  0.2 games/s  ETA 0h50m01s
[pb-ab-O-push-d4b.base] 884/1600  0.2 games/s  ETA 0h50m03s
[pb-ab-O-push-d4b.base] 884/1600  0.2 games/s  ETA 0h50m04s
[pb-ab-O-push-d4b.base] 884/1600  0.2 games/s  ETA 0h50m06s
[pb-ab-O-push-d4b.base] 884/1600  0.2 games/s  ETA 0h50m07s
[pb-ab-O-push-d4b.base] 885/1600  0.2 games/s  ETA 0h50m01s
[pb-ab-O-push-d4b.base] 885/1600  0.2 games/s  ETA 0h50m03s
[pb-ab-O-push-d4b.base] 885/1600  0.2 games/s  ETA 0h50m05s
[pb-ab-O-push-d4b.base] 886/1600  0.2 games/s  ETA 0h49m59s
[pb-ab-O-push-d4b.base] 886/1600  0.2 games/s  ETA 0h50m00s
[pb-ab-O-push-d4b.base] 886/1600  0.2 games/s  ETA 0h50m02s
[pb-ab-O-push-d4b.base] 886/1600  0.2 games/s  ETA 0h50m04s
[pb-ab-O-push-d4b.base] 886/1600  0.2 games/s  ETA 0h50m05s
[pb-ab-O-push-d4b.base] 887/1600  0.2 games/s  ETA 0h49m59s
[pb-ab-O-push-d4b.base] 887/1600  0.2 games/s  ETA 0h50m01s
[pb-ab-O-push-d4b.base] 887/1600  0.2 games/s  ETA 0h50m02s
[pb-ab-O-push-d4b.base] 888/1600  0.2 games/s  ETA 0h49m56s
[pb-ab-O-push-d4b.base] 889/1600  0.2 games/s  ETA 0h49m50s
[pb-ab-O-push-d4b.base] 889/1600  0.2 games/s  ETA 0h49m52s
[pb-ab-O-push-d4b.base] 889/1600  0.2 games/s  ETA 0h49m54s
[pb-ab-O-push-d4b.base] 889/1600  0.2 games/s  ETA 0h49m55s
[pb-ab-O-push-d4b.base] 889/1600  0.2 games/s  ETA 0h49m57s
[pb-ab-O-push-d4b.base] 890/1600  0.2 games/s  ETA 0h49m51s
[pb-ab-O-push-d4b.base] 891/1600  0.2 games/s  ETA 0h49m45s
[pb-ab-O-push-d4b.base] 892/1600  0.2 games/s  ETA 0h49m39s
[pb-ab-O-push-d4b.base] 892/1600  0.2 games/s  ETA 0h49m40s
[pb-ab-O-push-d4b.base] 892/1600  0.2 games/s  ETA 0h49m42s
[pb-ab-O-push-d4b.base] 893/1600  0.2 games/s  ETA 0h49m36s
[pb-ab-O-push-d4b.base] 893/1600  0.2 games/s  ETA 0h49m38s
[pb-ab-O-push-d4b.base] 893/1600  0.2 games/s  ETA 0h49m39s
[pb-ab-O-push-d4b.base] 893/1600  0.2 games/s  ETA 0h49m41s
[pb-ab-O-push-d4b.base] 894/1600  0.2 games/s  ETA 0h49m35s
[pb-ab-O-push-d4b.base] 895/1600  0.2 games/s  ETA 0h49m29s
[pb-ab-O-push-d4b.base] 895/1600  0.2 games/s  ETA 0h49m31s
[pb-ab-O-push-d4b.base] 895/1600  0.2 games/s  ETA 0h49m32s
[pb-ab-O-push-d4b.base] 896/1600  0.2 games/s  ETA 0h49m26s
[pb-ab-O-push-d4b.base] 896/1600  0.2 games/s  ETA 0h49m28s
[pb-ab-O-push-d4b.base] 897/1600  0.2 games/s  ETA 0h49m22s
[pb-ab-O-push-d4b.base] 897/1600  0.2 games/s  ETA 0h49m23s
[pb-ab-O-push-d4b.base] 897/1600  0.2 games/s  ETA 0h49m25s
[pb-ab-O-push-d4b.base] 897/1600  0.2 games/s  ETA 0h49m26s
[pb-ab-O-push-d4b.base] 898/1600  0.2 games/s  ETA 0h49m21s
[pb-ab-O-push-d4b.base] 899/1600  0.2 games/s  ETA 0h49m15s
[pb-ab-O-push-d4b.base] 899/1600  0.2 games/s  ETA 0h49m16s
[pb-ab-O-push-d4b.base] 899/1600  0.2 games/s  ETA 0h49m18s
[pb-ab-O-push-d4b.base] 900/1600  0.2 games/s  ETA 0h49m12s
[pb-ab-O-push-d4b.base] 900/1600  0.2 games/s  ETA 0h49m13s
[pb-ab-O-push-d4b.base] 900/1600  0.2 games/s  ETA 0h49m15s
[pb-ab-O-push-d4b.base] 901/1600  0.2 games/s  ETA 0h49m09s
[pb-ab-O-push-d4b.base] 902/1600  0.2 games/s  ETA 0h49m03s
[pb-ab-O-push-d4b.base] 902/1600  0.2 games/s  ETA 0h49m05s
[pb-ab-O-push-d4b.base] 902/1600  0.2 games/s  ETA 0h49m06s
[pb-ab-O-push-d4b.base] 903/1600  0.2 games/s  ETA 0h49m00s
[pb-ab-O-push-d4b.base] 903/1600  0.2 games/s  ETA 0h49m02s
[pb-ab-O-push-d4b.base] 903/1600  0.2 games/s  ETA 0h49m03s
[pb-ab-O-push-d4b.base] 904/1600  0.2 games/s  ETA 0h48m57s
[pb-ab-O-push-d4b.base] 905/1600  0.2 games/s  ETA 0h48m51s
[pb-ab-O-push-d4b.base] 905/1600  0.2 games/s  ETA 0h48m53s
[pb-ab-O-push-d4b.base] 906/1600  0.2 games/s  ETA 0h48m47s
[pb-ab-O-push-d4b.base] 906/1600  0.2 games/s  ETA 0h48m49s
[pb-ab-O-push-d4b.base] 906/1600  0.2 games/s  ETA 0h48m50s
[pb-ab-O-push-d4b.base] 907/1600  0.2 games/s  ETA 0h48m44s
[pb-ab-O-push-d4b.base] 907/1600  0.2 games/s  ETA 0h48m46s
[pb-ab-O-push-d4b.base] 907/1600  0.2 games/s  ETA 0h48m47s
[pb-ab-O-push-d4b.base] 908/1600  0.2 games/s  ETA 0h48m41s
[pb-ab-O-push-d4b.base] 909/1600  0.2 games/s  ETA 0h48m35s
[pb-ab-O-push-d4b.base] 909/1600  0.2 games/s  ETA 0h48m37s
[pb-ab-O-push-d4b.base] 909/1600  0.2 games/s  ETA 0h48m38s
[pb-ab-O-push-d4b.base] 910/1600  0.2 games/s  ETA 0h48m32s
[pb-ab-O-push-d4b.base] 910/1600  0.2 games/s  ETA 0h48m34s
[pb-ab-O-push-d4b.base] 910/1600  0.2 games/s  ETA 0h48m36s
[pb-ab-O-push-d4b.base] 910/1600  0.2 games/s  ETA 0h48m37s
[pb-ab-O-push-d4b.base] 911/1600  0.2 games/s  ETA 0h48m31s
[pb-ab-O-push-d4b.base] 911/1600  0.2 games/s  ETA 0h48m33s
[pb-ab-O-push-d4b.base] 912/1600  0.2 games/s  ETA 0h48m27s
[pb-ab-O-push-d4b.base] 912/1600  0.2 games/s  ETA 0h48m28s
[pb-ab-O-push-d4b.base] 912/1600  0.2 games/s  ETA 0h48m30s
[pb-ab-O-push-d4b.base] 912/1600  0.2 games/s  ETA 0h48m31s
[pb-ab-O-push-d4b.base] 912/1600  0.2 games/s  ETA 0h48m33s
[pb-ab-O-push-d4b.base] 912/1600  0.2 games/s  ETA 0h48m34s
[pb-ab-O-push-d4b.base] 912/1600  0.2 games/s  ETA 0h48m36s
[pb-ab-O-push-d4b.base] 912/1600  0.2 games/s  ETA 0h48m37s
[pb-ab-O-push-d4b.base] 913/1600  0.2 games/s  ETA 0h48m31s
[pb-ab-O-push-d4b.base] 913/1600  0.2 games/s  ETA 0h48m33s
[pb-ab-O-push-d4b.base] 914/1600  0.2 games/s  ETA 0h48m27s
[pb-ab-O-push-d4b.base] 914/1600  0.2 games/s  ETA 0h48m28s
[pb-ab-O-push-d4b.base] 914/1600  0.2 games/s  ETA 0h48m30s
[pb-ab-O-push-d4b.base] 915/1600  0.2 games/s  ETA 0h48m24s
[pb-ab-O-push-d4b.base] 916/1600  0.2 games/s  ETA 0h48m18s
[pb-ab-O-push-d4b.base] 916/1600  0.2 games/s  ETA 0h48m20s
[pb-ab-O-push-d4b.base] 916/1600  0.2 games/s  ETA 0h48m21s
[pb-ab-O-push-d4b.base] 916/1600  0.2 games/s  ETA 0h48m23s
[pb-ab-O-push-d4b.base] 917/1600  0.2 games/s  ETA 0h48m17s
[pb-ab-O-push-d4b.base] 918/1600  0.2 games/s  ETA 0h48m11s
[pb-ab-O-push-d4b.base] 918/1600  0.2 games/s  ETA 0h48m12s
[pb-ab-O-push-d4b.base] 918/1600  0.2 games/s  ETA 0h48m14s
[pb-ab-O-push-d4b.base] 919/1600  0.2 games/s  ETA 0h48m08s
[pb-ab-O-push-d4b.base] 920/1600  0.2 games/s  ETA 0h48m02s
[pb-ab-O-push-d4b.base] 920/1600  0.2 games/s  ETA 0h48m03s
[pb-ab-O-push-d4b.base] 920/1600  0.2 games/s  ETA 0h48m05s
[pb-ab-O-push-d4b.base] 920/1600  0.2 games/s  ETA 0h48m06s
[pb-ab-O-push-d4b.base] 920/1600  0.2 games/s  ETA 0h48m08s
[pb-ab-O-push-d4b.base] 920/1600  0.2 games/s  ETA 0h48m09s
[pb-ab-O-push-d4b.base] 921/1600  0.2 games/s  ETA 0h48m03s
[pb-ab-O-push-d4b.base] 923/1600  0.2 games/s  ETA 0h47m50s
[pb-ab-O-push-d4b.base] 923/1600  0.2 games/s  ETA 0h47m52s
[pb-ab-O-push-d4b.base] 923/1600  0.2 games/s  ETA 0h47m53s
[pb-ab-O-push-d4b.base] 923/1600  0.2 games/s  ETA 0h47m55s
[pb-ab-O-push-d4b.base] 924/1600  0.2 games/s  ETA 0h47m49s
[pb-ab-O-push-d4b.base] 924/1600  0.2 games/s  ETA 0h47m50s
[pb-ab-O-push-d4b.base] 925/1600  0.2 games/s  ETA 0h47m44s
[pb-ab-O-push-d4b.base] 926/1600  0.2 games/s  ETA 0h47m38s
[pb-ab-O-push-d4b.base] 926/1600  0.2 games/s  ETA 0h47m40s
[pb-ab-O-push-d4b.base] 926/1600  0.2 games/s  ETA 0h47m41s
[pb-ab-O-push-d4b.base] 926/1600  0.2 games/s  ETA 0h47m43s
[pb-ab-O-push-d4b.base] 927/1600  0.2 games/s  ETA 0h47m37s
[pb-ab-O-push-d4b.base] 928/1600  0.2 games/s  ETA 0h47m31s
[pb-ab-O-push-d4b.base] 928/1600  0.2 games/s  ETA 0h47m32s
[pb-ab-O-push-d4b.base] 928/1600  0.2 games/s  ETA 0h47m34s
[pb-ab-O-push-d4b.base] 929/1600  0.2 games/s  ETA 0h47m28s
[pb-ab-O-push-d4b.base] 929/1600  0.2 games/s  ETA 0h47m29s
[pb-ab-O-push-d4b.base] 929/1600  0.2 games/s  ETA 0h47m31s
[pb-ab-O-push-d4b.base] 930/1600  0.2 games/s  ETA 0h47m25s
[pb-ab-O-push-d4b.base] 931/1600  0.2 games/s  ETA 0h47m19s
[pb-ab-O-push-d4b.base] 931/1600  0.2 games/s  ETA 0h47m21s
[pb-ab-O-push-d4b.base] 931/1600  0.2 games/s  ETA 0h47m22s
[pb-ab-O-push-d4b.base] 931/1600  0.2 games/s  ETA 0h47m24s
[pb-ab-O-push-d4b.base] 932/1600  0.2 games/s  ETA 0h47m18s
[pb-ab-O-push-d4b.base] 932/1600  0.2 games/s  ETA 0h47m19s
[pb-ab-O-push-d4b.base] 932/1600  0.2 games/s  ETA 0h47m21s
[pb-ab-O-push-d4b.base] 933/1600  0.2 games/s  ETA 0h47m15s
[pb-ab-O-push-d4b.base] 933/1600  0.2 games/s  ETA 0h47m16s
[pb-ab-O-push-d4b.base] 933/1600  0.2 games/s  ETA 0h47m18s
[pb-ab-O-push-d4b.base] 934/1600  0.2 games/s  ETA 0h47m12s
[pb-ab-O-push-d4b.base] 934/1600  0.2 games/s  ETA 0h47m13s
[pb-ab-O-push-d4b.base] 934/1600  0.2 games/s  ETA 0h47m14s
[pb-ab-O-push-d4b.base] 934/1600  0.2 games/s  ETA 0h47m16s
[pb-ab-O-push-d4b.base] 934/1600  0.2 games/s  ETA 0h47m17s
[pb-ab-O-push-d4b.base] 935/1600  0.2 games/s  ETA 0h47m11s
[pb-ab-O-push-d4b.base] 936/1600  0.2 games/s  ETA 0h47m06s
[pb-ab-O-push-d4b.base] 936/1600  0.2 games/s  ETA 0h47m07s
[pb-ab-O-push-d4b.base] 937/1600  0.2 games/s  ETA 0h47m01s
[pb-ab-O-push-d4b.base] 938/1600  0.2 games/s  ETA 0h46m55s
[pb-ab-O-push-d4b.base] 938/1600  0.2 games/s  ETA 0h46m57s
[pb-ab-O-push-d4b.base] 939/1600  0.2 games/s  ETA 0h46m51s
[pb-ab-O-push-d4b.base] 939/1600  0.2 games/s  ETA 0h46m52s
[pb-ab-O-push-d4b.base] 941/1600  0.2 games/s  ETA 0h46m39s
[pb-ab-O-push-d4b.base] 941/1600  0.2 games/s  ETA 0h46m41s
[pb-ab-O-push-d4b.base] 941/1600  0.2 games/s  ETA 0h46m42s
[pb-ab-O-push-d4b.base] 941/1600  0.2 games/s  ETA 0h46m43s
[pb-ab-O-push-d4b.base] 942/1600  0.2 games/s  ETA 0h46m38s
[pb-ab-O-push-d4b.base] 942/1600  0.2 games/s  ETA 0h46m39s
[pb-ab-O-push-d4b.base] 942/1600  0.2 games/s  ETA 0h46m40s
[pb-ab-O-push-d4b.base] 942/1600  0.2 games/s  ETA 0h46m42s
[pb-ab-O-push-d4b.base] 942/1600  0.2 games/s  ETA 0h46m43s
[pb-ab-O-push-d4b.base] 942/1600  0.2 games/s  ETA 0h46m45s
[pb-ab-O-push-d4b.base] 943/1600  0.2 games/s  ETA 0h46m39s
[pb-ab-O-push-d4b.base] 943/1600  0.2 games/s  ETA 0h46m40s
[pb-ab-O-push-d4b.base] 944/1600  0.2 games/s  ETA 0h46m34s
[pb-ab-O-push-d4b.base] 944/1600  0.2 games/s  ETA 0h46m36s
[pb-ab-O-push-d4b.base] 945/1600  0.2 games/s  ETA 0h46m30s
[pb-ab-O-push-d4b.base] 945/1600  0.2 games/s  ETA 0h46m31s
[pb-ab-O-push-d4b.base] 945/1600  0.2 games/s  ETA 0h46m33s
[pb-ab-O-push-d4b.base] 945/1600  0.2 games/s  ETA 0h46m34s
[pb-ab-O-push-d4b.base] 946/1600  0.2 games/s  ETA 0h46m28s
[pb-ab-O-push-d4b.base] 946/1600  0.2 games/s  ETA 0h46m30s
[pb-ab-O-push-d4b.base] 947/1600  0.2 games/s  ETA 0h46m24s
[pb-ab-O-push-d4b.base] 947/1600  0.2 games/s  ETA 0h46m25s
[pb-ab-O-push-d4b.base] 948/1600  0.2 games/s  ETA 0h46m19s
[pb-ab-O-push-d4b.base] 948/1600  0.2 games/s  ETA 0h46m21s
[pb-ab-O-push-d4b.base] 948/1600  0.2 games/s  ETA 0h46m22s
[pb-ab-O-push-d4b.base] 948/1600  0.2 games/s  ETA 0h46m23s
[pb-ab-O-push-d4b.base] 949/1600  0.2 games/s  ETA 0h46m18s
[pb-ab-O-push-d4b.base] 949/1600  0.2 games/s  ETA 0h46m19s
[pb-ab-O-push-d4b.base] 949/1600  0.2 games/s  ETA 0h46m20s
[pb-ab-O-push-d4b.base] 949/1600  0.2 games/s  ETA 0h46m22s
[pb-ab-O-push-d4b.base] 949/1600  0.2 games/s  ETA 0h46m23s
[pb-ab-O-push-d4b.base] 951/1600  0.2 games/s  ETA 0h46m10s
[pb-ab-O-push-d4b.base] 953/1600  0.2 games/s  ETA 0h45m57s
[pb-ab-O-push-d4b.base] 955/1600  0.2 games/s  ETA 0h45m44s
[pb-ab-O-push-d4b.base] 955/1600  0.2 games/s  ETA 0h45m46s
[pb-ab-O-push-d4b.base] 955/1600  0.2 games/s  ETA 0h45m47s
[pb-ab-O-push-d4b.base] 956/1600  0.2 games/s  ETA 0h45m41s
[pb-ab-O-push-d4b.base] 957/1600  0.2 games/s  ETA 0h45m35s
[pb-ab-O-push-d4b.base] 957/1600  0.2 games/s  ETA 0h45m37s
[pb-ab-O-push-d4b.base] 958/1600  0.2 games/s  ETA 0h45m31s
[pb-ab-O-push-d4b.base] 958/1600  0.2 games/s  ETA 0h45m32s
[pb-ab-O-push-d4b.base] 958/1600  0.2 games/s  ETA 0h45m34s
[pb-ab-O-push-d4b.base] 958/1600  0.2 games/s  ETA 0h45m35s
[pb-ab-O-push-d4b.base] 958/1600  0.2 games/s  ETA 0h45m36s
[pb-ab-O-push-d4b.base] 958/1600  0.2 games/s  ETA 0h45m38s
[pb-ab-O-push-d4b.base] 958/1600  0.2 games/s  ETA 0h45m39s
[pb-ab-O-push-d4b.base] 961/1600  0.2 games/s  ETA 0h45m19s
[pb-ab-O-push-d4b.base] 961/1600  0.2 games/s  ETA 0h45m20s
[pb-ab-O-push-d4b.base] 961/1600  0.2 games/s  ETA 0h45m22s
[pb-ab-O-push-d4b.base] 961/1600  0.2 games/s  ETA 0h45m23s
[pb-ab-O-push-d4b.base] 962/1600  0.2 games/s  ETA 0h45m17s
[pb-ab-O-push-d4b.base] 963/1600  0.2 games/s  ETA 0h45m11s
[pb-ab-O-push-d4b.base] 963/1600  0.2 games/s  ETA 0h45m13s
[pb-ab-O-push-d4b.base] 963/1600  0.2 games/s  ETA 0h45m14s
[pb-ab-O-push-d4b.base] 964/1600  0.2 games/s  ETA 0h45m08s
[pb-ab-O-push-d4b.base] 965/1600  0.2 games/s  ETA 0h45m03s
[pb-ab-O-push-d4b.base] 965/1600  0.2 games/s  ETA 0h45m04s
[pb-ab-O-push-d4b.base] 966/1600  0.2 games/s  ETA 0h44m58s
[pb-ab-O-push-d4b.base] 966/1600  0.2 games/s  ETA 0h44m59s
[pb-ab-O-push-d4b.base] 966/1600  0.2 games/s  ETA 0h45m01s
[pb-ab-O-push-d4b.base] 967/1600  0.2 games/s  ETA 0h44m55s
[pb-ab-O-push-d4b.base] 968/1600  0.2 games/s  ETA 0h44m49s
[pb-ab-O-push-d4b.base] 968/1600  0.2 games/s  ETA 0h44m51s
[pb-ab-O-push-d4b.base] 968/1600  0.2 games/s  ETA 0h44m52s
[pb-ab-O-push-d4b.base] 968/1600  0.2 games/s  ETA 0h44m53s
[pb-ab-O-push-d4b.base] 968/1600  0.2 games/s  ETA 0h44m55s
[pb-ab-O-push-d4b.base] 968/1600  0.2 games/s  ETA 0h44m56s
[pb-ab-O-push-d4b.base] 969/1600  0.2 games/s  ETA 0h44m50s
[pb-ab-O-push-d4b.base] 970/1600  0.2 games/s  ETA 0h44m44s
[pb-ab-O-push-d4b.base] 970/1600  0.2 games/s  ETA 0h44m46s
[pb-ab-O-push-d4b.base] 970/1600  0.2 games/s  ETA 0h44m47s
[pb-ab-O-push-d4b.base] 971/1600  0.2 games/s  ETA 0h44m41s
[pb-ab-O-push-d4b.base] 971/1600  0.2 games/s  ETA 0h44m43s
[pb-ab-O-push-d4b.base] 971/1600  0.2 games/s  ETA 0h44m44s
[pb-ab-O-push-d4b.base] 971/1600  0.2 games/s  ETA 0h44m45s
[pb-ab-O-push-d4b.base] 972/1600  0.2 games/s  ETA 0h44m39s
[pb-ab-O-push-d4b.base] 974/1600  0.2 games/s  ETA 0h44m27s
[pb-ab-O-push-d4b.base] 974/1600  0.2 games/s  ETA 0h44m28s
[pb-ab-O-push-d4b.base] 974/1600  0.2 games/s  ETA 0h44m29s
[pb-ab-O-push-d4b.base] 975/1600  0.2 games/s  ETA 0h44m24s
[pb-ab-O-push-d4b.base] 975/1600  0.2 games/s  ETA 0h44m25s
[pb-ab-O-push-d4b.base] 975/1600  0.2 games/s  ETA 0h44m26s
[pb-ab-O-push-d4b.base] 976/1600  0.2 games/s  ETA 0h44m20s
[pb-ab-O-push-d4b.base] 977/1600  0.2 games/s  ETA 0h44m15s
[pb-ab-O-push-d4b.base] 977/1600  0.2 games/s  ETA 0h44m16s
[pb-ab-O-push-d4b.base] 978/1600  0.2 games/s  ETA 0h44m10s
[pb-ab-O-push-d4b.base] 979/1600  0.2 games/s  ETA 0h44m05s
[pb-ab-O-push-d4b.base] 979/1600  0.2 games/s  ETA 0h44m06s
[pb-ab-O-push-d4b.base] 980/1600  0.2 games/s  ETA 0h44m00s
[pb-ab-O-push-d4b.base] 980/1600  0.2 games/s  ETA 0h44m01s
[pb-ab-O-push-d4b.base] 982/1600  0.2 games/s  ETA 0h43m49s
[pb-ab-O-push-d4b.base] 982/1600  0.2 games/s  ETA 0h43m50s
[pb-ab-O-push-d4b.base] 982/1600  0.2 games/s  ETA 0h43m51s
[pb-ab-O-push-d4b.base] 982/1600  0.2 games/s  ETA 0h43m53s
[pb-ab-O-push-d4b.base] 983/1600  0.2 games/s  ETA 0h43m47s
[pb-ab-O-push-d4b.base] 983/1600  0.2 games/s  ETA 0h43m48s
[pb-ab-O-push-d4b.base] 984/1600  0.2 games/s  ETA 0h43m42s
[pb-ab-O-push-d4b.base] 986/1600  0.2 games/s  ETA 0h43m30s
[pb-ab-O-push-d4b.base] 986/1600  0.2 games/s  ETA 0h43m31s
[pb-ab-O-push-d4b.base] 987/1600  0.2 games/s  ETA 0h43m25s
[pb-ab-O-push-d4b.base] 987/1600  0.2 games/s  ETA 0h43m27s
[pb-ab-O-push-d4b.base] 988/1600  0.2 games/s  ETA 0h43m21s
[pb-ab-O-push-d4b.base] 988/1600  0.2 games/s  ETA 0h43m22s
[pb-ab-O-push-d4b.base] 988/1600  0.2 games/s  ETA 0h43m24s
[pb-ab-O-push-d4b.base] 989/1600  0.2 games/s  ETA 0h43m18s
[pb-ab-O-push-d4b.base] 989/1600  0.2 games/s  ETA 0h43m19s
[pb-ab-O-push-d4b.base] 990/1600  0.2 games/s  ETA 0h43m13s
[pb-ab-O-push-d4b.base] 990/1600  0.2 games/s  ETA 0h43m15s
[pb-ab-O-push-d4b.base] 992/1600  0.2 games/s  ETA 0h43m02s
[pb-ab-O-push-d4b.base] 993/1600  0.2 games/s  ETA 0h42m57s
[pb-ab-O-push-d4b.base] 994/1600  0.2 games/s  ETA 0h42m51s
[pb-ab-O-push-d4b.base] 994/1600  0.2 games/s  ETA 0h42m52s
[pb-ab-O-push-d4b.base] 995/1600  0.2 games/s  ETA 0h42m47s
[pb-ab-O-push-d4b.base] 996/1600  0.2 games/s  ETA 0h42m41s
[pb-ab-O-push-d4b.base] 997/1600  0.2 games/s  ETA 0h42m35s
[pb-ab-O-push-d4b.base] 997/1600  0.2 games/s  ETA 0h42m37s
[pb-ab-O-push-d4b.base] 997/1600  0.2 games/s  ETA 0h42m38s
[pb-ab-O-push-d4b.base] 997/1600  0.2 games/s  ETA 0h42m39s
[pb-ab-O-push-d4b.base] 997/1600  0.2 games/s  ETA 0h42m40s
[pb-ab-O-push-d4b.base] 997/1600  0.2 games/s  ETA 0h42m41s
[pb-ab-O-push-d4b.base] 997/1600  0.2 games/s  ETA 0h42m43s
[pb-ab-O-push-d4b.base] 997/1600  0.2 games/s  ETA 0h42m44s
[pb-ab-O-push-d4b.base] 997/1600  0.2 games/s  ETA 0h42m45s
[pb-ab-O-push-d4b.base] 999/1600  0.2 games/s  ETA 0h42m33s
[pb-ab-O-push-d4b.base] 1000/1600  0.2 games/s  ETA 0h42m27s
[pb-ab-O-push-d4b.base] 1000/1600  0.2 games/s  ETA 0h42m28s
[pb-ab-O-push-d4b.base] 1000/1600  0.2 games/s  ETA 0h42m29s
[pb-ab-O-push-d4b.base] 1001/1600  0.2 games/s  ETA 0h42m24s
[pb-ab-O-push-d4b.base] 1001/1600  0.2 games/s  ETA 0h42m25s
[pb-ab-O-push-d4b.base] 1001/1600  0.2 games/s  ETA 0h42m26s
[pb-ab-O-push-d4b.base] 1003/1600  0.2 games/s  ETA 0h42m14s
[pb-ab-O-push-d4b.base] 1003/1600  0.2 games/s  ETA 0h42m15s
[pb-ab-O-push-d4b.base] 1004/1600  0.2 games/s  ETA 0h42m09s
[pb-ab-O-push-d4b.base] 1005/1600  0.2 games/s  ETA 0h42m04s
[pb-ab-O-push-d4b.base] 1006/1600  0.2 games/s  ETA 0h41m58s
[pb-ab-O-push-d4b.base] 1007/1600  0.2 games/s  ETA 0h41m53s
[pb-ab-O-push-d4b.base] 1007/1600  0.2 games/s  ETA 0h41m54s
[pb-ab-O-push-d4b.base] 1009/1600  0.2 games/s  ETA 0h41m42s
[pb-ab-O-push-d4b.base] 1009/1600  0.2 games/s  ETA 0h41m43s
[pb-ab-O-push-d4b.base] 1009/1600  0.2 games/s  ETA 0h41m44s
[pb-ab-O-push-d4b.base] 1009/1600  0.2 games/s  ETA 0h41m45s
[pb-ab-O-push-d4b.base] 1011/1600  0.2 games/s  ETA 0h41m33s
[pb-ab-O-push-d4b.base] 1012/1600  0.2 games/s  ETA 0h41m27s
[pb-ab-O-push-d4b.base] 1013/1600  0.2 games/s  ETA 0h41m22s
[pb-ab-O-push-d4b.base] 1013/1600  0.2 games/s  ETA 0h41m23s
[pb-ab-O-push-d4b.base] 1013/1600  0.2 games/s  ETA 0h41m24s
[pb-ab-O-push-d4b.base] 1013/1600  0.2 games/s  ETA 0h41m25s
[pb-ab-O-push-d4b.base] 1014/1600  0.2 games/s  ETA 0h41m20s
[pb-ab-O-push-d4b.base] 1014/1600  0.2 games/s  ETA 0h41m21s
[pb-ab-O-push-d4b.base] 1015/1600  0.2 games/s  ETA 0h41m15s
[pb-ab-O-push-d4b.base] 1015/1600  0.2 games/s  ETA 0h41m17s
[pb-ab-O-push-d4b.base] 1015/1600  0.2 games/s  ETA 0h41m18s
[pb-ab-O-push-d4b.base] 1016/1600  0.2 games/s  ETA 0h41m12s
[pb-ab-O-push-d4b.base] 1016/1600  0.2 games/s  ETA 0h41m13s
[pb-ab-O-push-d4b.base] 1016/1600  0.2 games/s  ETA 0h41m15s
[pb-ab-O-push-d4b.base] 1016/1600  0.2 games/s  ETA 0h41m16s
[pb-ab-O-push-d4b.base] 1018/1600  0.2 games/s  ETA 0h41m04s
[pb-ab-O-push-d4b.base] 1018/1600  0.2 games/s  ETA 0h41m05s
[pb-ab-O-push-d4b.base] 1018/1600  0.2 games/s  ETA 0h41m06s
[pb-ab-O-push-d4b.base] 1020/1600  0.2 games/s  ETA 0h40m54s
[pb-ab-O-push-d4b.base] 1021/1600  0.2 games/s  ETA 0h40m48s
[pb-ab-O-push-d4b.base] 1021/1600  0.2 games/s  ETA 0h40m49s
[pb-ab-O-push-d4b.base] 1021/1600  0.2 games/s  ETA 0h40m50s
[pb-ab-O-push-d4b.base] 1021/1600  0.2 games/s  ETA 0h40m52s
[pb-ab-O-push-d4b.base] 1023/1600  0.2 games/s  ETA 0h40m39s
[pb-ab-O-push-d4b.base] 1024/1600  0.2 games/s  ETA 0h40m34s
[pb-ab-O-push-d4b.base] 1025/1600  0.2 games/s  ETA 0h40m29s
[pb-ab-O-push-d4b.base] 1026/1600  0.2 games/s  ETA 0h40m23s
[pb-ab-O-push-d4b.base] 1026/1600  0.2 games/s  ETA 0h40m24s
[pb-ab-O-push-d4b.base] 1026/1600  0.2 games/s  ETA 0h40m25s
[pb-ab-O-push-d4b.base] 1028/1600  0.2 games/s  ETA 0h40m13s
[pb-ab-O-push-d4b.base] 1029/1600  0.2 games/s  ETA 0h40m08s
[pb-ab-O-push-d4b.base] 1030/1600  0.2 games/s  ETA 0h40m02s
[pb-ab-O-push-d4b.base] 1030/1600  0.2 games/s  ETA 0h40m03s
[pb-ab-O-push-d4b.base] 1030/1600  0.2 games/s  ETA 0h40m05s
[pb-ab-O-push-d4b.base] 1031/1600  0.2 games/s  ETA 0h39m59s
[pb-ab-O-push-d4b.base] 1033/1600  0.2 games/s  ETA 0h39m47s
[pb-ab-O-push-d4b.base] 1033/1600  0.2 games/s  ETA 0h39m48s
[pb-ab-O-push-d4b.base] 1034/1600  0.2 games/s  ETA 0h39m43s
[pb-ab-O-push-d4b.base] 1034/1600  0.2 games/s  ETA 0h39m44s
[pb-ab-O-push-d4b.base] 1036/1600  0.2 games/s  ETA 0h39m32s
[pb-ab-O-push-d4b.base] 1036/1600  0.2 games/s  ETA 0h39m33s
[pb-ab-O-push-d4b.base] 1037/1600  0.2 games/s  ETA 0h39m28s
[pb-ab-O-push-d4b.base] 1037/1600  0.2 games/s  ETA 0h39m29s
[pb-ab-O-push-d4b.base] 1037/1600  0.2 games/s  ETA 0h39m30s
[pb-ab-O-push-d4b.base] 1038/1600  0.2 games/s  ETA 0h39m24s
[pb-ab-O-push-d4b.base] 1038/1600  0.2 games/s  ETA 0h39m26s
[pb-ab-O-push-d4b.base] 1039/1600  0.2 games/s  ETA 0h39m20s
[pb-ab-O-push-d4b.base] 1040/1600  0.2 games/s  ETA 0h39m15s
[pb-ab-O-push-d4b.base] 1040/1600  0.2 games/s  ETA 0h39m16s
[pb-ab-O-push-d4b.base] 1041/1600  0.2 games/s  ETA 0h39m10s
[pb-ab-O-push-d4b.base] 1042/1600  0.2 games/s  ETA 0h39m05s
[pb-ab-O-push-d4b.base] 1043/1600  0.2 games/s  ETA 0h39m00s
[pb-ab-O-push-d4b.base] 1044/1600  0.2 games/s  ETA 0h38m54s
[pb-ab-O-push-d4b.base] 1044/1600  0.2 games/s  ETA 0h38m55s
[pb-ab-O-push-d4b.base] 1044/1600  0.2 games/s  ETA 0h38m56s
[pb-ab-O-push-d4b.base] 1045/1600  0.2 games/s  ETA 0h38m51s
[pb-ab-O-push-d4b.base] 1045/1600  0.2 games/s  ETA 0h38m52s
[pb-ab-O-push-d4b.base] 1046/1600  0.2 games/s  ETA 0h38m47s
[pb-ab-O-push-d4b.base] 1047/1600  0.2 games/s  ETA 0h38m41s
[pb-ab-O-push-d4b.base] 1047/1600  0.2 games/s  ETA 0h38m42s
[pb-ab-O-push-d4b.base] 1048/1600  0.2 games/s  ETA 0h38m37s
[pb-ab-O-push-d4b.base] 1048/1600  0.2 games/s  ETA 0h38m38s
[pb-ab-O-push-d4b.base] 1049/1600  0.2 games/s  ETA 0h38m33s
[pb-ab-O-push-d4b.base] 1049/1600  0.2 games/s  ETA 0h38m34s
[pb-ab-O-push-d4b.base] 1050/1600  0.2 games/s  ETA 0h38m28s
[pb-ab-O-push-d4b.base] 1050/1600  0.2 games/s  ETA 0h38m29s
[pb-ab-O-push-d4b.base] 1051/1600  0.2 games/s  ETA 0h38m24s
[pb-ab-O-push-d4b.base] 1052/1600  0.2 games/s  ETA 0h38m19s
[pb-ab-O-push-d4b.base] 1053/1600  0.2 games/s  ETA 0h38m13s
[pb-ab-O-push-d4b.base] 1053/1600  0.2 games/s  ETA 0h38m15s
[pb-ab-O-push-d4b.base] 1053/1600  0.2 games/s  ETA 0h38m16s
[pb-ab-O-push-d4b.base] 1053/1600  0.2 games/s  ETA 0h38m17s
[pb-ab-O-push-d4b.base] 1053/1600  0.2 games/s  ETA 0h38m18s
[pb-ab-O-push-d4b.base] 1054/1600  0.2 games/s  ETA 0h38m12s
[pb-ab-O-push-d4b.base] 1055/1600  0.2 games/s  ETA 0h38m07s
[pb-ab-O-push-d4b.base] 1055/1600  0.2 games/s  ETA 0h38m08s
[pb-ab-O-push-d4b.base] 1057/1600  0.2 games/s  ETA 0h37m56s
[pb-ab-O-push-d4b.base] 1057/1600  0.2 games/s  ETA 0h37m57s
[pb-ab-O-push-d4b.base] 1059/1600  0.2 games/s  ETA 0h37m46s
[pb-ab-O-push-d4b.base] 1059/1600  0.2 games/s  ETA 0h37m47s
[pb-ab-O-push-d4b.base] 1059/1600  0.2 games/s  ETA 0h37m48s
[pb-ab-O-push-d4b.base] 1060/1600  0.2 games/s  ETA 0h37m42s
[pb-ab-O-push-d4b.base] 1061/1600  0.2 games/s  ETA 0h37m37s
[pb-ab-O-push-d4b.base] 1062/1600  0.2 games/s  ETA 0h37m32s
[pb-ab-O-push-d4b.base] 1062/1600  0.2 games/s  ETA 0h37m33s
[pb-ab-O-push-d4b.base] 1063/1600  0.2 games/s  ETA 0h37m28s
[pb-ab-O-push-d4b.base] 1064/1600  0.2 games/s  ETA 0h37m22s
[pb-ab-O-push-d4b.base] 1064/1600  0.2 games/s  ETA 0h37m23s
[pb-ab-O-push-d4b.base] 1064/1600  0.2 games/s  ETA 0h37m24s
[pb-ab-O-push-d4b.base] 1065/1600  0.2 games/s  ETA 0h37m19s
[pb-ab-O-push-d4b.base] 1066/1600  0.2 games/s  ETA 0h37m14s
[pb-ab-O-push-d4b.base] 1066/1600  0.2 games/s  ETA 0h37m15s
[pb-ab-O-push-d4b.base] 1068/1600  0.2 games/s  ETA 0h37m03s
[pb-ab-O-push-d4b.base] 1068/1600  0.2 games/s  ETA 0h37m04s
[pb-ab-O-push-d4b.base] 1068/1600  0.2 games/s  ETA 0h37m05s
[pb-ab-O-push-d4b.base] 1068/1600  0.2 games/s  ETA 0h37m06s
[pb-ab-O-push-d4b.base] 1069/1600  0.2 games/s  ETA 0h37m01s
[pb-ab-O-push-d4b.base] 1071/1600  0.2 games/s  ETA 0h36m49s
[pb-ab-O-push-d4b.base] 1074/1600  0.2 games/s  ETA 0h36m32s
[pb-ab-O-push-d4b.base] 1074/1600  0.2 games/s  ETA 0h36m33s
[pb-ab-O-push-d4b.base] 1074/1600  0.2 games/s  ETA 0h36m34s
[pb-ab-O-push-d4b.base] 1074/1600  0.2 games/s  ETA 0h36m35s
[pb-ab-O-push-d4b.base] 1075/1600  0.2 games/s  ETA 0h36m29s
[pb-ab-O-push-d4b.base] 1076/1600  0.2 games/s  ETA 0h36m24s
[pb-ab-O-push-d4b.base] 1076/1600  0.2 games/s  ETA 0h36m25s
[pb-ab-O-push-d4b.base] 1076/1600  0.2 games/s  ETA 0h36m26s
[pb-ab-O-push-d4b.base] 1077/1600  0.2 games/s  ETA 0h36m21s
[pb-ab-O-push-d4b.base] 1077/1600  0.2 games/s  ETA 0h36m22s
[pb-ab-O-push-d4b.base] 1078/1600  0.2 games/s  ETA 0h36m17s
[pb-ab-O-push-d4b.base] 1079/1600  0.2 games/s  ETA 0h36m11s
[pb-ab-O-push-d4b.base] 1079/1600  0.2 games/s  ETA 0h36m12s
[pb-ab-O-push-d4b.base] 1081/1600  0.2 games/s  ETA 0h36m01s
[pb-ab-O-push-d4b.base] 1081/1600  0.2 games/s  ETA 0h36m02s
[pb-ab-O-push-d4b.base] 1081/1600  0.2 games/s  ETA 0h36m03s
[pb-ab-O-push-d4b.base] 1081/1600  0.2 games/s  ETA 0h36m04s
[pb-ab-O-push-d4b.base] 1082/1600  0.2 games/s  ETA 0h35m59s
[pb-ab-O-push-d4b.base] 1083/1600  0.2 games/s  ETA 0h35m53s
[pb-ab-O-push-d4b.base] 1083/1600  0.2 games/s  ETA 0h35m54s
[pb-ab-O-push-d4b.base] 1083/1600  0.2 games/s  ETA 0h35m55s
[pb-ab-O-push-d4b.base] 1084/1600  0.2 games/s  ETA 0h35m50s
[pb-ab-O-push-d4b.base] 1084/1600  0.2 games/s  ETA 0h35m51s
[pb-ab-O-push-d4b.base] 1084/1600  0.2 games/s  ETA 0h35m52s
[pb-ab-O-push-d4b.base] 1085/1600  0.2 games/s  ETA 0h35m47s
[pb-ab-O-push-d4b.base] 1085/1600  0.2 games/s  ETA 0h35m48s
[pb-ab-O-push-d4b.base] 1086/1600  0.2 games/s  ETA 0h35m43s
[pb-ab-O-push-d4b.base] 1086/1600  0.2 games/s  ETA 0h35m44s
[pb-ab-O-push-d4b.base] 1086/1600  0.2 games/s  ETA 0h35m45s
[pb-ab-O-push-d4b.base] 1086/1600  0.2 games/s  ETA 0h35m45s
[pb-ab-O-push-d4b.base] 1087/1600  0.2 games/s  ETA 0h35m40s
[pb-ab-O-push-d4b.base] 1088/1600  0.2 games/s  ETA 0h35m35s
[pb-ab-O-push-d4b.base] 1089/1600  0.2 games/s  ETA 0h35m30s
[pb-ab-O-push-d4b.base] 1090/1600  0.2 games/s  ETA 0h35m25s
[pb-ab-O-push-d4b.base] 1090/1600  0.2 games/s  ETA 0h35m26s
[pb-ab-O-push-d4b.base] 1093/1600  0.2 games/s  ETA 0h35m08s
[pb-ab-O-push-d4b.base] 1093/1600  0.2 games/s  ETA 0h35m09s
[pb-ab-O-push-d4b.base] 1093/1600  0.2 games/s  ETA 0h35m10s
[pb-ab-O-push-d4b.base] 1094/1600  0.2 games/s  ETA 0h35m05s
[pb-ab-O-push-d4b.base] 1094/1600  0.2 games/s  ETA 0h35m06s
[pb-ab-O-push-d4b.base] 1094/1600  0.2 games/s  ETA 0h35m07s
[pb-ab-O-push-d4b.base] 1096/1600  0.2 games/s  ETA 0h34m56s
[pb-ab-O-push-d4b.base] 1097/1600  0.2 games/s  ETA 0h34m50s
[pb-ab-O-push-d4b.base] 1097/1600  0.2 games/s  ETA 0h34m51s
[pb-ab-O-push-d4b.base] 1097/1600  0.2 games/s  ETA 0h34m52s
[pb-ab-O-push-d4b.base] 1097/1600  0.2 games/s  ETA 0h34m53s
[pb-ab-O-push-d4b.base] 1098/1600  0.2 games/s  ETA 0h34m48s
[pb-ab-O-push-d4b.base] 1098/1600  0.2 games/s  ETA 0h34m49s
[pb-ab-O-push-d4b.base] 1099/1600  0.2 games/s  ETA 0h34m44s
[pb-ab-O-push-d4b.base] 1102/1600  0.2 games/s  ETA 0h34m27s
[pb-ab-O-push-d4b.base] 1102/1600  0.2 games/s  ETA 0h34m27s
[pb-ab-O-push-d4b.base] 1103/1600  0.2 games/s  ETA 0h34m22s
[pb-ab-O-push-d4b.base] 1103/1600  0.2 games/s  ETA 0h34m23s
[pb-ab-O-push-d4b.base] 1104/1600  0.2 games/s  ETA 0h34m18s
[pb-ab-O-push-d4b.base] 1104/1600  0.2 games/s  ETA 0h34m19s
[pb-ab-O-push-d4b.base] 1104/1600  0.2 games/s  ETA 0h34m20s
[pb-ab-O-push-d4b.base] 1105/1600  0.2 games/s  ETA 0h34m15s
[pb-ab-O-push-d4b.base] 1105/1600  0.2 games/s  ETA 0h34m16s
[pb-ab-O-push-d4b.base] 1106/1600  0.2 games/s  ETA 0h34m11s
[pb-ab-O-push-d4b.base] 1106/1600  0.2 games/s  ETA 0h34m11s
[pb-ab-O-push-d4b.base] 1107/1600  0.2 games/s  ETA 0h34m06s
[pb-ab-O-push-d4b.base] 1107/1600  0.2 games/s  ETA 0h34m07s
[pb-ab-O-push-d4b.base] 1108/1600  0.2 games/s  ETA 0h34m02s
[pb-ab-O-push-d4b.base] 1109/1600  0.2 games/s  ETA 0h33m57s
[pb-ab-O-push-d4b.base] 1110/1600  0.2 games/s  ETA 0h33m52s
[pb-ab-O-push-d4b.base] 1110/1600  0.2 games/s  ETA 0h33m53s
[pb-ab-O-push-d4b.base] 1111/1600  0.2 games/s  ETA 0h33m48s
[pb-ab-O-push-d4b.base] 1112/1600  0.2 games/s  ETA 0h33m43s
[pb-ab-O-push-d4b.base] 1112/1600  0.2 games/s  ETA 0h33m44s
[pb-ab-O-push-d4b.base] 1113/1600  0.2 games/s  ETA 0h33m38s
[pb-ab-O-push-d4b.base] 1113/1600  0.2 games/s  ETA 0h33m39s
[pb-ab-O-push-d4b.base] 1114/1600  0.2 games/s  ETA 0h33m34s
[pb-ab-O-push-d4b.base] 1115/1600  0.2 games/s  ETA 0h33m29s
[pb-ab-O-push-d4b.base] 1115/1600  0.2 games/s  ETA 0h33m30s
[pb-ab-O-push-d4b.base] 1116/1600  0.2 games/s  ETA 0h33m25s
[pb-ab-O-push-d4b.base] 1116/1600  0.2 games/s  ETA 0h33m26s
[pb-ab-O-push-d4b.base] 1117/1600  0.2 games/s  ETA 0h33m21s
[pb-ab-O-push-d4b.base] 1117/1600  0.2 games/s  ETA 0h33m22s
[pb-ab-O-push-d4b.base] 1119/1600  0.2 games/s  ETA 0h33m11s
[pb-ab-O-push-d4b.base] 1119/1600  0.2 games/s  ETA 0h33m11s
[pb-ab-O-push-d4b.base] 1120/1600  0.2 games/s  ETA 0h33m06s
[pb-ab-O-push-d4b.base] 1120/1600  0.2 games/s  ETA 0h33m07s
[pb-ab-O-push-d4b.base] 1121/1600  0.2 games/s  ETA 0h33m02s
[pb-ab-O-push-d4b.base] 1121/1600  0.2 games/s  ETA 0h33m03s
[pb-ab-O-push-d4b.base] 1122/1600  0.2 games/s  ETA 0h32m58s
[pb-ab-O-push-d4b.base] 1122/1600  0.2 games/s  ETA 0h32m59s
[pb-ab-O-push-d4b.base] 1123/1600  0.2 games/s  ETA 0h32m54s
[pb-ab-O-push-d4b.base] 1123/1600  0.2 games/s  ETA 0h32m55s
[pb-ab-O-push-d4b.base] 1124/1600  0.2 games/s  ETA 0h32m50s
[pb-ab-O-push-d4b.base] 1124/1600  0.2 games/s  ETA 0h32m50s
[pb-ab-O-push-d4b.base] 1126/1600  0.2 games/s  ETA 0h32m40s
[pb-ab-O-push-d4b.base] 1126/1600  0.2 games/s  ETA 0h32m40s
[pb-ab-O-push-d4b.base] 1126/1600  0.2 games/s  ETA 0h32m41s
[pb-ab-O-push-d4b.base] 1127/1600  0.2 games/s  ETA 0h32m36s
[pb-ab-O-push-d4b.base] 1127/1600  0.2 games/s  ETA 0h32m37s
[pb-ab-O-push-d4b.base] 1128/1600  0.2 games/s  ETA 0h32m32s
[pb-ab-O-push-d4b.base] 1131/1600  0.2 games/s  ETA 0h32m15s
[pb-ab-O-push-d4b.base] 1131/1600  0.2 games/s  ETA 0h32m16s
[pb-ab-O-push-d4b.base] 1132/1600  0.2 games/s  ETA 0h32m11s
[pb-ab-O-push-d4b.base] 1132/1600  0.2 games/s  ETA 0h32m12s
[pb-ab-O-push-d4b.base] 1132/1600  0.2 games/s  ETA 0h32m13s
[pb-ab-O-push-d4b.base] 1132/1600  0.2 games/s  ETA 0h32m14s
[pb-ab-O-push-d4b.base] 1132/1600  0.2 games/s  ETA 0h32m14s
[pb-ab-O-push-d4b.base] 1134/1600  0.2 games/s  ETA 0h32m04s
[pb-ab-O-push-d4b.base] 1135/1600  0.2 games/s  ETA 0h31m59s
[pb-ab-O-push-d4b.base] 1135/1600  0.2 games/s  ETA 0h31m59s
[pb-ab-O-push-d4b.base] 1136/1600  0.2 games/s  ETA 0h31m54s
[pb-ab-O-push-d4b.base] 1136/1600  0.2 games/s  ETA 0h31m55s
[pb-ab-O-push-d4b.base] 1136/1600  0.2 games/s  ETA 0h31m56s
[pb-ab-O-push-d4b.base] 1136/1600  0.2 games/s  ETA 0h31m57s
[pb-ab-O-push-d4b.base] 1136/1600  0.2 games/s  ETA 0h31m58s
[pb-ab-O-push-d4b.base] 1137/1600  0.2 games/s  ETA 0h31m53s
[pb-ab-O-push-d4b.base] 1137/1600  0.2 games/s  ETA 0h31m53s
[pb-ab-O-push-d4b.base] 1138/1600  0.2 games/s  ETA 0h31m48s
[pb-ab-O-push-d4b.base] 1138/1600  0.2 games/s  ETA 0h31m49s
[pb-ab-O-push-d4b.base] 1139/1600  0.2 games/s  ETA 0h31m44s
[pb-ab-O-push-d4b.base] 1141/1600  0.2 games/s  ETA 0h31m33s
[pb-ab-O-push-d4b.base] 1141/1600  0.2 games/s  ETA 0h31m34s
[pb-ab-O-push-d4b.base] 1141/1600  0.2 games/s  ETA 0h31m35s
[pb-ab-O-push-d4b.base] 1143/1600  0.2 games/s  ETA 0h31m24s
[pb-ab-O-push-d4b.base] 1143/1600  0.2 games/s  ETA 0h31m25s
[pb-ab-O-push-d4b.base] 1144/1600  0.2 games/s  ETA 0h31m20s
[pb-ab-O-push-d4b.base] 1144/1600  0.2 games/s  ETA 0h31m21s
[pb-ab-O-push-d4b.base] 1144/1600  0.2 games/s  ETA 0h31m22s
[pb-ab-O-push-d4b.base] 1144/1600  0.2 games/s  ETA 0h31m23s
[pb-ab-O-push-d4b.base] 1144/1600  0.2 games/s  ETA 0h31m23s
[pb-ab-O-push-d4b.base] 1145/1600  0.2 games/s  ETA 0h31m18s
[pb-ab-O-push-d4b.base] 1145/1600  0.2 games/s  ETA 0h31m19s
[pb-ab-O-push-d4b.base] 1146/1600  0.2 games/s  ETA 0h31m14s
[pb-ab-O-push-d4b.base] 1147/1600  0.2 games/s  ETA 0h31m09s
[pb-ab-O-push-d4b.base] 1147/1600  0.2 games/s  ETA 0h31m10s
[pb-ab-O-push-d4b.base] 1147/1600  0.2 games/s  ETA 0h31m11s
[pb-ab-O-push-d4b.base] 1147/1600  0.2 games/s  ETA 0h31m12s
[pb-ab-O-push-d4b.base] 1147/1600  0.2 games/s  ETA 0h31m12s
[pb-ab-O-push-d4b.base] 1147/1600  0.2 games/s  ETA 0h31m13s
[pb-ab-O-push-d4b.base] 1148/1600  0.2 games/s  ETA 0h31m08s
[pb-ab-O-push-d4b.base] 1149/1600  0.2 games/s  ETA 0h31m03s
[pb-ab-O-push-d4b.base] 1149/1600  0.2 games/s  ETA 0h31m04s
[pb-ab-O-push-d4b.base] 1149/1600  0.2 games/s  ETA 0h31m05s
[pb-ab-O-push-d4b.base] 1150/1600  0.2 games/s  ETA 0h31m00s
[pb-ab-O-push-d4b.base] 1150/1600  0.2 games/s  ETA 0h31m01s
[pb-ab-O-push-d4b.base] 1151/1600  0.2 games/s  ETA 0h30m56s
[pb-ab-O-push-d4b.base] 1151/1600  0.2 games/s  ETA 0h30m56s
[pb-ab-O-push-d4b.base] 1151/1600  0.2 games/s  ETA 0h30m57s
[pb-ab-O-push-d4b.base] 1152/1600  0.2 games/s  ETA 0h30m52s
[pb-ab-O-push-d4b.base] 1152/1600  0.2 games/s  ETA 0h30m53s
[pb-ab-O-push-d4b.base] 1154/1600  0.2 games/s  ETA 0h30m42s
[pb-ab-O-push-d4b.base] 1154/1600  0.2 games/s  ETA 0h30m43s
[pb-ab-O-push-d4b.base] 1154/1600  0.2 games/s  ETA 0h30m44s
[pb-ab-O-push-d4b.base] 1154/1600  0.2 games/s  ETA 0h30m45s
[pb-ab-O-push-d4b.base] 1155/1600  0.2 games/s  ETA 0h30m40s
[pb-ab-O-push-d4b.base] 1155/1600  0.2 games/s  ETA 0h30m40s
[pb-ab-O-push-d4b.base] 1156/1600  0.2 games/s  ETA 0h30m35s
[pb-ab-O-push-d4b.base] 1156/1600  0.2 games/s  ETA 0h30m36s
[pb-ab-O-push-d4b.base] 1156/1600  0.2 games/s  ETA 0h30m37s
[pb-ab-O-push-d4b.base] 1156/1600  0.2 games/s  ETA 0h30m38s
[pb-ab-O-push-d4b.base] 1158/1600  0.2 games/s  ETA 0h30m27s
[pb-ab-O-push-d4b.base] 1159/1600  0.2 games/s  ETA 0h30m22s
[pb-ab-O-push-d4b.base] 1159/1600  0.2 games/s  ETA 0h30m23s
[pb-ab-O-push-d4b.base] 1160/1600  0.2 games/s  ETA 0h30m18s
[pb-ab-O-push-d4b.base] 1160/1600  0.2 games/s  ETA 0h30m19s
[pb-ab-O-push-d4b.base] 1161/1600  0.2 games/s  ETA 0h30m14s
[pb-ab-O-push-d4b.base] 1163/1600  0.2 games/s  ETA 0h30m03s
[pb-ab-O-push-d4b.base] 1163/1600  0.2 games/s  ETA 0h30m04s
[pb-ab-O-push-d4b.base] 1165/1600  0.2 games/s  ETA 0h29m53s
[pb-ab-O-push-d4b.base] 1166/1600  0.2 games/s  ETA 0h29m48s
[pb-ab-O-push-d4b.base] 1166/1600  0.2 games/s  ETA 0h29m49s
[pb-ab-O-push-d4b.base] 1166/1600  0.2 games/s  ETA 0h29m50s
[pb-ab-O-push-d4b.base] 1166/1600  0.2 games/s  ETA 0h29m51s
[pb-ab-O-push-d4b.base] 1166/1600  0.2 games/s  ETA 0h29m51s
[pb-ab-O-push-d4b.base] 1166/1600  0.2 games/s  ETA 0h29m52s
[pb-ab-O-push-d4b.base] 1167/1600  0.2 games/s  ETA 0h29m47s
[pb-ab-O-push-d4b.base] 1167/1600  0.2 games/s  ETA 0h29m48s
[pb-ab-O-push-d4b.base] 1168/1600  0.2 games/s  ETA 0h29m43s
[pb-ab-O-push-d4b.base] 1168/1600  0.2 games/s  ETA 0h29m44s
[pb-ab-O-push-d4b.base] 1169/1600  0.2 games/s  ETA 0h29m39s
[pb-ab-O-push-d4b.base] 1170/1600  0.2 games/s  ETA 0h29m34s
[pb-ab-O-push-d4b.base] 1171/1600  0.2 games/s  ETA 0h29m29s
[pb-ab-O-push-d4b.base] 1171/1600  0.2 games/s  ETA 0h29m30s
[pb-ab-O-push-d4b.base] 1172/1600  0.2 games/s  ETA 0h29m25s
[pb-ab-O-push-d4b.base] 1172/1600  0.2 games/s  ETA 0h29m26s
[pb-ab-O-push-d4b.base] 1172/1600  0.2 games/s  ETA 0h29m26s
[pb-ab-O-push-d4b.base] 1173/1600  0.2 games/s  ETA 0h29m21s
[pb-ab-O-push-d4b.base] 1173/1600  0.2 games/s  ETA 0h29m22s
[pb-ab-O-push-d4b.base] 1174/1600  0.2 games/s  ETA 0h29m17s
[pb-ab-O-push-d4b.base] 1174/1600  0.2 games/s  ETA 0h29m18s
[pb-ab-O-push-d4b.base] 1174/1600  0.2 games/s  ETA 0h29m19s
[pb-ab-O-push-d4b.base] 1175/1600  0.2 games/s  ETA 0h29m14s
[pb-ab-O-push-d4b.base] 1176/1600  0.2 games/s  ETA 0h29m09s
[pb-ab-O-push-d4b.base] 1177/1600  0.2 games/s  ETA 0h29m04s
[pb-ab-O-push-d4b.base] 1177/1600  0.2 games/s  ETA 0h29m05s
[pb-ab-O-push-d4b.base] 1178/1600  0.2 games/s  ETA 0h29m00s
[pb-ab-O-push-d4b.base] 1178/1600  0.2 games/s  ETA 0h29m01s
[pb-ab-O-push-d4b.base] 1178/1600  0.2 games/s  ETA 0h29m01s
[pb-ab-O-push-d4b.base] 1178/1600  0.2 games/s  ETA 0h29m02s
[pb-ab-O-push-d4b.base] 1179/1600  0.2 games/s  ETA 0h28m57s
[pb-ab-O-push-d4b.base] 1181/1600  0.2 games/s  ETA 0h28m47s
[pb-ab-O-push-d4b.base] 1182/1600  0.2 games/s  ETA 0h28m42s
[pb-ab-O-push-d4b.base] 1182/1600  0.2 games/s  ETA 0h28m42s
[pb-ab-O-push-d4b.base] 1182/1600  0.2 games/s  ETA 0h28m43s
[pb-ab-O-push-d4b.base] 1185/1600  0.2 games/s  ETA 0h28m27s
[pb-ab-O-push-d4b.base] 1186/1600  0.2 games/s  ETA 0h28m22s
[pb-ab-O-push-d4b.base] 1186/1600  0.2 games/s  ETA 0h28m23s
[pb-ab-O-push-d4b.base] 1186/1600  0.2 games/s  ETA 0h28m24s
[pb-ab-O-push-d4b.base] 1188/1600  0.2 games/s  ETA 0h28m13s
[pb-ab-O-push-d4b.base] 1188/1600  0.2 games/s  ETA 0h28m14s
[pb-ab-O-push-d4b.base] 1188/1600  0.2 games/s  ETA 0h28m15s
[pb-ab-O-push-d4b.base] 1189/1600  0.2 games/s  ETA 0h28m10s
[pb-ab-O-push-d4b.base] 1189/1600  0.2 games/s  ETA 0h28m11s
[pb-ab-O-push-d4b.base] 1189/1600  0.2 games/s  ETA 0h28m11s
[pb-ab-O-push-d4b.base] 1189/1600  0.2 games/s  ETA 0h28m12s
[pb-ab-O-push-d4b.base] 1191/1600  0.2 games/s  ETA 0h28m02s
[pb-ab-O-push-d4b.base] 1192/1600  0.2 games/s  ETA 0h27m57s
[pb-ab-O-push-d4b.base] 1192/1600  0.2 games/s  ETA 0h27m57s
[pb-ab-O-push-d4b.base] 1193/1600  0.2 games/s  ETA 0h27m53s
[pb-ab-O-push-d4b.base] 1193/1600  0.2 games/s  ETA 0h27m53s
[pb-ab-O-push-d4b.base] 1193/1600  0.2 games/s  ETA 0h27m54s
[pb-ab-O-push-d4b.base] 1194/1600  0.2 games/s  ETA 0h27m49s
[pb-ab-O-push-d4b.base] 1195/1600  0.2 games/s  ETA 0h27m44s
[pb-ab-O-push-d4b.base] 1196/1600  0.2 games/s  ETA 0h27m39s
[pb-ab-O-push-d4b.base] 1196/1600  0.2 games/s  ETA 0h27m40s
[pb-ab-O-push-d4b.base] 1196/1600  0.2 games/s  ETA 0h27m41s
[pb-ab-O-push-d4b.base] 1196/1600  0.2 games/s  ETA 0h27m42s
[pb-ab-O-push-d4b.base] 1197/1600  0.2 games/s  ETA 0h27m37s
[pb-ab-O-push-d4b.base] 1197/1600  0.2 games/s  ETA 0h27m37s
[pb-ab-O-push-d4b.base] 1198/1600  0.2 games/s  ETA 0h27m33s
[pb-ab-O-push-d4b.base] 1199/1600  0.2 games/s  ETA 0h27m28s
[pb-ab-O-push-d4b.base] 1200/1600  0.2 games/s  ETA 0h27m23s
[pb-ab-O-push-d4b.base] 1201/1600  0.2 games/s  ETA 0h27m18s
[pb-ab-O-push-d4b.base] 1201/1600  0.2 games/s  ETA 0h27m19s
[pb-ab-O-push-d4b.base] 1202/1600  0.2 games/s  ETA 0h27m14s
[pb-ab-O-push-d4b.base] 1203/1600  0.2 games/s  ETA 0h27m09s
[pb-ab-O-push-d4b.base] 1203/1600  0.2 games/s  ETA 0h27m10s
[pb-ab-O-push-d4b.base] 1204/1600  0.2 games/s  ETA 0h27m05s
[pb-ab-O-push-d4b.base] 1204/1600  0.2 games/s  ETA 0h27m06s
[pb-ab-O-push-d4b.base] 1205/1600  0.2 games/s  ETA 0h27m01s
[pb-ab-O-push-d4b.base] 1206/1600  0.2 games/s  ETA 0h26m56s
[pb-ab-O-push-d4b.base] 1206/1600  0.2 games/s  ETA 0h26m57s
[pb-ab-O-push-d4b.base] 1206/1600  0.2 games/s  ETA 0h26m57s
[pb-ab-O-push-d4b.base] 1206/1600  0.2 games/s  ETA 0h26m58s
[pb-ab-O-push-d4b.base] 1206/1600  0.2 games/s  ETA 0h26m59s
[pb-ab-O-push-d4b.base] 1206/1600  0.2 games/s  ETA 0h26m59s
[pb-ab-O-push-d4b.base] 1207/1600  0.2 games/s  ETA 0h26m55s
[pb-ab-O-push-d4b.base] 1209/1600  0.2 games/s  ETA 0h26m44s
[pb-ab-O-push-d4b.base] 1209/1600  0.2 games/s  ETA 0h26m45s
[pb-ab-O-push-d4b.base] 1209/1600  0.2 games/s  ETA 0h26m46s
[pb-ab-O-push-d4b.base] 1209/1600  0.2 games/s  ETA 0h26m46s
[pb-ab-O-push-d4b.base] 1209/1600  0.2 games/s  ETA 0h26m47s
[pb-ab-O-push-d4b.base] 1209/1600  0.2 games/s  ETA 0h26m48s
[pb-ab-O-push-d4b.base] 1209/1600  0.2 games/s  ETA 0h26m48s
[pb-ab-O-push-d4b.base] 1210/1600  0.2 games/s  ETA 0h26m43s
[pb-ab-O-push-d4b.base] 1212/1600  0.2 games/s  ETA 0h26m33s
[pb-ab-O-push-d4b.base] 1212/1600  0.2 games/s  ETA 0h26m34s
[pb-ab-O-push-d4b.base] 1212/1600  0.2 games/s  ETA 0h26m34s
[pb-ab-O-push-d4b.base] 1212/1600  0.2 games/s  ETA 0h26m35s
[pb-ab-O-push-d4b.base] 1213/1600  0.2 games/s  ETA 0h26m30s
[pb-ab-O-push-d4b.base] 1213/1600  0.2 games/s  ETA 0h26m31s
[pb-ab-O-push-d4b.base] 1213/1600  0.2 games/s  ETA 0h26m32s
[pb-ab-O-push-d4b.base] 1213/1600  0.2 games/s  ETA 0h26m32s
[pb-ab-O-push-d4b.base] 1216/1600  0.2 games/s  ETA 0h26m17s
[pb-ab-O-push-d4b.base] 1217/1600  0.2 games/s  ETA 0h26m12s
[pb-ab-O-push-d4b.base] 1217/1600  0.2 games/s  ETA 0h26m12s
[pb-ab-O-push-d4b.base] 1217/1600  0.2 games/s  ETA 0h26m13s
[pb-ab-O-push-d4b.base] 1217/1600  0.2 games/s  ETA 0h26m14s
[pb-ab-O-push-d4b.base] 1217/1600  0.2 games/s  ETA 0h26m14s
[pb-ab-O-push-d4b.base] 1217/1600  0.2 games/s  ETA 0h26m15s
[pb-ab-O-push-d4b.base] 1217/1600  0.2 games/s  ETA 0h26m16s
[pb-ab-O-push-d4b.base] 1218/1600  0.2 games/s  ETA 0h26m11s
[pb-ab-O-push-d4b.base] 1218/1600  0.2 games/s  ETA 0h26m11s
[pb-ab-O-push-d4b.base] 1220/1600  0.2 games/s  ETA 0h26m01s
[pb-ab-O-push-d4b.base] 1220/1600  0.2 games/s  ETA 0h26m02s
[pb-ab-O-push-d4b.base] 1221/1600  0.2 games/s  ETA 0h25m57s
[pb-ab-O-push-d4b.base] 1223/1600  0.2 games/s  ETA 0h25m47s
[pb-ab-O-push-d4b.base] 1223/1600  0.2 games/s  ETA 0h25m48s
[pb-ab-O-push-d4b.base] 1223/1600  0.2 games/s  ETA 0h25m48s
[pb-ab-O-push-d4b.base] 1223/1600  0.2 games/s  ETA 0h25m49s
[pb-ab-O-push-d4b.base] 1223/1600  0.2 games/s  ETA 0h25m50s
[pb-ab-O-push-d4b.base] 1225/1600  0.2 games/s  ETA 0h25m39s
[pb-ab-O-push-d4b.base] 1226/1600  0.2 games/s  ETA 0h25m35s
[pb-ab-O-push-d4b.base] 1226/1600  0.2 games/s  ETA 0h25m35s
[pb-ab-O-push-d4b.base] 1227/1600  0.2 games/s  ETA 0h25m30s
[pb-ab-O-push-d4b.base] 1228/1600  0.2 games/s  ETA 0h25m26s
[pb-ab-O-push-d4b.base] 1228/1600  0.2 games/s  ETA 0h25m26s
[pb-ab-O-push-d4b.base] 1228/1600  0.2 games/s  ETA 0h25m27s
[pb-ab-O-push-d4b.base] 1229/1600  0.2 games/s  ETA 0h25m22s
[pb-ab-O-push-d4b.base] 1229/1600  0.2 games/s  ETA 0h25m23s
[pb-ab-O-push-d4b.base] 1229/1600  0.2 games/s  ETA 0h25m23s
[pb-ab-O-push-d4b.base] 1230/1600  0.2 games/s  ETA 0h25m19s
[pb-ab-O-push-d4b.base] 1231/1600  0.2 games/s  ETA 0h25m14s
[pb-ab-O-push-d4b.base] 1231/1600  0.2 games/s  ETA 0h25m15s
[pb-ab-O-push-d4b.base] 1232/1600  0.2 games/s  ETA 0h25m10s
[pb-ab-O-push-d4b.base] 1232/1600  0.2 games/s  ETA 0h25m10s
[pb-ab-O-push-d4b.base] 1233/1600  0.2 games/s  ETA 0h25m06s
[pb-ab-O-push-d4b.base] 1233/1600  0.2 games/s  ETA 0h25m06s
[pb-ab-O-push-d4b.base] 1234/1600  0.2 games/s  ETA 0h25m02s
[pb-ab-O-push-d4b.base] 1234/1600  0.2 games/s  ETA 0h25m02s
[pb-ab-O-push-d4b.base] 1235/1600  0.2 games/s  ETA 0h24m57s
[pb-ab-O-push-d4b.base] 1235/1600  0.2 games/s  ETA 0h24m58s
[pb-ab-O-push-d4b.base] 1235/1600  0.2 games/s  ETA 0h24m59s
[pb-ab-O-push-d4b.base] 1235/1600  0.2 games/s  ETA 0h24m59s
[pb-ab-O-push-d4b.base] 1235/1600  0.2 games/s  ETA 0h25m00s
[pb-ab-O-push-d4b.base] 1236/1600  0.2 games/s  ETA 0h24m55s
[pb-ab-O-push-d4b.base] 1237/1600  0.2 games/s  ETA 0h24m50s
[pb-ab-O-push-d4b.base] 1237/1600  0.2 games/s  ETA 0h24m51s
[pb-ab-O-push-d4b.base] 1238/1600  0.2 games/s  ETA 0h24m46s
[pb-ab-O-push-d4b.base] 1239/1600  0.2 games/s  ETA 0h24m41s
[pb-ab-O-push-d4b.base] 1239/1600  0.2 games/s  ETA 0h24m42s
[pb-ab-O-push-d4b.base] 1239/1600  0.2 games/s  ETA 0h24m43s
[pb-ab-O-push-d4b.base] 1240/1600  0.2 games/s  ETA 0h24m38s
[pb-ab-O-push-d4b.base] 1240/1600  0.2 games/s  ETA 0h24m38s
[pb-ab-O-push-d4b.base] 1241/1600  0.2 games/s  ETA 0h24m34s
[pb-ab-O-push-d4b.base] 1241/1600  0.2 games/s  ETA 0h24m34s
[pb-ab-O-push-d4b.base] 1242/1600  0.2 games/s  ETA 0h24m30s
[pb-ab-O-push-d4b.base] 1242/1600  0.2 games/s  ETA 0h24m30s
[pb-ab-O-push-d4b.base] 1242/1600  0.2 games/s  ETA 0h24m31s
[pb-ab-O-push-d4b.base] 1242/1600  0.2 games/s  ETA 0h24m31s
[pb-ab-O-push-d4b.base] 1243/1600  0.2 games/s  ETA 0h24m27s
[pb-ab-O-push-d4b.base] 1244/1600  0.2 games/s  ETA 0h24m22s
[pb-ab-O-push-d4b.base] 1244/1600  0.2 games/s  ETA 0h24m23s
[pb-ab-O-push-d4b.base] 1245/1600  0.2 games/s  ETA 0h24m18s
[pb-ab-O-push-d4b.base] 1246/1600  0.2 games/s  ETA 0h24m13s
[pb-ab-O-push-d4b.base] 1247/1600  0.2 games/s  ETA 0h24m08s
[pb-ab-O-push-d4b.base] 1247/1600  0.2 games/s  ETA 0h24m09s
[pb-ab-O-push-d4b.base] 1248/1600  0.2 games/s  ETA 0h24m04s
[pb-ab-O-push-d4b.base] 1249/1600  0.2 games/s  ETA 0h24m00s
[pb-ab-O-push-d4b.base] 1250/1600  0.2 games/s  ETA 0h23m55s
[pb-ab-O-push-d4b.base] 1250/1600  0.2 games/s  ETA 0h23m55s
[pb-ab-O-push-d4b.base] 1250/1600  0.2 games/s  ETA 0h23m56s
[pb-ab-O-push-d4b.base] 1250/1600  0.2 games/s  ETA 0h23m57s
[pb-ab-O-push-d4b.base] 1251/1600  0.2 games/s  ETA 0h23m52s
[pb-ab-O-push-d4b.base] 1251/1600  0.2 games/s  ETA 0h23m52s
[pb-ab-O-push-d4b.base] 1251/1600  0.2 games/s  ETA 0h23m53s
[pb-ab-O-push-d4b.base] 1252/1600  0.2 games/s  ETA 0h23m48s
[pb-ab-O-push-d4b.base] 1252/1600  0.2 games/s  ETA 0h23m49s
[pb-ab-O-push-d4b.base] 1254/1600  0.2 games/s  ETA 0h23m39s
[pb-ab-O-push-d4b.base] 1254/1600  0.2 games/s  ETA 0h23m39s
[pb-ab-O-push-d4b.base] 1254/1600  0.2 games/s  ETA 0h23m40s
[pb-ab-O-push-d4b.base] 1254/1600  0.2 games/s  ETA 0h23m41s
[pb-ab-O-push-d4b.base] 1255/1600  0.2 games/s  ETA 0h23m36s
[pb-ab-O-push-d4b.base] 1256/1600  0.2 games/s  ETA 0h23m31s
[pb-ab-O-push-d4b.base] 1257/1600  0.2 games/s  ETA 0h23m27s
[pb-ab-O-push-d4b.base] 1257/1600  0.2 games/s  ETA 0h23m27s
[pb-ab-O-push-d4b.base] 1257/1600  0.2 games/s  ETA 0h23m28s
[pb-ab-O-push-d4b.base] 1258/1600  0.2 games/s  ETA 0h23m23s
[pb-ab-O-push-d4b.base] 1258/1600  0.2 games/s  ETA 0h23m23s
[pb-ab-O-push-d4b.base] 1258/1600  0.2 games/s  ETA 0h23m24s
[pb-ab-O-push-d4b.base] 1258/1600  0.2 games/s  ETA 0h23m25s
[pb-ab-O-push-d4b.base] 1259/1600  0.2 games/s  ETA 0h23m20s
[pb-ab-O-push-d4b.base] 1261/1600  0.2 games/s  ETA 0h23m10s
[pb-ab-O-push-d4b.base] 1262/1600  0.2 games/s  ETA 0h23m05s
[pb-ab-O-push-d4b.base] 1263/1600  0.2 games/s  ETA 0h23m01s
[pb-ab-O-push-d4b.base] 1263/1600  0.2 games/s  ETA 0h23m01s
[pb-ab-O-push-d4b.base] 1263/1600  0.2 games/s  ETA 0h23m02s
[pb-ab-O-push-d4b.base] 1263/1600  0.2 games/s  ETA 0h23m02s
[pb-ab-O-push-d4b.base] 1264/1600  0.2 games/s  ETA 0h22m58s
[pb-ab-O-push-d4b.base] 1265/1600  0.2 games/s  ETA 0h22m53s
[pb-ab-O-push-d4b.base] 1267/1600  0.2 games/s  ETA 0h22m43s
[pb-ab-O-push-d4b.base] 1267/1600  0.2 games/s  ETA 0h22m44s
[pb-ab-O-push-d4b.base] 1267/1600  0.2 games/s  ETA 0h22m44s
[pb-ab-O-push-d4b.base] 1268/1600  0.2 games/s  ETA 0h22m40s
[pb-ab-O-push-d4b.base] 1269/1600  0.2 games/s  ETA 0h22m35s
[pb-ab-O-push-d4b.base] 1270/1600  0.2 games/s  ETA 0h22m30s
[pb-ab-O-push-d4b.base] 1271/1600  0.2 games/s  ETA 0h22m26s
[pb-ab-O-push-d4b.base] 1271/1600  0.2 games/s  ETA 0h22m26s
[pb-ab-O-push-d4b.base] 1273/1600  0.2 games/s  ETA 0h22m16s
[pb-ab-O-push-d4b.base] 1273/1600  0.2 games/s  ETA 0h22m17s
[pb-ab-O-push-d4b.base] 1273/1600  0.2 games/s  ETA 0h22m17s
[pb-ab-O-push-d4b.base] 1273/1600  0.2 games/s  ETA 0h22m18s
[pb-ab-O-push-d4b.base] 1274/1600  0.2 games/s  ETA 0h22m13s
[pb-ab-O-push-d4b.base] 1275/1600  0.2 games/s  ETA 0h22m09s
[pb-ab-O-push-d4b.base] 1276/1600  0.2 games/s  ETA 0h22m04s
[pb-ab-O-push-d4b.base] 1276/1600  0.2 games/s  ETA 0h22m05s
[pb-ab-O-push-d4b.base] 1276/1600  0.2 games/s  ETA 0h22m05s
[pb-ab-O-push-d4b.base] 1276/1600  0.2 games/s  ETA 0h22m06s
[pb-ab-O-push-d4b.base] 1277/1600  0.2 games/s  ETA 0h22m01s
[pb-ab-O-push-d4b.base] 1278/1600  0.2 games/s  ETA 0h21m56s
[pb-ab-O-push-d4b.base] 1278/1600  0.2 games/s  ETA 0h21m57s
[pb-ab-O-push-d4b.base] 1279/1600  0.2 games/s  ETA 0h21m52s
[pb-ab-O-push-d4b.base] 1279/1600  0.2 games/s  ETA 0h21m53s
[pb-ab-O-push-d4b.base] 1279/1600  0.2 games/s  ETA 0h21m53s
[pb-ab-O-push-d4b.base] 1280/1600  0.2 games/s  ETA 0h21m49s
[pb-ab-O-push-d4b.base] 1280/1600  0.2 games/s  ETA 0h21m49s
[pb-ab-O-push-d4b.base] 1281/1600  0.2 games/s  ETA 0h21m44s
[pb-ab-O-push-d4b.base] 1282/1600  0.2 games/s  ETA 0h21m40s
[pb-ab-O-push-d4b.base] 1283/1600  0.2 games/s  ETA 0h21m35s
[pb-ab-O-push-d4b.base] 1283/1600  0.2 games/s  ETA 0h21m36s
[pb-ab-O-push-d4b.base] 1285/1600  0.2 games/s  ETA 0h21m26s
[pb-ab-O-push-d4b.base] 1285/1600  0.2 games/s  ETA 0h21m27s
[pb-ab-O-push-d4b.base] 1285/1600  0.2 games/s  ETA 0h21m27s
[pb-ab-O-push-d4b.base] 1285/1600  0.2 games/s  ETA 0h21m28s
[pb-ab-O-push-d4b.base] 1287/1600  0.2 games/s  ETA 0h21m18s
[pb-ab-O-push-d4b.base] 1287/1600  0.2 games/s  ETA 0h21m18s
[pb-ab-O-push-d4b.base] 1287/1600  0.2 games/s  ETA 0h21m19s
[pb-ab-O-push-d4b.base] 1287/1600  0.2 games/s  ETA 0h21m19s
[pb-ab-O-push-d4b.base] 1287/1600  0.2 games/s  ETA 0h21m20s
[pb-ab-O-push-d4b.base] 1288/1600  0.2 games/s  ETA 0h21m15s
[pb-ab-O-push-d4b.base] 1288/1600  0.2 games/s  ETA 0h21m16s
[pb-ab-O-push-d4b.base] 1288/1600  0.2 games/s  ETA 0h21m16s
[pb-ab-O-push-d4b.base] 1289/1600  0.2 games/s  ETA 0h21m12s
[pb-ab-O-push-d4b.base] 1290/1600  0.2 games/s  ETA 0h21m07s
[pb-ab-O-push-d4b.base] 1290/1600  0.2 games/s  ETA 0h21m07s
[pb-ab-O-push-d4b.base] 1292/1600  0.2 games/s  ETA 0h20m58s
[pb-ab-O-push-d4b.base] 1292/1600  0.2 games/s  ETA 0h20m58s
[pb-ab-O-push-d4b.base] 1293/1600  0.2 games/s  ETA 0h20m54s
[pb-ab-O-push-d4b.base] 1293/1600  0.2 games/s  ETA 0h20m54s
[pb-ab-O-push-d4b.base] 1295/1600  0.2 games/s  ETA 0h20m45s
[pb-ab-O-push-d4b.base] 1295/1600  0.2 games/s  ETA 0h20m45s
[pb-ab-O-push-d4b.base] 1295/1600  0.2 games/s  ETA 0h20m45s
[pb-ab-O-push-d4b.base] 1295/1600  0.2 games/s  ETA 0h20m46s
[pb-ab-O-push-d4b.base] 1295/1600  0.2 games/s  ETA 0h20m46s
[pb-ab-O-push-d4b.base] 1295/1600  0.2 games/s  ETA 0h20m47s
[pb-ab-O-push-d4b.base] 1295/1600  0.2 games/s  ETA 0h20m47s
[pb-ab-O-push-d4b.base] 1296/1600  0.2 games/s  ETA 0h20m43s
[pb-ab-O-push-d4b.base] 1297/1600  0.2 games/s  ETA 0h20m38s
[pb-ab-O-push-d4b.base] 1297/1600  0.2 games/s  ETA 0h20m39s
[pb-ab-O-push-d4b.base] 1297/1600  0.2 games/s  ETA 0h20m39s
[pb-ab-O-push-d4b.base] 1297/1600  0.2 games/s  ETA 0h20m40s
[pb-ab-O-push-d4b.base] 1298/1600  0.2 games/s  ETA 0h20m35s
[pb-ab-O-push-d4b.base] 1299/1600  0.2 games/s  ETA 0h20m30s
[pb-ab-O-push-d4b.base] 1299/1600  0.2 games/s  ETA 0h20m31s
[pb-ab-O-push-d4b.base] 1300/1600  0.2 games/s  ETA 0h20m26s
[pb-ab-O-push-d4b.base] 1300/1600  0.2 games/s  ETA 0h20m27s
[pb-ab-O-push-d4b.base] 1301/1600  0.2 games/s  ETA 0h20m22s
[pb-ab-O-push-d4b.base] 1301/1600  0.2 games/s  ETA 0h20m23s
[pb-ab-O-push-d4b.base] 1303/1600  0.2 games/s  ETA 0h20m13s
[pb-ab-O-push-d4b.base] 1303/1600  0.2 games/s  ETA 0h20m14s
[pb-ab-O-push-d4b.base] 1304/1600  0.2 games/s  ETA 0h20m09s
[pb-ab-O-push-d4b.base] 1305/1600  0.2 games/s  ETA 0h20m04s
[pb-ab-O-push-d4b.base] 1307/1600  0.2 games/s  ETA 0h19m55s
[pb-ab-O-push-d4b.base] 1307/1600  0.2 games/s  ETA 0h19m55s
[pb-ab-O-push-d4b.base] 1307/1600  0.2 games/s  ETA 0h19m56s
[pb-ab-O-push-d4b.base] 1307/1600  0.2 games/s  ETA 0h19m56s
[pb-ab-O-push-d4b.base] 1309/1600  0.2 games/s  ETA 0h19m47s
[pb-ab-O-push-d4b.base] 1309/1600  0.2 games/s  ETA 0h19m47s
[pb-ab-O-push-d4b.base] 1312/1600  0.2 games/s  ETA 0h19m33s
[pb-ab-O-push-d4b.base] 1313/1600  0.2 games/s  ETA 0h19m28s
[pb-ab-O-push-d4b.base] 1313/1600  0.2 games/s  ETA 0h19m29s
[pb-ab-O-push-d4b.base] 1313/1600  0.2 games/s  ETA 0h19m29s
[pb-ab-O-push-d4b.base] 1314/1600  0.2 games/s  ETA 0h19m24s
[pb-ab-O-push-d4b.base] 1314/1600  0.2 games/s  ETA 0h19m25s
[pb-ab-O-push-d4b.base] 1314/1600  0.2 games/s  ETA 0h19m25s
[pb-ab-O-push-d4b.base] 1314/1600  0.2 games/s  ETA 0h19m26s
[pb-ab-O-push-d4b.base] 1315/1600  0.2 games/s  ETA 0h19m21s
[pb-ab-O-push-d4b.base] 1316/1600  0.2 games/s  ETA 0h19m17s
[pb-ab-O-push-d4b.base] 1317/1600  0.2 games/s  ETA 0h19m12s
[pb-ab-O-push-d4b.base] 1318/1600  0.2 games/s  ETA 0h19m08s
[pb-ab-O-push-d4b.base] 1318/1600  0.2 games/s  ETA 0h19m08s
[pb-ab-O-push-d4b.base] 1319/1600  0.2 games/s  ETA 0h19m04s
[pb-ab-O-push-d4b.base] 1320/1600  0.2 games/s  ETA 0h18m59s
[pb-ab-O-push-d4b.base] 1320/1600  0.2 games/s  ETA 0h19m00s
[pb-ab-O-push-d4b.base] 1320/1600  0.2 games/s  ETA 0h19m00s
[pb-ab-O-push-d4b.base] 1321/1600  0.2 games/s  ETA 0h18m55s
[pb-ab-O-push-d4b.base] 1321/1600  0.2 games/s  ETA 0h18m56s
[pb-ab-O-push-d4b.base] 1321/1600  0.2 games/s  ETA 0h18m56s
[pb-ab-O-push-d4b.base] 1322/1600  0.2 games/s  ETA 0h18m52s
[pb-ab-O-push-d4b.base] 1322/1600  0.2 games/s  ETA 0h18m52s
[pb-ab-O-push-d4b.base] 1322/1600  0.2 games/s  ETA 0h18m53s
[pb-ab-O-push-d4b.base] 1324/1600  0.2 games/s  ETA 0h18m43s
[pb-ab-O-push-d4b.base] 1325/1600  0.2 games/s  ETA 0h18m39s
[pb-ab-O-push-d4b.base] 1325/1600  0.2 games/s  ETA 0h18m39s
[pb-ab-O-push-d4b.base] 1325/1600  0.2 games/s  ETA 0h18m40s
[pb-ab-O-push-d4b.base] 1326/1600  0.2 games/s  ETA 0h18m35s
[pb-ab-O-push-d4b.base] 1327/1600  0.2 games/s  ETA 0h18m31s
[pb-ab-O-push-d4b.base] 1327/1600  0.2 games/s  ETA 0h18m31s
[pb-ab-O-push-d4b.base] 1328/1600  0.2 games/s  ETA 0h18m26s
[pb-ab-O-push-d4b.base] 1330/1600  0.2 games/s  ETA 0h18m17s
[pb-ab-O-push-d4b.base] 1330/1600  0.2 games/s  ETA 0h18m17s
[pb-ab-O-push-d4b.base] 1330/1600  0.2 games/s  ETA 0h18m18s
[pb-ab-O-push-d4b.base] 1330/1600  0.2 games/s  ETA 0h18m18s
[pb-ab-O-push-d4b.base] 1331/1600  0.2 games/s  ETA 0h18m14s
[pb-ab-O-push-d4b.base] 1333/1600  0.2 games/s  ETA 0h18m04s
[pb-ab-O-push-d4b.base] 1333/1600  0.2 games/s  ETA 0h18m05s
[pb-ab-O-push-d4b.base] 1335/1600  0.2 games/s  ETA 0h17m55s
[pb-ab-O-push-d4b.base] 1335/1600  0.2 games/s  ETA 0h17m56s
[pb-ab-O-push-d4b.base] 1335/1600  0.2 games/s  ETA 0h17m56s
[pb-ab-O-push-d4b.base] 1337/1600  0.2 games/s  ETA 0h17m47s
[pb-ab-O-push-d4b.base] 1338/1600  0.2 games/s  ETA 0h17m42s
[pb-ab-O-push-d4b.base] 1338/1600  0.2 games/s  ETA 0h17m43s
[pb-ab-O-push-d4b.base] 1338/1600  0.2 games/s  ETA 0h17m43s
[pb-ab-O-push-d4b.base] 1338/1600  0.2 games/s  ETA 0h17m44s
[pb-ab-O-push-d4b.base] 1338/1600  0.2 games/s  ETA 0h17m44s
[pb-ab-O-push-d4b.base] 1340/1600  0.2 games/s  ETA 0h17m35s
[pb-ab-O-push-d4b.base] 1341/1600  0.2 games/s  ETA 0h17m30s
[pb-ab-O-push-d4b.base] 1343/1600  0.2 games/s  ETA 0h17m21s
[pb-ab-O-push-d4b.base] 1343/1600  0.2 games/s  ETA 0h17m21s
[pb-ab-O-push-d4b.base] 1343/1600  0.2 games/s  ETA 0h17m22s
[pb-ab-O-push-d4b.base] 1344/1600  0.2 games/s  ETA 0h17m17s
[pb-ab-O-push-d4b.base] 1346/1600  0.2 games/s  ETA 0h17m08s
[pb-ab-O-push-d4b.base] 1346/1600  0.2 games/s  ETA 0h17m08s
[pb-ab-O-push-d4b.base] 1347/1600  0.2 games/s  ETA 0h17m04s
[pb-ab-O-push-d4b.base] 1347/1600  0.2 games/s  ETA 0h17m04s
[pb-ab-O-push-d4b.base] 1347/1600  0.2 games/s  ETA 0h17m05s
[pb-ab-O-push-d4b.base] 1348/1600  0.2 games/s  ETA 0h17m00s
[pb-ab-O-push-d4b.base] 1349/1600  0.2 games/s  ETA 0h16m56s
[pb-ab-O-push-d4b.base] 1349/1600  0.2 games/s  ETA 0h16m56s
[pb-ab-O-push-d4b.base] 1350/1600  0.2 games/s  ETA 0h16m52s
[pb-ab-O-push-d4b.base] 1352/1600  0.2 games/s  ETA 0h16m43s
[pb-ab-O-push-d4b.base] 1352/1600  0.2 games/s  ETA 0h16m43s
[pb-ab-O-push-d4b.base] 1354/1600  0.2 games/s  ETA 0h16m34s
[pb-ab-O-push-d4b.base] 1355/1600  0.2 games/s  ETA 0h16m29s
[pb-ab-O-push-d4b.base] 1356/1600  0.2 games/s  ETA 0h16m25s
[pb-ab-O-push-d4b.base] 1356/1600  0.2 games/s  ETA 0h16m25s
[pb-ab-O-push-d4b.base] 1356/1600  0.2 games/s  ETA 0h16m26s
[pb-ab-O-push-d4b.base] 1356/1600  0.2 games/s  ETA 0h16m26s
[pb-ab-O-push-d4b.base] 1356/1600  0.2 games/s  ETA 0h16m26s
[pb-ab-O-push-d4b.base] 1358/1600  0.2 games/s  ETA 0h16m17s
[pb-ab-O-push-d4b.base] 1358/1600  0.2 games/s  ETA 0h16m18s
[pb-ab-O-push-d4b.base] 1359/1600  0.2 games/s  ETA 0h16m13s
[pb-ab-O-push-d4b.base] 1361/1600  0.2 games/s  ETA 0h16m04s
[pb-ab-O-push-d4b.base] 1361/1600  0.2 games/s  ETA 0h16m04s
[pb-ab-O-push-d4b.base] 1361/1600  0.2 games/s  ETA 0h16m05s
[pb-ab-O-push-d4b.base] 1362/1600  0.2 games/s  ETA 0h16m00s
[pb-ab-O-push-d4b.base] 1363/1600  0.2 games/s  ETA 0h15m56s
[pb-ab-O-push-d4b.base] 1363/1600  0.2 games/s  ETA 0h15m56s
[pb-ab-O-push-d4b.base] 1365/1600  0.2 games/s  ETA 0h15m47s
[pb-ab-O-push-d4b.base] 1367/1600  0.2 games/s  ETA 0h15m38s
[pb-ab-O-push-d4b.base] 1367/1600  0.2 games/s  ETA 0h15m38s
[pb-ab-O-push-d4b.base] 1367/1600  0.2 games/s  ETA 0h15m39s
[pb-ab-O-push-d4b.base] 1368/1600  0.2 games/s  ETA 0h15m34s
[pb-ab-O-push-d4b.base] 1368/1600  0.2 games/s  ETA 0h15m35s
[pb-ab-O-push-d4b.base] 1370/1600  0.2 games/s  ETA 0h15m26s
[pb-ab-O-push-d4b.base] 1371/1600  0.2 games/s  ETA 0h15m21s
[pb-ab-O-push-d4b.base] 1371/1600  0.2 games/s  ETA 0h15m22s
[pb-ab-O-push-d4b.base] 1373/1600  0.2 games/s  ETA 0h15m13s
[pb-ab-O-push-d4b.base] 1374/1600  0.2 games/s  ETA 0h15m08s
[pb-ab-O-push-d4b.base] 1374/1600  0.2 games/s  ETA 0h15m09s
[pb-ab-O-push-d4b.base] 1374/1600  0.2 games/s  ETA 0h15m09s
[pb-ab-O-push-d4b.base] 1374/1600  0.2 games/s  ETA 0h15m09s
[pb-ab-O-push-d4b.base] 1375/1600  0.2 games/s  ETA 0h15m05s
[pb-ab-O-push-d4b.base] 1376/1600  0.2 games/s  ETA 0h15m00s
[pb-ab-O-push-d4b.base] 1376/1600  0.2 games/s  ETA 0h15m01s
[pb-ab-O-push-d4b.base] 1377/1600  0.2 games/s  ETA 0h14m56s
[pb-ab-O-push-d4b.base] 1379/1600  0.2 games/s  ETA 0h14m47s
[pb-ab-O-push-d4b.base] 1379/1600  0.2 games/s  ETA 0h14m48s
[pb-ab-O-push-d4b.base] 1380/1600  0.2 games/s  ETA 0h14m43s
[pb-ab-O-push-d4b.base] 1381/1600  0.2 games/s  ETA 0h14m39s
[pb-ab-O-push-d4b.base] 1381/1600  0.2 games/s  ETA 0h14m39s
[pb-ab-O-push-d4b.base] 1381/1600  0.2 games/s  ETA 0h14m40s
[pb-ab-O-push-d4b.base] 1381/1600  0.2 games/s  ETA 0h14m40s
[pb-ab-O-push-d4b.base] 1383/1600  0.2 games/s  ETA 0h14m31s
[pb-ab-O-push-d4b.base] 1385/1600  0.2 games/s  ETA 0h14m22s
[pb-ab-O-push-d4b.base] 1385/1600  0.2 games/s  ETA 0h14m22s
[pb-ab-O-push-d4b.base] 1386/1600  0.2 games/s  ETA 0h14m18s
[pb-ab-O-push-d4b.base] 1386/1600  0.2 games/s  ETA 0h14m18s
[pb-ab-O-push-d4b.base] 1386/1600  0.2 games/s  ETA 0h14m19s
[pb-ab-O-push-d4b.base] 1388/1600  0.2 games/s  ETA 0h14m10s
[pb-ab-O-push-d4b.base] 1388/1600  0.2 games/s  ETA 0h14m10s
[pb-ab-O-push-d4b.base] 1388/1600  0.2 games/s  ETA 0h14m10s
[pb-ab-O-push-d4b.base] 1390/1600  0.2 games/s  ETA 0h14m01s
[pb-ab-O-push-d4b.base] 1390/1600  0.2 games/s  ETA 0h14m02s
[pb-ab-O-push-d4b.base] 1392/1600  0.2 games/s  ETA 0h13m53s
[pb-ab-O-push-d4b.base] 1393/1600  0.2 games/s  ETA 0h13m48s
[pb-ab-O-push-d4b.base] 1394/1600  0.2 games/s  ETA 0h13m44s
[pb-ab-O-push-d4b.base] 1394/1600  0.2 games/s  ETA 0h13m44s
[pb-ab-O-push-d4b.base] 1394/1600  0.2 games/s  ETA 0h13m45s
[pb-ab-O-push-d4b.base] 1396/1600  0.2 games/s  ETA 0h13m36s
[pb-ab-O-push-d4b.base] 1397/1600  0.2 games/s  ETA 0h13m32s
[pb-ab-O-push-d4b.base] 1398/1600  0.3 games/s  ETA 0h13m27s
[pb-ab-O-push-d4b.base] 1400/1600  0.3 games/s  ETA 0h13m18s
[pb-ab-O-push-d4b.base] 1401/1600  0.3 games/s  ETA 0h13m14s
[pb-ab-O-push-d4b.base] 1402/1600  0.3 games/s  ETA 0h13m10s
[pb-ab-O-push-d4b.base] 1403/1600  0.3 games/s  ETA 0h13m06s
[pb-ab-O-push-d4b.base] 1403/1600  0.3 games/s  ETA 0h13m06s
[pb-ab-O-push-d4b.base] 1403/1600  0.3 games/s  ETA 0h13m06s
[pb-ab-O-push-d4b.base] 1404/1600  0.3 games/s  ETA 0h13m02s
[pb-ab-O-push-d4b.base] 1404/1600  0.3 games/s  ETA 0h13m02s
[pb-ab-O-push-d4b.base] 1407/1600  0.3 games/s  ETA 0h12m49s
[pb-ab-O-push-d4b.base] 1407/1600  0.3 games/s  ETA 0h12m49s
[pb-ab-O-push-d4b.base] 1409/1600  0.3 games/s  ETA 0h12m40s
[pb-ab-O-push-d4b.base] 1411/1600  0.3 games/s  ETA 0h12m32s
[pb-ab-O-push-d4b.base] 1411/1600  0.3 games/s  ETA 0h12m32s
[pb-ab-O-push-d4b.base] 1412/1600  0.3 games/s  ETA 0h12m28s
[pb-ab-O-push-d4b.base] 1412/1600  0.3 games/s  ETA 0h12m28s
[pb-ab-O-push-d4b.base] 1413/1600  0.3 games/s  ETA 0h12m24s
[pb-ab-O-push-d4b.base] 1414/1600  0.3 games/s  ETA 0h12m19s
[pb-ab-O-push-d4b.base] 1415/1600  0.3 games/s  ETA 0h12m15s
[pb-ab-O-push-d4b.base] 1416/1600  0.3 games/s  ETA 0h12m11s
[pb-ab-O-push-d4b.base] 1416/1600  0.3 games/s  ETA 0h12m11s
[pb-ab-O-push-d4b.base] 1416/1600  0.3 games/s  ETA 0h12m11s
[pb-ab-O-push-d4b.base] 1417/1600  0.3 games/s  ETA 0h12m07s
[pb-ab-O-push-d4b.base] 1418/1600  0.3 games/s  ETA 0h12m03s
[pb-ab-O-push-d4b.base] 1420/1600  0.3 games/s  ETA 0h11m54s
[pb-ab-O-push-d4b.base] 1420/1600  0.3 games/s  ETA 0h11m55s
[pb-ab-O-push-d4b.base] 1420/1600  0.3 games/s  ETA 0h11m55s
[pb-ab-O-push-d4b.base] 1420/1600  0.3 games/s  ETA 0h11m55s
[pb-ab-O-push-d4b.base] 1421/1600  0.3 games/s  ETA 0h11m51s
[pb-ab-O-push-d4b.base] 1421/1600  0.3 games/s  ETA 0h11m51s
[pb-ab-O-push-d4b.base] 1422/1600  0.3 games/s  ETA 0h11m47s
[pb-ab-O-push-d4b.base] 1423/1600  0.3 games/s  ETA 0h11m43s
[pb-ab-O-push-d4b.base] 1423/1600  0.3 games/s  ETA 0h11m43s
[pb-ab-O-push-d4b.base] 1423/1600  0.3 games/s  ETA 0h11m43s
[pb-ab-O-push-d4b.base] 1426/1600  0.3 games/s  ETA 0h11m30s
[pb-ab-O-push-d4b.base] 1426/1600  0.3 games/s  ETA 0h11m30s
[pb-ab-O-push-d4b.base] 1427/1600  0.3 games/s  ETA 0h11m26s
[pb-ab-O-push-d4b.base] 1428/1600  0.3 games/s  ETA 0h11m22s
[pb-ab-O-push-d4b.base] 1429/1600  0.3 games/s  ETA 0h11m18s
[pb-ab-O-push-d4b.base] 1429/1600  0.3 games/s  ETA 0h11m18s
[pb-ab-O-push-d4b.base] 1429/1600  0.3 games/s  ETA 0h11m18s
[pb-ab-O-push-d4b.base] 1431/1600  0.3 games/s  ETA 0h11m09s
[pb-ab-O-push-d4b.base] 1431/1600  0.3 games/s  ETA 0h11m10s
[pb-ab-O-push-d4b.base] 1431/1600  0.3 games/s  ETA 0h11m10s
[pb-ab-O-push-d4b.base] 1432/1600  0.3 games/s  ETA 0h11m06s
[pb-ab-O-push-d4b.base] 1432/1600  0.3 games/s  ETA 0h11m06s
[pb-ab-O-push-d4b.base] 1434/1600  0.3 games/s  ETA 0h10m57s
[pb-ab-O-push-d4b.base] 1437/1600  0.3 games/s  ETA 0h10m44s
[pb-ab-O-push-d4b.base] 1438/1600  0.3 games/s  ETA 0h10m40s
[pb-ab-O-push-d4b.base] 1439/1600  0.3 games/s  ETA 0h10m36s
[pb-ab-O-push-d4b.base] 1439/1600  0.3 games/s  ETA 0h10m36s
[pb-ab-O-push-d4b.base] 1439/1600  0.3 games/s  ETA 0h10m36s
[pb-ab-O-push-d4b.base] 1439/1600  0.3 games/s  ETA 0h10m37s
[pb-ab-O-push-d4b.base] 1440/1600  0.3 games/s  ETA 0h10m32s
[pb-ab-O-push-d4b.base] 1441/1600  0.3 games/s  ETA 0h10m28s
[pb-ab-O-push-d4b.base] 1442/1600  0.3 games/s  ETA 0h10m24s
[pb-ab-O-push-d4b.base] 1442/1600  0.3 games/s  ETA 0h10m24s
[pb-ab-O-push-d4b.base] 1444/1600  0.3 games/s  ETA 0h10m16s
[pb-ab-O-push-d4b.base] 1444/1600  0.3 games/s  ETA 0h10m16s
[pb-ab-O-push-d4b.base] 1445/1600  0.3 games/s  ETA 0h10m12s
[pb-ab-O-push-d4b.base] 1445/1600  0.3 games/s  ETA 0h10m12s
[pb-ab-O-push-d4b.base] 1447/1600  0.3 games/s  ETA 0h10m04s
[pb-ab-O-push-d4b.base] 1448/1600  0.3 games/s  ETA 0h09m59s
[pb-ab-O-push-d4b.base] 1450/1600  0.3 games/s  ETA 0h09m51s
[pb-ab-O-push-d4b.base] 1451/1600  0.3 games/s  ETA 0h09m47s
[pb-ab-O-push-d4b.base] 1451/1600  0.3 games/s  ETA 0h09m47s
[pb-ab-O-push-d4b.base] 1453/1600  0.3 games/s  ETA 0h09m38s
[pb-ab-O-push-d4b.base] 1453/1600  0.3 games/s  ETA 0h09m39s
[pb-ab-O-push-d4b.base] 1453/1600  0.3 games/s  ETA 0h09m39s
[pb-ab-O-push-d4b.base] 1455/1600  0.3 games/s  ETA 0h09m30s
[pb-ab-O-push-d4b.base] 1456/1600  0.3 games/s  ETA 0h09m26s
[pb-ab-O-push-d4b.base] 1456/1600  0.3 games/s  ETA 0h09m26s
[pb-ab-O-push-d4b.base] 1457/1600  0.3 games/s  ETA 0h09m22s
[pb-ab-O-push-d4b.base] 1457/1600  0.3 games/s  ETA 0h09m23s
[pb-ab-O-push-d4b.base] 1459/1600  0.3 games/s  ETA 0h09m14s
[pb-ab-O-push-d4b.base] 1459/1600  0.3 games/s  ETA 0h09m14s
[pb-ab-O-push-d4b.base] 1460/1600  0.3 games/s  ETA 0h09m10s
[pb-ab-O-push-d4b.base] 1460/1600  0.3 games/s  ETA 0h09m10s
[pb-ab-O-push-d4b.base] 1462/1600  0.3 games/s  ETA 0h09m02s
[pb-ab-O-push-d4b.base] 1463/1600  0.3 games/s  ETA 0h08m58s
[pb-ab-O-push-d4b.base] 1463/1600  0.3 games/s  ETA 0h08m58s
[pb-ab-O-push-d4b.base] 1464/1600  0.3 games/s  ETA 0h08m54s
[pb-ab-O-push-d4b.base] 1467/1600  0.3 games/s  ETA 0h08m41s
[pb-ab-O-push-d4b.base] 1468/1600  0.3 games/s  ETA 0h08m37s
[pb-ab-O-push-d4b.base] 1468/1600  0.3 games/s  ETA 0h08m37s
[pb-ab-O-push-d4b.base] 1468/1600  0.3 games/s  ETA 0h08m38s
[pb-ab-O-push-d4b.base] 1469/1600  0.3 games/s  ETA 0h08m33s
[pb-ab-O-push-d4b.base] 1471/1600  0.3 games/s  ETA 0h08m25s
[pb-ab-O-push-d4b.base] 1471/1600  0.3 games/s  ETA 0h08m25s
[pb-ab-O-push-d4b.base] 1472/1600  0.3 games/s  ETA 0h08m21s
[pb-ab-O-push-d4b.base] 1474/1600  0.3 games/s  ETA 0h08m13s
[pb-ab-O-push-d4b.base] 1474/1600  0.3 games/s  ETA 0h08m13s
[pb-ab-O-push-d4b.base] 1475/1600  0.3 games/s  ETA 0h08m09s
[pb-ab-O-push-d4b.base] 1476/1600  0.3 games/s  ETA 0h08m05s
[pb-ab-O-push-d4b.base] 1477/1600  0.3 games/s  ETA 0h08m01s
[pb-ab-O-push-d4b.base] 1478/1600  0.3 games/s  ETA 0h07m57s
[pb-ab-O-push-d4b.base] 1479/1600  0.3 games/s  ETA 0h07m53s
[pb-ab-O-push-d4b.base] 1480/1600  0.3 games/s  ETA 0h07m49s
[pb-ab-O-push-d4b.base] 1481/1600  0.3 games/s  ETA 0h07m44s
[pb-ab-O-push-d4b.base] 1483/1600  0.3 games/s  ETA 0h07m36s
[pb-ab-O-push-d4b.base] 1483/1600  0.3 games/s  ETA 0h07m36s
[pb-ab-O-push-d4b.base] 1483/1600  0.3 games/s  ETA 0h07m37s
[pb-ab-O-push-d4b.base] 1483/1600  0.3 games/s  ETA 0h07m37s
[pb-ab-O-push-d4b.base] 1485/1600  0.3 games/s  ETA 0h07m28s
[pb-ab-O-push-d4b.base] 1485/1600  0.3 games/s  ETA 0h07m29s
[pb-ab-O-push-d4b.base] 1486/1600  0.3 games/s  ETA 0h07m25s
[pb-ab-O-push-d4b.base] 1486/1600  0.3 games/s  ETA 0h07m25s
[pb-ab-O-push-d4b.base] 1487/1600  0.3 games/s  ETA 0h07m21s
[pb-ab-O-push-d4b.base] 1487/1600  0.3 games/s  ETA 0h07m21s
[pb-ab-O-push-d4b.base] 1487/1600  0.3 games/s  ETA 0h07m21s
[pb-ab-O-push-d4b.base] 1487/1600  0.3 games/s  ETA 0h07m21s
[pb-ab-O-push-d4b.base] 1488/1600  0.3 games/s  ETA 0h07m17s
[pb-ab-O-push-d4b.base] 1488/1600  0.3 games/s  ETA 0h07m17s
[pb-ab-O-push-d4b.base] 1489/1600  0.3 games/s  ETA 0h07m13s
[pb-ab-O-push-d4b.base] 1490/1600  0.3 games/s  ETA 0h07m09s
[pb-ab-O-push-d4b.base] 1490/1600  0.3 games/s  ETA 0h07m09s
[pb-ab-O-push-d4b.base] 1490/1600  0.3 games/s  ETA 0h07m09s
[pb-ab-O-push-d4b.base] 1491/1600  0.3 games/s  ETA 0h07m05s
[pb-ab-O-push-d4b.base] 1491/1600  0.3 games/s  ETA 0h07m05s
[pb-ab-O-push-d4b.base] 1493/1600  0.3 games/s  ETA 0h06m57s
[pb-ab-O-push-d4b.base] 1494/1600  0.3 games/s  ETA 0h06m53s
[pb-ab-O-push-d4b.base] 1494/1600  0.3 games/s  ETA 0h06m53s
[pb-ab-O-push-d4b.base] 1494/1600  0.3 games/s  ETA 0h06m53s
[pb-ab-O-push-d4b.base] 1495/1600  0.3 games/s  ETA 0h06m49s
[pb-ab-O-push-d4b.base] 1496/1600  0.3 games/s  ETA 0h06m45s
[pb-ab-O-push-d4b.base] 1496/1600  0.3 games/s  ETA 0h06m46s
[pb-ab-O-push-d4b.base] 1496/1600  0.3 games/s  ETA 0h06m46s
[pb-ab-O-push-d4b.base] 1497/1600  0.3 games/s  ETA 0h06m42s
[pb-ab-O-push-d4b.base] 1498/1600  0.3 games/s  ETA 0h06m38s
[pb-ab-O-push-d4b.base] 1499/1600  0.3 games/s  ETA 0h06m34s
[pb-ab-O-push-d4b.base] 1500/1600  0.3 games/s  ETA 0h06m30s
[pb-ab-O-push-d4b.base] 1501/1600  0.3 games/s  ETA 0h06m26s
[pb-ab-O-push-d4b.base] 1502/1600  0.3 games/s  ETA 0h06m22s
[pb-ab-O-push-d4b.base] 1502/1600  0.3 games/s  ETA 0h06m22s
[pb-ab-O-push-d4b.base] 1502/1600  0.3 games/s  ETA 0h06m22s
[pb-ab-O-push-d4b.base] 1503/1600  0.3 games/s  ETA 0h06m18s
[pb-ab-O-push-d4b.base] 1504/1600  0.3 games/s  ETA 0h06m14s
[pb-ab-O-push-d4b.base] 1504/1600  0.3 games/s  ETA 0h06m14s
[pb-ab-O-push-d4b.base] 1505/1600  0.3 games/s  ETA 0h06m10s
[pb-ab-O-push-d4b.base] 1506/1600  0.3 games/s  ETA 0h06m06s
[pb-ab-O-push-d4b.base] 1507/1600  0.3 games/s  ETA 0h06m02s
[pb-ab-O-push-d4b.base] 1507/1600  0.3 games/s  ETA 0h06m02s
[pb-ab-O-push-d4b.base] 1507/1600  0.3 games/s  ETA 0h06m02s
[pb-ab-O-push-d4b.base] 1507/1600  0.3 games/s  ETA 0h06m02s
[pb-ab-O-push-d4b.base] 1508/1600  0.3 games/s  ETA 0h05m58s
[pb-ab-O-push-d4b.base] 1508/1600  0.3 games/s  ETA 0h05m58s
[pb-ab-O-push-d4b.base] 1508/1600  0.3 games/s  ETA 0h05m58s
[pb-ab-O-push-d4b.base] 1509/1600  0.3 games/s  ETA 0h05m54s
[pb-ab-O-push-d4b.base] 1511/1600  0.3 games/s  ETA 0h05m46s
[pb-ab-O-push-d4b.base] 1511/1600  0.3 games/s  ETA 0h05m46s
[pb-ab-O-push-d4b.base] 1511/1600  0.3 games/s  ETA 0h05m46s
[pb-ab-O-push-d4b.base] 1511/1600  0.3 games/s  ETA 0h05m47s
[pb-ab-O-push-d4b.base] 1511/1600  0.3 games/s  ETA 0h05m47s
[pb-ab-O-push-d4b.base] 1512/1600  0.3 games/s  ETA 0h05m43s
[pb-ab-O-push-d4b.base] 1514/1600  0.3 games/s  ETA 0h05m35s
[pb-ab-O-push-d4b.base] 1514/1600  0.3 games/s  ETA 0h05m35s
[pb-ab-O-push-d4b.base] 1515/1600  0.3 games/s  ETA 0h05m31s
[pb-ab-O-push-d4b.base] 1515/1600  0.3 games/s  ETA 0h05m31s
[pb-ab-O-push-d4b.base] 1516/1600  0.3 games/s  ETA 0h05m27s
[pb-ab-O-push-d4b.base] 1516/1600  0.3 games/s  ETA 0h05m27s
[pb-ab-O-push-d4b.base] 1518/1600  0.3 games/s  ETA 0h05m19s
[pb-ab-O-push-d4b.base] 1518/1600  0.3 games/s  ETA 0h05m19s
[pb-ab-O-push-d4b.base] 1519/1600  0.3 games/s  ETA 0h05m15s
[pb-ab-O-push-d4b.base] 1519/1600  0.3 games/s  ETA 0h05m15s
[pb-ab-O-push-d4b.base] 1519/1600  0.3 games/s  ETA 0h05m15s
[pb-ab-O-push-d4b.base] 1519/1600  0.3 games/s  ETA 0h05m15s
[pb-ab-O-push-d4b.base] 1522/1600  0.3 games/s  ETA 0h05m03s
[pb-ab-O-push-d4b.base] 1522/1600  0.3 games/s  ETA 0h05m03s
[pb-ab-O-push-d4b.base] 1525/1600  0.3 games/s  ETA 0h04m51s
[pb-ab-O-push-d4b.base] 1525/1600  0.3 games/s  ETA 0h04m51s
[pb-ab-O-push-d4b.base] 1526/1600  0.3 games/s  ETA 0h04m47s
[pb-ab-O-push-d4b.base] 1526/1600  0.3 games/s  ETA 0h04m47s
[pb-ab-O-push-d4b.base] 1528/1600  0.3 games/s  ETA 0h04m39s
[pb-ab-O-push-d4b.base] 1528/1600  0.3 games/s  ETA 0h04m39s
[pb-ab-O-push-d4b.base] 1528/1600  0.3 games/s  ETA 0h04m39s
[pb-ab-O-push-d4b.base] 1529/1600  0.3 games/s  ETA 0h04m35s
[pb-ab-O-push-d4b.base] 1529/1600  0.3 games/s  ETA 0h04m35s
[pb-ab-O-push-d4b.base] 1531/1600  0.3 games/s  ETA 0h04m27s
[pb-ab-O-push-d4b.base] 1531/1600  0.3 games/s  ETA 0h04m28s
[pb-ab-O-push-d4b.base] 1533/1600  0.3 games/s  ETA 0h04m20s
[pb-ab-O-push-d4b.base] 1534/1600  0.3 games/s  ETA 0h04m16s
[pb-ab-O-push-d4b.base] 1535/1600  0.3 games/s  ETA 0h04m12s
[pb-ab-O-push-d4b.base] 1535/1600  0.3 games/s  ETA 0h04m12s
[pb-ab-O-push-d4b.base] 1537/1600  0.3 games/s  ETA 0h04m04s
[pb-ab-O-push-d4b.base] 1537/1600  0.3 games/s  ETA 0h04m04s
[pb-ab-O-push-d4b.base] 1537/1600  0.3 games/s  ETA 0h04m04s
[pb-ab-O-push-d4b.base] 1537/1600  0.3 games/s  ETA 0h04m04s
[pb-ab-O-push-d4b.base] 1538/1600  0.3 games/s  ETA 0h04m00s
[pb-ab-O-push-d4b.base] 1538/1600  0.3 games/s  ETA 0h04m00s
[pb-ab-O-push-d4b.base] 1538/1600  0.3 games/s  ETA 0h04m00s
[pb-ab-O-push-d4b.base] 1541/1600  0.3 games/s  ETA 0h03m48s
[pb-ab-O-push-d4b.base] 1541/1600  0.3 games/s  ETA 0h03m48s
[pb-ab-O-push-d4b.base] 1541/1600  0.3 games/s  ETA 0h03m48s
[pb-ab-O-push-d4b.base] 1542/1600  0.3 games/s  ETA 0h03m44s
[pb-ab-O-push-d4b.base] 1545/1600  0.3 games/s  ETA 0h03m32s
[pb-ab-O-push-d4b.base] 1545/1600  0.3 games/s  ETA 0h03m32s
[pb-ab-O-push-d4b.base] 1545/1600  0.3 games/s  ETA 0h03m32s
[pb-ab-O-push-d4b.base] 1545/1600  0.3 games/s  ETA 0h03m33s
[pb-ab-O-push-d4b.base] 1546/1600  0.3 games/s  ETA 0h03m29s
[pb-ab-O-push-d4b.base] 1547/1600  0.3 games/s  ETA 0h03m25s
[pb-ab-O-push-d4b.base] 1547/1600  0.3 games/s  ETA 0h03m25s
[pb-ab-O-push-d4b.base] 1549/1600  0.3 games/s  ETA 0h03m17s
[pb-ab-O-push-d4b.base] 1550/1600  0.3 games/s  ETA 0h03m13s
[pb-ab-O-push-d4b.base] 1550/1600  0.3 games/s  ETA 0h03m13s
[pb-ab-O-push-d4b.base] 1551/1600  0.3 games/s  ETA 0h03m09s
[pb-ab-O-push-d4b.base] 1552/1600  0.3 games/s  ETA 0h03m05s
[pb-ab-O-push-d4b.base] 1552/1600  0.3 games/s  ETA 0h03m05s
[pb-ab-O-push-d4b.base] 1553/1600  0.3 games/s  ETA 0h03m01s
[pb-ab-O-push-d4b.base] 1553/1600  0.3 games/s  ETA 0h03m01s
[pb-ab-O-push-d4b.base] 1554/1600  0.3 games/s  ETA 0h02m57s
[pb-ab-O-push-d4b.base] 1555/1600  0.3 games/s  ETA 0h02m53s
[pb-ab-O-push-d4b.base] 1555/1600  0.3 games/s  ETA 0h02m54s
[pb-ab-O-push-d4b.base] 1557/1600  0.3 games/s  ETA 0h02m46s
[pb-ab-O-push-d4b.base] 1557/1600  0.3 games/s  ETA 0h02m46s
[pb-ab-O-push-d4b.base] 1558/1600  0.3 games/s  ETA 0h02m42s
[pb-ab-O-push-d4b.base] 1559/1600  0.3 games/s  ETA 0h02m38s
[pb-ab-O-push-d4b.base] 1559/1600  0.3 games/s  ETA 0h02m38s
[pb-ab-O-push-d4b.base] 1560/1600  0.3 games/s  ETA 0h02m34s
[pb-ab-O-push-d4b.base] 1561/1600  0.3 games/s  ETA 0h02m30s
[pb-ab-O-push-d4b.base] 1562/1600  0.3 games/s  ETA 0h02m26s
[pb-ab-O-push-d4b.base] 1564/1600  0.3 games/s  ETA 0h02m18s
[pb-ab-O-push-d4b.base] 1564/1600  0.3 games/s  ETA 0h02m18s
[pb-ab-O-push-d4b.base] 1565/1600  0.3 games/s  ETA 0h02m14s
[pb-ab-O-push-d4b.base] 1566/1600  0.3 games/s  ETA 0h02m11s
[pb-ab-O-push-d4b.base] 1567/1600  0.3 games/s  ETA 0h02m07s
[pb-ab-O-push-d4b.base] 1567/1600  0.3 games/s  ETA 0h02m07s
[pb-ab-O-push-d4b.base] 1567/1600  0.3 games/s  ETA 0h02m07s
[pb-ab-O-push-d4b.base] 1567/1600  0.3 games/s  ETA 0h02m07s
[pb-ab-O-push-d4b.base] 1567/1600  0.3 games/s  ETA 0h02m07s
[pb-ab-O-push-d4b.base] 1568/1600  0.3 games/s  ETA 0h02m03s
[pb-ab-O-push-d4b.base] 1568/1600  0.3 games/s  ETA 0h02m03s
[pb-ab-O-push-d4b.base] 1570/1600  0.3 games/s  ETA 0h01m55s
[pb-ab-O-push-d4b.base] 1570/1600  0.3 games/s  ETA 0h01m55s
[pb-ab-O-push-d4b.base] 1570/1600  0.3 games/s  ETA 0h01m55s
[pb-ab-O-push-d4b.base] 1572/1600  0.3 games/s  ETA 0h01m47s
[pb-ab-O-push-d4b.base] 1573/1600  0.3 games/s  ETA 0h01m44s
[pb-ab-O-push-d4b.base] 1574/1600  0.3 games/s  ETA 0h01m40s
[pb-ab-O-push-d4b.base] 1575/1600  0.3 games/s  ETA 0h01m36s
[pb-ab-O-push-d4b.base] 1576/1600  0.3 games/s  ETA 0h01m32s
[pb-ab-O-push-d4b.base] 1577/1600  0.3 games/s  ETA 0h01m28s
[pb-ab-O-push-d4b.base] 1578/1600  0.3 games/s  ETA 0h01m24s
[pb-ab-O-push-d4b.base] 1579/1600  0.3 games/s  ETA 0h01m20s
[pb-ab-O-push-d4b.base] 1579/1600  0.3 games/s  ETA 0h01m20s
[pb-ab-O-push-d4b.base] 1580/1600  0.3 games/s  ETA 0h01m16s
[pb-ab-O-push-d4b.base] 1581/1600  0.3 games/s  ETA 0h01m13s
[pb-ab-O-push-d4b.base] 1582/1600  0.3 games/s  ETA 0h01m09s
[pb-ab-O-push-d4b.base] 1582/1600  0.3 games/s  ETA 0h01m09s
[pb-ab-O-push-d4b.base] 1582/1600  0.3 games/s  ETA 0h01m09s
[pb-ab-O-push-d4b.base] 1583/1600  0.3 games/s  ETA 0h01m05s
[pb-ab-O-push-d4b.base] 1583/1600  0.3 games/s  ETA 0h01m05s
[pb-ab-O-push-d4b.base] 1583/1600  0.3 games/s  ETA 0h01m05s
[pb-ab-O-push-d4b.base] 1583/1600  0.3 games/s  ETA 0h01m05s
[pb-ab-O-push-d4b.base] 1585/1600  0.3 games/s  ETA 0h00m57s
[pb-ab-O-push-d4b.base] 1586/1600  0.3 games/s  ETA 0h00m53s
[pb-ab-O-push-d4b.base] 1586/1600  0.3 games/s  ETA 0h00m53s
[pb-ab-O-push-d4b.base] 1586/1600  0.3 games/s  ETA 0h00m53s
[pb-ab-O-push-d4b.base] 1587/1600  0.3 games/s  ETA 0h00m49s
[pb-ab-O-push-d4b.base] 1589/1600  0.3 games/s  ETA 0h00m42s
[pb-ab-O-push-d4b.base] 1589/1600  0.3 games/s  ETA 0h00m42s
[pb-ab-O-push-d4b.base] 1590/1600  0.3 games/s  ETA 0h00m38s
[pb-ab-O-push-d4b.base] 1592/1600  0.3 games/s  ETA 0h00m30s
[pb-ab-O-push-d4b.base] 1592/1600  0.3 games/s  ETA 0h00m30s
[pb-ab-O-push-d4b.base] 1593/1600  0.3 games/s  ETA 0h00m26s
[pb-ab-O-push-d4b.base] 1594/1600  0.3 games/s  ETA 0h00m23s
[pb-ab-O-push-d4b.base] 1595/1600  0.3 games/s  ETA 0h00m19s
[pb-ab-O-push-d4b.base] 1595/1600  0.3 games/s  ETA 0h00m19s
[pb-ab-O-push-d4b.base] 1597/1600  0.3 games/s  ETA 0h00m11s
[pb-ab-O-push-d4b.base] 1597/1600  0.3 games/s  ETA 0h00m11s
[pb-ab-O-push-d4b.base] 1597/1600  0.3 games/s  ETA 0h00m11s
[pb-ab-O-push-d4b.base] 1597/1600  0.3 games/s  ETA 0h00m11s
[pb-ab-O-push-d4b.base] 1598/1600  0.3 games/s  ETA 0h00m07s
[pb-ab-O-push-d4b.base] 1599/1600  0.3 games/s  ETA 0h00m03s
[pb-ab-O-push-d4b.base] 1599/1600  0.3 games/s  ETA 0h00m03s
[pb-ab-O-push-d4b.base] 1599/1600  0.3 games/s  ETA 0h00m03s
[pb-ab-O-push-d4b.base] 1599/1600  0.3 games/s  ETA 0h00m03s
[pb-ab-O-push-d4b.base] 1599/1600  0.3 games/s  ETA 0h00m03s
[pb-ab-O-push-d4b.base] 1600 games in 1h42m23s (0.3 games/s)
[pb-ab-O-push-d4b.base] summary -> sim/out/pb-ab-O-push-d4b.base.summary.json
[pb-ab-O-push-d4b.var] 1600 games (0 already done), 1600 to play on 4 workers -> sim/out/pb-ab-O-push-d4b.var.jsonl
[pb-ab-O-push-d4b.var] depth 4, 4 random opening plies, ply cap 300, pairs off (both sides identical; --pairs forces them on)
[pb-ab-O-push-d4b.var] rules {"ogreMode":"push"}, values {}
[pb-ab-O-push-d4b.var] 0/1600  0.0 games/s  ETA ?
[pb-ab-O-push-d4b.var] 0/1600  0.0 games/s  ETA ?
[pb-ab-O-push-d4b.var] 0/1600  0.0 games/s  ETA ?
[pb-ab-O-push-d4b.var] 0/1600  0.0 games/s  ETA ?
[pb-ab-O-push-d4b.var] 2/1600  0.2 games/s  ETA 2h13m19s
[pb-ab-O-push-d4b.var] 3/1600  0.2 games/s  ETA 1h46m37s
[pb-ab-O-push-d4b.var] 4/1600  0.3 games/s  ETA 1h33m14s
[pb-ab-O-push-d4b.var] 4/1600  0.2 games/s  ETA 1h46m33s
[pb-ab-O-push-d4b.var] 4/1600  0.2 games/s  ETA 1h59m52s
[pb-ab-O-push-d4b.var] 4/1600  0.2 games/s  ETA 2h13m11s
[pb-ab-O-push-d4b.var] 6/1600  0.3 games/s  ETA 1h37m32s
[pb-ab-O-push-d4b.var] 7/1600  0.3 games/s  ETA 1h31m09s
[pb-ab-O-push-d4b.var] 7/1600  0.3 games/s  ETA 1h38m45s
[pb-ab-O-push-d4b.var] 7/1600  0.2 games/s  ETA 1h46m21s
[pb-ab-O-push-d4b.var] 8/1600  0.3 games/s  ETA 1h39m39s
[pb-ab-O-push-d4b.var] 9/1600  0.3 games/s  ETA 1h34m25s
[pb-ab-O-push-d4b.var] 10/1600  0.3 games/s  ETA 1h30m14s
[pb-ab-O-push-d4b.var] 11/1600  0.3 games/s  ETA 1h26m48s
[pb-ab-O-push-d4b.var] 11/1600  0.3 games/s  ETA 1h31m37s
[pb-ab-O-push-d4b.var] 12/1600  0.3 games/s  ETA 1h28m21s
[pb-ab-O-push-d4b.var] 14/1600  0.3 games/s  ETA 1h19m25s
[pb-ab-O-push-d4b.var] 14/1600  0.3 games/s  ETA 1h23m12s
[pb-ab-O-push-d4b.var] 16/1600  0.3 games/s  ETA 1h16m01s
[pb-ab-O-push-d4b.var] 16/1600  0.3 games/s  ETA 1h19m19s
[pb-ab-O-push-d4b.var] 16/1600  0.3 games/s  ETA 1h22m38s
[pb-ab-O-push-d4b.var] 17/1600  0.3 games/s  ETA 1h20m49s
[pb-ab-O-push-d4b.var] 19/1600  0.4 games/s  ETA 1h15m00s
[pb-ab-O-push-d4b.var] 19/1600  0.3 games/s  ETA 1h17m47s
[pb-ab-O-push-d4b.var] 20/1600  0.3 games/s  ETA 1h16m29s
[pb-ab-O-push-d4b.var] 22/1600  0.4 games/s  ETA 1h11m50s
[pb-ab-O-push-d4b.var] 23/1600  0.4 games/s  ETA 1h10m57s
[pb-ab-O-push-d4b.var] 23/1600  0.4 games/s  ETA 1h13m14s
[pb-ab-O-push-d4b.var] 24/1600  0.4 games/s  ETA 1h12m20s
[pb-ab-O-push-d4b.var] 25/1600  0.4 games/s  ETA 1h11m30s
[pb-ab-O-push-d4b.var] 26/1600  0.4 games/s  ETA 1h10m43s
[pb-ab-O-push-d4b.var] 27/1600  0.4 games/s  ETA 1h10m00s
[pb-ab-O-push-d4b.var] 28/1600  0.4 games/s  ETA 1h09m20s
[pb-ab-O-push-d4b.var] 29/1600  0.4 games/s  ETA 1h08m42s
[pb-ab-O-push-d4b.var] 31/1600  0.4 games/s  ETA 1h05m53s
[pb-ab-O-push-d4b.var] 31/1600  0.4 games/s  ETA 1h07m34s
[pb-ab-O-push-d4b.var] 32/1600  0.4 games/s  ETA 1h07m03s
[pb-ab-O-push-d4b.var] 33/1600  0.4 games/s  ETA 1h06m34s
[pb-ab-O-push-d4b.var] 34/1600  0.4 games/s  ETA 1h06m06s
[pb-ab-O-push-d4b.var] 34/1600  0.4 games/s  ETA 1h07m38s
[pb-ab-O-push-d4b.var] 34/1600  0.4 games/s  ETA 1h09m11s
[pb-ab-O-push-d4b.var] 35/1600  0.4 games/s  ETA 1h08m39s
[pb-ab-O-push-d4b.var] 36/1600  0.4 games/s  ETA 1h08m09s
[pb-ab-O-push-d4b.var] 36/1600  0.4 games/s  ETA 1h09m36s
[pb-ab-O-push-d4b.var] 36/1600  0.4 games/s  ETA 1h11m03s
[pb-ab-O-push-d4b.var] 36/1600  0.4 games/s  ETA 1h12m30s
[pb-ab-O-push-d4b.var] 37/1600  0.4 games/s  ETA 1h11m54s
[pb-ab-O-push-d4b.var] 37/1600  0.4 games/s  ETA 1h13m19s
[pb-ab-O-push-d4b.var] 37/1600  0.3 games/s  ETA 1h14m43s
[pb-ab-O-push-d4b.var] 37/1600  0.3 games/s  ETA 1h16m08s
[pb-ab-O-push-d4b.var] 38/1600  0.3 games/s  ETA 1h15m27s
[pb-ab-O-push-d4b.var] 38/1600  0.3 games/s  ETA 1h16m50s
[pb-ab-O-push-d4b.var] 40/1600  0.4 games/s  ETA 1h14m12s
[pb-ab-O-push-d4b.var] 42/1600  0.4 games/s  ETA 1h11m48s
[pb-ab-O-push-d4b.var] 43/1600  0.4 games/s  ETA 1h11m18s
[pb-ab-O-push-d4b.var] 43/1600  0.4 games/s  ETA 1h12m31s
[pb-ab-O-push-d4b.var] 43/1600  0.4 games/s  ETA 1h13m43s
[pb-ab-O-push-d4b.var] 44/1600  0.4 games/s  ETA 1h13m11s
[pb-ab-O-push-d4b.var] 45/1600  0.4 games/s  ETA 1h12m39s
[pb-ab-O-push-d4b.var] 46/1600  0.4 games/s  ETA 1h12m09s
[pb-ab-O-push-d4b.var] 46/1600  0.4 games/s  ETA 1h13m17s
[pb-ab-O-push-d4b.var] 48/1600  0.4 games/s  ETA 1h11m13s
[pb-ab-O-push-d4b.var] 48/1600  0.4 games/s  ETA 1h12m18s
[pb-ab-O-push-d4b.var] 48/1600  0.4 games/s  ETA 1h13m23s
[pb-ab-O-push-d4b.var] 49/1600  0.4 games/s  ETA 1h12m53s
[pb-ab-O-push-d4b.var] 49/1600  0.3 games/s  ETA 1h13m57s
[pb-ab-O-push-d4b.var] 50/1600  0.4 games/s  ETA 1h13m27s
[pb-ab-O-push-d4b.var] 50/1600  0.3 games/s  ETA 1h14m29s
[pb-ab-O-push-d4b.var] 52/1600  0.4 games/s  ETA 1h12m31s
[pb-ab-O-push-d4b.var] 53/1600  0.4 games/s  ETA 1h12m05s
[pb-ab-O-push-d4b.var] 54/1600  0.4 games/s  ETA 1h11m40s
[pb-ab-O-push-d4b.var] 54/1600  0.4 games/s  ETA 1h12m37s
[pb-ab-O-push-d4b.var] 55/1600  0.4 games/s  ETA 1h12m11s
[pb-ab-O-push-d4b.var] 57/1600  0.4 games/s  ETA 1h10m28s
[pb-ab-O-push-d4b.var] 57/1600  0.4 games/s  ETA 1h11m22s
[pb-ab-O-push-d4b.var] 57/1600  0.4 games/s  ETA 1h12m17s
[pb-ab-O-push-d4b.var] 58/1600  0.4 games/s  ETA 1h11m52s
[pb-ab-O-push-d4b.var] 58/1600  0.4 games/s  ETA 1h12m46s
[pb-ab-O-push-d4b.var] 58/1600  0.3 games/s  ETA 1h13m39s
[pb-ab-O-push-d4b.var] 58/1600  0.3 games/s  ETA 1h14m32s
[pb-ab-O-push-d4b.var] 59/1600  0.3 games/s  ETA 1h14m06s
[pb-ab-O-push-d4b.var] 60/1600  0.3 games/s  ETA 1h13m40s
[pb-ab-O-push-d4b.var] 62/1600  0.4 games/s  ETA 1h12m02s
[pb-ab-O-push-d4b.var] 62/1600  0.4 games/s  ETA 1h12m51s
[pb-ab-O-push-d4b.var] 62/1600  0.3 games/s  ETA 1h13m41s
[pb-ab-O-push-d4b.var] 64/1600  0.4 games/s  ETA 1h12m05s
[pb-ab-O-push-d4b.var] 65/1600  0.4 games/s  ETA 1h11m43s
[pb-ab-O-push-d4b.var] 65/1600  0.4 games/s  ETA 1h12m31s
[pb-ab-O-push-d4b.var] 66/1600  0.4 games/s  ETA 1h12m08s
[pb-ab-O-push-d4b.var] 67/1600  0.4 games/s  ETA 1h11m47s
[pb-ab-O-push-d4b.var] 68/1600  0.4 games/s  ETA 1h11m26s
[pb-ab-O-push-d4b.var] 68/1600  0.4 games/s  ETA 1h12m11s
[pb-ab-O-push-d4b.var] 68/1600  0.4 games/s  ETA 1h12m56s
[pb-ab-O-push-d4b.var] 69/1600  0.4 games/s  ETA 1h12m34s
[pb-ab-O-push-d4b.var] 70/1600  0.4 games/s  ETA 1h12m13s
[pb-ab-O-push-d4b.var] 71/1600  0.4 games/s  ETA 1h11m52s
[pb-ab-O-push-d4b.var] 72/1600  0.4 games/s  ETA 1h11m32s
[pb-ab-O-push-d4b.var] 72/1600  0.4 games/s  ETA 1h12m15s
[pb-ab-O-push-d4b.var] 73/1600  0.4 games/s  ETA 1h11m54s
[pb-ab-O-push-d4b.var] 75/1600  0.4 games/s  ETA 1h10m34s
[pb-ab-O-push-d4b.var] 75/1600  0.4 games/s  ETA 1h11m15s
[pb-ab-O-push-d4b.var] 75/1600  0.4 games/s  ETA 1h11m56s
[pb-ab-O-push-d4b.var] 76/1600  0.4 games/s  ETA 1h11m36s
[pb-ab-O-push-d4b.var] 76/1600  0.4 games/s  ETA 1h12m17s
[pb-ab-O-push-d4b.var] 77/1600  0.4 games/s  ETA 1h11m57s
[pb-ab-O-push-d4b.var] 77/1600  0.3 games/s  ETA 1h12m37s
[pb-ab-O-push-d4b.var] 79/1600  0.4 games/s  ETA 1h11m19s
[pb-ab-O-push-d4b.var] 80/1600  0.4 games/s  ETA 1h11m01s
[pb-ab-O-push-d4b.var] 80/1600  0.4 games/s  ETA 1h11m39s
[pb-ab-O-push-d4b.var] 80/1600  0.4 games/s  ETA 1h12m17s
[pb-ab-O-push-d4b.var] 81/1600  0.4 games/s  ETA 1h11m58s
[pb-ab-O-push-d4b.var] 82/1600  0.4 games/s  ETA 1h11m40s
[pb-ab-O-push-d4b.var] 83/1600  0.4 games/s  ETA 1h11m22s
[pb-ab-O-push-d4b.var] 83/1600  0.4 games/s  ETA 1h11m59s
[pb-ab-O-push-d4b.var] 84/1600  0.4 games/s  ETA 1h11m41s
[pb-ab-O-push-d4b.var] 84/1600  0.3 games/s  ETA 1h12m17s
[pb-ab-O-push-d4b.var] 84/1600  0.3 games/s  ETA 1h12m53s
[pb-ab-O-push-d4b.var] 85/1600  0.3 games/s  ETA 1h12m34s
[pb-ab-O-push-d4b.var] 85/1600  0.3 games/s  ETA 1h13m10s
[pb-ab-O-push-d4b.var] 85/1600  0.3 games/s  ETA 1h13m46s
[pb-ab-O-push-d4b.var] 85/1600  0.3 games/s  ETA 1h14m21s
[pb-ab-O-push-d4b.var] 86/1600  0.3 games/s  ETA 1h14m02s
[pb-ab-O-push-d4b.var] 87/1600  0.3 games/s  ETA 1h13m43s
[pb-ab-O-push-d4b.var] 88/1600  0.3 games/s  ETA 1h13m24s
[pb-ab-O-push-d4b.var] 89/1600  0.3 games/s  ETA 1h13m06s
[pb-ab-O-push-d4b.var] 90/1600  0.3 games/s  ETA 1h12m48s
[pb-ab-O-push-d4b.var] 92/1600  0.4 games/s  ETA 1h11m40s
[pb-ab-O-push-d4b.var] 93/1600  0.4 games/s  ETA 1h11m23s
[pb-ab-O-push-d4b.var] 93/1600  0.3 games/s  ETA 1h11m56s
[pb-ab-O-push-d4b.var] 93/1600  0.3 games/s  ETA 1h12m28s
[pb-ab-O-push-d4b.var] 93/1600  0.3 games/s  ETA 1h13m01s
[pb-ab-O-push-d4b.var] 93/1600  0.3 games/s  ETA 1h13m33s
[pb-ab-O-push-d4b.var] 95/1600  0.3 games/s  ETA 1h12m26s
[pb-ab-O-push-d4b.var] 97/1600  0.4 games/s  ETA 1h11m22s
[pb-ab-O-push-d4b.var] 97/1600  0.3 games/s  ETA 1h11m53s
[pb-ab-O-push-d4b.var] 97/1600  0.3 games/s  ETA 1h12m24s
[pb-ab-O-push-d4b.var] 97/1600  0.3 games/s  ETA 1h12m55s
[pb-ab-O-push-d4b.var] 98/1600  0.3 games/s  ETA 1h12m38s
[pb-ab-O-push-d4b.var] 99/1600  0.3 games/s  ETA 1h12m22s
[pb-ab-O-push-d4b.var] 99/1600  0.3 games/s  ETA 1h12m52s
[pb-ab-O-push-d4b.var] 100/1600  0.3 games/s  ETA 1h12m35s
[pb-ab-O-push-d4b.var] 100/1600  0.3 games/s  ETA 1h13m05s
[pb-ab-O-push-d4b.var] 101/1600  0.3 games/s  ETA 1h12m49s
[pb-ab-O-push-d4b.var] 101/1600  0.3 games/s  ETA 1h13m19s
[pb-ab-O-push-d4b.var] 102/1600  0.3 games/s  ETA 1h13m02s
[pb-ab-O-push-d4b.var] 102/1600  0.3 games/s  ETA 1h13m31s
[pb-ab-O-push-d4b.var] 103/1600  0.3 games/s  ETA 1h13m15s
[pb-ab-O-push-d4b.var] 103/1600  0.3 games/s  ETA 1h13m44s
[pb-ab-O-push-d4b.var] 103/1600  0.3 games/s  ETA 1h14m13s
[pb-ab-O-push-d4b.var] 106/1600  0.3 games/s  ETA 1h12m26s
[pb-ab-O-push-d4b.var] 106/1600  0.3 games/s  ETA 1h12m55s
[pb-ab-O-push-d4b.var] 106/1600  0.3 games/s  ETA 1h13m23s
[pb-ab-O-push-d4b.var] 107/1600  0.3 games/s  ETA 1h13m07s
[pb-ab-O-push-d4b.var] 107/1600  0.3 games/s  ETA 1h13m35s
[pb-ab-O-push-d4b.var] 108/1600  0.3 games/s  ETA 1h13m19s
[pb-ab-O-push-d4b.var] 109/1600  0.3 games/s  ETA 1h13m03s
[pb-ab-O-push-d4b.var] 109/1600  0.3 games/s  ETA 1h13m30s
[pb-ab-O-push-d4b.var] 110/1600  0.3 games/s  ETA 1h13m14s
[pb-ab-O-push-d4b.var] 111/1600  0.3 games/s  ETA 1h12m59s
[pb-ab-O-push-d4b.var] 112/1600  0.3 games/s  ETA 1h12m43s
[pb-ab-O-push-d4b.var] 113/1600  0.3 games/s  ETA 1h12m28s
[pb-ab-O-push-d4b.var] 114/1600  0.3 games/s  ETA 1h12m13s
[pb-ab-O-push-d4b.var] 114/1600  0.3 games/s  ETA 1h12m39s
[pb-ab-O-push-d4b.var] 115/1600  0.3 games/s  ETA 1h12m24s
[pb-ab-O-push-d4b.var] 117/1600  0.3 games/s  ETA 1h11m30s
[pb-ab-O-push-d4b.var] 118/1600  0.3 games/s  ETA 1h11m16s
[pb-ab-O-push-d4b.var] 119/1600  0.3 games/s  ETA 1h11m02s
[pb-ab-O-push-d4b.var] 120/1600  0.3 games/s  ETA 1h10m48s
[pb-ab-O-push-d4b.var] 120/1600  0.3 games/s  ETA 1h11m13s
[pb-ab-O-push-d4b.var] 122/1600  0.4 games/s  ETA 1h10m21s
[pb-ab-O-push-d4b.var] 122/1600  0.3 games/s  ETA 1h10m46s
[pb-ab-O-push-d4b.var] 124/1600  0.4 games/s  ETA 1h09m55s
[pb-ab-O-push-d4b.var] 125/1600  0.4 games/s  ETA 1h09m42s
[pb-ab-O-push-d4b.var] 126/1600  0.4 games/s  ETA 1h09m30s
[pb-ab-O-push-d4b.var] 127/1600  0.4 games/s  ETA 1h09m17s
[pb-ab-O-push-d4b.var] 128/1600  0.4 games/s  ETA 1h09m05s
[pb-ab-O-push-d4b.var] 128/1600  0.4 games/s  ETA 1h09m28s
[pb-ab-O-push-d4b.var] 129/1600  0.4 games/s  ETA 1h09m16s
[pb-ab-O-push-d4b.var] 130/1600  0.4 games/s  ETA 1h09m04s
[pb-ab-O-push-d4b.var] 131/1600  0.4 games/s  ETA 1h08m52s
[pb-ab-O-push-d4b.var] 131/1600  0.4 games/s  ETA 1h09m14s
[pb-ab-O-push-d4b.var] 133/1600  0.4 games/s  ETA 1h08m28s
[pb-ab-O-push-d4b.var] 133/1600  0.4 games/s  ETA 1h08m50s
[pb-ab-O-push-d4b.var] 134/1600  0.4 games/s  ETA 1h08m39s
[pb-ab-O-push-d4b.var] 135/1600  0.4 games/s  ETA 1h08m27s
[pb-ab-O-push-d4b.var] 135/1600  0.4 games/s  ETA 1h08m49s
[pb-ab-O-push-d4b.var] 137/1600  0.4 games/s  ETA 1h08m04s
[pb-ab-O-push-d4b.var] 138/1600  0.4 games/s  ETA 1h07m53s
[pb-ab-O-push-d4b.var] 138/1600  0.4 games/s  ETA 1h08m14s
[pb-ab-O-push-d4b.var] 139/1600  0.4 games/s  ETA 1h08m03s
[pb-ab-O-push-d4b.var] 140/1600  0.4 games/s  ETA 1h07m52s
[pb-ab-O-push-d4b.var] 140/1600  0.4 games/s  ETA 1h08m13s
[pb-ab-O-push-d4b.var] 141/1600  0.4 games/s  ETA 1h08m02s
[pb-ab-O-push-d4b.var] 143/1600  0.4 games/s  ETA 1h07m20s
[pb-ab-O-push-d4b.var] 144/1600  0.4 games/s  ETA 1h07m09s
[pb-ab-O-push-d4b.var] 145/1600  0.4 games/s  ETA 1h06m59s
[pb-ab-O-push-d4b.var] 146/1600  0.4 games/s  ETA 1h06m48s
[pb-ab-O-push-d4b.var] 147/1600  0.4 games/s  ETA 1h06m38s
[pb-ab-O-push-d4b.var] 148/1600  0.4 games/s  ETA 1h06m28s
[pb-ab-O-push-d4b.var] 150/1600  0.4 games/s  ETA 1h05m49s
[pb-ab-O-push-d4b.var] 150/1600  0.4 games/s  ETA 1h06m08s
[pb-ab-O-push-d4b.var] 150/1600  0.4 games/s  ETA 1h06m28s
[pb-ab-O-push-d4b.var] 150/1600  0.4 games/s  ETA 1h06m47s
[pb-ab-O-push-d4b.var] 152/1600  0.4 games/s  ETA 1h06m08s
[pb-ab-O-push-d4b.var] 153/1600  0.4 games/s  ETA 1h05m58s
[pb-ab-O-push-d4b.var] 153/1600  0.4 games/s  ETA 1h06m17s
[pb-ab-O-push-d4b.var] 154/1600  0.4 games/s  ETA 1h06m07s
[pb-ab-O-push-d4b.var] 155/1600  0.4 games/s  ETA 1h05m58s
[pb-ab-O-push-d4b.var] 155/1600  0.4 games/s  ETA 1h06m16s
[pb-ab-O-push-d4b.var] 157/1600  0.4 games/s  ETA 1h05m39s
[pb-ab-O-push-d4b.var] 158/1600  0.4 games/s  ETA 1h05m29s
[pb-ab-O-push-d4b.var] 158/1600  0.4 games/s  ETA 1h05m48s
[pb-ab-O-push-d4b.var] 158/1600  0.4 games/s  ETA 1h06m06s
[pb-ab-O-push-d4b.var] 159/1600  0.4 games/s  ETA 1h05m56s
[pb-ab-O-push-d4b.var] 159/1600  0.4 games/s  ETA 1h06m14s
[pb-ab-O-push-d4b.var] 160/1600  0.4 games/s  ETA 1h06m05s
[pb-ab-O-push-d4b.var] 162/1600  0.4 games/s  ETA 1h05m28s
[pb-ab-O-push-d4b.var] 162/1600  0.4 games/s  ETA 1h05m46s
[pb-ab-O-push-d4b.var] 163/1600  0.4 games/s  ETA 1h05m37s
[pb-ab-O-push-d4b.var] 163/1600  0.4 games/s  ETA 1h05m54s
[pb-ab-O-push-d4b.var] 164/1600  0.4 games/s  ETA 1h05m45s
[pb-ab-O-push-d4b.var] 164/1600  0.4 games/s  ETA 1h06m03s
[pb-ab-O-push-d4b.var] 165/1600  0.4 games/s  ETA 1h05m53s
[pb-ab-O-push-d4b.var] 167/1600  0.4 games/s  ETA 1h05m18s
[pb-ab-O-push-d4b.var] 168/1600  0.4 games/s  ETA 1h05m09s
[pb-ab-O-push-d4b.var] 168/1600  0.4 games/s  ETA 1h05m26s
[pb-ab-O-push-d4b.var] 168/1600  0.4 games/s  ETA 1h05m43s
[pb-ab-O-push-d4b.var] 168/1600  0.4 games/s  ETA 1h06m00s
[pb-ab-O-push-d4b.var] 171/1600  0.4 games/s  ETA 1h04m59s
[pb-ab-O-push-d4b.var] 171/1600  0.4 games/s  ETA 1h05m16s
[pb-ab-O-push-d4b.var] 172/1600  0.4 games/s  ETA 1h05m07s
[pb-ab-O-push-d4b.var] 173/1600  0.4 games/s  ETA 1h04m58s
[pb-ab-O-push-d4b.var] 173/1600  0.4 games/s  ETA 1h05m14s
[pb-ab-O-push-d4b.var] 174/1600  0.4 games/s  ETA 1h05m06s
[pb-ab-O-push-d4b.var] 174/1600  0.4 games/s  ETA 1h05m22s
[pb-ab-O-push-d4b.var] 174/1600  0.4 games/s  ETA 1h05m38s
[pb-ab-O-push-d4b.var] 177/1600  0.4 games/s  ETA 1h04m40s
[pb-ab-O-push-d4b.var] 177/1600  0.4 games/s  ETA 1h04m56s
[pb-ab-O-push-d4b.var] 178/1600  0.4 games/s  ETA 1h04m47s
[pb-ab-O-push-d4b.var] 179/1600  0.4 games/s  ETA 1h04m39s
[pb-ab-O-push-d4b.var] 179/1600  0.4 games/s  ETA 1h04m55s
[pb-ab-O-push-d4b.var] 181/1600  0.4 games/s  ETA 1h04m22s
[pb-ab-O-push-d4b.var] 181/1600  0.4 games/s  ETA 1h04m37s
[pb-ab-O-push-d4b.var] 181/1600  0.4 games/s  ETA 1h04m53s
[pb-ab-O-push-d4b.var] 182/1600  0.4 games/s  ETA 1h04m45s
[pb-ab-O-push-d4b.var] 183/1600  0.4 games/s  ETA 1h04m36s
[pb-ab-O-push-d4b.var] 184/1600  0.4 games/s  ETA 1h04m28s
[pb-ab-O-push-d4b.var] 185/1600  0.4 games/s  ETA 1h04m19s
[pb-ab-O-push-d4b.var] 185/1600  0.4 games/s  ETA 1h04m35s
[pb-ab-O-push-d4b.var] 186/1600  0.4 games/s  ETA 1h04m26s
[pb-ab-O-push-d4b.var] 186/1600  0.4 games/s  ETA 1h04m42s
[pb-ab-O-push-d4b.var] 188/1600  0.4 games/s  ETA 1h04m10s
[pb-ab-O-push-d4b.var] 188/1600  0.4 games/s  ETA 1h04m25s
[pb-ab-O-push-d4b.var] 188/1600  0.4 games/s  ETA 1h04m40s
[pb-ab-O-push-d4b.var] 189/1600  0.4 games/s  ETA 1h04m32s
[pb-ab-O-push-d4b.var] 189/1600  0.4 games/s  ETA 1h04m47s
[pb-ab-O-push-d4b.var] 190/1600  0.4 games/s  ETA 1h04m38s
[pb-ab-O-push-d4b.var] 192/1600  0.4 games/s  ETA 1h04m07s
[pb-ab-O-push-d4b.var] 192/1600  0.4 games/s  ETA 1h04m22s
[pb-ab-O-push-d4b.var] 192/1600  0.4 games/s  ETA 1h04m36s
[pb-ab-O-push-d4b.var] 194/1600  0.4 games/s  ETA 1h04m06s
[pb-ab-O-push-d4b.var] 194/1600  0.4 games/s  ETA 1h04m20s
[pb-ab-O-push-d4b.var] 194/1600  0.4 games/s  ETA 1h04m35s
[pb-ab-O-push-d4b.var] 196/1600  0.4 games/s  ETA 1h04m04s
[pb-ab-O-push-d4b.var] 197/1600  0.4 games/s  ETA 1h03m56s
[pb-ab-O-push-d4b.var] 197/1600  0.4 games/s  ETA 1h04m10s
[pb-ab-O-push-d4b.var] 197/1600  0.4 games/s  ETA 1h04m24s
[pb-ab-O-push-d4b.var] 199/1600  0.4 games/s  ETA 1h03m54s
[pb-ab-O-push-d4b.var] 200/1600  0.4 games/s  ETA 1h03m46s
[pb-ab-O-push-d4b.var] 201/1600  0.4 games/s  ETA 1h03m38s
[pb-ab-O-push-d4b.var] 203/1600  0.4 games/s  ETA 1h03m09s
[pb-ab-O-push-d4b.var] 203/1600  0.4 games/s  ETA 1h03m23s
[pb-ab-O-push-d4b.var] 204/1600  0.4 games/s  ETA 1h03m15s
[pb-ab-O-push-d4b.var] 204/1600  0.4 games/s  ETA 1h03m29s
[pb-ab-O-push-d4b.var] 204/1600  0.4 games/s  ETA 1h03m43s
[pb-ab-O-push-d4b.var] 205/1600  0.4 games/s  ETA 1h03m35s
[pb-ab-O-push-d4b.var] 207/1600  0.4 games/s  ETA 1h03m06s
[pb-ab-O-push-d4b.var] 208/1600  0.4 games/s  ETA 1h02m59s
[pb-ab-O-push-d4b.var] 208/1600  0.4 games/s  ETA 1h03m12s
[pb-ab-O-push-d4b.var] 208/1600  0.4 games/s  ETA 1h03m25s
[pb-ab-O-push-d4b.var] 209/1600  0.4 games/s  ETA 1h03m18s
[pb-ab-O-push-d4b.var] 209/1600  0.4 games/s  ETA 1h03m31s
[pb-ab-O-push-d4b.var] 211/1600  0.4 games/s  ETA 1h03m03s
[pb-ab-O-push-d4b.var] 211/1600  0.4 games/s  ETA 1h03m16s
[pb-ab-O-push-d4b.var] 212/1600  0.4 games/s  ETA 1h03m08s
[pb-ab-O-push-d4b.var] 212/1600  0.4 games/s  ETA 1h03m21s
[pb-ab-O-push-d4b.var] 213/1600  0.4 games/s  ETA 1h03m14s
[pb-ab-O-push-d4b.var] 214/1600  0.4 games/s  ETA 1h03m06s
[pb-ab-O-push-d4b.var] 214/1600  0.4 games/s  ETA 1h03m19s
[pb-ab-O-push-d4b.var] 214/1600  0.4 games/s  ETA 1h03m32s
[pb-ab-O-push-d4b.var] 215/1600  0.4 games/s  ETA 1h03m25s
[pb-ab-O-push-d4b.var] 217/1600  0.4 games/s  ETA 1h02m57s
[pb-ab-O-push-d4b.var] 218/1600  0.4 games/s  ETA 1h02m50s
[pb-ab-O-push-d4b.var] 218/1600  0.4 games/s  ETA 1h03m02s
[pb-ab-O-push-d4b.var] 218/1600  0.4 games/s  ETA 1h03m15s
[pb-ab-O-push-d4b.var] 219/1600  0.4 games/s  ETA 1h03m08s
[pb-ab-O-push-d4b.var] 222/1600  0.4 games/s  ETA 1h02m21s
[pb-ab-O-push-d4b.var] 222/1600  0.4 games/s  ETA 1h02m33s
[pb-ab-O-push-d4b.var] 223/1600  0.4 games/s  ETA 1h02m26s
[pb-ab-O-push-d4b.var] 223/1600  0.4 games/s  ETA 1h02m38s
[pb-ab-O-push-d4b.var] 225/1600  0.4 games/s  ETA 1h02m12s
[pb-ab-O-push-d4b.var] 225/1600  0.4 games/s  ETA 1h02m24s
[pb-ab-O-push-d4b.var] 225/1600  0.4 games/s  ETA 1h02m36s
[pb-ab-O-push-d4b.var] 227/1600  0.4 games/s  ETA 1h02m10s
[pb-ab-O-push-d4b.var] 227/1600  0.4 games/s  ETA 1h02m22s
[pb-ab-O-push-d4b.var] 229/1600  0.4 games/s  ETA 1h01m56s
[pb-ab-O-push-d4b.var] 230/1600  0.4 games/s  ETA 1h01m49s
[pb-ab-O-push-d4b.var] 231/1600  0.4 games/s  ETA 1h01m42s
[pb-ab-O-push-d4b.var] 231/1600  0.4 games/s  ETA 1h01m54s
[pb-ab-O-push-d4b.var] 231/1600  0.4 games/s  ETA 1h02m06s
[pb-ab-O-push-d4b.var] 232/1600  0.4 games/s  ETA 1h01m59s
[pb-ab-O-push-d4b.var] 233/1600  0.4 games/s  ETA 1h01m52s
[pb-ab-O-push-d4b.var] 234/1600  0.4 games/s  ETA 1h01m45s
[pb-ab-O-push-d4b.var] 234/1600  0.4 games/s  ETA 1h01m57s
[pb-ab-O-push-d4b.var] 235/1600  0.4 games/s  ETA 1h01m50s
[pb-ab-O-push-d4b.var] 236/1600  0.4 games/s  ETA 1h01m43s
[pb-ab-O-push-d4b.var] 238/1600  0.4 games/s  ETA 1h01m18s
[pb-ab-O-push-d4b.var] 238/1600  0.4 games/s  ETA 1h01m29s
[pb-ab-O-push-d4b.var] 239/1600  0.4 games/s  ETA 1h01m23s
[pb-ab-O-push-d4b.var] 239/1600  0.4 games/s  ETA 1h01m34s
[pb-ab-O-push-d4b.var] 239/1600  0.4 games/s  ETA 1h01m45s
[pb-ab-O-push-d4b.var] 239/1600  0.4 games/s  ETA 1h01m57s
[pb-ab-O-push-d4b.var] 240/1600  0.4 games/s  ETA 1h01m50s
[pb-ab-O-push-d4b.var] 241/1600  0.4 games/s  ETA 1h01m43s
[pb-ab-O-push-d4b.var] 242/1600  0.4 games/s  ETA 1h01m36s
[pb-ab-O-push-d4b.var] 243/1600  0.4 games/s  ETA 1h01m30s
[pb-ab-O-push-d4b.var] 245/1600  0.4 games/s  ETA 1h01m05s
[pb-ab-O-push-d4b.var] 245/1600  0.4 games/s  ETA 1h01m16s
[pb-ab-O-push-d4b.var] 246/1600  0.4 games/s  ETA 1h01m10s
[pb-ab-O-push-d4b.var] 246/1600  0.4 games/s  ETA 1h01m21s
[pb-ab-O-push-d4b.var] 246/1600  0.4 games/s  ETA 1h01m32s
[pb-ab-O-push-d4b.var] 247/1600  0.4 games/s  ETA 1h01m25s
[pb-ab-O-push-d4b.var] 248/1600  0.4 games/s  ETA 1h01m18s
[pb-ab-O-push-d4b.var] 249/1600  0.4 games/s  ETA 1h01m12s
[pb-ab-O-push-d4b.var] 251/1600  0.4 games/s  ETA 1h00m48s
[pb-ab-O-push-d4b.var] 251/1600  0.4 games/s  ETA 1h00m58s
[pb-ab-O-push-d4b.var] 251/1600  0.4 games/s  ETA 1h01m09s
[pb-ab-O-push-d4b.var] 251/1600  0.4 games/s  ETA 1h01m20s
[pb-ab-O-push-d4b.var] 252/1600  0.4 games/s  ETA 1h01m13s
[pb-ab-O-push-d4b.var] 252/1600  0.4 games/s  ETA 1h01m24s
[pb-ab-O-push-d4b.var] 253/1600  0.4 games/s  ETA 1h01m17s
[pb-ab-O-push-d4b.var] 254/1600  0.4 games/s  ETA 1h01m11s
[pb-ab-O-push-d4b.var] 254/1600  0.4 games/s  ETA 1h01m21s
[pb-ab-O-push-d4b.var] 254/1600  0.4 games/s  ETA 1h01m32s
[pb-ab-O-push-d4b.var] 255/1600  0.4 games/s  ETA 1h01m25s
[pb-ab-O-push-d4b.var] 256/1600  0.4 games/s  ETA 1h01m19s
[pb-ab-O-push-d4b.var] 256/1600  0.4 games/s  ETA 1h01m29s
[pb-ab-O-push-d4b.var] 257/1600  0.4 games/s  ETA 1h01m23s
[pb-ab-O-push-d4b.var] 258/1600  0.4 games/s  ETA 1h01m16s
[pb-ab-O-push-d4b.var] 259/1600  0.4 games/s  ETA 1h01m09s
[pb-ab-O-push-d4b.var] 259/1600  0.4 games/s  ETA 1h01m20s
[pb-ab-O-push-d4b.var] 259/1600  0.4 games/s  ETA 1h01m30s
[pb-ab-O-push-d4b.var] 262/1600  0.4 games/s  ETA 1h00m50s
[pb-ab-O-push-d4b.var] 263/1600  0.4 games/s  ETA 1h00m44s
[pb-ab-O-push-d4b.var] 263/1600  0.4 games/s  ETA 1h00m54s
[pb-ab-O-push-d4b.var] 264/1600  0.4 games/s  ETA 1h00m47s
[pb-ab-O-push-d4b.var] 265/1600  0.4 games/s  ETA 1h00m41s
[pb-ab-O-push-d4b.var] 267/1600  0.4 games/s  ETA 1h00m18s
[pb-ab-O-push-d4b.var] 267/1600  0.4 games/s  ETA 1h00m28s
[pb-ab-O-push-d4b.var] 267/1600  0.4 games/s  ETA 1h00m38s
[pb-ab-O-push-d4b.var] 267/1600  0.4 games/s  ETA 1h00m48s
[pb-ab-O-push-d4b.var] 269/1600  0.4 games/s  ETA 1h00m26s
[pb-ab-O-push-d4b.var] 269/1600  0.4 games/s  ETA 1h00m35s
[pb-ab-O-push-d4b.var] 270/1600  0.4 games/s  ETA 1h00m29s
[pb-ab-O-push-d4b.var] 271/1600  0.4 games/s  ETA 1h00m23s
[pb-ab-O-push-d4b.var] 272/1600  0.4 games/s  ETA 1h00m17s
[pb-ab-O-push-d4b.var] 272/1600  0.4 games/s  ETA 1h00m26s
[pb-ab-O-push-d4b.var] 273/1600  0.4 games/s  ETA 1h00m20s
[pb-ab-O-push-d4b.var] 275/1600  0.4 games/s  ETA 0h59m58s
[pb-ab-O-push-d4b.var] 275/1600  0.4 games/s  ETA 1h00m08s
[pb-ab-O-push-d4b.var] 276/1600  0.4 games/s  ETA 1h00m01s
[pb-ab-O-push-d4b.var] 278/1600  0.4 games/s  ETA 0h59m40s
[pb-ab-O-push-d4b.var] 278/1600  0.4 games/s  ETA 0h59m49s
[pb-ab-O-push-d4b.var] 278/1600  0.4 games/s  ETA 0h59m59s
[pb-ab-O-push-d4b.var] 281/1600  0.4 games/s  ETA 0h59m22s
[pb-ab-O-push-d4b.var] 281/1600  0.4 games/s  ETA 0h59m31s
[pb-ab-O-push-d4b.var] 281/1600  0.4 games/s  ETA 0h59m40s
[pb-ab-O-push-d4b.var] 282/1600  0.4 games/s  ETA 0h59m34s
[pb-ab-O-push-d4b.var] 283/1600  0.4 games/s  ETA 0h59m28s
[pb-ab-O-push-d4b.var] 283/1600  0.4 games/s  ETA 0h59m38s
[pb-ab-O-push-d4b.var] 285/1600  0.4 games/s  ETA 0h59m16s
[pb-ab-O-push-d4b.var] 285/1600  0.4 games/s  ETA 0h59m26s
[pb-ab-O-push-d4b.var] 286/1600  0.4 games/s  ETA 0h59m20s
[pb-ab-O-push-d4b.var] 287/1600  0.4 games/s  ETA 0h59m14s
[pb-ab-O-push-d4b.var] 287/1600  0.4 games/s  ETA 0h59m23s
[pb-ab-O-push-d4b.var] 288/1600  0.4 games/s  ETA 0h59m17s
[pb-ab-O-push-d4b.var] 288/1600  0.4 games/s  ETA 0h59m26s
[pb-ab-O-push-d4b.var] 290/1600  0.4 games/s  ETA 0h59m05s
[pb-ab-O-push-d4b.var] 290/1600  0.4 games/s  ETA 0h59m14s
[pb-ab-O-push-d4b.var] 291/1600  0.4 games/s  ETA 0h59m08s
[pb-ab-O-push-d4b.var] 292/1600  0.4 games/s  ETA 0h59m02s
[pb-ab-O-push-d4b.var] 292/1600  0.4 games/s  ETA 0h59m11s
[pb-ab-O-push-d4b.var] 292/1600  0.4 games/s  ETA 0h59m20s
[pb-ab-O-push-d4b.var] 294/1600  0.4 games/s  ETA 0h58m59s
[pb-ab-O-push-d4b.var] 295/1600  0.4 games/s  ETA 0h58m54s
[pb-ab-O-push-d4b.var] 296/1600  0.4 games/s  ETA 0h58m48s
[pb-ab-O-push-d4b.var] 296/1600  0.4 games/s  ETA 0h58m57s
[pb-ab-O-push-d4b.var] 296/1600  0.4 games/s  ETA 0h59m05s
[pb-ab-O-push-d4b.var] 296/1600  0.4 games/s  ETA 0h59m14s
[pb-ab-O-push-d4b.var] 297/1600  0.4 games/s  ETA 0h59m08s
[pb-ab-O-push-d4b.var] 297/1600  0.4 games/s  ETA 0h59m17s
[pb-ab-O-push-d4b.var] 299/1600  0.4 games/s  ETA 0h58m57s
[pb-ab-O-push-d4b.var] 299/1600  0.4 games/s  ETA 0h59m05s
[pb-ab-O-push-d4b.var] 299/1600  0.4 games/s  ETA 0h59m14s
[pb-ab-O-push-d4b.var] 300/1600  0.4 games/s  ETA 0h59m08s
[pb-ab-O-push-d4b.var] 301/1600  0.4 games/s  ETA 0h59m02s
[pb-ab-O-push-d4b.var] 302/1600  0.4 games/s  ETA 0h58m56s
[pb-ab-O-push-d4b.var] 302/1600  0.4 games/s  ETA 0h59m05s
[pb-ab-O-push-d4b.var] 302/1600  0.4 games/s  ETA 0h59m14s
[pb-ab-O-push-d4b.var] 303/1600  0.4 games/s  ETA 0h59m08s
[pb-ab-O-push-d4b.var] 304/1600  0.4 games/s  ETA 0h59m02s
[pb-ab-O-push-d4b.var] 304/1600  0.4 games/s  ETA 0h59m10s
[pb-ab-O-push-d4b.var] 304/1600  0.4 games/s  ETA 0h59m19s
[pb-ab-O-push-d4b.var] 307/1600  0.4 games/s  ETA 0h58m44s
[pb-ab-O-push-d4b.var] 307/1600  0.4 games/s  ETA 0h58m53s
[pb-ab-O-push-d4b.var] 307/1600  0.4 games/s  ETA 0h59m01s
[pb-ab-O-push-d4b.var] 310/1600  0.4 games/s  ETA 0h58m27s
[pb-ab-O-push-d4b.var] 310/1600  0.4 games/s  ETA 0h58m36s
[pb-ab-O-push-d4b.var] 312/1600  0.4 games/s  ETA 0h58m16s
[pb-ab-O-push-d4b.var] 313/1600  0.4 games/s  ETA 0h58m10s
[pb-ab-O-push-d4b.var] 313/1600  0.4 games/s  ETA 0h58m18s
[pb-ab-O-push-d4b.var] 315/1600  0.4 games/s  ETA 0h57m59s
[pb-ab-O-push-d4b.var] 315/1600  0.4 games/s  ETA 0h58m07s
[pb-ab-O-push-d4b.var] 315/1600  0.4 games/s  ETA 0h58m15s
[pb-ab-O-push-d4b.var] 315/1600  0.4 games/s  ETA 0h58m23s
[pb-ab-O-push-d4b.var] 315/1600  0.4 games/s  ETA 0h58m32s
[pb-ab-O-push-d4b.var] 316/1600  0.4 games/s  ETA 0h58m26s
[pb-ab-O-push-d4b.var] 316/1600  0.4 games/s  ETA 0h58m34s
[pb-ab-O-push-d4b.var] 318/1600  0.4 games/s  ETA 0h58m15s
[pb-ab-O-push-d4b.var] 318/1600  0.4 games/s  ETA 0h58m23s
[pb-ab-O-push-d4b.var] 319/1600  0.4 games/s  ETA 0h58m17s
[pb-ab-O-push-d4b.var] 320/1600  0.4 games/s  ETA 0h58m11s
[pb-ab-O-push-d4b.var] 321/1600  0.4 games/s  ETA 0h58m06s
[pb-ab-O-push-d4b.var] 323/1600  0.4 games/s  ETA 0h57m47s
[pb-ab-O-push-d4b.var] 323/1600  0.4 games/s  ETA 0h57m55s
[pb-ab-O-push-d4b.var] 325/1600  0.4 games/s  ETA 0h57m36s
[pb-ab-O-push-d4b.var] 325/1600  0.4 games/s  ETA 0h57m43s
[pb-ab-O-push-d4b.var] 327/1600  0.4 games/s  ETA 0h57m25s
[pb-ab-O-push-d4b.var] 328/1600  0.4 games/s  ETA 0h57m19s
[pb-ab-O-push-d4b.var] 329/1600  0.4 games/s  ETA 0h57m14s
[pb-ab-O-push-d4b.var] 329/1600  0.4 games/s  ETA 0h57m22s
[pb-ab-O-push-d4b.var] 329/1600  0.4 games/s  ETA 0h57m29s
[pb-ab-O-push-d4b.var] 330/1600  0.4 games/s  ETA 0h57m24s
[pb-ab-O-push-d4b.var] 330/1600  0.4 games/s  ETA 0h57m31s
[pb-ab-O-push-d4b.var] 331/1600  0.4 games/s  ETA 0h57m26s
[pb-ab-O-push-d4b.var] 332/1600  0.4 games/s  ETA 0h57m21s
[pb-ab-O-push-d4b.var] 332/1600  0.4 games/s  ETA 0h57m28s
[pb-ab-O-push-d4b.var] 333/1600  0.4 games/s  ETA 0h57m23s
[pb-ab-O-push-d4b.var] 335/1600  0.4 games/s  ETA 0h57m04s
[pb-ab-O-push-d4b.var] 335/1600  0.4 games/s  ETA 0h57m12s
[pb-ab-O-push-d4b.var] 335/1600  0.4 games/s  ETA 0h57m19s
[pb-ab-O-push-d4b.var] 335/1600  0.4 games/s  ETA 0h57m27s
[pb-ab-O-push-d4b.var] 337/1600  0.4 games/s  ETA 0h57m09s
[pb-ab-O-push-d4b.var] 339/1600  0.4 games/s  ETA 0h56m50s
[pb-ab-O-push-d4b.var] 339/1600  0.4 games/s  ETA 0h56m58s
[pb-ab-O-push-d4b.var] 340/1600  0.4 games/s  ETA 0h56m53s
[pb-ab-O-push-d4b.var] 340/1600  0.4 games/s  ETA 0h57m00s
[pb-ab-O-push-d4b.var] 341/1600  0.4 games/s  ETA 0h56m55s
[pb-ab-O-push-d4b.var] 343/1600  0.4 games/s  ETA 0h56m37s
[pb-ab-O-push-d4b.var] 343/1600  0.4 games/s  ETA 0h56m44s
[pb-ab-O-push-d4b.var] 344/1600  0.4 games/s  ETA 0h56m39s
[pb-ab-O-push-d4b.var] 344/1600  0.4 games/s  ETA 0h56m46s
[pb-ab-O-push-d4b.var] 344/1600  0.4 games/s  ETA 0h56m53s
[pb-ab-O-push-d4b.var] 346/1600  0.4 games/s  ETA 0h56m36s
[pb-ab-O-push-d4b.var] 348/1600  0.4 games/s  ETA 0h56m18s
[pb-ab-O-push-d4b.var] 349/1600  0.4 games/s  ETA 0h56m13s
[pb-ab-O-push-d4b.var] 349/1600  0.4 games/s  ETA 0h56m20s
[pb-ab-O-push-d4b.var] 349/1600  0.4 games/s  ETA 0h56m27s
[pb-ab-O-push-d4b.var] 349/1600  0.4 games/s  ETA 0h56m34s
[pb-ab-O-push-d4b.var] 351/1600  0.4 games/s  ETA 0h56m17s
[pb-ab-O-push-d4b.var] 351/1600  0.4 games/s  ETA 0h56m24s
[pb-ab-O-push-d4b.var] 352/1600  0.4 games/s  ETA 0h56m18s
[pb-ab-O-push-d4b.var] 352/1600  0.4 games/s  ETA 0h56m26s
[pb-ab-O-push-d4b.var] 353/1600  0.4 games/s  ETA 0h56m20s
[pb-ab-O-push-d4b.var] 353/1600  0.4 games/s  ETA 0h56m27s
[pb-ab-O-push-d4b.var] 354/1600  0.4 games/s  ETA 0h56m22s
[pb-ab-O-push-d4b.var] 354/1600  0.4 games/s  ETA 0h56m29s
[pb-ab-O-push-d4b.var] 355/1600  0.4 games/s  ETA 0h56m24s
[pb-ab-O-push-d4b.var] 355/1600  0.4 games/s  ETA 0h56m31s
[pb-ab-O-push-d4b.var] 356/1600  0.4 games/s  ETA 0h56m26s
[pb-ab-O-push-d4b.var] 356/1600  0.4 games/s  ETA 0h56m33s
[pb-ab-O-push-d4b.var] 357/1600  0.4 games/s  ETA 0h56m27s
[pb-ab-O-push-d4b.var] 357/1600  0.4 games/s  ETA 0h56m34s
[pb-ab-O-push-d4b.var] 357/1600  0.4 games/s  ETA 0h56m41s
[pb-ab-O-push-d4b.var] 359/1600  0.4 games/s  ETA 0h56m24s
[pb-ab-O-push-d4b.var] 360/1600  0.4 games/s  ETA 0h56m19s
[pb-ab-O-push-d4b.var] 360/1600  0.4 games/s  ETA 0h56m26s
[pb-ab-O-push-d4b.var] 360/1600  0.4 games/s  ETA 0h56m32s
[pb-ab-O-push-d4b.var] 361/1600  0.4 games/s  ETA 0h56m27s
[pb-ab-O-push-d4b.var] 362/1600  0.4 games/s  ETA 0h56m22s
[pb-ab-O-push-d4b.var] 362/1600  0.4 games/s  ETA 0h56m29s
[pb-ab-O-push-d4b.var] 364/1600  0.4 games/s  ETA 0h56m12s
[pb-ab-O-push-d4b.var] 365/1600  0.4 games/s  ETA 0h56m06s
[pb-ab-O-push-d4b.var] 366/1600  0.4 games/s  ETA 0h56m01s
[pb-ab-O-push-d4b.var] 367/1600  0.4 games/s  ETA 0h55m56s
[pb-ab-O-push-d4b.var] 368/1600  0.4 games/s  ETA 0h55m51s
[pb-ab-O-push-d4b.var] 369/1600  0.4 games/s  ETA 0h55m46s
[pb-ab-O-push-d4b.var] 370/1600  0.4 games/s  ETA 0h55m41s
[pb-ab-O-push-d4b.var] 370/1600  0.4 games/s  ETA 0h55m47s
[pb-ab-O-push-d4b.var] 370/1600  0.4 games/s  ETA 0h55m54s
[pb-ab-O-push-d4b.var] 370/1600  0.4 games/s  ETA 0h56m01s
[pb-ab-O-push-d4b.var] 371/1600  0.4 games/s  ETA 0h55m55s
[pb-ab-O-push-d4b.var] 371/1600  0.4 games/s  ETA 0h56m02s
[pb-ab-O-push-d4b.var] 371/1600  0.4 games/s  ETA 0h56m09s
[pb-ab-O-push-d4b.var] 372/1600  0.4 games/s  ETA 0h56m04s
[pb-ab-O-push-d4b.var] 373/1600  0.4 games/s  ETA 0h55m58s
[pb-ab-O-push-d4b.var] 373/1600  0.4 games/s  ETA 0h56m05s
[pb-ab-O-push-d4b.var] 374/1600  0.4 games/s  ETA 0h56m00s
[pb-ab-O-push-d4b.var] 374/1600  0.4 games/s  ETA 0h56m06s
[pb-ab-O-push-d4b.var] 375/1600  0.4 games/s  ETA 0h56m01s
[pb-ab-O-push-d4b.var] 376/1600  0.4 games/s  ETA 0h55m56s
[pb-ab-O-push-d4b.var] 378/1600  0.4 games/s  ETA 0h55m39s
[pb-ab-O-push-d4b.var] 378/1600  0.4 games/s  ETA 0h55m46s
[pb-ab-O-push-d4b.var] 379/1600  0.4 games/s  ETA 0h55m41s
[pb-ab-O-push-d4b.var] 380/1600  0.4 games/s  ETA 0h55m36s
[pb-ab-O-push-d4b.var] 381/1600  0.4 games/s  ETA 0h55m31s
[pb-ab-O-push-d4b.var] 381/1600  0.4 games/s  ETA 0h55m37s
[pb-ab-O-push-d4b.var] 381/1600  0.4 games/s  ETA 0h55m43s
[pb-ab-O-push-d4b.var] 382/1600  0.4 games/s  ETA 0h55m38s
[pb-ab-O-push-d4b.var] 382/1600  0.4 games/s  ETA 0h55m45s
[pb-ab-O-push-d4b.var] 384/1600  0.4 games/s  ETA 0h55m28s
[pb-ab-O-push-d4b.var] 385/1600  0.4 games/s  ETA 0h55m23s
[pb-ab-O-push-d4b.var] 385/1600  0.4 games/s  ETA 0h55m29s
[pb-ab-O-push-d4b.var] 385/1600  0.4 games/s  ETA 0h55m36s
[pb-ab-O-push-d4b.var] 387/1600  0.4 games/s  ETA 0h55m19s
[pb-ab-O-push-d4b.var] 388/1600  0.4 games/s  ETA 0h55m14s
[pb-ab-O-push-d4b.var] 389/1600  0.4 games/s  ETA 0h55m09s
[pb-ab-O-push-d4b.var] 389/1600  0.4 games/s  ETA 0h55m15s
[pb-ab-O-push-d4b.var] 390/1600  0.4 games/s  ETA 0h55m10s
[pb-ab-O-push-d4b.var] 391/1600  0.4 games/s  ETA 0h55m05s
[pb-ab-O-push-d4b.var] 391/1600  0.4 games/s  ETA 0h55m12s
[pb-ab-O-push-d4b.var] 393/1600  0.4 games/s  ETA 0h54m55s
[pb-ab-O-push-d4b.var] 394/1600  0.4 games/s  ETA 0h54m50s
[pb-ab-O-push-d4b.var] 394/1600  0.4 games/s  ETA 0h54m57s
[pb-ab-O-push-d4b.var] 394/1600  0.4 games/s  ETA 0h55m03s
[pb-ab-O-push-d4b.var] 395/1600  0.4 games/s  ETA 0h54m58s
[pb-ab-O-push-d4b.var] 398/1600  0.4 games/s  ETA 0h54m31s
[pb-ab-O-push-d4b.var] 398/1600  0.4 games/s  ETA 0h54m37s
[pb-ab-O-push-d4b.var] 399/1600  0.4 games/s  ETA 0h54m32s
[pb-ab-O-push-d4b.var] 400/1600  0.4 games/s  ETA 0h54m27s
[pb-ab-O-push-d4b.var] 401/1600  0.4 games/s  ETA 0h54m22s
[pb-ab-O-push-d4b.var] 401/1600  0.4 games/s  ETA 0h54m28s
[pb-ab-O-push-d4b.var] 401/1600  0.4 games/s  ETA 0h54m34s
[pb-ab-O-push-d4b.var] 402/1600  0.4 games/s  ETA 0h54m29s
[pb-ab-O-push-d4b.var] 403/1600  0.4 games/s  ETA 0h54m24s
[pb-ab-O-push-d4b.var] 404/1600  0.4 games/s  ETA 0h54m19s
[pb-ab-O-push-d4b.var] 404/1600  0.4 games/s  ETA 0h54m25s
[pb-ab-O-push-d4b.var] 404/1600  0.4 games/s  ETA 0h54m31s
[pb-ab-O-push-d4b.var] 405/1600  0.4 games/s  ETA 0h54m26s
[pb-ab-O-push-d4b.var] 405/1600  0.4 games/s  ETA 0h54m32s
[pb-ab-O-push-d4b.var] 405/1600  0.4 games/s  ETA 0h54m38s
[pb-ab-O-push-d4b.var] 406/1600  0.4 games/s  ETA 0h54m33s
[pb-ab-O-push-d4b.var] 408/1600  0.4 games/s  ETA 0h54m18s
[pb-ab-O-push-d4b.var] 409/1600  0.4 games/s  ETA 0h54m13s
[pb-ab-O-push-d4b.var] 409/1600  0.4 games/s  ETA 0h54m19s
[pb-ab-O-push-d4b.var] 410/1600  0.4 games/s  ETA 0h54m14s
[pb-ab-O-push-d4b.var] 410/1600  0.4 games/s  ETA 0h54m20s
[pb-ab-O-push-d4b.var] 411/1600  0.4 games/s  ETA 0h54m15s
[pb-ab-O-push-d4b.var] 412/1600  0.4 games/s  ETA 0h54m10s
[pb-ab-O-push-d4b.var] 412/1600  0.4 games/s  ETA 0h54m16s
[pb-ab-O-push-d4b.var] 413/1600  0.4 games/s  ETA 0h54m11s
[pb-ab-O-push-d4b.var] 413/1600  0.4 games/s  ETA 0h54m16s
[pb-ab-O-push-d4b.var] 415/1600  0.4 games/s  ETA 0h54m01s
[pb-ab-O-push-d4b.var] 415/1600  0.4 games/s  ETA 0h54m07s
[pb-ab-O-push-d4b.var] 415/1600  0.4 games/s  ETA 0h54m12s
[pb-ab-O-push-d4b.var] 415/1600  0.4 games/s  ETA 0h54m18s
[pb-ab-O-push-d4b.var] 415/1600  0.4 games/s  ETA 0h54m24s
[pb-ab-O-push-d4b.var] 417/1600  0.4 games/s  ETA 0h54m08s
[pb-ab-O-push-d4b.var] 419/1600  0.4 games/s  ETA 0h53m53s
[pb-ab-O-push-d4b.var] 419/1600  0.4 games/s  ETA 0h53m59s
[pb-ab-O-push-d4b.var] 419/1600  0.4 games/s  ETA 0h54m04s
[pb-ab-O-push-d4b.var] 420/1600  0.4 games/s  ETA 0h54m00s
[pb-ab-O-push-d4b.var] 423/1600  0.4 games/s  ETA 0h53m34s
[pb-ab-O-push-d4b.var] 423/1600  0.4 games/s  ETA 0h53m40s
[pb-ab-O-push-d4b.var] 423/1600  0.4 games/s  ETA 0h53m45s
[pb-ab-O-push-d4b.var] 425/1600  0.4 games/s  ETA 0h53m30s
[pb-ab-O-push-d4b.var] 425/1600  0.4 games/s  ETA 0h53m36s
[pb-ab-O-push-d4b.var] 426/1600  0.4 games/s  ETA 0h53m31s
[pb-ab-O-push-d4b.var] 427/1600  0.4 games/s  ETA 0h53m26s
[pb-ab-O-push-d4b.var] 427/1600  0.4 games/s  ETA 0h53m32s
[pb-ab-O-push-d4b.var] 427/1600  0.4 games/s  ETA 0h53m37s
[pb-ab-O-push-d4b.var] 428/1600  0.4 games/s  ETA 0h53m32s
[pb-ab-O-push-d4b.var] 428/1600  0.4 games/s  ETA 0h53m38s
[pb-ab-O-push-d4b.var] 430/1600  0.4 games/s  ETA 0h53m23s
[pb-ab-O-push-d4b.var] 433/1600  0.4 games/s  ETA 0h52m58s
[pb-ab-O-push-d4b.var] 433/1600  0.4 games/s  ETA 0h53m03s
[pb-ab-O-push-d4b.var] 434/1600  0.4 games/s  ETA 0h52m59s
[pb-ab-O-push-d4b.var] 434/1600  0.4 games/s  ETA 0h53m04s
[pb-ab-O-push-d4b.var] 435/1600  0.4 games/s  ETA 0h52m59s
[pb-ab-O-push-d4b.var] 435/1600  0.4 games/s  ETA 0h53m05s
[pb-ab-O-push-d4b.var] 435/1600  0.4 games/s  ETA 0h53m10s
[pb-ab-O-push-d4b.var] 435/1600  0.4 games/s  ETA 0h53m15s
[pb-ab-O-push-d4b.var] 435/1600  0.4 games/s  ETA 0h53m21s
[pb-ab-O-push-d4b.var] 437/1600  0.4 games/s  ETA 0h53m06s
[pb-ab-O-push-d4b.var] 438/1600  0.4 games/s  ETA 0h53m01s
[pb-ab-O-push-d4b.var] 438/1600  0.4 games/s  ETA 0h53m07s
[pb-ab-O-push-d4b.var] 439/1600  0.4 games/s  ETA 0h53m02s
[pb-ab-O-push-d4b.var] 440/1600  0.4 games/s  ETA 0h52m57s
[pb-ab-O-push-d4b.var] 441/1600  0.4 games/s  ETA 0h52m52s
[pb-ab-O-push-d4b.var] 442/1600  0.4 games/s  ETA 0h52m48s
[pb-ab-O-push-d4b.var] 443/1600  0.4 games/s  ETA 0h52m43s
[pb-ab-O-push-d4b.var] 443/1600  0.4 games/s  ETA 0h52m48s
[pb-ab-O-push-d4b.var] 443/1600  0.4 games/s  ETA 0h52m54s
[pb-ab-O-push-d4b.var] 443/1600  0.4 games/s  ETA 0h52m59s
[pb-ab-O-push-d4b.var] 444/1600  0.4 games/s  ETA 0h52m54s
[pb-ab-O-push-d4b.var] 445/1600  0.4 games/s  ETA 0h52m49s
[pb-ab-O-push-d4b.var] 447/1600  0.4 games/s  ETA 0h52m35s
[pb-ab-O-push-d4b.var] 449/1600  0.4 games/s  ETA 0h52m21s
[pb-ab-O-push-d4b.var] 449/1600  0.4 games/s  ETA 0h52m26s
[pb-ab-O-push-d4b.var] 449/1600  0.4 games/s  ETA 0h52m31s
[pb-ab-O-push-d4b.var] 450/1600  0.4 games/s  ETA 0h52m26s
[pb-ab-O-push-d4b.var] 451/1600  0.4 games/s  ETA 0h52m22s
[pb-ab-O-push-d4b.var] 451/1600  0.4 games/s  ETA 0h52m27s
[pb-ab-O-push-d4b.var] 453/1600  0.4 games/s  ETA 0h52m12s
[pb-ab-O-push-d4b.var] 453/1600  0.4 games/s  ETA 0h52m17s
[pb-ab-O-push-d4b.var] 455/1600  0.4 games/s  ETA 0h52m03s
[pb-ab-O-push-d4b.var] 456/1600  0.4 games/s  ETA 0h51m59s
[pb-ab-O-push-d4b.var] 456/1600  0.4 games/s  ETA 0h52m04s
[pb-ab-O-push-d4b.var] 456/1600  0.4 games/s  ETA 0h52m09s
[pb-ab-O-push-d4b.var] 456/1600  0.4 games/s  ETA 0h52m14s
[pb-ab-O-push-d4b.var] 456/1600  0.4 games/s  ETA 0h52m19s
[pb-ab-O-push-d4b.var] 458/1600  0.4 games/s  ETA 0h52m05s
[pb-ab-O-push-d4b.var] 458/1600  0.4 games/s  ETA 0h52m10s
[pb-ab-O-push-d4b.var] 459/1600  0.4 games/s  ETA 0h52m05s
[pb-ab-O-push-d4b.var] 459/1600  0.4 games/s  ETA 0h52m10s
[pb-ab-O-push-d4b.var] 460/1600  0.4 games/s  ETA 0h52m05s
[pb-ab-O-push-d4b.var] 461/1600  0.4 games/s  ETA 0h52m01s
[pb-ab-O-push-d4b.var] 463/1600  0.4 games/s  ETA 0h51m47s
[pb-ab-O-push-d4b.var] 465/1600  0.4 games/s  ETA 0h51m33s
[pb-ab-O-push-d4b.var] 466/1600  0.4 games/s  ETA 0h51m28s
[pb-ab-O-push-d4b.var] 467/1600  0.4 games/s  ETA 0h51m24s
[pb-ab-O-push-d4b.var] 468/1600  0.4 games/s  ETA 0h51m19s
[pb-ab-O-push-d4b.var] 468/1600  0.4 games/s  ETA 0h51m24s
[pb-ab-O-push-d4b.var] 468/1600  0.4 games/s  ETA 0h51m29s
[pb-ab-O-push-d4b.var] 470/1600  0.4 games/s  ETA 0h51m15s
[pb-ab-O-push-d4b.var] 470/1600  0.4 games/s  ETA 0h51m20s
[pb-ab-O-push-d4b.var] 472/1600  0.4 games/s  ETA 0h51m06s
[pb-ab-O-push-d4b.var] 473/1600  0.4 games/s  ETA 0h51m02s
[pb-ab-O-push-d4b.var] 474/1600  0.4 games/s  ETA 0h50m58s
[pb-ab-O-push-d4b.var] 474/1600  0.4 games/s  ETA 0h51m02s
[pb-ab-O-push-d4b.var] 475/1600  0.4 games/s  ETA 0h50m58s
[pb-ab-O-push-d4b.var] 476/1600  0.4 games/s  ETA 0h50m54s
[pb-ab-O-push-d4b.var] 477/1600  0.4 games/s  ETA 0h50m49s
[pb-ab-O-push-d4b.var] 477/1600  0.4 games/s  ETA 0h50m54s
[pb-ab-O-push-d4b.var] 478/1600  0.4 games/s  ETA 0h50m49s
[pb-ab-O-push-d4b.var] 480/1600  0.4 games/s  ETA 0h50m36s
[pb-ab-O-push-d4b.var] 481/1600  0.4 games/s  ETA 0h50m32s
[pb-ab-O-push-d4b.var] 482/1600  0.4 games/s  ETA 0h50m27s
[pb-ab-O-push-d4b.var] 482/1600  0.4 games/s  ETA 0h50m32s
[pb-ab-O-push-d4b.var] 483/1600  0.4 games/s  ETA 0h50m28s
[pb-ab-O-push-d4b.var] 484/1600  0.4 games/s  ETA 0h50m23s
[pb-ab-O-push-d4b.var] 486/1600  0.4 games/s  ETA 0h50m10s
[pb-ab-O-push-d4b.var] 486/1600  0.4 games/s  ETA 0h50m15s
[pb-ab-O-push-d4b.var] 488/1600  0.4 games/s  ETA 0h50m01s
[pb-ab-O-push-d4b.var] 489/1600  0.4 games/s  ETA 0h49m57s
[pb-ab-O-push-d4b.var] 489/1600  0.4 games/s  ETA 0h50m02s
[pb-ab-O-push-d4b.var] 490/1600  0.4 games/s  ETA 0h49m57s
[pb-ab-O-push-d4b.var] 490/1600  0.4 games/s  ETA 0h50m02s
[pb-ab-O-push-d4b.var] 491/1600  0.4 games/s  ETA 0h49m58s
[pb-ab-O-push-d4b.var] 493/1600  0.4 games/s  ETA 0h49m44s
[pb-ab-O-push-d4b.var] 493/1600  0.4 games/s  ETA 0h49m49s
[pb-ab-O-push-d4b.var] 495/1600  0.4 games/s  ETA 0h49m36s
[pb-ab-O-push-d4b.var] 496/1600  0.4 games/s  ETA 0h49m32s
[pb-ab-O-push-d4b.var] 498/1600  0.4 games/s  ETA 0h49m19s
[pb-ab-O-push-d4b.var] 498/1600  0.4 games/s  ETA 0h49m23s
[pb-ab-O-push-d4b.var] 499/1600  0.4 games/s  ETA 0h49m19s
[pb-ab-O-push-d4b.var] 499/1600  0.4 games/s  ETA 0h49m24s
[pb-ab-O-push-d4b.var] 500/1600  0.4 games/s  ETA 0h49m19s
[pb-ab-O-push-d4b.var] 501/1600  0.4 games/s  ETA 0h49m15s
[pb-ab-O-push-d4b.var] 501/1600  0.4 games/s  ETA 0h49m20s
[pb-ab-O-push-d4b.var] 501/1600  0.4 games/s  ETA 0h49m24s
[pb-ab-O-push-d4b.var] 502/1600  0.4 games/s  ETA 0h49m20s
[pb-ab-O-push-d4b.var] 504/1600  0.4 games/s  ETA 0h49m07s
[pb-ab-O-push-d4b.var] 504/1600  0.4 games/s  ETA 0h49m11s
[pb-ab-O-push-d4b.var] 505/1600  0.4 games/s  ETA 0h49m07s
[pb-ab-O-push-d4b.var] 507/1600  0.4 games/s  ETA 0h48m54s
[pb-ab-O-push-d4b.var] 507/1600  0.4 games/s  ETA 0h48m59s
[pb-ab-O-push-d4b.var] 509/1600  0.4 games/s  ETA 0h48m46s
[pb-ab-O-push-d4b.var] 509/1600  0.4 games/s  ETA 0h48m50s
[pb-ab-O-push-d4b.var] 509/1600  0.4 games/s  ETA 0h48m55s
[pb-ab-O-push-d4b.var] 509/1600  0.4 games/s  ETA 0h48m59s
[pb-ab-O-push-d4b.var] 510/1600  0.4 games/s  ETA 0h48m55s
[pb-ab-O-push-d4b.var] 512/1600  0.4 games/s  ETA 0h48m42s
[pb-ab-O-push-d4b.var] 512/1600  0.4 games/s  ETA 0h48m46s
[pb-ab-O-push-d4b.var] 512/1600  0.4 games/s  ETA 0h48m51s
[pb-ab-O-push-d4b.var] 513/1600  0.4 games/s  ETA 0h48m47s
[pb-ab-O-push-d4b.var] 513/1600  0.4 games/s  ETA 0h48m51s
[pb-ab-O-push-d4b.var] 515/1600  0.4 games/s  ETA 0h48m38s
[pb-ab-O-push-d4b.var] 516/1600  0.4 games/s  ETA 0h48m34s
[pb-ab-O-push-d4b.var] 517/1600  0.4 games/s  ETA 0h48m30s
[pb-ab-O-push-d4b.var] 517/1600  0.4 games/s  ETA 0h48m34s
[pb-ab-O-push-d4b.var] 517/1600  0.4 games/s  ETA 0h48m38s
[pb-ab-O-push-d4b.var] 517/1600  0.4 games/s  ETA 0h48m43s
[pb-ab-O-push-d4b.var] 518/1600  0.4 games/s  ETA 0h48m38s
[pb-ab-O-push-d4b.var] 520/1600  0.4 games/s  ETA 0h48m26s
[pb-ab-O-push-d4b.var] 521/1600  0.4 games/s  ETA 0h48m22s
[pb-ab-O-push-d4b.var] 521/1600  0.4 games/s  ETA 0h48m26s
[pb-ab-O-push-d4b.var] 522/1600  0.4 games/s  ETA 0h48m22s
[pb-ab-O-push-d4b.var] 522/1600  0.4 games/s  ETA 0h48m26s
[pb-ab-O-push-d4b.var] 523/1600  0.4 games/s  ETA 0h48m22s
[pb-ab-O-push-d4b.var] 525/1600  0.4 games/s  ETA 0h48m10s
[pb-ab-O-push-d4b.var] 526/1600  0.4 games/s  ETA 0h48m05s
[pb-ab-O-push-d4b.var] 527/1600  0.4 games/s  ETA 0h48m01s
[pb-ab-O-push-d4b.var] 528/1600  0.4 games/s  ETA 0h47m57s
[pb-ab-O-push-d4b.var] 528/1600  0.4 games/s  ETA 0h48m01s
[pb-ab-O-push-d4b.var] 529/1600  0.4 games/s  ETA 0h47m57s
[pb-ab-O-push-d4b.var] 529/1600  0.4 games/s  ETA 0h48m01s
[pb-ab-O-push-d4b.var] 531/1600  0.4 games/s  ETA 0h47m49s
[pb-ab-O-push-d4b.var] 532/1600  0.4 games/s  ETA 0h47m45s
[pb-ab-O-push-d4b.var] 533/1600  0.4 games/s  ETA 0h47m41s
[pb-ab-O-push-d4b.var] 535/1600  0.4 games/s  ETA 0h47m29s
[pb-ab-O-push-d4b.var] 535/1600  0.4 games/s  ETA 0h47m33s
[pb-ab-O-push-d4b.var] 536/1600  0.4 games/s  ETA 0h47m29s
[pb-ab-O-push-d4b.var] 538/1600  0.4 games/s  ETA 0h47m17s
[pb-ab-O-push-d4b.var] 538/1600  0.4 games/s  ETA 0h47m21s
[pb-ab-O-push-d4b.var] 540/1600  0.4 games/s  ETA 0h47m09s
[pb-ab-O-push-d4b.var] 540/1600  0.4 games/s  ETA 0h47m13s
[pb-ab-O-push-d4b.var] 541/1600  0.4 games/s  ETA 0h47m09s
[pb-ab-O-push-d4b.var] 541/1600  0.4 games/s  ETA 0h47m13s
[pb-ab-O-push-d4b.var] 542/1600  0.4 games/s  ETA 0h47m09s
[pb-ab-O-push-d4b.var] 543/1600  0.4 games/s  ETA 0h47m05s
[pb-ab-O-push-d4b.var] 543/1600  0.4 games/s  ETA 0h47m09s
[pb-ab-O-push-d4b.var] 545/1600  0.4 games/s  ETA 0h46m57s
[pb-ab-O-push-d4b.var] 546/1600  0.4 games/s  ETA 0h46m53s
[pb-ab-O-push-d4b.var] 546/1600  0.4 games/s  ETA 0h46m57s
[pb-ab-O-push-d4b.var] 546/1600  0.4 games/s  ETA 0h47m01s
[pb-ab-O-push-d4b.var] 546/1600  0.4 games/s  ETA 0h47m05s
[pb-ab-O-push-d4b.var] 547/1600  0.4 games/s  ETA 0h47m01s
[pb-ab-O-push-d4b.var] 549/1600  0.4 games/s  ETA 0h46m49s
[pb-ab-O-push-d4b.var] 549/1600  0.4 games/s  ETA 0h46m53s
[pb-ab-O-push-d4b.var] 551/1600  0.4 games/s  ETA 0h46m41s
[pb-ab-O-push-d4b.var] 551/1600  0.4 games/s  ETA 0h46m45s
[pb-ab-O-push-d4b.var] 551/1600  0.4 games/s  ETA 0h46m48s
[pb-ab-O-push-d4b.var] 552/1600  0.4 games/s  ETA 0h46m44s
[pb-ab-O-push-d4b.var] 553/1600  0.4 games/s  ETA 0h46m41s
[pb-ab-O-push-d4b.var] 553/1600  0.4 games/s  ETA 0h46m44s
[pb-ab-O-push-d4b.var] 554/1600  0.4 games/s  ETA 0h46m40s
[pb-ab-O-push-d4b.var] 556/1600  0.4 games/s  ETA 0h46m29s
[pb-ab-O-push-d4b.var] 556/1600  0.4 games/s  ETA 0h46m32s
[pb-ab-O-push-d4b.var] 557/1600  0.4 games/s  ETA 0h46m29s
[pb-ab-O-push-d4b.var] 557/1600  0.4 games/s  ETA 0h46m32s
[pb-ab-O-push-d4b.var] 557/1600  0.4 games/s  ETA 0h46m36s
[pb-ab-O-push-d4b.var] 557/1600  0.4 games/s  ETA 0h46m40s
[pb-ab-O-push-d4b.var] 559/1600  0.4 games/s  ETA 0h46m28s
[pb-ab-O-push-d4b.var] 559/1600  0.4 games/s  ETA 0h46m32s
[pb-ab-O-push-d4b.var] 561/1600  0.4 games/s  ETA 0h46m20s
[pb-ab-O-push-d4b.var] 561/1600  0.4 games/s  ETA 0h46m24s
[pb-ab-O-push-d4b.var] 562/1600  0.4 games/s  ETA 0h46m20s
[pb-ab-O-push-d4b.var] 563/1600  0.4 games/s  ETA 0h46m16s
[pb-ab-O-push-d4b.var] 563/1600  0.4 games/s  ETA 0h46m20s
[pb-ab-O-push-d4b.var] 565/1600  0.4 games/s  ETA 0h46m08s
[pb-ab-O-push-d4b.var] 566/1600  0.4 games/s  ETA 0h46m04s
[pb-ab-O-push-d4b.var] 568/1600  0.4 games/s  ETA 0h45m53s
[pb-ab-O-push-d4b.var] 568/1600  0.4 games/s  ETA 0h45m57s
[pb-ab-O-push-d4b.var] 569/1600  0.4 games/s  ETA 0h45m53s
[pb-ab-O-push-d4b.var] 571/1600  0.4 games/s  ETA 0h45m41s
[pb-ab-O-push-d4b.var] 572/1600  0.4 games/s  ETA 0h45m37s
[pb-ab-O-push-d4b.var] 572/1600  0.4 games/s  ETA 0h45m41s
[pb-ab-O-push-d4b.var] 573/1600  0.4 games/s  ETA 0h45m37s
[pb-ab-O-push-d4b.var] 574/1600  0.4 games/s  ETA 0h45m33s
[pb-ab-O-push-d4b.var] 575/1600  0.4 games/s  ETA 0h45m30s
[pb-ab-O-push-d4b.var] 575/1600  0.4 games/s  ETA 0h45m33s
[pb-ab-O-push-d4b.var] 575/1600  0.4 games/s  ETA 0h45m37s
[pb-ab-O-push-d4b.var] 576/1600  0.4 games/s  ETA 0h45m33s
[pb-ab-O-push-d4b.var] 577/1600  0.4 games/s  ETA 0h45m29s
[pb-ab-O-push-d4b.var] 578/1600  0.4 games/s  ETA 0h45m25s
[pb-ab-O-push-d4b.var] 578/1600  0.4 games/s  ETA 0h45m29s
[pb-ab-O-push-d4b.var] 580/1600  0.4 games/s  ETA 0h45m17s
[pb-ab-O-push-d4b.var] 580/1600  0.4 games/s  ETA 0h45m21s
[pb-ab-O-push-d4b.var] 581/1600  0.4 games/s  ETA 0h45m17s
[pb-ab-O-push-d4b.var] 582/1600  0.4 games/s  ETA 0h45m13s
[pb-ab-O-push-d4b.var] 584/1600  0.4 games/s  ETA 0h45m02s
[pb-ab-O-push-d4b.var] 584/1600  0.4 games/s  ETA 0h45m06s
[pb-ab-O-push-d4b.var] 585/1600  0.4 games/s  ETA 0h45m02s
[pb-ab-O-push-d4b.var] 586/1600  0.4 games/s  ETA 0h44m58s
[pb-ab-O-push-d4b.var] 587/1600  0.4 games/s  ETA 0h44m54s
[pb-ab-O-push-d4b.var] 588/1600  0.4 games/s  ETA 0h44m50s
[pb-ab-O-push-d4b.var] 589/1600  0.4 games/s  ETA 0h44m47s
[pb-ab-O-push-d4b.var] 589/1600  0.4 games/s  ETA 0h44m50s
[pb-ab-O-push-d4b.var] 589/1600  0.4 games/s  ETA 0h44m53s
[pb-ab-O-push-d4b.var] 590/1600  0.4 games/s  ETA 0h44m50s
[pb-ab-O-push-d4b.var] 592/1600  0.4 games/s  ETA 0h44m39s
[pb-ab-O-push-d4b.var] 592/1600  0.4 games/s  ETA 0h44m42s
[pb-ab-O-push-d4b.var] 593/1600  0.4 games/s  ETA 0h44m38s
[pb-ab-O-push-d4b.var] 595/1600  0.4 games/s  ETA 0h44m27s
[pb-ab-O-push-d4b.var] 596/1600  0.4 games/s  ETA 0h44m24s
[pb-ab-O-push-d4b.var] 598/1600  0.4 games/s  ETA 0h44m13s
[pb-ab-O-push-d4b.var] 598/1600  0.4 games/s  ETA 0h44m16s
[pb-ab-O-push-d4b.var] 598/1600  0.4 games/s  ETA 0h44m19s
[pb-ab-O-push-d4b.var] 600/1600  0.4 games/s  ETA 0h44m09s
[pb-ab-O-push-d4b.var] 600/1600  0.4 games/s  ETA 0h44m12s
[pb-ab-O-push-d4b.var] 601/1600  0.4 games/s  ETA 0h44m08s
[pb-ab-O-push-d4b.var] 602/1600  0.4 games/s  ETA 0h44m05s
[pb-ab-O-push-d4b.var] 602/1600  0.4 games/s  ETA 0h44m08s
[pb-ab-O-push-d4b.var] 602/1600  0.4 games/s  ETA 0h44m11s
[pb-ab-O-push-d4b.var] 602/1600  0.4 games/s  ETA 0h44m14s
[pb-ab-O-push-d4b.var] 602/1600  0.4 games/s  ETA 0h44m18s
[pb-ab-O-push-d4b.var] 603/1600  0.4 games/s  ETA 0h44m14s
[pb-ab-O-push-d4b.var] 603/1600  0.4 games/s  ETA 0h44m17s
[pb-ab-O-push-d4b.var] 605/1600  0.4 games/s  ETA 0h44m07s
[pb-ab-O-push-d4b.var] 606/1600  0.4 games/s  ETA 0h44m03s
[pb-ab-O-push-d4b.var] 607/1600  0.4 games/s  ETA 0h43m59s
[pb-ab-O-push-d4b.var] 607/1600  0.4 games/s  ETA 0h44m02s
[pb-ab-O-push-d4b.var] 608/1600  0.4 games/s  ETA 0h43m59s
[pb-ab-O-push-d4b.var] 608/1600  0.4 games/s  ETA 0h44m02s
[pb-ab-O-push-d4b.var] 609/1600  0.4 games/s  ETA 0h43m58s
[pb-ab-O-push-d4b.var] 610/1600  0.4 games/s  ETA 0h43m54s
[pb-ab-O-push-d4b.var] 610/1600  0.4 games/s  ETA 0h43m58s
[pb-ab-O-push-d4b.var] 610/1600  0.4 games/s  ETA 0h44m01s
[pb-ab-O-push-d4b.var] 611/1600  0.4 games/s  ETA 0h43m57s
[pb-ab-O-push-d4b.var] 611/1600  0.4 games/s  ETA 0h44m00s
[pb-ab-O-push-d4b.var] 611/1600  0.4 games/s  ETA 0h44m04s
[pb-ab-O-push-d4b.var] 611/1600  0.4 games/s  ETA 0h44m07s
[pb-ab-O-push-d4b.var] 614/1600  0.4 games/s  ETA 0h43m49s
[pb-ab-O-push-d4b.var] 614/1600  0.4 games/s  ETA 0h43m52s
[pb-ab-O-push-d4b.var] 617/1600  0.4 games/s  ETA 0h43m35s
[pb-ab-O-push-d4b.var] 617/1600  0.4 games/s  ETA 0h43m38s
[pb-ab-O-push-d4b.var] 617/1600  0.4 games/s  ETA 0h43m41s
[pb-ab-O-push-d4b.var] 618/1600  0.4 games/s  ETA 0h43m37s
[pb-ab-O-push-d4b.var] 618/1600  0.4 games/s  ETA 0h43m41s
[pb-ab-O-push-d4b.var] 618/1600  0.4 games/s  ETA 0h43m44s
[pb-ab-O-push-d4b.var] 619/1600  0.4 games/s  ETA 0h43m40s
[pb-ab-O-push-d4b.var] 621/1600  0.4 games/s  ETA 0h43m29s
[pb-ab-O-push-d4b.var] 623/1600  0.4 games/s  ETA 0h43m19s
[pb-ab-O-push-d4b.var] 623/1600  0.4 games/s  ETA 0h43m22s
[pb-ab-O-push-d4b.var] 624/1600  0.4 games/s  ETA 0h43m18s
[pb-ab-O-push-d4b.var] 624/1600  0.4 games/s  ETA 0h43m21s
[pb-ab-O-push-d4b.var] 625/1600  0.4 games/s  ETA 0h43m18s
[pb-ab-O-push-d4b.var] 626/1600  0.4 games/s  ETA 0h43m14s
[pb-ab-O-push-d4b.var] 628/1600  0.4 games/s  ETA 0h43m04s
[pb-ab-O-push-d4b.var] 628/1600  0.4 games/s  ETA 0h43m07s
[pb-ab-O-push-d4b.var] 628/1600  0.4 games/s  ETA 0h43m10s
[pb-ab-O-push-d4b.var] 628/1600  0.4 games/s  ETA 0h43m13s
[pb-ab-O-push-d4b.var] 630/1600  0.4 games/s  ETA 0h43m02s
[pb-ab-O-push-d4b.var] 631/1600  0.4 games/s  ETA 0h42m59s
[pb-ab-O-push-d4b.var] 632/1600  0.4 games/s  ETA 0h42m55s
[pb-ab-O-push-d4b.var] 632/1600  0.4 games/s  ETA 0h42m58s
[pb-ab-O-push-d4b.var] 632/1600  0.4 games/s  ETA 0h43m01s
[pb-ab-O-push-d4b.var] 634/1600  0.4 games/s  ETA 0h42m51s
[pb-ab-O-push-d4b.var] 635/1600  0.4 games/s  ETA 0h42m47s
[pb-ab-O-push-d4b.var] 635/1600  0.4 games/s  ETA 0h42m50s
[pb-ab-O-push-d4b.var] 636/1600  0.4 games/s  ETA 0h42m46s
[pb-ab-O-push-d4b.var] 637/1600  0.4 games/s  ETA 0h42m43s
[pb-ab-O-push-d4b.var] 638/1600  0.4 games/s  ETA 0h42m39s
[pb-ab-O-push-d4b.var] 639/1600  0.4 games/s  ETA 0h42m35s
[pb-ab-O-push-d4b.var] 639/1600  0.4 games/s  ETA 0h42m39s
[pb-ab-O-push-d4b.var] 640/1600  0.4 games/s  ETA 0h42m35s
[pb-ab-O-push-d4b.var] 641/1600  0.4 games/s  ETA 0h42m31s
[pb-ab-O-push-d4b.var] 641/1600  0.4 games/s  ETA 0h42m34s
[pb-ab-O-push-d4b.var] 643/1600  0.4 games/s  ETA 0h42m24s
[pb-ab-O-push-d4b.var] 644/1600  0.4 games/s  ETA 0h42m20s
[pb-ab-O-push-d4b.var] 644/1600  0.4 games/s  ETA 0h42m23s
[pb-ab-O-push-d4b.var] 646/1600  0.4 games/s  ETA 0h42m13s
[pb-ab-O-push-d4b.var] 646/1600  0.4 games/s  ETA 0h42m16s
[pb-ab-O-push-d4b.var] 646/1600  0.4 games/s  ETA 0h42m19s
[pb-ab-O-push-d4b.var] 648/1600  0.4 games/s  ETA 0h42m09s
[pb-ab-O-push-d4b.var] 650/1600  0.4 games/s  ETA 0h41m59s
[pb-ab-O-push-d4b.var] 650/1600  0.4 games/s  ETA 0h42m01s
[pb-ab-O-push-d4b.var] 651/1600  0.4 games/s  ETA 0h41m58s
[pb-ab-O-push-d4b.var] 651/1600  0.4 games/s  ETA 0h42m01s
[pb-ab-O-push-d4b.var] 653/1600  0.4 games/s  ETA 0h41m51s
[pb-ab-O-push-d4b.var] 653/1600  0.4 games/s  ETA 0h41m54s
[pb-ab-O-push-d4b.var] 654/1600  0.4 games/s  ETA 0h41m50s
[pb-ab-O-push-d4b.var] 656/1600  0.4 games/s  ETA 0h41m40s
[pb-ab-O-push-d4b.var] 656/1600  0.4 games/s  ETA 0h41m43s
[pb-ab-O-push-d4b.var] 657/1600  0.4 games/s  ETA 0h41m39s
[pb-ab-O-push-d4b.var] 657/1600  0.4 games/s  ETA 0h41m42s
[pb-ab-O-push-d4b.var] 657/1600  0.4 games/s  ETA 0h41m45s
[pb-ab-O-push-d4b.var] 658/1600  0.4 games/s  ETA 0h41m41s
[pb-ab-O-push-d4b.var] 658/1600  0.4 games/s  ETA 0h41m44s
[pb-ab-O-push-d4b.var] 659/1600  0.4 games/s  ETA 0h41m41s
[pb-ab-O-push-d4b.var] 660/1600  0.4 games/s  ETA 0h41m37s
[pb-ab-O-push-d4b.var] 661/1600  0.4 games/s  ETA 0h41m33s
[pb-ab-O-push-d4b.var] 662/1600  0.4 games/s  ETA 0h41m30s
[pb-ab-O-push-d4b.var] 662/1600  0.4 games/s  ETA 0h41m33s
[pb-ab-O-push-d4b.var] 662/1600  0.4 games/s  ETA 0h41m36s
[pb-ab-O-push-d4b.var] 663/1600  0.4 games/s  ETA 0h41m32s
[pb-ab-O-push-d4b.var] 665/1600  0.4 games/s  ETA 0h41m22s
[pb-ab-O-push-d4b.var] 666/1600  0.4 games/s  ETA 0h41m18s
[pb-ab-O-push-d4b.var] 668/1600  0.4 games/s  ETA 0h41m08s
[pb-ab-O-push-d4b.var] 668/1600  0.4 games/s  ETA 0h41m11s
[pb-ab-O-push-d4b.var] 670/1600  0.4 games/s  ETA 0h41m01s
[pb-ab-O-push-d4b.var] 671/1600  0.4 games/s  ETA 0h40m58s
[pb-ab-O-push-d4b.var] 671/1600  0.4 games/s  ETA 0h41m01s
[pb-ab-O-push-d4b.var] 673/1600  0.4 games/s  ETA 0h40m51s
[pb-ab-O-push-d4b.var] 674/1600  0.4 games/s  ETA 0h40m47s
[pb-ab-O-push-d4b.var] 674/1600  0.4 games/s  ETA 0h40m50s
[pb-ab-O-push-d4b.var] 674/1600  0.4 games/s  ETA 0h40m53s
[pb-ab-O-push-d4b.var] 675/1600  0.4 games/s  ETA 0h40m49s
[pb-ab-O-push-d4b.var] 675/1600  0.4 games/s  ETA 0h40m52s
[pb-ab-O-push-d4b.var] 675/1600  0.4 games/s  ETA 0h40m55s
[pb-ab-O-push-d4b.var] 676/1600  0.4 games/s  ETA 0h40m51s
[pb-ab-O-push-d4b.var] 676/1600  0.4 games/s  ETA 0h40m54s
[pb-ab-O-push-d4b.var] 676/1600  0.4 games/s  ETA 0h40m57s
[pb-ab-O-push-d4b.var] 676/1600  0.4 games/s  ETA 0h40m59s
[pb-ab-O-push-d4b.var] 677/1600  0.4 games/s  ETA 0h40m56s
[pb-ab-O-push-d4b.var] 677/1600  0.4 games/s  ETA 0h40m58s
[pb-ab-O-push-d4b.var] 679/1600  0.4 games/s  ETA 0h40m49s
[pb-ab-O-push-d4b.var] 679/1600  0.4 games/s  ETA 0h40m51s
[pb-ab-O-push-d4b.var] 679/1600  0.4 games/s  ETA 0h40m54s
[pb-ab-O-push-d4b.var] 680/1600  0.4 games/s  ETA 0h40m51s
[pb-ab-O-push-d4b.var] 682/1600  0.4 games/s  ETA 0h40m41s
[pb-ab-O-push-d4b.var] 682/1600  0.4 games/s  ETA 0h40m43s
[pb-ab-O-push-d4b.var] 683/1600  0.4 games/s  ETA 0h40m40s
[pb-ab-O-push-d4b.var] 683/1600  0.4 games/s  ETA 0h40m43s
[pb-ab-O-push-d4b.var] 683/1600  0.4 games/s  ETA 0h40m45s
[pb-ab-O-push-d4b.var] 683/1600  0.4 games/s  ETA 0h40m48s
[pb-ab-O-push-d4b.var] 685/1600  0.4 games/s  ETA 0h40m38s
[pb-ab-O-push-d4b.var] 685/1600  0.4 games/s  ETA 0h40m41s
[pb-ab-O-push-d4b.var] 686/1600  0.4 games/s  ETA 0h40m37s
[pb-ab-O-push-d4b.var] 687/1600  0.4 games/s  ETA 0h40m34s
[pb-ab-O-push-d4b.var] 688/1600  0.4 games/s  ETA 0h40m30s
[pb-ab-O-push-d4b.var] 688/1600  0.4 games/s  ETA 0h40m33s
[pb-ab-O-push-d4b.var] 689/1600  0.4 games/s  ETA 0h40m29s
[pb-ab-O-push-d4b.var] 689/1600  0.4 games/s  ETA 0h40m32s
[pb-ab-O-push-d4b.var] 690/1600  0.4 games/s  ETA 0h40m28s
[pb-ab-O-push-d4b.var] 691/1600  0.4 games/s  ETA 0h40m25s
[pb-ab-O-push-d4b.var] 691/1600  0.4 games/s  ETA 0h40m27s
[pb-ab-O-push-d4b.var] 693/1600  0.4 games/s  ETA 0h40m18s
[pb-ab-O-push-d4b.var] 693/1600  0.4 games/s  ETA 0h40m20s
[pb-ab-O-push-d4b.var] 693/1600  0.4 games/s  ETA 0h40m23s
[pb-ab-O-push-d4b.var] 694/1600  0.4 games/s  ETA 0h40m19s
[pb-ab-O-push-d4b.var] 694/1600  0.4 games/s  ETA 0h40m22s
[pb-ab-O-push-d4b.var] 696/1600  0.4 games/s  ETA 0h40m12s
[pb-ab-O-push-d4b.var] 696/1600  0.4 games/s  ETA 0h40m15s
[pb-ab-O-push-d4b.var] 696/1600  0.4 games/s  ETA 0h40m18s
[pb-ab-O-push-d4b.var] 697/1600  0.4 games/s  ETA 0h40m14s
[pb-ab-O-push-d4b.var] 697/1600  0.4 games/s  ETA 0h40m17s
[pb-ab-O-push-d4b.var] 698/1600  0.4 games/s  ETA 0h40m13s
[pb-ab-O-push-d4b.var] 698/1600  0.4 games/s  ETA 0h40m16s
[pb-ab-O-push-d4b.var] 699/1600  0.4 games/s  ETA 0h40m12s
[pb-ab-O-push-d4b.var] 699/1600  0.4 games/s  ETA 0h40m15s
[pb-ab-O-push-d4b.var] 701/1600  0.4 games/s  ETA 0h40m05s
[pb-ab-O-push-d4b.var] 703/1600  0.4 games/s  ETA 0h39m55s
[pb-ab-O-push-d4b.var] 703/1600  0.4 games/s  ETA 0h39m58s
[pb-ab-O-push-d4b.var] 703/1600  0.4 games/s  ETA 0h40m00s
[pb-ab-O-push-d4b.var] 704/1600  0.4 games/s  ETA 0h39m57s
[pb-ab-O-push-d4b.var] 704/1600  0.4 games/s  ETA 0h39m59s
[pb-ab-O-push-d4b.var] 705/1600  0.4 games/s  ETA 0h39m56s
[pb-ab-O-push-d4b.var] 705/1600  0.4 games/s  ETA 0h39m58s
[pb-ab-O-push-d4b.var] 706/1600  0.4 games/s  ETA 0h39m55s
[pb-ab-O-push-d4b.var] 707/1600  0.4 games/s  ETA 0h39m51s
[pb-ab-O-push-d4b.var] 707/1600  0.4 games/s  ETA 0h39m54s
[pb-ab-O-push-d4b.var] 707/1600  0.4 games/s  ETA 0h39m56s
[pb-ab-O-push-d4b.var] 707/1600  0.4 games/s  ETA 0h39m59s
[pb-ab-O-push-d4b.var] 709/1600  0.4 games/s  ETA 0h39m49s
[pb-ab-O-push-d4b.var] 711/1600  0.4 games/s  ETA 0h39m40s
[pb-ab-O-push-d4b.var] 711/1600  0.4 games/s  ETA 0h39m42s
[pb-ab-O-push-d4b.var] 713/1600  0.4 games/s  ETA 0h39m33s
[pb-ab-O-push-d4b.var] 713/1600  0.4 games/s  ETA 0h39m35s
[pb-ab-O-push-d4b.var] 714/1600  0.4 games/s  ETA 0h39m32s
[pb-ab-O-push-d4b.var] 714/1600  0.4 games/s  ETA 0h39m34s
[pb-ab-O-push-d4b.var] 715/1600  0.4 games/s  ETA 0h39m31s
[pb-ab-O-push-d4b.var] 717/1600  0.4 games/s  ETA 0h39m21s
[pb-ab-O-push-d4b.var] 717/1600  0.4 games/s  ETA 0h39m24s
[pb-ab-O-push-d4b.var] 718/1600  0.4 games/s  ETA 0h39m20s
[pb-ab-O-push-d4b.var] 719/1600  0.4 games/s  ETA 0h39m17s
[pb-ab-O-push-d4b.var] 719/1600  0.4 games/s  ETA 0h39m19s
[pb-ab-O-push-d4b.var] 719/1600  0.4 games/s  ETA 0h39m22s
[pb-ab-O-push-d4b.var] 719/1600  0.4 games/s  ETA 0h39m24s
[pb-ab-O-push-d4b.var] 720/1600  0.4 games/s  ETA 0h39m20s
[pb-ab-O-push-d4b.var] 722/1600  0.4 games/s  ETA 0h39m11s
[pb-ab-O-push-d4b.var] 724/1600  0.4 games/s  ETA 0h39m02s
[pb-ab-O-push-d4b.var] 725/1600  0.4 games/s  ETA 0h38m58s
[pb-ab-O-push-d4b.var] 725/1600  0.4 games/s  ETA 0h39m01s
[pb-ab-O-push-d4b.var] 726/1600  0.4 games/s  ETA 0h38m57s
[pb-ab-O-push-d4b.var] 727/1600  0.4 games/s  ETA 0h38m54s
[pb-ab-O-push-d4b.var] 727/1600  0.4 games/s  ETA 0h38m56s
[pb-ab-O-push-d4b.var] 728/1600  0.4 games/s  ETA 0h38m52s
[pb-ab-O-push-d4b.var] 730/1600  0.4 games/s  ETA 0h38m43s
[pb-ab-O-push-d4b.var] 732/1600  0.4 games/s  ETA 0h38m34s
[pb-ab-O-push-d4b.var] 732/1600  0.4 games/s  ETA 0h38m36s
[pb-ab-O-push-d4b.var] 732/1600  0.4 games/s  ETA 0h38m39s
[pb-ab-O-push-d4b.var] 733/1600  0.4 games/s  ETA 0h38m35s
[pb-ab-O-push-d4b.var] 735/1600  0.4 games/s  ETA 0h38m26s
[pb-ab-O-push-d4b.var] 736/1600  0.4 games/s  ETA 0h38m22s
[pb-ab-O-push-d4b.var] 736/1600  0.4 games/s  ETA 0h38m25s
[pb-ab-O-push-d4b.var] 737/1600  0.4 games/s  ETA 0h38m21s
[pb-ab-O-push-d4b.var] 737/1600  0.4 games/s  ETA 0h38m24s
[pb-ab-O-push-d4b.var] 738/1600  0.4 games/s  ETA 0h38m20s
[pb-ab-O-push-d4b.var] 738/1600  0.4 games/s  ETA 0h38m22s
[pb-ab-O-push-d4b.var] 738/1600  0.4 games/s  ETA 0h38m25s
[pb-ab-O-push-d4b.var] 738/1600  0.4 games/s  ETA 0h38m27s
[pb-ab-O-push-d4b.var] 738/1600  0.4 games/s  ETA 0h38m30s
[pb-ab-O-push-d4b.var] 739/1600  0.4 games/s  ETA 0h38m26s
[pb-ab-O-push-d4b.var] 740/1600  0.4 games/s  ETA 0h38m23s
[pb-ab-O-push-d4b.var] 740/1600  0.4 games/s  ETA 0h38m25s
[pb-ab-O-push-d4b.var] 742/1600  0.4 games/s  ETA 0h38m16s
[pb-ab-O-push-d4b.var] 742/1600  0.4 games/s  ETA 0h38m18s
[pb-ab-O-push-d4b.var] 742/1600  0.4 games/s  ETA 0h38m20s
[pb-ab-O-push-d4b.var] 742/1600  0.4 games/s  ETA 0h38m23s
[pb-ab-O-push-d4b.var] 743/1600  0.4 games/s  ETA 0h38m19s
[pb-ab-O-push-d4b.var] 743/1600  0.4 games/s  ETA 0h38m21s
[pb-ab-O-push-d4b.var] 744/1600  0.4 games/s  ETA 0h38m18s
[pb-ab-O-push-d4b.var] 745/1600  0.4 games/s  ETA 0h38m14s
[pb-ab-O-push-d4b.var] 747/1600  0.4 games/s  ETA 0h38m05s
[pb-ab-O-push-d4b.var] 747/1600  0.4 games/s  ETA 0h38m08s
[pb-ab-O-push-d4b.var] 748/1600  0.4 games/s  ETA 0h38m04s
[pb-ab-O-push-d4b.var] 749/1600  0.4 games/s  ETA 0h38m01s
[pb-ab-O-push-d4b.var] 750/1600  0.4 games/s  ETA 0h37m57s
[pb-ab-O-push-d4b.var] 751/1600  0.4 games/s  ETA 0h37m54s
[pb-ab-O-push-d4b.var] 752/1600  0.4 games/s  ETA 0h37m50s
[pb-ab-O-push-d4b.var] 752/1600  0.4 games/s  ETA 0h37m53s
[pb-ab-O-push-d4b.var] 755/1600  0.4 games/s  ETA 0h37m38s
[pb-ab-O-push-d4b.var] 756/1600  0.4 games/s  ETA 0h37m34s
[pb-ab-O-push-d4b.var] 757/1600  0.4 games/s  ETA 0h37m31s
[pb-ab-O-push-d4b.var] 758/1600  0.4 games/s  ETA 0h37m27s
[pb-ab-O-push-d4b.var] 758/1600  0.4 games/s  ETA 0h37m30s
[pb-ab-O-push-d4b.var] 759/1600  0.4 games/s  ETA 0h37m26s
[pb-ab-O-push-d4b.var] 761/1600  0.4 games/s  ETA 0h37m17s
[pb-ab-O-push-d4b.var] 762/1600  0.4 games/s  ETA 0h37m14s
[pb-ab-O-push-d4b.var] 762/1600  0.4 games/s  ETA 0h37m16s
[pb-ab-O-push-d4b.var] 762/1600  0.4 games/s  ETA 0h37m18s
[pb-ab-O-push-d4b.var] 764/1600  0.4 games/s  ETA 0h37m09s
[pb-ab-O-push-d4b.var] 764/1600  0.4 games/s  ETA 0h37m11s
[pb-ab-O-push-d4b.var] 765/1600  0.4 games/s  ETA 0h37m08s
[pb-ab-O-push-d4b.var] 766/1600  0.4 games/s  ETA 0h37m05s
[pb-ab-O-push-d4b.var] 767/1600  0.4 games/s  ETA 0h37m01s
[pb-ab-O-push-d4b.var] 769/1600  0.4 games/s  ETA 0h36m52s
[pb-ab-O-push-d4b.var] 769/1600  0.4 games/s  ETA 0h36m55s
[pb-ab-O-push-d4b.var] 770/1600  0.4 games/s  ETA 0h36m51s
[pb-ab-O-push-d4b.var] 771/1600  0.4 games/s  ETA 0h36m48s
[pb-ab-O-push-d4b.var] 772/1600  0.4 games/s  ETA 0h36m44s
[pb-ab-O-push-d4b.var] 773/1600  0.4 games/s  ETA 0h36m41s
[pb-ab-O-push-d4b.var] 773/1600  0.4 games/s  ETA 0h36m43s
[pb-ab-O-push-d4b.var] 775/1600  0.4 games/s  ETA 0h36m34s
[pb-ab-O-push-d4b.var] 776/1600  0.4 games/s  ETA 0h36m31s
[pb-ab-O-push-d4b.var] 776/1600  0.4 games/s  ETA 0h36m33s
[pb-ab-O-push-d4b.var] 778/1600  0.4 games/s  ETA 0h36m24s
[pb-ab-O-push-d4b.var] 779/1600  0.4 games/s  ETA 0h36m21s
[pb-ab-O-push-d4b.var] 780/1600  0.4 games/s  ETA 0h36m17s
[pb-ab-O-push-d4b.var] 781/1600  0.4 games/s  ETA 0h36m14s
[pb-ab-O-push-d4b.var] 781/1600  0.4 games/s  ETA 0h36m16s
[pb-ab-O-push-d4b.var] 782/1600  0.4 games/s  ETA 0h36m13s
[pb-ab-O-push-d4b.var] 783/1600  0.4 games/s  ETA 0h36m10s
[pb-ab-O-push-d4b.var] 783/1600  0.4 games/s  ETA 0h36m12s
[pb-ab-O-push-d4b.var] 785/1600  0.4 games/s  ETA 0h36m03s
[pb-ab-O-push-d4b.var] 786/1600  0.4 games/s  ETA 0h36m00s
[pb-ab-O-push-d4b.var] 787/1600  0.4 games/s  ETA 0h35m56s
[pb-ab-O-push-d4b.var] 787/1600  0.4 games/s  ETA 0h35m58s
[pb-ab-O-push-d4b.var] 788/1600  0.4 games/s  ETA 0h35m55s
[pb-ab-O-push-d4b.var] 788/1600  0.4 games/s  ETA 0h35m57s
[pb-ab-O-push-d4b.var] 789/1600  0.4 games/s  ETA 0h35m54s
[pb-ab-O-push-d4b.var] 790/1600  0.4 games/s  ETA 0h35m50s
[pb-ab-O-push-d4b.var] 791/1600  0.4 games/s  ETA 0h35m47s
[pb-ab-O-push-d4b.var] 791/1600  0.4 games/s  ETA 0h35m49s
[pb-ab-O-push-d4b.var] 791/1600  0.4 games/s  ETA 0h35m51s
[pb-ab-O-push-d4b.var] 793/1600  0.4 games/s  ETA 0h35m42s
[pb-ab-O-push-d4b.var] 793/1600  0.4 games/s  ETA 0h35m44s
[pb-ab-O-push-d4b.var] 793/1600  0.4 games/s  ETA 0h35m47s
[pb-ab-O-push-d4b.var] 794/1600  0.4 games/s  ETA 0h35m43s
[pb-ab-O-push-d4b.var] 795/1600  0.4 games/s  ETA 0h35m40s
[pb-ab-O-push-d4b.var] 796/1600  0.4 games/s  ETA 0h35m37s
[pb-ab-O-push-d4b.var] 796/1600  0.4 games/s  ETA 0h35m39s
[pb-ab-O-push-d4b.var] 796/1600  0.4 games/s  ETA 0h35m41s
[pb-ab-O-push-d4b.var] 796/1600  0.4 games/s  ETA 0h35m43s
[pb-ab-O-push-d4b.var] 798/1600  0.4 games/s  ETA 0h35m34s
[pb-ab-O-push-d4b.var] 798/1600  0.4 games/s  ETA 0h35m36s
[pb-ab-O-push-d4b.var] 800/1600  0.4 games/s  ETA 0h35m27s
[pb-ab-O-push-d4b.var] 801/1600  0.4 games/s  ETA 0h35m24s
[pb-ab-O-push-d4b.var] 802/1600  0.4 games/s  ETA 0h35m21s
[pb-ab-O-push-d4b.var] 802/1600  0.4 games/s  ETA 0h35m23s
[pb-ab-O-push-d4b.var] 803/1600  0.4 games/s  ETA 0h35m19s
[pb-ab-O-push-d4b.var] 804/1600  0.4 games/s  ETA 0h35m16s
[pb-ab-O-push-d4b.var] 806/1600  0.4 games/s  ETA 0h35m07s
[pb-ab-O-push-d4b.var] 807/1600  0.4 games/s  ETA 0h35m04s
[pb-ab-O-push-d4b.var] 807/1600  0.4 games/s  ETA 0h35m06s
[pb-ab-O-push-d4b.var] 809/1600  0.4 games/s  ETA 0h34m58s
[pb-ab-O-push-d4b.var] 811/1600  0.4 games/s  ETA 0h34m49s
[pb-ab-O-push-d4b.var] 811/1600  0.4 games/s  ETA 0h34m51s
[pb-ab-O-push-d4b.var] 811/1600  0.4 games/s  ETA 0h34m53s
[pb-ab-O-push-d4b.var] 811/1600  0.4 games/s  ETA 0h34m55s
[pb-ab-O-push-d4b.var] 811/1600  0.4 games/s  ETA 0h34m57s
[pb-ab-O-push-d4b.var] 811/1600  0.4 games/s  ETA 0h34m59s
[pb-ab-O-push-d4b.var] 812/1600  0.4 games/s  ETA 0h34m55s
[pb-ab-O-push-d4b.var] 812/1600  0.4 games/s  ETA 0h34m57s
[pb-ab-O-push-d4b.var] 813/1600  0.4 games/s  ETA 0h34m54s
[pb-ab-O-push-d4b.var] 813/1600  0.4 games/s  ETA 0h34m56s
[pb-ab-O-push-d4b.var] 814/1600  0.4 games/s  ETA 0h34m53s
[pb-ab-O-push-d4b.var] 815/1600  0.4 games/s  ETA 0h34m49s
[pb-ab-O-push-d4b.var] 815/1600  0.4 games/s  ETA 0h34m51s
[pb-ab-O-push-d4b.var] 816/1600  0.4 games/s  ETA 0h34m48s
[pb-ab-O-push-d4b.var] 816/1600  0.4 games/s  ETA 0h34m50s
[pb-ab-O-push-d4b.var] 817/1600  0.4 games/s  ETA 0h34m47s
[pb-ab-O-push-d4b.var] 817/1600  0.4 games/s  ETA 0h34m49s
[pb-ab-O-push-d4b.var] 817/1600  0.4 games/s  ETA 0h34m51s
[pb-ab-O-push-d4b.var] 817/1600  0.4 games/s  ETA 0h34m52s
[pb-ab-O-push-d4b.var] 817/1600  0.4 games/s  ETA 0h34m54s
[pb-ab-O-push-d4b.var] 818/1600  0.4 games/s  ETA 0h34m51s
[pb-ab-O-push-d4b.var] 818/1600  0.4 games/s  ETA 0h34m53s
[pb-ab-O-push-d4b.var] 820/1600  0.4 games/s  ETA 0h34m44s
[pb-ab-O-push-d4b.var] 820/1600  0.4 games/s  ETA 0h34m46s
[pb-ab-O-push-d4b.var] 821/1600  0.4 games/s  ETA 0h34m43s
[pb-ab-O-push-d4b.var] 823/1600  0.4 games/s  ETA 0h34m35s
[pb-ab-O-push-d4b.var] 823/1600  0.4 games/s  ETA 0h34m36s
[pb-ab-O-push-d4b.var] 824/1600  0.4 games/s  ETA 0h34m33s
[pb-ab-O-push-d4b.var] 827/1600  0.4 games/s  ETA 0h34m19s
[pb-ab-O-push-d4b.var] 827/1600  0.4 games/s  ETA 0h34m21s
[pb-ab-O-push-d4b.var] 827/1600  0.4 games/s  ETA 0h34m23s
[pb-ab-O-push-d4b.var] 828/1600  0.4 games/s  ETA 0h34m20s
[pb-ab-O-push-d4b.var] 828/1600  0.4 games/s  ETA 0h34m22s
[pb-ab-O-push-d4b.var] 828/1600  0.4 games/s  ETA 0h34m24s
[pb-ab-O-push-d4b.var] 829/1600  0.4 games/s  ETA 0h34m20s
[pb-ab-O-push-d4b.var] 830/1600  0.4 games/s  ETA 0h34m17s
[pb-ab-O-push-d4b.var] 830/1600  0.4 games/s  ETA 0h34m19s
[pb-ab-O-push-d4b.var] 832/1600  0.4 games/s  ETA 0h34m10s
[pb-ab-O-push-d4b.var] 833/1600  0.4 games/s  ETA 0h34m07s
[pb-ab-O-push-d4b.var] 833/1600  0.4 games/s  ETA 0h34m09s
[pb-ab-O-push-d4b.var] 833/1600  0.4 games/s  ETA 0h34m11s
[pb-ab-O-push-d4b.var] 836/1600  0.4 games/s  ETA 0h33m57s
[pb-ab-O-push-d4b.var] 836/1600  0.4 games/s  ETA 0h33m59s
[pb-ab-O-push-d4b.var] 836/1600  0.4 games/s  ETA 0h34m01s
[pb-ab-O-push-d4b.var] 838/1600  0.4 games/s  ETA 0h33m53s
[pb-ab-O-push-d4b.var] 838/1600  0.4 games/s  ETA 0h33m54s
[pb-ab-O-push-d4b.var] 841/1600  0.4 games/s  ETA 0h33m41s
[pb-ab-O-push-d4b.var] 841/1600  0.4 games/s  ETA 0h33m43s
[pb-ab-O-push-d4b.var] 841/1600  0.4 games/s  ETA 0h33m45s
[pb-ab-O-push-d4b.var] 841/1600  0.4 games/s  ETA 0h33m46s
[pb-ab-O-push-d4b.var] 843/1600  0.4 games/s  ETA 0h33m38s
[pb-ab-O-push-d4b.var] 844/1600  0.4 games/s  ETA 0h33m35s
[pb-ab-O-push-d4b.var] 846/1600  0.4 games/s  ETA 0h33m27s
[pb-ab-O-push-d4b.var] 846/1600  0.4 games/s  ETA 0h33m28s
[pb-ab-O-push-d4b.var] 846/1600  0.4 games/s  ETA 0h33m30s
[pb-ab-O-push-d4b.var] 847/1600  0.4 games/s  ETA 0h33m27s
[pb-ab-O-push-d4b.var] 848/1600  0.4 games/s  ETA 0h33m24s
[pb-ab-O-push-d4b.var] 850/1600  0.4 games/s  ETA 0h33m15s
[pb-ab-O-push-d4b.var] 850/1600  0.4 games/s  ETA 0h33m17s
[pb-ab-O-push-d4b.var] 850/1600  0.4 games/s  ETA 0h33m19s
[pb-ab-O-push-d4b.var] 851/1600  0.4 games/s  ETA 0h33m16s
[pb-ab-O-push-d4b.var] 852/1600  0.4 games/s  ETA 0h33m12s
[pb-ab-O-push-d4b.var] 852/1600  0.4 games/s  ETA 0h33m14s
[pb-ab-O-push-d4b.var] 853/1600  0.4 games/s  ETA 0h33m11s
[pb-ab-O-push-d4b.var] 854/1600  0.4 games/s  ETA 0h33m08s
[pb-ab-O-push-d4b.var] 854/1600  0.4 games/s  ETA 0h33m09s
[pb-ab-O-push-d4b.var] 854/1600  0.4 games/s  ETA 0h33m11s
[pb-ab-O-push-d4b.var] 857/1600  0.4 games/s  ETA 0h32m58s
[pb-ab-O-push-d4b.var] 857/1600  0.4 games/s  ETA 0h33m00s
[pb-ab-O-push-d4b.var] 857/1600  0.4 games/s  ETA 0h33m01s
[pb-ab-O-push-d4b.var] 858/1600  0.4 games/s  ETA 0h32m58s
[pb-ab-O-push-d4b.var] 860/1600  0.4 games/s  ETA 0h32m50s
[pb-ab-O-push-d4b.var] 860/1600  0.4 games/s  ETA 0h32m52s
[pb-ab-O-push-d4b.var] 861/1600  0.4 games/s  ETA 0h32m48s
[pb-ab-O-push-d4b.var] 863/1600  0.4 games/s  ETA 0h32m40s
[pb-ab-O-push-d4b.var] 863/1600  0.4 games/s  ETA 0h32m42s
[pb-ab-O-push-d4b.var] 865/1600  0.4 games/s  ETA 0h32m34s
[pb-ab-O-push-d4b.var] 866/1600  0.4 games/s  ETA 0h32m31s
[pb-ab-O-push-d4b.var] 866/1600  0.4 games/s  ETA 0h32m32s
[pb-ab-O-push-d4b.var] 867/1600  0.4 games/s  ETA 0h32m29s
[pb-ab-O-push-d4b.var] 867/1600  0.4 games/s  ETA 0h32m31s
[pb-ab-O-push-d4b.var] 867/1600  0.4 games/s  ETA 0h32m32s
[pb-ab-O-push-d4b.var] 868/1600  0.4 games/s  ETA 0h32m29s
[pb-ab-O-push-d4b.var] 869/1600  0.4 games/s  ETA 0h32m26s
[pb-ab-O-push-d4b.var] 869/1600  0.4 games/s  ETA 0h32m28s
[pb-ab-O-push-d4b.var] 870/1600  0.4 games/s  ETA 0h32m24s
[pb-ab-O-push-d4b.var] 873/1600  0.4 games/s  ETA 0h32m11s
[pb-ab-O-push-d4b.var] 874/1600  0.4 games/s  ETA 0h32m08s
[pb-ab-O-push-d4b.var] 874/1600  0.4 games/s  ETA 0h32m10s
[pb-ab-O-push-d4b.var] 874/1600  0.4 games/s  ETA 0h32m12s
[pb-ab-O-push-d4b.var] 875/1600  0.4 games/s  ETA 0h32m08s
[pb-ab-O-push-d4b.var] 876/1600  0.4 games/s  ETA 0h32m05s
[pb-ab-O-push-d4b.var] 878/1600  0.4 games/s  ETA 0h31m57s
[pb-ab-O-push-d4b.var] 878/1600  0.4 games/s  ETA 0h31m59s
[pb-ab-O-push-d4b.var] 878/1600  0.4 games/s  ETA 0h32m00s
[pb-ab-O-push-d4b.var] 880/1600  0.4 games/s  ETA 0h31m52s
[pb-ab-O-push-d4b.var] 881/1600  0.4 games/s  ETA 0h31m49s
[pb-ab-O-push-d4b.var] 881/1600  0.4 games/s  ETA 0h31m51s
[pb-ab-O-push-d4b.var] 881/1600  0.4 games/s  ETA 0h31m52s
[pb-ab-O-push-d4b.var] 882/1600  0.4 games/s  ETA 0h31m49s
[pb-ab-O-push-d4b.var] 883/1600  0.4 games/s  ETA 0h31m46s
[pb-ab-O-push-d4b.var] 885/1600  0.4 games/s  ETA 0h31m38s
[pb-ab-O-push-d4b.var] 885/1600  0.4 games/s  ETA 0h31m40s
[pb-ab-O-push-d4b.var] 886/1600  0.4 games/s  ETA 0h31m36s
[pb-ab-O-push-d4b.var] 886/1600  0.4 games/s  ETA 0h31m38s
[pb-ab-O-push-d4b.var] 886/1600  0.4 games/s  ETA 0h31m40s
[pb-ab-O-push-d4b.var] 888/1600  0.4 games/s  ETA 0h31m32s
[pb-ab-O-push-d4b.var] 889/1600  0.4 games/s  ETA 0h31m29s
[pb-ab-O-push-d4b.var] 890/1600  0.4 games/s  ETA 0h31m25s
[pb-ab-O-push-d4b.var] 891/1600  0.4 games/s  ETA 0h31m22s
[pb-ab-O-push-d4b.var] 891/1600  0.4 games/s  ETA 0h31m24s
[pb-ab-O-push-d4b.var] 893/1600  0.4 games/s  ETA 0h31m16s
[pb-ab-O-push-d4b.var] 893/1600  0.4 games/s  ETA 0h31m17s
[pb-ab-O-push-d4b.var] 893/1600  0.4 games/s  ETA 0h31m19s
[pb-ab-O-push-d4b.var] 894/1600  0.4 games/s  ETA 0h31m16s
[pb-ab-O-push-d4b.var] 895/1600  0.4 games/s  ETA 0h31m13s
[pb-ab-O-push-d4b.var] 895/1600  0.4 games/s  ETA 0h31m14s
[pb-ab-O-push-d4b.var] 896/1600  0.4 games/s  ETA 0h31m11s
[pb-ab-O-push-d4b.var] 898/1600  0.4 games/s  ETA 0h31m03s
[pb-ab-O-push-d4b.var] 899/1600  0.4 games/s  ETA 0h31m00s
[pb-ab-O-push-d4b.var] 899/1600  0.4 games/s  ETA 0h31m02s
[pb-ab-O-push-d4b.var] 901/1600  0.4 games/s  ETA 0h30m54s
[pb-ab-O-push-d4b.var] 902/1600  0.4 games/s  ETA 0h30m51s
[pb-ab-O-push-d4b.var] 903/1600  0.4 games/s  ETA 0h30m47s
[pb-ab-O-push-d4b.var] 903/1600  0.4 games/s  ETA 0h30m49s
[pb-ab-O-push-d4b.var] 903/1600  0.4 games/s  ETA 0h30m50s
[pb-ab-O-push-d4b.var] 904/1600  0.4 games/s  ETA 0h30m47s
[pb-ab-O-push-d4b.var] 906/1600  0.4 games/s  ETA 0h30m39s
[pb-ab-O-push-d4b.var] 906/1600  0.4 games/s  ETA 0h30m41s
[pb-ab-O-push-d4b.var] 906/1600  0.4 games/s  ETA 0h30m43s
[pb-ab-O-push-d4b.var] 906/1600  0.4 games/s  ETA 0h30m44s
[pb-ab-O-push-d4b.var] 907/1600  0.4 games/s  ETA 0h30m41s
[pb-ab-O-push-d4b.var] 908/1600  0.4 games/s  ETA 0h30m38s
[pb-ab-O-push-d4b.var] 910/1600  0.4 games/s  ETA 0h30m30s
[pb-ab-O-push-d4b.var] 910/1600  0.4 games/s  ETA 0h30m31s
[pb-ab-O-push-d4b.var] 910/1600  0.4 games/s  ETA 0h30m33s
[pb-ab-O-push-d4b.var] 910/1600  0.4 games/s  ETA 0h30m34s
[pb-ab-O-push-d4b.var] 911/1600  0.4 games/s  ETA 0h30m31s
[pb-ab-O-push-d4b.var] 913/1600  0.4 games/s  ETA 0h30m23s
[pb-ab-O-push-d4b.var] 914/1600  0.4 games/s  ETA 0h30m20s
[pb-ab-O-push-d4b.var] 915/1600  0.4 games/s  ETA 0h30m17s
[pb-ab-O-push-d4b.var] 916/1600  0.4 games/s  ETA 0h30m14s
[pb-ab-O-push-d4b.var] 916/1600  0.4 games/s  ETA 0h30m16s
[pb-ab-O-push-d4b.var] 917/1600  0.4 games/s  ETA 0h30m12s
[pb-ab-O-push-d4b.var] 919/1600  0.4 games/s  ETA 0h30m05s
[pb-ab-O-push-d4b.var] 920/1600  0.4 games/s  ETA 0h30m02s
[pb-ab-O-push-d4b.var] 921/1600  0.4 games/s  ETA 0h29m58s
[pb-ab-O-push-d4b.var] 921/1600  0.4 games/s  ETA 0h30m00s
[pb-ab-O-push-d4b.var] 923/1600  0.4 games/s  ETA 0h29m52s
[pb-ab-O-push-d4b.var] 924/1600  0.4 games/s  ETA 0h29m49s
[pb-ab-O-push-d4b.var] 924/1600  0.4 games/s  ETA 0h29m50s
[pb-ab-O-push-d4b.var] 925/1600  0.4 games/s  ETA 0h29m47s
[pb-ab-O-push-d4b.var] 925/1600  0.4 games/s  ETA 0h29m49s
[pb-ab-O-push-d4b.var] 925/1600  0.4 games/s  ETA 0h29m50s
[pb-ab-O-push-d4b.var] 925/1600  0.4 games/s  ETA 0h29m52s
[pb-ab-O-push-d4b.var] 925/1600  0.4 games/s  ETA 0h29m53s
[pb-ab-O-push-d4b.var] 926/1600  0.4 games/s  ETA 0h29m50s
[pb-ab-O-push-d4b.var] 927/1600  0.4 games/s  ETA 0h29m47s
[pb-ab-O-push-d4b.var] 927/1600  0.4 games/s  ETA 0h29m48s
[pb-ab-O-push-d4b.var] 927/1600  0.4 games/s  ETA 0h29m50s
[pb-ab-O-push-d4b.var] 927/1600  0.4 games/s  ETA 0h29m51s
[pb-ab-O-push-d4b.var] 929/1600  0.4 games/s  ETA 0h29m44s
[pb-ab-O-push-d4b.var] 930/1600  0.4 games/s  ETA 0h29m40s
[pb-ab-O-push-d4b.var] 930/1600  0.4 games/s  ETA 0h29m42s
[pb-ab-O-push-d4b.var] 930/1600  0.4 games/s  ETA 0h29m43s
[pb-ab-O-push-d4b.var] 931/1600  0.4 games/s  ETA 0h29m40s
[pb-ab-O-push-d4b.var] 931/1600  0.4 games/s  ETA 0h29m42s
[pb-ab-O-push-d4b.var] 932/1600  0.4 games/s  ETA 0h29m38s
[pb-ab-O-push-d4b.var] 932/1600  0.4 games/s  ETA 0h29m40s
[pb-ab-O-push-d4b.var] 932/1600  0.4 games/s  ETA 0h29m41s
[pb-ab-O-push-d4b.var] 932/1600  0.4 games/s  ETA 0h29m43s
[pb-ab-O-push-d4b.var] 933/1600  0.4 games/s  ETA 0h29m40s
[pb-ab-O-push-d4b.var] 933/1600  0.4 games/s  ETA 0h29m41s
[pb-ab-O-push-d4b.var] 933/1600  0.4 games/s  ETA 0h29m42s
[pb-ab-O-push-d4b.var] 933/1600  0.4 games/s  ETA 0h29m44s
[pb-ab-O-push-d4b.var] 934/1600  0.4 games/s  ETA 0h29m41s
[pb-ab-O-push-d4b.var] 935/1600  0.4 games/s  ETA 0h29m38s
[pb-ab-O-push-d4b.var] 935/1600  0.4 games/s  ETA 0h29m39s
[pb-ab-O-push-d4b.var] 936/1600  0.4 games/s  ETA 0h29m36s
[pb-ab-O-push-d4b.var] 936/1600  0.4 games/s  ETA 0h29m37s
[pb-ab-O-push-d4b.var] 937/1600  0.4 games/s  ETA 0h29m34s
[pb-ab-O-push-d4b.var] 937/1600  0.4 games/s  ETA 0h29m36s
[pb-ab-O-push-d4b.var] 938/1600  0.4 games/s  ETA 0h29m32s
[pb-ab-O-push-d4b.var] 938/1600  0.4 games/s  ETA 0h29m34s
[pb-ab-O-push-d4b.var] 940/1600  0.4 games/s  ETA 0h29m26s
[pb-ab-O-push-d4b.var] 940/1600  0.4 games/s  ETA 0h29m28s
[pb-ab-O-push-d4b.var] 942/1600  0.4 games/s  ETA 0h29m20s
[pb-ab-O-push-d4b.var] 942/1600  0.4 games/s  ETA 0h29m21s
[pb-ab-O-push-d4b.var] 942/1600  0.4 games/s  ETA 0h29m23s
[pb-ab-O-push-d4b.var] 943/1600  0.4 games/s  ETA 0h29m19s
[pb-ab-O-push-d4b.var] 944/1600  0.4 games/s  ETA 0h29m16s
[pb-ab-O-push-d4b.var] 945/1600  0.4 games/s  ETA 0h29m13s
[pb-ab-O-push-d4b.var] 946/1600  0.4 games/s  ETA 0h29m10s
[pb-ab-O-push-d4b.var] 947/1600  0.4 games/s  ETA 0h29m07s
[pb-ab-O-push-d4b.var] 949/1600  0.4 games/s  ETA 0h28m59s
[pb-ab-O-push-d4b.var] 949/1600  0.4 games/s  ETA 0h29m01s
[pb-ab-O-push-d4b.var] 949/1600  0.4 games/s  ETA 0h29m02s
[pb-ab-O-push-d4b.var] 950/1600  0.4 games/s  ETA 0h28m59s
[pb-ab-O-push-d4b.var] 950/1600  0.4 games/s  ETA 0h29m00s
[pb-ab-O-push-d4b.var] 950/1600  0.4 games/s  ETA 0h29m02s
[pb-ab-O-push-d4b.var] 952/1600  0.4 games/s  ETA 0h28m54s
[pb-ab-O-push-d4b.var] 955/1600  0.4 games/s  ETA 0h28m42s
[pb-ab-O-push-d4b.var] 956/1600  0.4 games/s  ETA 0h28m39s
[pb-ab-O-push-d4b.var] 956/1600  0.4 games/s  ETA 0h28m40s
[pb-ab-O-push-d4b.var] 958/1600  0.4 games/s  ETA 0h28m32s
[pb-ab-O-push-d4b.var] 958/1600  0.4 games/s  ETA 0h28m34s
[pb-ab-O-push-d4b.var] 958/1600  0.4 games/s  ETA 0h28m35s
[pb-ab-O-push-d4b.var] 958/1600  0.4 games/s  ETA 0h28m36s
[pb-ab-O-push-d4b.var] 960/1600  0.4 games/s  ETA 0h28m29s
[pb-ab-O-push-d4b.var] 961/1600  0.4 games/s  ETA 0h28m26s
[pb-ab-O-push-d4b.var] 962/1600  0.4 games/s  ETA 0h28m23s
[pb-ab-O-push-d4b.var] 963/1600  0.4 games/s  ETA 0h28m20s
[pb-ab-O-push-d4b.var] 965/1600  0.4 games/s  ETA 0h28m12s
[pb-ab-O-push-d4b.var] 965/1600  0.4 games/s  ETA 0h28m13s
[pb-ab-O-push-d4b.var] 966/1600  0.4 games/s  ETA 0h28m10s
[pb-ab-O-push-d4b.var] 966/1600  0.4 games/s  ETA 0h28m12s
[pb-ab-O-push-d4b.var] 968/1600  0.4 games/s  ETA 0h28m04s
[pb-ab-O-push-d4b.var] 969/1600  0.4 games/s  ETA 0h28m01s
[pb-ab-O-push-d4b.var] 969/1600  0.4 games/s  ETA 0h28m02s
[pb-ab-O-push-d4b.var] 970/1600  0.4 games/s  ETA 0h27m59s
[pb-ab-O-push-d4b.var] 971/1600  0.4 games/s  ETA 0h27m56s
[pb-ab-O-push-d4b.var] 971/1600  0.4 games/s  ETA 0h27m57s
[pb-ab-O-push-d4b.var] 972/1600  0.4 games/s  ETA 0h27m54s
[pb-ab-O-push-d4b.var] 973/1600  0.4 games/s  ETA 0h27m51s
[pb-ab-O-push-d4b.var] 973/1600  0.4 games/s  ETA 0h27m52s
[pb-ab-O-push-d4b.var] 977/1600  0.4 games/s  ETA 0h27m36s
[pb-ab-O-push-d4b.var] 977/1600  0.4 games/s  ETA 0h27m38s
[pb-ab-O-push-d4b.var] 977/1600  0.4 games/s  ETA 0h27m39s
[pb-ab-O-push-d4b.var] 978/1600  0.4 games/s  ETA 0h27m36s
[pb-ab-O-push-d4b.var] 980/1600  0.4 games/s  ETA 0h27m28s
[pb-ab-O-push-d4b.var] 981/1600  0.4 games/s  ETA 0h27m25s
[pb-ab-O-push-d4b.var] 982/1600  0.4 games/s  ETA 0h27m22s
[pb-ab-O-push-d4b.var] 982/1600  0.4 games/s  ETA 0h27m23s
[pb-ab-O-push-d4b.var] 983/1600  0.4 games/s  ETA 0h27m20s
[pb-ab-O-push-d4b.var] 984/1600  0.4 games/s  ETA 0h27m17s
[pb-ab-O-push-d4b.var] 985/1600  0.4 games/s  ETA 0h27m14s
[pb-ab-O-push-d4b.var] 986/1600  0.4 games/s  ETA 0h27m11s
[pb-ab-O-push-d4b.var] 986/1600  0.4 games/s  ETA 0h27m12s
[pb-ab-O-push-d4b.var] 986/1600  0.4 games/s  ETA 0h27m14s
[pb-ab-O-push-d4b.var] 989/1600  0.4 games/s  ETA 0h27m02s
[pb-ab-O-push-d4b.var] 990/1600  0.4 games/s  ETA 0h26m59s
[pb-ab-O-push-d4b.var] 990/1600  0.4 games/s  ETA 0h27m00s
[pb-ab-O-push-d4b.var] 992/1600  0.4 games/s  ETA 0h26m53s
[pb-ab-O-push-d4b.var] 992/1600  0.4 games/s  ETA 0h26m54s
[pb-ab-O-push-d4b.var] 993/1600  0.4 games/s  ETA 0h26m51s
[pb-ab-O-push-d4b.var] 994/1600  0.4 games/s  ETA 0h26m48s
[pb-ab-O-push-d4b.var] 995/1600  0.4 games/s  ETA 0h26m45s
[pb-ab-O-push-d4b.var] 996/1600  0.4 games/s  ETA 0h26m42s
[pb-ab-O-push-d4b.var] 996/1600  0.4 games/s  ETA 0h26m43s
[pb-ab-O-push-d4b.var] 996/1600  0.4 games/s  ETA 0h26m44s
[pb-ab-O-push-d4b.var] 996/1600  0.4 games/s  ETA 0h26m45s
[pb-ab-O-push-d4b.var] 998/1600  0.4 games/s  ETA 0h26m38s
[pb-ab-O-push-d4b.var] 998/1600  0.4 games/s  ETA 0h26m39s
[pb-ab-O-push-d4b.var] 999/1600  0.4 games/s  ETA 0h26m36s
[pb-ab-O-push-d4b.var] 1001/1600  0.4 games/s  ETA 0h26m29s
[pb-ab-O-push-d4b.var] 1001/1600  0.4 games/s  ETA 0h26m30s
[pb-ab-O-push-d4b.var] 1001/1600  0.4 games/s  ETA 0h26m31s
[pb-ab-O-push-d4b.var] 1003/1600  0.4 games/s  ETA 0h26m24s
[pb-ab-O-push-d4b.var] 1004/1600  0.4 games/s  ETA 0h26m21s
[pb-ab-O-push-d4b.var] 1004/1600  0.4 games/s  ETA 0h26m22s
[pb-ab-O-push-d4b.var] 1005/1600  0.4 games/s  ETA 0h26m19s
[pb-ab-O-push-d4b.var] 1006/1600  0.4 games/s  ETA 0h26m16s
[pb-ab-O-push-d4b.var] 1008/1600  0.4 games/s  ETA 0h26m09s
[pb-ab-O-push-d4b.var] 1008/1600  0.4 games/s  ETA 0h26m10s
[pb-ab-O-push-d4b.var] 1009/1600  0.4 games/s  ETA 0h26m07s
[pb-ab-O-push-d4b.var] 1009/1600  0.4 games/s  ETA 0h26m08s
[pb-ab-O-push-d4b.var] 1010/1600  0.4 games/s  ETA 0h26m05s
[pb-ab-O-push-d4b.var] 1010/1600  0.4 games/s  ETA 0h26m06s
[pb-ab-O-push-d4b.var] 1011/1600  0.4 games/s  ETA 0h26m03s
[pb-ab-O-push-d4b.var] 1012/1600  0.4 games/s  ETA 0h26m00s
[pb-ab-O-push-d4b.var] 1012/1600  0.4 games/s  ETA 0h26m01s
[pb-ab-O-push-d4b.var] 1012/1600  0.4 games/s  ETA 0h26m03s
[pb-ab-O-push-d4b.var] 1012/1600  0.4 games/s  ETA 0h26m04s
[pb-ab-O-push-d4b.var] 1014/1600  0.4 games/s  ETA 0h25m57s
[pb-ab-O-push-d4b.var] 1014/1600  0.4 games/s  ETA 0h25m58s
[pb-ab-O-push-d4b.var] 1015/1600  0.4 games/s  ETA 0h25m55s
[pb-ab-O-push-d4b.var] 1016/1600  0.4 games/s  ETA 0h25m52s
[pb-ab-O-push-d4b.var] 1017/1600  0.4 games/s  ETA 0h25m49s
[pb-ab-O-push-d4b.var] 1017/1600  0.4 games/s  ETA 0h25m50s
[pb-ab-O-push-d4b.var] 1017/1600  0.4 games/s  ETA 0h25m51s
[pb-ab-O-push-d4b.var] 1018/1600  0.4 games/s  ETA 0h25m48s
[pb-ab-O-push-d4b.var] 1018/1600  0.4 games/s  ETA 0h25m49s
[pb-ab-O-push-d4b.var] 1020/1600  0.4 games/s  ETA 0h25m42s
[pb-ab-O-push-d4b.var] 1021/1600  0.4 games/s  ETA 0h25m39s
[pb-ab-O-push-d4b.var] 1022/1600  0.4 games/s  ETA 0h25m36s
[pb-ab-O-push-d4b.var] 1023/1600  0.4 games/s  ETA 0h25m33s
[pb-ab-O-push-d4b.var] 1023/1600  0.4 games/s  ETA 0h25m34s
[pb-ab-O-push-d4b.var] 1025/1600  0.4 games/s  ETA 0h25m27s
[pb-ab-O-push-d4b.var] 1025/1600  0.4 games/s  ETA 0h25m28s
[pb-ab-O-push-d4b.var] 1027/1600  0.4 games/s  ETA 0h25m21s
[pb-ab-O-push-d4b.var] 1027/1600  0.4 games/s  ETA 0h25m22s
[pb-ab-O-push-d4b.var] 1027/1600  0.4 games/s  ETA 0h25m23s
[pb-ab-O-push-d4b.var] 1028/1600  0.4 games/s  ETA 0h25m20s
[pb-ab-O-push-d4b.var] 1028/1600  0.4 games/s  ETA 0h25m21s
[pb-ab-O-push-d4b.var] 1030/1600  0.4 games/s  ETA 0h25m14s
[pb-ab-O-push-d4b.var] 1030/1600  0.4 games/s  ETA 0h25m15s
[pb-ab-O-push-d4b.var] 1032/1600  0.4 games/s  ETA 0h25m08s
[pb-ab-O-push-d4b.var] 1033/1600  0.4 games/s  ETA 0h25m05s
[pb-ab-O-push-d4b.var] 1033/1600  0.4 games/s  ETA 0h25m06s
[pb-ab-O-push-d4b.var] 1034/1600  0.4 games/s  ETA 0h25m03s
[pb-ab-O-push-d4b.var] 1035/1600  0.4 games/s  ETA 0h25m00s
[pb-ab-O-push-d4b.var] 1036/1600  0.4 games/s  ETA 0h24m57s
[pb-ab-O-push-d4b.var] 1036/1600  0.4 games/s  ETA 0h24m58s
[pb-ab-O-push-d4b.var] 1037/1600  0.4 games/s  ETA 0h24m55s
[pb-ab-O-push-d4b.var] 1039/1600  0.4 games/s  ETA 0h24m48s
[pb-ab-O-push-d4b.var] 1039/1600  0.4 games/s  ETA 0h24m49s
[pb-ab-O-push-d4b.var] 1039/1600  0.4 games/s  ETA 0h24m50s
[pb-ab-O-push-d4b.var] 1041/1600  0.4 games/s  ETA 0h24m43s
[pb-ab-O-push-d4b.var] 1042/1600  0.4 games/s  ETA 0h24m40s
[pb-ab-O-push-d4b.var] 1043/1600  0.4 games/s  ETA 0h24m37s
[pb-ab-O-push-d4b.var] 1044/1600  0.4 games/s  ETA 0h24m34s
[pb-ab-O-push-d4b.var] 1045/1600  0.4 games/s  ETA 0h24m31s
[pb-ab-O-push-d4b.var] 1047/1600  0.4 games/s  ETA 0h24m24s
[pb-ab-O-push-d4b.var] 1047/1600  0.4 games/s  ETA 0h24m25s
[pb-ab-O-push-d4b.var] 1047/1600  0.4 games/s  ETA 0h24m26s
[pb-ab-O-push-d4b.var] 1048/1600  0.4 games/s  ETA 0h24m23s
[pb-ab-O-push-d4b.var] 1048/1600  0.4 games/s  ETA 0h24m24s
[pb-ab-O-push-d4b.var] 1051/1600  0.4 games/s  ETA 0h24m13s
[pb-ab-O-push-d4b.var] 1051/1600  0.4 games/s  ETA 0h24m14s
[pb-ab-O-push-d4b.var] 1051/1600  0.4 games/s  ETA 0h24m15s
[pb-ab-O-push-d4b.var] 1053/1600  0.4 games/s  ETA 0h24m08s
[pb-ab-O-push-d4b.var] 1053/1600  0.4 games/s  ETA 0h24m09s
[pb-ab-O-push-d4b.var] 1054/1600  0.4 games/s  ETA 0h24m06s
[pb-ab-O-push-d4b.var] 1055/1600  0.4 games/s  ETA 0h24m03s
[pb-ab-O-push-d4b.var] 1057/1600  0.4 games/s  ETA 0h23m56s
[pb-ab-O-push-d4b.var] 1059/1600  0.4 games/s  ETA 0h23m49s
[pb-ab-O-push-d4b.var] 1059/1600  0.4 games/s  ETA 0h23m50s
[pb-ab-O-push-d4b.var] 1061/1600  0.4 games/s  ETA 0h23m43s
[pb-ab-O-push-d4b.var] 1062/1600  0.4 games/s  ETA 0h23m40s
[pb-ab-O-push-d4b.var] 1063/1600  0.4 games/s  ETA 0h23m37s
[pb-ab-O-push-d4b.var] 1064/1600  0.4 games/s  ETA 0h23m34s
[pb-ab-O-push-d4b.var] 1065/1600  0.4 games/s  ETA 0h23m31s
[pb-ab-O-push-d4b.var] 1065/1600  0.4 games/s  ETA 0h23m32s
[pb-ab-O-push-d4b.var] 1068/1600  0.4 games/s  ETA 0h23m21s
[pb-ab-O-push-d4b.var] 1069/1600  0.4 games/s  ETA 0h23m18s
[pb-ab-O-push-d4b.var] 1069/1600  0.4 games/s  ETA 0h23m19s
[pb-ab-O-push-d4b.var] 1071/1600  0.4 games/s  ETA 0h23m13s
[pb-ab-O-push-d4b.var] 1072/1600  0.4 games/s  ETA 0h23m10s
[pb-ab-O-push-d4b.var] 1074/1600  0.4 games/s  ETA 0h23m03s
[pb-ab-O-push-d4b.var] 1075/1600  0.4 games/s  ETA 0h23m00s
[pb-ab-O-push-d4b.var] 1076/1600  0.4 games/s  ETA 0h22m57s
[pb-ab-O-push-d4b.var] 1076/1600  0.4 games/s  ETA 0h22m58s
[pb-ab-O-push-d4b.var] 1077/1600  0.4 games/s  ETA 0h22m55s
[pb-ab-O-push-d4b.var] 1077/1600  0.4 games/s  ETA 0h22m56s
[pb-ab-O-push-d4b.var] 1079/1600  0.4 games/s  ETA 0h22m49s
[pb-ab-O-push-d4b.var] 1080/1600  0.4 games/s  ETA 0h22m46s
[pb-ab-O-push-d4b.var] 1081/1600  0.4 games/s  ETA 0h22m43s
[pb-ab-O-push-d4b.var] 1082/1600  0.4 games/s  ETA 0h22m40s
[pb-ab-O-push-d4b.var] 1082/1600  0.4 games/s  ETA 0h22m41s
[pb-ab-O-push-d4b.var] 1084/1600  0.4 games/s  ETA 0h22m34s
[pb-ab-O-push-d4b.var] 1084/1600  0.4 games/s  ETA 0h22m35s
[pb-ab-O-push-d4b.var] 1086/1600  0.4 games/s  ETA 0h22m29s
[pb-ab-O-push-d4b.var] 1088/1600  0.4 games/s  ETA 0h22m22s
[pb-ab-O-push-d4b.var] 1089/1600  0.4 games/s  ETA 0h22m19s
[pb-ab-O-push-d4b.var] 1089/1600  0.4 games/s  ETA 0h22m20s
[pb-ab-O-push-d4b.var] 1091/1600  0.4 games/s  ETA 0h22m13s
[pb-ab-O-push-d4b.var] 1092/1600  0.4 games/s  ETA 0h22m10s
[pb-ab-O-push-d4b.var] 1093/1600  0.4 games/s  ETA 0h22m07s
[pb-ab-O-push-d4b.var] 1094/1600  0.4 games/s  ETA 0h22m04s
[pb-ab-O-push-d4b.var] 1095/1600  0.4 games/s  ETA 0h22m01s
[pb-ab-O-push-d4b.var] 1096/1600  0.4 games/s  ETA 0h21m59s
[pb-ab-O-push-d4b.var] 1097/1600  0.4 games/s  ETA 0h21m56s
[pb-ab-O-push-d4b.var] 1098/1600  0.4 games/s  ETA 0h21m53s
[pb-ab-O-push-d4b.var] 1098/1600  0.4 games/s  ETA 0h21m54s
[pb-ab-O-push-d4b.var] 1100/1600  0.4 games/s  ETA 0h21m47s
[pb-ab-O-push-d4b.var] 1100/1600  0.4 games/s  ETA 0h21m48s
[pb-ab-O-push-d4b.var] 1102/1600  0.4 games/s  ETA 0h21m41s
[pb-ab-O-push-d4b.var] 1103/1600  0.4 games/s  ETA 0h21m38s
[pb-ab-O-push-d4b.var] 1105/1600  0.4 games/s  ETA 0h21m32s
[pb-ab-O-push-d4b.var] 1105/1600  0.4 games/s  ETA 0h21m33s
[pb-ab-O-push-d4b.var] 1107/1600  0.4 games/s  ETA 0h21m26s
[pb-ab-O-push-d4b.var] 1107/1600  0.4 games/s  ETA 0h21m27s
[pb-ab-O-push-d4b.var] 1108/1600  0.4 games/s  ETA 0h21m24s
[pb-ab-O-push-d4b.var] 1109/1600  0.4 games/s  ETA 0h21m21s
[pb-ab-O-push-d4b.var] 1109/1600  0.4 games/s  ETA 0h21m22s
[pb-ab-O-push-d4b.var] 1110/1600  0.4 games/s  ETA 0h21m19s
[pb-ab-O-push-d4b.var] 1112/1600  0.4 games/s  ETA 0h21m12s
[pb-ab-O-push-d4b.var] 1113/1600  0.4 games/s  ETA 0h21m09s
[pb-ab-O-push-d4b.var] 1113/1600  0.4 games/s  ETA 0h21m10s
[pb-ab-O-push-d4b.var] 1114/1600  0.4 games/s  ETA 0h21m07s
[pb-ab-O-push-d4b.var] 1115/1600  0.4 games/s  ETA 0h21m05s
[pb-ab-O-push-d4b.var] 1117/1600  0.4 games/s  ETA 0h20m58s
[pb-ab-O-push-d4b.var] 1118/1600  0.4 games/s  ETA 0h20m55s
[pb-ab-O-push-d4b.var] 1118/1600  0.4 games/s  ETA 0h20m56s
[pb-ab-O-push-d4b.var] 1120/1600  0.4 games/s  ETA 0h20m49s
[pb-ab-O-push-d4b.var] 1120/1600  0.4 games/s  ETA 0h20m50s
[pb-ab-O-push-d4b.var] 1122/1600  0.4 games/s  ETA 0h20m44s
[pb-ab-O-push-d4b.var] 1123/1600  0.4 games/s  ETA 0h20m41s
[pb-ab-O-push-d4b.var] 1123/1600  0.4 games/s  ETA 0h20m42s
[pb-ab-O-push-d4b.var] 1124/1600  0.4 games/s  ETA 0h20m39s
[pb-ab-O-push-d4b.var] 1128/1600  0.4 games/s  ETA 0h20m25s
[pb-ab-O-push-d4b.var] 1128/1600  0.4 games/s  ETA 0h20m26s
[pb-ab-O-push-d4b.var] 1129/1600  0.4 games/s  ETA 0h20m23s
[pb-ab-O-push-d4b.var] 1130/1600  0.4 games/s  ETA 0h20m20s
[pb-ab-O-push-d4b.var] 1132/1600  0.4 games/s  ETA 0h20m14s
[pb-ab-O-push-d4b.var] 1132/1600  0.4 games/s  ETA 0h20m14s
[pb-ab-O-push-d4b.var] 1133/1600  0.4 games/s  ETA 0h20m11s
[pb-ab-O-push-d4b.var] 1135/1600  0.4 games/s  ETA 0h20m05s
[pb-ab-O-push-d4b.var] 1135/1600  0.4 games/s  ETA 0h20m06s
[pb-ab-O-push-d4b.var] 1137/1600  0.4 games/s  ETA 0h19m59s
[pb-ab-O-push-d4b.var] 1137/1600  0.4 games/s  ETA 0h20m00s
[pb-ab-O-push-d4b.var] 1137/1600  0.4 games/s  ETA 0h20m01s
[pb-ab-O-push-d4b.var] 1138/1600  0.4 games/s  ETA 0h19m58s
[pb-ab-O-push-d4b.var] 1139/1600  0.4 games/s  ETA 0h19m55s
[pb-ab-O-push-d4b.var] 1140/1600  0.4 games/s  ETA 0h19m52s
[pb-ab-O-push-d4b.var] 1141/1600  0.4 games/s  ETA 0h19m50s
[pb-ab-O-push-d4b.var] 1142/1600  0.4 games/s  ETA 0h19m47s
[pb-ab-O-push-d4b.var] 1143/1600  0.4 games/s  ETA 0h19m44s
[pb-ab-O-push-d4b.var] 1144/1600  0.4 games/s  ETA 0h19m41s
[pb-ab-O-push-d4b.var] 1145/1600  0.4 games/s  ETA 0h19m38s
[pb-ab-O-push-d4b.var] 1146/1600  0.4 games/s  ETA 0h19m35s
[pb-ab-O-push-d4b.var] 1147/1600  0.4 games/s  ETA 0h19m33s
[pb-ab-O-push-d4b.var] 1147/1600  0.4 games/s  ETA 0h19m33s
[pb-ab-O-push-d4b.var] 1148/1600  0.4 games/s  ETA 0h19m31s
[pb-ab-O-push-d4b.var] 1148/1600  0.4 games/s  ETA 0h19m31s
[pb-ab-O-push-d4b.var] 1149/1600  0.4 games/s  ETA 0h19m29s
[pb-ab-O-push-d4b.var] 1151/1600  0.4 games/s  ETA 0h19m22s
[pb-ab-O-push-d4b.var] 1152/1600  0.4 games/s  ETA 0h19m19s
[pb-ab-O-push-d4b.var] 1153/1600  0.4 games/s  ETA 0h19m17s
[pb-ab-O-push-d4b.var] 1154/1600  0.4 games/s  ETA 0h19m14s
[pb-ab-O-push-d4b.var] 1155/1600  0.4 games/s  ETA 0h19m11s
[pb-ab-O-push-d4b.var] 1155/1600  0.4 games/s  ETA 0h19m12s
[pb-ab-O-push-d4b.var] 1156/1600  0.4 games/s  ETA 0h19m09s
[pb-ab-O-push-d4b.var] 1156/1600  0.4 games/s  ETA 0h19m10s
[pb-ab-O-push-d4b.var] 1156/1600  0.4 games/s  ETA 0h19m10s
[pb-ab-O-push-d4b.var] 1157/1600  0.4 games/s  ETA 0h19m08s
[pb-ab-O-push-d4b.var] 1157/1600  0.4 games/s  ETA 0h19m08s
[pb-ab-O-push-d4b.var] 1159/1600  0.4 games/s  ETA 0h19m02s
[pb-ab-O-push-d4b.var] 1159/1600  0.4 games/s  ETA 0h19m03s
[pb-ab-O-push-d4b.var] 1160/1600  0.4 games/s  ETA 0h19m00s
[pb-ab-O-push-d4b.var] 1162/1600  0.4 games/s  ETA 0h18m54s
[pb-ab-O-push-d4b.var] 1162/1600  0.4 games/s  ETA 0h18m54s
[pb-ab-O-push-d4b.var] 1163/1600  0.4 games/s  ETA 0h18m51s
[pb-ab-O-push-d4b.var] 1164/1600  0.4 games/s  ETA 0h18m49s
[pb-ab-O-push-d4b.var] 1165/1600  0.4 games/s  ETA 0h18m46s
[pb-ab-O-push-d4b.var] 1165/1600  0.4 games/s  ETA 0h18m47s
[pb-ab-O-push-d4b.var] 1167/1600  0.4 games/s  ETA 0h18m40s
[pb-ab-O-push-d4b.var] 1169/1600  0.4 games/s  ETA 0h18m34s
[pb-ab-O-push-d4b.var] 1169/1600  0.4 games/s  ETA 0h18m35s
[pb-ab-O-push-d4b.var] 1170/1600  0.4 games/s  ETA 0h18m32s
[pb-ab-O-push-d4b.var] 1170/1600  0.4 games/s  ETA 0h18m33s
[pb-ab-O-push-d4b.var] 1171/1600  0.4 games/s  ETA 0h18m30s
[pb-ab-O-push-d4b.var] 1173/1600  0.4 games/s  ETA 0h18m23s
[pb-ab-O-push-d4b.var] 1173/1600  0.4 games/s  ETA 0h18m24s
[pb-ab-O-push-d4b.var] 1173/1600  0.4 games/s  ETA 0h18m25s
[pb-ab-O-push-d4b.var] 1173/1600  0.4 games/s  ETA 0h18m26s
[pb-ab-O-push-d4b.var] 1174/1600  0.4 games/s  ETA 0h18m23s
[pb-ab-O-push-d4b.var] 1175/1600  0.4 games/s  ETA 0h18m20s
[pb-ab-O-push-d4b.var] 1177/1600  0.4 games/s  ETA 0h18m14s
[pb-ab-O-push-d4b.var] 1177/1600  0.4 games/s  ETA 0h18m14s
[pb-ab-O-push-d4b.var] 1178/1600  0.4 games/s  ETA 0h18m12s
[pb-ab-O-push-d4b.var] 1179/1600  0.4 games/s  ETA 0h18m09s
[pb-ab-O-push-d4b.var] 1179/1600  0.4 games/s  ETA 0h18m10s
[pb-ab-O-push-d4b.var] 1179/1600  0.4 games/s  ETA 0h18m10s
[pb-ab-O-push-d4b.var] 1181/1600  0.4 games/s  ETA 0h18m04s
[pb-ab-O-push-d4b.var] 1182/1600  0.4 games/s  ETA 0h18m01s
[pb-ab-O-push-d4b.var] 1184/1600  0.4 games/s  ETA 0h17m55s
[pb-ab-O-push-d4b.var] 1184/1600  0.4 games/s  ETA 0h17m56s
[pb-ab-O-push-d4b.var] 1186/1600  0.4 games/s  ETA 0h17m49s
[pb-ab-O-push-d4b.var] 1186/1600  0.4 games/s  ETA 0h17m50s
[pb-ab-O-push-d4b.var] 1186/1600  0.4 games/s  ETA 0h17m51s
[pb-ab-O-push-d4b.var] 1186/1600  0.4 games/s  ETA 0h17m51s
[pb-ab-O-push-d4b.var] 1188/1600  0.4 games/s  ETA 0h17m45s
[pb-ab-O-push-d4b.var] 1190/1600  0.4 games/s  ETA 0h17m39s
[pb-ab-O-push-d4b.var] 1191/1600  0.4 games/s  ETA 0h17m36s
[pb-ab-O-push-d4b.var] 1191/1600  0.4 games/s  ETA 0h17m37s
[pb-ab-O-push-d4b.var] 1194/1600  0.4 games/s  ETA 0h17m27s
[pb-ab-O-push-d4b.var] 1195/1600  0.4 games/s  ETA 0h17m24s
[pb-ab-O-push-d4b.var] 1195/1600  0.4 games/s  ETA 0h17m25s
[pb-ab-O-push-d4b.var] 1196/1600  0.4 games/s  ETA 0h17m22s
[pb-ab-O-push-d4b.var] 1198/1600  0.4 games/s  ETA 0h17m16s
[pb-ab-O-push-d4b.var] 1199/1600  0.4 games/s  ETA 0h17m13s
[pb-ab-O-push-d4b.var] 1199/1600  0.4 games/s  ETA 0h17m14s
[pb-ab-O-push-d4b.var] 1199/1600  0.4 games/s  ETA 0h17m14s
[pb-ab-O-push-d4b.var] 1199/1600  0.4 games/s  ETA 0h17m15s
[pb-ab-O-push-d4b.var] 1200/1600  0.4 games/s  ETA 0h17m12s
[pb-ab-O-push-d4b.var] 1201/1600  0.4 games/s  ETA 0h17m10s
[pb-ab-O-push-d4b.var] 1202/1600  0.4 games/s  ETA 0h17m07s
[pb-ab-O-push-d4b.var] 1204/1600  0.4 games/s  ETA 0h17m01s
[pb-ab-O-push-d4b.var] 1204/1600  0.4 games/s  ETA 0h17m01s
[pb-ab-O-push-d4b.var] 1205/1600  0.4 games/s  ETA 0h16m59s
[pb-ab-O-push-d4b.var] 1205/1600  0.4 games/s  ETA 0h16m59s
[pb-ab-O-push-d4b.var] 1206/1600  0.4 games/s  ETA 0h16m56s
[pb-ab-O-push-d4b.var] 1207/1600  0.4 games/s  ETA 0h16m54s
[pb-ab-O-push-d4b.var] 1208/1600  0.4 games/s  ETA 0h16m51s
[pb-ab-O-push-d4b.var] 1208/1600  0.4 games/s  ETA 0h16m51s
[pb-ab-O-push-d4b.var] 1208/1600  0.4 games/s  ETA 0h16m52s
[pb-ab-O-push-d4b.var] 1210/1600  0.4 games/s  ETA 0h16m46s
[pb-ab-O-push-d4b.var] 1211/1600  0.4 games/s  ETA 0h16m43s
[pb-ab-O-push-d4b.var] 1212/1600  0.4 games/s  ETA 0h16m40s
[pb-ab-O-push-d4b.var] 1212/1600  0.4 games/s  ETA 0h16m41s
[pb-ab-O-push-d4b.var] 1214/1600  0.4 games/s  ETA 0h16m35s
[pb-ab-O-push-d4b.var] 1215/1600  0.4 games/s  ETA 0h16m32s
[pb-ab-O-push-d4b.var] 1216/1600  0.4 games/s  ETA 0h16m29s
[pb-ab-O-push-d4b.var] 1216/1600  0.4 games/s  ETA 0h16m30s
[pb-ab-O-push-d4b.var] 1216/1600  0.4 games/s  ETA 0h16m31s
[pb-ab-O-push-d4b.var] 1216/1600  0.4 games/s  ETA 0h16m31s
[pb-ab-O-push-d4b.var] 1218/1600  0.4 games/s  ETA 0h16m25s
[pb-ab-O-push-d4b.var] 1219/1600  0.4 games/s  ETA 0h16m22s
[pb-ab-O-push-d4b.var] 1220/1600  0.4 games/s  ETA 0h16m20s
[pb-ab-O-push-d4b.var] 1221/1600  0.4 games/s  ETA 0h16m17s
[pb-ab-O-push-d4b.var] 1222/1600  0.4 games/s  ETA 0h16m14s
[pb-ab-O-push-d4b.var] 1222/1600  0.4 games/s  ETA 0h16m15s
[pb-ab-O-push-d4b.var] 1224/1600  0.4 games/s  ETA 0h16m09s
[pb-ab-O-push-d4b.var] 1224/1600  0.4 games/s  ETA 0h16m09s
[pb-ab-O-push-d4b.var] 1225/1600  0.4 games/s  ETA 0h16m06s
[pb-ab-O-push-d4b.var] 1226/1600  0.4 games/s  ETA 0h16m04s
[pb-ab-O-push-d4b.var] 1228/1600  0.4 games/s  ETA 0h15m58s
[pb-ab-O-push-d4b.var] 1229/1600  0.4 games/s  ETA 0h15m55s
[pb-ab-O-push-d4b.var] 1229/1600  0.4 games/s  ETA 0h15m55s
[pb-ab-O-push-d4b.var] 1230/1600  0.4 games/s  ETA 0h15m53s
[pb-ab-O-push-d4b.var] 1230/1600  0.4 games/s  ETA 0h15m53s
[pb-ab-O-push-d4b.var] 1232/1600  0.4 games/s  ETA 0h15m47s
[pb-ab-O-push-d4b.var] 1233/1600  0.4 games/s  ETA 0h15m44s
[pb-ab-O-push-d4b.var] 1235/1600  0.4 games/s  ETA 0h15m38s
[pb-ab-O-push-d4b.var] 1235/1600  0.4 games/s  ETA 0h15m39s
[pb-ab-O-push-d4b.var] 1235/1600  0.4 games/s  ETA 0h15m40s
[pb-ab-O-push-d4b.var] 1236/1600  0.4 games/s  ETA 0h15m37s
[pb-ab-O-push-d4b.var] 1236/1600  0.4 games/s  ETA 0h15m37s
[pb-ab-O-push-d4b.var] 1237/1600  0.4 games/s  ETA 0h15m35s
[pb-ab-O-push-d4b.var] 1237/1600  0.4 games/s  ETA 0h15m35s
[pb-ab-O-push-d4b.var] 1238/1600  0.4 games/s  ETA 0h15m32s
[pb-ab-O-push-d4b.var] 1239/1600  0.4 games/s  ETA 0h15m30s
[pb-ab-O-push-d4b.var] 1239/1600  0.4 games/s  ETA 0h15m30s
[pb-ab-O-push-d4b.var] 1240/1600  0.4 games/s  ETA 0h15m28s
[pb-ab-O-push-d4b.var] 1241/1600  0.4 games/s  ETA 0h15m25s
[pb-ab-O-push-d4b.var] 1242/1600  0.4 games/s  ETA 0h15m22s
[pb-ab-O-push-d4b.var] 1244/1600  0.4 games/s  ETA 0h15m16s
[pb-ab-O-push-d4b.var] 1244/1600  0.4 games/s  ETA 0h15m17s
[pb-ab-O-push-d4b.var] 1244/1600  0.4 games/s  ETA 0h15m17s
[pb-ab-O-push-d4b.var] 1244/1600  0.4 games/s  ETA 0h15m18s
[pb-ab-O-push-d4b.var] 1247/1600  0.4 games/s  ETA 0h15m08s
[pb-ab-O-push-d4b.var] 1247/1600  0.4 games/s  ETA 0h15m09s
[pb-ab-O-push-d4b.var] 1247/1600  0.4 games/s  ETA 0h15m10s
[pb-ab-O-push-d4b.var] 1249/1600  0.4 games/s  ETA 0h15m03s
[pb-ab-O-push-d4b.var] 1249/1600  0.4 games/s  ETA 0h15m04s
[pb-ab-O-push-d4b.var] 1250/1600  0.4 games/s  ETA 0h15m01s
[pb-ab-O-push-d4b.var] 1252/1600  0.4 games/s  ETA 0h14m55s
[pb-ab-O-push-d4b.var] 1253/1600  0.4 games/s  ETA 0h14m53s
[pb-ab-O-push-d4b.var] 1253/1600  0.4 games/s  ETA 0h14m53s
[pb-ab-O-push-d4b.var] 1255/1600  0.4 games/s  ETA 0h14m47s
[pb-ab-O-push-d4b.var] 1256/1600  0.4 games/s  ETA 0h14m44s
[pb-ab-O-push-d4b.var] 1256/1600  0.4 games/s  ETA 0h14m45s
[pb-ab-O-push-d4b.var] 1256/1600  0.4 games/s  ETA 0h14m45s
[pb-ab-O-push-d4b.var] 1258/1600  0.4 games/s  ETA 0h14m39s
[pb-ab-O-push-d4b.var] 1258/1600  0.4 games/s  ETA 0h14m40s
[pb-ab-O-push-d4b.var] 1258/1600  0.4 games/s  ETA 0h14m41s
[pb-ab-O-push-d4b.var] 1261/1600  0.4 games/s  ETA 0h14m31s
[pb-ab-O-push-d4b.var] 1261/1600  0.4 games/s  ETA 0h14m32s
[pb-ab-O-push-d4b.var] 1262/1600  0.4 games/s  ETA 0h14m29s
[pb-ab-O-push-d4b.var] 1262/1600  0.4 games/s  ETA 0h14m30s
[pb-ab-O-push-d4b.var] 1263/1600  0.4 games/s  ETA 0h14m27s
[pb-ab-O-push-d4b.var] 1264/1600  0.4 games/s  ETA 0h14m24s
[pb-ab-O-push-d4b.var] 1265/1600  0.4 games/s  ETA 0h14m21s
[pb-ab-O-push-d4b.var] 1266/1600  0.4 games/s  ETA 0h14m19s
[pb-ab-O-push-d4b.var] 1267/1600  0.4 games/s  ETA 0h14m16s
[pb-ab-O-push-d4b.var] 1267/1600  0.4 games/s  ETA 0h14m16s
[pb-ab-O-push-d4b.var] 1269/1600  0.4 games/s  ETA 0h14m11s
[pb-ab-O-push-d4b.var] 1270/1600  0.4 games/s  ETA 0h14m08s
[pb-ab-O-push-d4b.var] 1272/1600  0.4 games/s  ETA 0h14m02s
[pb-ab-O-push-d4b.var] 1273/1600  0.4 games/s  ETA 0h13m59s
[pb-ab-O-push-d4b.var] 1273/1600  0.4 games/s  ETA 0h14m00s
[pb-ab-O-push-d4b.var] 1275/1600  0.4 games/s  ETA 0h13m54s
[pb-ab-O-push-d4b.var] 1276/1600  0.4 games/s  ETA 0h13m51s
[pb-ab-O-push-d4b.var] 1276/1600  0.4 games/s  ETA 0h13m52s
[pb-ab-O-push-d4b.var] 1277/1600  0.4 games/s  ETA 0h13m49s
[pb-ab-O-push-d4b.var] 1278/1600  0.4 games/s  ETA 0h13m46s
[pb-ab-O-push-d4b.var] 1280/1600  0.4 games/s  ETA 0h13m40s
[pb-ab-O-push-d4b.var] 1280/1600  0.4 games/s  ETA 0h13m41s
[pb-ab-O-push-d4b.var] 1281/1600  0.4 games/s  ETA 0h13m38s
[pb-ab-O-push-d4b.var] 1282/1600  0.4 games/s  ETA 0h13m35s
[pb-ab-O-push-d4b.var] 1283/1600  0.4 games/s  ETA 0h13m33s
[pb-ab-O-push-d4b.var] 1283/1600  0.4 games/s  ETA 0h13m33s
[pb-ab-O-push-d4b.var] 1284/1600  0.4 games/s  ETA 0h13m30s
[pb-ab-O-push-d4b.var] 1285/1600  0.4 games/s  ETA 0h13m28s
[pb-ab-O-push-d4b.var] 1286/1600  0.4 games/s  ETA 0h13m25s
[pb-ab-O-push-d4b.var] 1288/1600  0.4 games/s  ETA 0h13m19s
[pb-ab-O-push-d4b.var] 1288/1600  0.4 games/s  ETA 0h13m20s
[pb-ab-O-push-d4b.var] 1288/1600  0.4 games/s  ETA 0h13m20s
[pb-ab-O-push-d4b.var] 1288/1600  0.4 games/s  ETA 0h13m21s
[pb-ab-O-push-d4b.var] 1291/1600  0.4 games/s  ETA 0h13m11s
[pb-ab-O-push-d4b.var] 1291/1600  0.4 games/s  ETA 0h13m12s
[pb-ab-O-push-d4b.var] 1293/1600  0.4 games/s  ETA 0h13m06s
[pb-ab-O-push-d4b.var] 1293/1600  0.4 games/s  ETA 0h13m07s
[pb-ab-O-push-d4b.var] 1294/1600  0.4 games/s  ETA 0h13m04s
[pb-ab-O-push-d4b.var] 1297/1600  0.4 games/s  ETA 0h12m55s
[pb-ab-O-push-d4b.var] 1297/1600  0.4 games/s  ETA 0h12m55s
[pb-ab-O-push-d4b.var] 1297/1600  0.4 games/s  ETA 0h12m56s
[pb-ab-O-push-d4b.var] 1299/1600  0.4 games/s  ETA 0h12m50s
[pb-ab-O-push-d4b.var] 1299/1600  0.4 games/s  ETA 0h12m50s
[pb-ab-O-push-d4b.var] 1300/1600  0.4 games/s  ETA 0h12m48s
[pb-ab-O-push-d4b.var] 1300/1600  0.4 games/s  ETA 0h12m48s
[pb-ab-O-push-d4b.var] 1302/1600  0.4 games/s  ETA 0h12m42s
[pb-ab-O-push-d4b.var] 1303/1600  0.4 games/s  ETA 0h12m40s
[pb-ab-O-push-d4b.var] 1303/1600  0.4 games/s  ETA 0h12m40s
[pb-ab-O-push-d4b.var] 1303/1600  0.4 games/s  ETA 0h12m41s
[pb-ab-O-push-d4b.var] 1303/1600  0.4 games/s  ETA 0h12m41s
[pb-ab-O-push-d4b.var] 1305/1600  0.4 games/s  ETA 0h12m35s
[pb-ab-O-push-d4b.var] 1307/1600  0.4 games/s  ETA 0h12m29s
[pb-ab-O-push-d4b.var] 1308/1600  0.4 games/s  ETA 0h12m27s
[pb-ab-O-push-d4b.var] 1308/1600  0.4 games/s  ETA 0h12m27s
[pb-ab-O-push-d4b.var] 1308/1600  0.4 games/s  ETA 0h12m28s
[pb-ab-O-push-d4b.var] 1308/1600  0.4 games/s  ETA 0h12m28s
[pb-ab-O-push-d4b.var] 1311/1600  0.4 games/s  ETA 0h12m19s
[pb-ab-O-push-d4b.var] 1312/1600  0.4 games/s  ETA 0h12m16s
[pb-ab-O-push-d4b.var] 1314/1600  0.4 games/s  ETA 0h12m11s
[pb-ab-O-push-d4b.var] 1315/1600  0.4 games/s  ETA 0h12m08s
[pb-ab-O-push-d4b.var] 1317/1600  0.4 games/s  ETA 0h12m02s
[pb-ab-O-push-d4b.var] 1317/1600  0.4 games/s  ETA 0h12m03s
[pb-ab-O-push-d4b.var] 1317/1600  0.4 games/s  ETA 0h12m03s
[pb-ab-O-push-d4b.var] 1318/1600  0.4 games/s  ETA 0h12m00s
[pb-ab-O-push-d4b.var] 1318/1600  0.4 games/s  ETA 0h12m01s
[pb-ab-O-push-d4b.var] 1320/1600  0.4 games/s  ETA 0h11m55s
[pb-ab-O-push-d4b.var] 1322/1600  0.4 games/s  ETA 0h11m49s
[pb-ab-O-push-d4b.var] 1323/1600  0.4 games/s  ETA 0h11m47s
[pb-ab-O-push-d4b.var] 1323/1600  0.4 games/s  ETA 0h11m47s
[pb-ab-O-push-d4b.var] 1325/1600  0.4 games/s  ETA 0h11m41s
[pb-ab-O-push-d4b.var] 1326/1600  0.4 games/s  ETA 0h11m39s
[pb-ab-O-push-d4b.var] 1326/1600  0.4 games/s  ETA 0h11m39s
[pb-ab-O-push-d4b.var] 1328/1600  0.4 games/s  ETA 0h11m33s
[pb-ab-O-push-d4b.var] 1329/1600  0.4 games/s  ETA 0h11m31s
[pb-ab-O-push-d4b.var] 1329/1600  0.4 games/s  ETA 0h11m31s
[pb-ab-O-push-d4b.var] 1330/1600  0.4 games/s  ETA 0h11m28s
[pb-ab-O-push-d4b.var] 1331/1600  0.4 games/s  ETA 0h11m26s
[pb-ab-O-push-d4b.var] 1331/1600  0.4 games/s  ETA 0h11m26s
[pb-ab-O-push-d4b.var] 1334/1600  0.4 games/s  ETA 0h11m17s
[pb-ab-O-push-d4b.var] 1335/1600  0.4 games/s  ETA 0h11m15s
[pb-ab-O-push-d4b.var] 1335/1600  0.4 games/s  ETA 0h11m15s
[pb-ab-O-push-d4b.var] 1336/1600  0.4 games/s  ETA 0h11m12s
[pb-ab-O-push-d4b.var] 1337/1600  0.4 games/s  ETA 0h11m10s
[pb-ab-O-push-d4b.var] 1337/1600  0.4 games/s  ETA 0h11m10s
[pb-ab-O-push-d4b.var] 1339/1600  0.4 games/s  ETA 0h11m04s
[pb-ab-O-push-d4b.var] 1340/1600  0.4 games/s  ETA 0h11m02s
[pb-ab-O-push-d4b.var] 1341/1600  0.4 games/s  ETA 0h10m59s
[pb-ab-O-push-d4b.var] 1342/1600  0.4 games/s  ETA 0h10m56s
[pb-ab-O-push-d4b.var] 1344/1600  0.4 games/s  ETA 0h10m51s
[pb-ab-O-push-d4b.var] 1345/1600  0.4 games/s  ETA 0h10m48s
[pb-ab-O-push-d4b.var] 1346/1600  0.4 games/s  ETA 0h10m45s
[pb-ab-O-push-d4b.var] 1347/1600  0.4 games/s  ETA 0h10m43s
[pb-ab-O-push-d4b.var] 1348/1600  0.4 games/s  ETA 0h10m40s
[pb-ab-O-push-d4b.var] 1348/1600  0.4 games/s  ETA 0h10m40s
[pb-ab-O-push-d4b.var] 1349/1600  0.4 games/s  ETA 0h10m38s
[pb-ab-O-push-d4b.var] 1350/1600  0.4 games/s  ETA 0h10m35s
[pb-ab-O-push-d4b.var] 1353/1600  0.4 games/s  ETA 0h10m27s
[pb-ab-O-push-d4b.var] 1353/1600  0.4 games/s  ETA 0h10m27s
[pb-ab-O-push-d4b.var] 1353/1600  0.4 games/s  ETA 0h10m27s
[pb-ab-O-push-d4b.var] 1355/1600  0.4 games/s  ETA 0h10m22s
[pb-ab-O-push-d4b.var] 1356/1600  0.4 games/s  ETA 0h10m19s
[pb-ab-O-push-d4b.var] 1357/1600  0.4 games/s  ETA 0h10m16s
[pb-ab-O-push-d4b.var] 1359/1600  0.4 games/s  ETA 0h10m11s
[pb-ab-O-push-d4b.var] 1360/1600  0.4 games/s  ETA 0h10m08s
[pb-ab-O-push-d4b.var] 1360/1600  0.4 games/s  ETA 0h10m08s
[pb-ab-O-push-d4b.var] 1364/1600  0.4 games/s  ETA 0h09m57s
[pb-ab-O-push-d4b.var] 1364/1600  0.4 games/s  ETA 0h09m57s
[pb-ab-O-push-d4b.var] 1365/1600  0.4 games/s  ETA 0h09m55s
[pb-ab-O-push-d4b.var] 1367/1600  0.4 games/s  ETA 0h09m49s
[pb-ab-O-push-d4b.var] 1368/1600  0.4 games/s  ETA 0h09m46s
[pb-ab-O-push-d4b.var] 1368/1600  0.4 games/s  ETA 0h09m47s
[pb-ab-O-push-d4b.var] 1369/1600  0.4 games/s  ETA 0h09m44s
[pb-ab-O-push-d4b.var] 1372/1600  0.4 games/s  ETA 0h09m36s
[pb-ab-O-push-d4b.var] 1373/1600  0.4 games/s  ETA 0h09m33s
[pb-ab-O-push-d4b.var] 1373/1600  0.4 games/s  ETA 0h09m33s
[pb-ab-O-push-d4b.var] 1374/1600  0.4 games/s  ETA 0h09m31s
[pb-ab-O-push-d4b.var] 1377/1600  0.4 games/s  ETA 0h09m22s
[pb-ab-O-push-d4b.var] 1377/1600  0.4 games/s  ETA 0h09m23s
[pb-ab-O-push-d4b.var] 1377/1600  0.4 games/s  ETA 0h09m23s
[pb-ab-O-push-d4b.var] 1378/1600  0.4 games/s  ETA 0h09m20s
[pb-ab-O-push-d4b.var] 1378/1600  0.4 games/s  ETA 0h09m21s
[pb-ab-O-push-d4b.var] 1379/1600  0.4 games/s  ETA 0h09m18s
[pb-ab-O-push-d4b.var] 1382/1600  0.4 games/s  ETA 0h09m10s
[pb-ab-O-push-d4b.var] 1383/1600  0.4 games/s  ETA 0h09m07s
[pb-ab-O-push-d4b.var] 1384/1600  0.4 games/s  ETA 0h09m04s
[pb-ab-O-push-d4b.var] 1385/1600  0.4 games/s  ETA 0h09m02s
[pb-ab-O-push-d4b.var] 1385/1600  0.4 games/s  ETA 0h09m02s
[pb-ab-O-push-d4b.var] 1386/1600  0.4 games/s  ETA 0h08m59s
[pb-ab-O-push-d4b.var] 1389/1600  0.4 games/s  ETA 0h08m51s
[pb-ab-O-push-d4b.var] 1389/1600  0.4 games/s  ETA 0h08m51s
[pb-ab-O-push-d4b.var] 1390/1600  0.4 games/s  ETA 0h08m49s
[pb-ab-O-push-d4b.var] 1391/1600  0.4 games/s  ETA 0h08m46s
[pb-ab-O-push-d4b.var] 1391/1600  0.4 games/s  ETA 0h08m46s
[pb-ab-O-push-d4b.var] 1392/1600  0.4 games/s  ETA 0h08m44s
[pb-ab-O-push-d4b.var] 1394/1600  0.4 games/s  ETA 0h08m38s
[pb-ab-O-push-d4b.var] 1394/1600  0.4 games/s  ETA 0h08m39s
[pb-ab-O-push-d4b.var] 1395/1600  0.4 games/s  ETA 0h08m36s
[pb-ab-O-push-d4b.var] 1395/1600  0.4 games/s  ETA 0h08m36s
[pb-ab-O-push-d4b.var] 1397/1600  0.4 games/s  ETA 0h08m31s
[pb-ab-O-push-d4b.var] 1399/1600  0.4 games/s  ETA 0h08m25s
[pb-ab-O-push-d4b.var] 1399/1600  0.4 games/s  ETA 0h08m26s
[pb-ab-O-push-d4b.var] 1399/1600  0.4 games/s  ETA 0h08m26s
[pb-ab-O-push-d4b.var] 1401/1600  0.4 games/s  ETA 0h08m20s
[pb-ab-O-push-d4b.var] 1401/1600  0.4 games/s  ETA 0h08m21s
[pb-ab-O-push-d4b.var] 1404/1600  0.4 games/s  ETA 0h08m12s
[pb-ab-O-push-d4b.var] 1405/1600  0.4 games/s  ETA 0h08m10s
[pb-ab-O-push-d4b.var] 1405/1600  0.4 games/s  ETA 0h08m10s
[pb-ab-O-push-d4b.var] 1406/1600  0.4 games/s  ETA 0h08m08s
[pb-ab-O-push-d4b.var] 1407/1600  0.4 games/s  ETA 0h08m05s
[pb-ab-O-push-d4b.var] 1407/1600  0.4 games/s  ETA 0h08m05s
[pb-ab-O-push-d4b.var] 1409/1600  0.4 games/s  ETA 0h08m00s
[pb-ab-O-push-d4b.var] 1410/1600  0.4 games/s  ETA 0h07m57s
[pb-ab-O-push-d4b.var] 1411/1600  0.4 games/s  ETA 0h07m55s
[pb-ab-O-push-d4b.var] 1414/1600  0.4 games/s  ETA 0h07m46s
[pb-ab-O-push-d4b.var] 1414/1600  0.4 games/s  ETA 0h07m47s
[pb-ab-O-push-d4b.var] 1416/1600  0.4 games/s  ETA 0h07m41s
[pb-ab-O-push-d4b.var] 1418/1600  0.4 games/s  ETA 0h07m36s
[pb-ab-O-push-d4b.var] 1419/1600  0.4 games/s  ETA 0h07m33s
[pb-ab-O-push-d4b.var] 1419/1600  0.4 games/s  ETA 0h07m33s
[pb-ab-O-push-d4b.var] 1420/1600  0.4 games/s  ETA 0h07m31s
[pb-ab-O-push-d4b.var] 1420/1600  0.4 games/s  ETA 0h07m31s
[pb-ab-O-push-d4b.var] 1421/1600  0.4 games/s  ETA 0h07m29s
[pb-ab-O-push-d4b.var] 1422/1600  0.4 games/s  ETA 0h07m26s
[pb-ab-O-push-d4b.var] 1423/1600  0.4 games/s  ETA 0h07m23s
[pb-ab-O-push-d4b.var] 1424/1600  0.4 games/s  ETA 0h07m21s
[pb-ab-O-push-d4b.var] 1424/1600  0.4 games/s  ETA 0h07m21s
[pb-ab-O-push-d4b.var] 1425/1600  0.4 games/s  ETA 0h07m19s
[pb-ab-O-push-d4b.var] 1427/1600  0.4 games/s  ETA 0h07m13s
[pb-ab-O-push-d4b.var] 1427/1600  0.4 games/s  ETA 0h07m13s
[pb-ab-O-push-d4b.var] 1427/1600  0.4 games/s  ETA 0h07m14s
[pb-ab-O-push-d4b.var] 1428/1600  0.4 games/s  ETA 0h07m11s
[pb-ab-O-push-d4b.var] 1430/1600  0.4 games/s  ETA 0h07m06s
[pb-ab-O-push-d4b.var] 1431/1600  0.4 games/s  ETA 0h07m03s
[pb-ab-O-push-d4b.var] 1432/1600  0.4 games/s  ETA 0h07m01s
[pb-ab-O-push-d4b.var] 1432/1600  0.4 games/s  ETA 0h07m01s
[pb-ab-O-push-d4b.var] 1432/1600  0.4 games/s  ETA 0h07m01s
[pb-ab-O-push-d4b.var] 1435/1600  0.4 games/s  ETA 0h06m53s
[pb-ab-O-push-d4b.var] 1435/1600  0.4 games/s  ETA 0h06m53s
[pb-ab-O-push-d4b.var] 1437/1600  0.4 games/s  ETA 0h06m48s
[pb-ab-O-push-d4b.var] 1438/1600  0.4 games/s  ETA 0h06m45s
[pb-ab-O-push-d4b.var] 1438/1600  0.4 games/s  ETA 0h06m45s
[pb-ab-O-push-d4b.var] 1439/1600  0.4 games/s  ETA 0h06m43s
[pb-ab-O-push-d4b.var] 1439/1600  0.4 games/s  ETA 0h06m43s
[pb-ab-O-push-d4b.var] 1440/1600  0.4 games/s  ETA 0h06m40s
[pb-ab-O-push-d4b.var] 1441/1600  0.4 games/s  ETA 0h06m38s
[pb-ab-O-push-d4b.var] 1442/1600  0.4 games/s  ETA 0h06m35s
[pb-ab-O-push-d4b.var] 1444/1600  0.4 games/s  ETA 0h06m30s
[pb-ab-O-push-d4b.var] 1444/1600  0.4 games/s  ETA 0h06m30s
[pb-ab-O-push-d4b.var] 1444/1600  0.4 games/s  ETA 0h06m30s
[pb-ab-O-push-d4b.var] 1447/1600  0.4 games/s  ETA 0h06m22s
[pb-ab-O-push-d4b.var] 1447/1600  0.4 games/s  ETA 0h06m23s
[pb-ab-O-push-d4b.var] 1447/1600  0.4 games/s  ETA 0h06m23s
[pb-ab-O-push-d4b.var] 1449/1600  0.4 games/s  ETA 0h06m17s
[pb-ab-O-push-d4b.var] 1450/1600  0.4 games/s  ETA 0h06m15s
[pb-ab-O-push-d4b.var] 1450/1600  0.4 games/s  ETA 0h06m15s
[pb-ab-O-push-d4b.var] 1451/1600  0.4 games/s  ETA 0h06m13s
[pb-ab-O-push-d4b.var] 1451/1600  0.4 games/s  ETA 0h06m13s
[pb-ab-O-push-d4b.var] 1452/1600  0.4 games/s  ETA 0h06m10s
[pb-ab-O-push-d4b.var] 1453/1600  0.4 games/s  ETA 0h06m08s
[pb-ab-O-push-d4b.var] 1455/1600  0.4 games/s  ETA 0h06m02s
[pb-ab-O-push-d4b.var] 1456/1600  0.4 games/s  ETA 0h06m00s
[pb-ab-O-push-d4b.var] 1457/1600  0.4 games/s  ETA 0h05m57s
[pb-ab-O-push-d4b.var] 1458/1600  0.4 games/s  ETA 0h05m55s
[pb-ab-O-push-d4b.var] 1459/1600  0.4 games/s  ETA 0h05m52s
[pb-ab-O-push-d4b.var] 1460/1600  0.4 games/s  ETA 0h05m50s
[pb-ab-O-push-d4b.var] 1461/1600  0.4 games/s  ETA 0h05m47s
[pb-ab-O-push-d4b.var] 1461/1600  0.4 games/s  ETA 0h05m47s
[pb-ab-O-push-d4b.var] 1462/1600  0.4 games/s  ETA 0h05m45s
[pb-ab-O-push-d4b.var] 1462/1600  0.4 games/s  ETA 0h05m45s
[pb-ab-O-push-d4b.var] 1464/1600  0.4 games/s  ETA 0h05m40s
[pb-ab-O-push-d4b.var] 1466/1600  0.4 games/s  ETA 0h05m34s
[pb-ab-O-push-d4b.var] 1466/1600  0.4 games/s  ETA 0h05m34s
[pb-ab-O-push-d4b.var] 1467/1600  0.4 games/s  ETA 0h05m32s
[pb-ab-O-push-d4b.var] 1468/1600  0.4 games/s  ETA 0h05m29s
[pb-ab-O-push-d4b.var] 1469/1600  0.4 games/s  ETA 0h05m27s
[pb-ab-O-push-d4b.var] 1470/1600  0.4 games/s  ETA 0h05m24s
[pb-ab-O-push-d4b.var] 1471/1600  0.4 games/s  ETA 0h05m22s
[pb-ab-O-push-d4b.var] 1473/1600  0.4 games/s  ETA 0h05m17s
[pb-ab-O-push-d4b.var] 1473/1600  0.4 games/s  ETA 0h05m17s
[pb-ab-O-push-d4b.var] 1474/1600  0.4 games/s  ETA 0h05m14s
[pb-ab-O-push-d4b.var] 1476/1600  0.4 games/s  ETA 0h05m09s
[pb-ab-O-push-d4b.var] 1476/1600  0.4 games/s  ETA 0h05m09s
[pb-ab-O-push-d4b.var] 1476/1600  0.4 games/s  ETA 0h05m09s
[pb-ab-O-push-d4b.var] 1476/1600  0.4 games/s  ETA 0h05m09s
[pb-ab-O-push-d4b.var] 1476/1600  0.4 games/s  ETA 0h05m10s
[pb-ab-O-push-d4b.var] 1479/1600  0.4 games/s  ETA 0h05m02s
[pb-ab-O-push-d4b.var] 1480/1600  0.4 games/s  ETA 0h04m59s
[pb-ab-O-push-d4b.var] 1481/1600  0.4 games/s  ETA 0h04m57s
[pb-ab-O-push-d4b.var] 1482/1600  0.4 games/s  ETA 0h04m54s
[pb-ab-O-push-d4b.var] 1483/1600  0.4 games/s  ETA 0h04m51s
[pb-ab-O-push-d4b.var] 1484/1600  0.4 games/s  ETA 0h04m49s
[pb-ab-O-push-d4b.var] 1486/1600  0.4 games/s  ETA 0h04m44s
[pb-ab-O-push-d4b.var] 1487/1600  0.4 games/s  ETA 0h04m41s
[pb-ab-O-push-d4b.var] 1488/1600  0.4 games/s  ETA 0h04m39s
[pb-ab-O-push-d4b.var] 1489/1600  0.4 games/s  ETA 0h04m36s
[pb-ab-O-push-d4b.var] 1490/1600  0.4 games/s  ETA 0h04m34s
[pb-ab-O-push-d4b.var] 1490/1600  0.4 games/s  ETA 0h04m34s
[pb-ab-O-push-d4b.var] 1491/1600  0.4 games/s  ETA 0h04m31s
[pb-ab-O-push-d4b.var] 1494/1600  0.4 games/s  ETA 0h04m23s
[pb-ab-O-push-d4b.var] 1494/1600  0.4 games/s  ETA 0h04m24s
[pb-ab-O-push-d4b.var] 1494/1600  0.4 games/s  ETA 0h04m24s
[pb-ab-O-push-d4b.var] 1494/1600  0.4 games/s  ETA 0h04m24s
[pb-ab-O-push-d4b.var] 1494/1600  0.4 games/s  ETA 0h04m24s
[pb-ab-O-push-d4b.var] 1495/1600  0.4 games/s  ETA 0h04m21s
[pb-ab-O-push-d4b.var] 1497/1600  0.4 games/s  ETA 0h04m16s
[pb-ab-O-push-d4b.var] 1497/1600  0.4 games/s  ETA 0h04m16s
[pb-ab-O-push-d4b.var] 1499/1600  0.4 games/s  ETA 0h04m11s
[pb-ab-O-push-d4b.var] 1500/1600  0.4 games/s  ETA 0h04m09s
[pb-ab-O-push-d4b.var] 1501/1600  0.4 games/s  ETA 0h04m06s
[pb-ab-O-push-d4b.var] 1501/1600  0.4 games/s  ETA 0h04m06s
[pb-ab-O-push-d4b.var] 1502/1600  0.4 games/s  ETA 0h04m04s
[pb-ab-O-push-d4b.var] 1502/1600  0.4 games/s  ETA 0h04m04s
[pb-ab-O-push-d4b.var] 1502/1600  0.4 games/s  ETA 0h04m04s
[pb-ab-O-push-d4b.var] 1502/1600  0.4 games/s  ETA 0h04m04s
[pb-ab-O-push-d4b.var] 1503/1600  0.4 games/s  ETA 0h04m02s
[pb-ab-O-push-d4b.var] 1504/1600  0.4 games/s  ETA 0h03m59s
[pb-ab-O-push-d4b.var] 1504/1600  0.4 games/s  ETA 0h03m59s
[pb-ab-O-push-d4b.var] 1506/1600  0.4 games/s  ETA 0h03m54s
[pb-ab-O-push-d4b.var] 1507/1600  0.4 games/s  ETA 0h03m51s
[pb-ab-O-push-d4b.var] 1507/1600  0.4 games/s  ETA 0h03m52s
[pb-ab-O-push-d4b.var] 1507/1600  0.4 games/s  ETA 0h03m52s
[pb-ab-O-push-d4b.var] 1508/1600  0.4 games/s  ETA 0h03m49s
[pb-ab-O-push-d4b.var] 1510/1600  0.4 games/s  ETA 0h03m44s
[pb-ab-O-push-d4b.var] 1511/1600  0.4 games/s  ETA 0h03m41s
[pb-ab-O-push-d4b.var] 1511/1600  0.4 games/s  ETA 0h03m42s
[pb-ab-O-push-d4b.var] 1512/1600  0.4 games/s  ETA 0h03m39s
[pb-ab-O-push-d4b.var] 1514/1600  0.4 games/s  ETA 0h03m34s
[pb-ab-O-push-d4b.var] 1515/1600  0.4 games/s  ETA 0h03m31s
[pb-ab-O-push-d4b.var] 1516/1600  0.4 games/s  ETA 0h03m29s
[pb-ab-O-push-d4b.var] 1516/1600  0.4 games/s  ETA 0h03m29s
[pb-ab-O-push-d4b.var] 1517/1600  0.4 games/s  ETA 0h03m26s
[pb-ab-O-push-d4b.var] 1518/1600  0.4 games/s  ETA 0h03m24s
[pb-ab-O-push-d4b.var] 1519/1600  0.4 games/s  ETA 0h03m21s
[pb-ab-O-push-d4b.var] 1520/1600  0.4 games/s  ETA 0h03m19s
[pb-ab-O-push-d4b.var] 1522/1600  0.4 games/s  ETA 0h03m14s
[pb-ab-O-push-d4b.var] 1522/1600  0.4 games/s  ETA 0h03m14s
[pb-ab-O-push-d4b.var] 1523/1600  0.4 games/s  ETA 0h03m11s
[pb-ab-O-push-d4b.var] 1524/1600  0.4 games/s  ETA 0h03m09s
[pb-ab-O-push-d4b.var] 1526/1600  0.4 games/s  ETA 0h03m04s
[pb-ab-O-push-d4b.var] 1527/1600  0.4 games/s  ETA 0h03m01s
[pb-ab-O-push-d4b.var] 1527/1600  0.4 games/s  ETA 0h03m01s
[pb-ab-O-push-d4b.var] 1527/1600  0.4 games/s  ETA 0h03m01s
[pb-ab-O-push-d4b.var] 1529/1600  0.4 games/s  ETA 0h02m56s
[pb-ab-O-push-d4b.var] 1530/1600  0.4 games/s  ETA 0h02m54s
[pb-ab-O-push-d4b.var] 1531/1600  0.4 games/s  ETA 0h02m51s
[pb-ab-O-push-d4b.var] 1532/1600  0.4 games/s  ETA 0h02m49s
[pb-ab-O-push-d4b.var] 1533/1600  0.4 games/s  ETA 0h02m46s
[pb-ab-O-push-d4b.var] 1535/1600  0.4 games/s  ETA 0h02m41s
[pb-ab-O-push-d4b.var] 1535/1600  0.4 games/s  ETA 0h02m41s
[pb-ab-O-push-d4b.var] 1535/1600  0.4 games/s  ETA 0h02m41s
[pb-ab-O-push-d4b.var] 1536/1600  0.4 games/s  ETA 0h02m39s
[pb-ab-O-push-d4b.var] 1536/1600  0.4 games/s  ETA 0h02m39s
[pb-ab-O-push-d4b.var] 1539/1600  0.4 games/s  ETA 0h02m31s
[pb-ab-O-push-d4b.var] 1539/1600  0.4 games/s  ETA 0h02m31s
[pb-ab-O-push-d4b.var] 1539/1600  0.4 games/s  ETA 0h02m31s
[pb-ab-O-push-d4b.var] 1541/1600  0.4 games/s  ETA 0h02m26s
[pb-ab-O-push-d4b.var] 1543/1600  0.4 games/s  ETA 0h02m21s
[pb-ab-O-push-d4b.var] 1544/1600  0.4 games/s  ETA 0h02m19s
[pb-ab-O-push-d4b.var] 1545/1600  0.4 games/s  ETA 0h02m16s
[pb-ab-O-push-d4b.var] 1548/1600  0.4 games/s  ETA 0h02m09s
[pb-ab-O-push-d4b.var] 1548/1600  0.4 games/s  ETA 0h02m09s
[pb-ab-O-push-d4b.var] 1548/1600  0.4 games/s  ETA 0h02m09s
[pb-ab-O-push-d4b.var] 1549/1600  0.4 games/s  ETA 0h02m06s
[pb-ab-O-push-d4b.var] 1550/1600  0.4 games/s  ETA 0h02m04s
[pb-ab-O-push-d4b.var] 1551/1600  0.4 games/s  ETA 0h02m01s
[pb-ab-O-push-d4b.var] 1552/1600  0.4 games/s  ETA 0h01m59s
[pb-ab-O-push-d4b.var] 1552/1600  0.4 games/s  ETA 0h01m59s
[pb-ab-O-push-d4b.var] 1555/1600  0.4 games/s  ETA 0h01m51s
[pb-ab-O-push-d4b.var] 1555/1600  0.4 games/s  ETA 0h01m51s
[pb-ab-O-push-d4b.var] 1557/1600  0.4 games/s  ETA 0h01m46s
[pb-ab-O-push-d4b.var] 1558/1600  0.4 games/s  ETA 0h01m44s
[pb-ab-O-push-d4b.var] 1558/1600  0.4 games/s  ETA 0h01m44s
[pb-ab-O-push-d4b.var] 1560/1600  0.4 games/s  ETA 0h01m39s
[pb-ab-O-push-d4b.var] 1562/1600  0.4 games/s  ETA 0h01m34s
[pb-ab-O-push-d4b.var] 1563/1600  0.4 games/s  ETA 0h01m31s
[pb-ab-O-push-d4b.var] 1563/1600  0.4 games/s  ETA 0h01m31s
[pb-ab-O-push-d4b.var] 1563/1600  0.4 games/s  ETA 0h01m31s
[pb-ab-O-push-d4b.var] 1564/1600  0.4 games/s  ETA 0h01m29s
[pb-ab-O-push-d4b.var] 1565/1600  0.4 games/s  ETA 0h01m26s
[pb-ab-O-push-d4b.var] 1566/1600  0.4 games/s  ETA 0h01m24s
[pb-ab-O-push-d4b.var] 1566/1600  0.4 games/s  ETA 0h01m24s
[pb-ab-O-push-d4b.var] 1568/1600  0.4 games/s  ETA 0h01m19s
[pb-ab-O-push-d4b.var] 1568/1600  0.4 games/s  ETA 0h01m19s
[pb-ab-O-push-d4b.var] 1570/1600  0.4 games/s  ETA 0h01m14s
[pb-ab-O-push-d4b.var] 1570/1600  0.4 games/s  ETA 0h01m14s
[pb-ab-O-push-d4b.var] 1572/1600  0.4 games/s  ETA 0h01m09s
[pb-ab-O-push-d4b.var] 1573/1600  0.4 games/s  ETA 0h01m06s
[pb-ab-O-push-d4b.var] 1574/1600  0.4 games/s  ETA 0h01m04s
[pb-ab-O-push-d4b.var] 1574/1600  0.4 games/s  ETA 0h01m04s
[pb-ab-O-push-d4b.var] 1577/1600  0.4 games/s  ETA 0h00m56s
[pb-ab-O-push-d4b.var] 1577/1600  0.4 games/s  ETA 0h00m56s
[pb-ab-O-push-d4b.var] 1578/1600  0.4 games/s  ETA 0h00m54s
[pb-ab-O-push-d4b.var] 1580/1600  0.4 games/s  ETA 0h00m49s
[pb-ab-O-push-d4b.var] 1580/1600  0.4 games/s  ETA 0h00m49s
[pb-ab-O-push-d4b.var] 1580/1600  0.4 games/s  ETA 0h00m49s
[pb-ab-O-push-d4b.var] 1582/1600  0.4 games/s  ETA 0h00m44s
[pb-ab-O-push-d4b.var] 1582/1600  0.4 games/s  ETA 0h00m44s
[pb-ab-O-push-d4b.var] 1583/1600  0.4 games/s  ETA 0h00m42s
[pb-ab-O-push-d4b.var] 1583/1600  0.4 games/s  ETA 0h00m42s
[pb-ab-O-push-d4b.var] 1583/1600  0.4 games/s  ETA 0h00m42s
[pb-ab-O-push-d4b.var] 1586/1600  0.4 games/s  ETA 0h00m34s
[pb-ab-O-push-d4b.var] 1586/1600  0.4 games/s  ETA 0h00m34s
[pb-ab-O-push-d4b.var] 1587/1600  0.4 games/s  ETA 0h00m32s
[pb-ab-O-push-d4b.var] 1587/1600  0.4 games/s  ETA 0h00m32s
[pb-ab-O-push-d4b.var] 1589/1600  0.4 games/s  ETA 0h00m27s
[pb-ab-O-push-d4b.var] 1589/1600  0.4 games/s  ETA 0h00m27s
[pb-ab-O-push-d4b.var] 1590/1600  0.4 games/s  ETA 0h00m24s
[pb-ab-O-push-d4b.var] 1591/1600  0.4 games/s  ETA 0h00m22s
[pb-ab-O-push-d4b.var] 1591/1600  0.4 games/s  ETA 0h00m22s
[pb-ab-O-push-d4b.var] 1592/1600  0.4 games/s  ETA 0h00m19s
[pb-ab-O-push-d4b.var] 1593/1600  0.4 games/s  ETA 0h00m17s
[pb-ab-O-push-d4b.var] 1594/1600  0.4 games/s  ETA 0h00m14s
[pb-ab-O-push-d4b.var] 1594/1600  0.4 games/s  ETA 0h00m14s
[pb-ab-O-push-d4b.var] 1594/1600  0.4 games/s  ETA 0h00m14s
[pb-ab-O-push-d4b.var] 1596/1600  0.4 games/s  ETA 0h00m09s
[pb-ab-O-push-d4b.var] 1596/1600  0.4 games/s  ETA 0h00m09s
[pb-ab-O-push-d4b.var] 1597/1600  0.4 games/s  ETA 0h00m07s
[pb-ab-O-push-d4b.var] 1597/1600  0.4 games/s  ETA 0h00m07s
[pb-ab-O-push-d4b.var] 1598/1600  0.4 games/s  ETA 0h00m04s
[pb-ab-O-push-d4b.var] 1598/1600  0.4 games/s  ETA 0h00m04s
[pb-ab-O-push-d4b.var] 1599/1600  0.4 games/s  ETA 0h00m02s
[pb-ab-O-push-d4b.var] 1599/1600  0.4 games/s  ETA 0h00m02s
[pb-ab-O-push-d4b.var] 1599/1600  0.4 games/s  ETA 0h00m02s
[pb-ab-O-push-d4b.var] 1599/1600  0.4 games/s  ETA 0h00m02s
[pb-ab-O-push-d4b.var] 1599/1600  0.4 games/s  ETA 0h00m02s
[pb-ab-O-push-d4b.var] 1600 games in 1h06m12s (0.4 games/s)
[pb-ab-O-push-d4b.var] summary -> sim/out/pb-ab-O-push-d4b.var.summary.json
# Rule A/B — pb-ab-O-push-d4b

`ogreMode=push` against today's defaults.
1600 games per population, depth 4, the same 40 arrangements and the same
opening seeds in both (common random numbers). Control arm: `pb-ab-O-push-d4b.base`.

A symmetric rule changes both sides at once, so there is no match to run and no SPRT: this is a
paired two-population comparison. The interval is a 95% normal approximation on the
mean paired difference over arrangements; with few arrangements,
and with one interval per metric, read "significant" as "worth a second run", not as a test.

| metric | base (pooled) | with the rule (pooled) | mean paired difference ±95% | significant |
|---|---|---|---|---|
| white score | 0.509 | 0.552 | +0.043 ± 0.029 | yes |
| decisive | 0.676 | 0.770 | +0.094 ± 0.034 | yes |
| draw rate | 0.306 | 0.217 | -0.089 ± 0.034 | yes |
| capped | 0.018 | 0.013 | -0.005 ± 0.008 | no |
| mean plies | 111.9 | 112.6 | +0.6 ± 3.2 | no |
| branching factor | 30.9 | 30.6 | -0.3 ± 0.7 | no |
| killer move | 0.221 | 0.234 | +0.013 ± 0.010 | yes |
| lead change | 0.042 | 0.044 | +0.001 ± 0.002 | no |
| uncertainty late | 0.625 | 0.623 | -0.002 ± 0.003 | no |
| drama | 0.131 | 0.157 | +0.026 ± 0.012 | yes |
| permanence | 0.966 | 0.965 | -0.001 ± 0.001 | yes |
| min utilisation | 0.38 | 0.38 | +0.00 ± 0.01 | no |
| interest | 0.463 | 0.467 | +0.004 ± 0.004 | yes |
| interest (min-use) | 0.449 | 0.465 | +0.005 ± 0.008 | no |
| killerMove (resid.) | 0.004 | -0.004 | -0.009 ± 0.011 | no |
| leadChange (resid.) | -0.002 | 0.002 | +0.005 ± 0.003 | yes |
| uncertaintyLate (resid.) | -0.004 | 0.004 | +0.009 ± 0.003 | yes |
| drama (resid.) | -0.001 | 0.001 | +0.002 ± 0.009 | no |
| permanence (resid.) | -0.000 | 0.000 | +0.001 ± 0.001 | yes |
| fairyUse (resid.) | 0.002 | 0.002 | -0.005 ± 0.008 | no |
| excessDecisiveness (resid.) | 0.054 | -0.032 | -0.070 ± 0.012 | yes |
| interest (resid.) | 0.004 | -0.002 | -0.006 ± 0.003 | yes |
| interestMinFairy (resid.) | 0.006 | 0.015 | -0.003 ± 0.008 | no |

## Degeneracy counters
| counter | base | with the rule |
|---|---|---|
| guard captures per game | 0.000 | 0.000 |
| games with a guard rampage (≥ 3 captures) | 0 (0.0%) | 0 (0.0%) |
| dead-material endings (draw50 + drawMaterial) | 36 (2.3%) | 51 (3.2%) |
| games where a king never moved | 456 (28.5%) | 424 (26.5%) |

## Per piece (both sides, whole population; moves and captures per game)
| piece | moves A | moves B | captures A | captures B | survival A | survival B |
|---|---|---|---|---|---|---|
| P | 21.17 | 21.31 | 3.57 | 3.79 | 38.0% | 36.2% |
| A | 15.96 | 15.33 | 3.73 | 3.51 | 53.9% | 50.1% |
| K | 14.35 | 14.80 | 1.16 | 1.20 | 100.0% | 100.0% |
| O | 11.35 | 10.99 | 0.97 | 1.43 | 65.3% | 48.9% |
| M | 9.76 | 9.60 | 0.97 | 0.98 | 36.4% | 34.2% |
| N | 8.31 | 8.03 | 1.50 | 1.47 | 14.6% | 13.4% |
| S | 7.60 | 7.77 | 1.18 | 1.21 | 49.2% | 50.3% |
| B | 6.43 | 6.21 | 1.32 | 1.40 | 28.5% | 25.9% |
| R | 6.40 | 7.26 | 1.35 | 1.47 | 30.4% | 30.8% |
| Q | 4.84 | 5.24 | 0.83 | 0.94 | 46.6% | 48.9% |
| G | 3.08 | 3.30 | 0.00 | 0.00 | 92.2% | 90.1% |
| L | 2.67 | 2.70 | 0.93 | 0.90 | 6.2% | 6.0% |

## Fairy events per game
| event | base | with the rule |
|---|---|---|
| archerShots | 3.73 | 3.51 |
| beastChainMoves | 0.93 | 0.93 |
| beastChainCaptures | 1.18 | 1.21 |
| maesterSwaps | 4.05 | 4.04 |
| maesterLongSwaps | 0.52 | 0.51 |
| paladinSacrifices | 0.49 | 0.47 |
| promotions | 0.11 | 0.15 |
| checks | 5.86 | 6.40 |
| ogreShoves | 2.58 | 3.34 |
| ogreShovesFriend | 2.36 | 3.31 |
| ogreShovesGuard | 0.02 | 0.04 |
| catapultChecks | 0.00 | 0.00 |

The pooled columns describe each whole population; the difference column is the mean over the
40 shared arrangements of (rule − base) on the same openings. The two can disagree in sign when the
pooled value is not a mean of the per-arrangement values (minimum utilisation is one). Trust the
paired column.

Elo of the variant population is not reported: both populations play themselves, so their scores
are not comparable as a match. Read the white score as a fairness check, not as a strength delta.

