== 04:50:07 npm run sim -- --id nnue-g1 --games 80000 --depth 3 --sample 4000 --seed 914 --workers 16 --rule archerMove=any --rule beastMove=any --rule guardCaptures=none --rule guardStep=1 --rule guardCaptureLimit=0 --rule promotionSet=anyNonKingNoGuard

> king-down-chess@0.0.1 sim
> tsx src/sim/run.ts --id nnue-g1 --games 80000 --depth 3 --sample 4000 --seed 914 --workers 16 --rule archerMove=any --rule beastMove=any --rule guardCaptures=none --rule guardStep=1 --rule guardCaptureLimit=0 --rule promotionSet=anyNonKingNoGuard

[nnue-g1] 80000 games (686 already done), 79314 to play on 16 workers -> sim/out/nnue-g1.jsonl
[nnue-g1] depth 3, 4 random opening plies, ply cap 300, pairs off (both sides identical; --pairs forces them on)
[nnue-g1] rules {}, values {}
[nnue-g1] 1/79314  0.5 games/s  ETA 44h05m05s
[nnue-g1] 20/79314  5.0 games/s  ETA 4h24m26s
[nnue-g1] 38/79314  6.3 games/s  ETA 3h28m43s
[nnue-g1] 55/79314  6.9 games/s  ETA 3h12m17s
[nnue-g1] 75/79314  7.5 games/s  ETA 2h56m11s
[nnue-g1] 93/79314  7.7 games/s  ETA 2h50m31s
[nnue-g1] 113/79314  8.1 games/s  ETA 2h43m41s
[nnue-g1] 129/79314  8.1 games/s  ETA 2h43m49s
[nnue-g1] 144/79314  8.0 games/s  ETA 2h45m04s
[nnue-g1] 161/79314  8.0 games/s  ETA 2h44m00s
[nnue-g1] 178/79314  8.1 games/s  ETA 2h43m09s
[nnue-g1] 193/79314  8.0 games/s  ETA 2h44m07s
[nnue-g1] 209/79314  8.0 games/s  ETA 2h44m09s
[nnue-g1] 229/79314  8.2 games/s  ETA 2h41m18s
[nnue-g1] 250/79314  8.3 games/s  ETA 2h38m15s
[nnue-g1] 271/79314  8.5 games/s  ETA 2h35m41s
[nnue-g1] 292/79314  8.6 games/s  ETA 2h33m28s
[nnue-g1] 310/79314  8.6 games/s  ETA 2h33m01s
[nnue-g1] 330/79314  8.7 games/s  ETA 2h31m42s
[nnue-g1] 351/79314  8.8 games/s  ETA 2h30m06s
[nnue-g1] 373/79314  8.9 games/s  ETA 2h28m16s
[nnue-g1] 396/79314  9.0 games/s  ETA 2h26m16s
[nnue-g1] 417/79314  9.1 games/s  ETA 2h25m10s
[nnue-g1] 435/79314  9.1 games/s  ETA 2h25m10s
[nnue-g1] 458/79314  9.2 games/s  ETA 2h23m35s
[nnue-g1] 482/79314  9.3 games/s  ETA 2h21m51s
[nnue-g1] 499/79314  9.2 games/s  ETA 2h22m16s
[nnue-g1] 520/79314  9.3 games/s  ETA 2h21m32s
[nnue-g1] 547/79314  9.4 games/s  ETA 2h19m18s
[nnue-g1] 566/79314  9.4 games/s  ETA 2h19m14s
[nnue-g1] 584/79314  9.4 games/s  ETA 2h19m24s
[nnue-g1] 601/79314  9.4 games/s  ETA 2h19m48s
[nnue-g1] 616/79314  9.3 games/s  ETA 2h20m38s
[nnue-g1] 639/79314  9.4 games/s  ETA 2h19m38s
[nnue-g1] 658/79314  9.4 games/s  ETA 2h19m33s
[nnue-g1] 680/79314  9.4 games/s  ETA 2h18m52s
[nnue-g1] 699/79314  9.4 games/s  ETA 2h18m49s
[nnue-g1] 718/79314  9.4 games/s  ETA 2h18m46s
[nnue-g1] 739/79314  9.5 games/s  ETA 2h18m20s
[nnue-g1] 754/79314  9.4 games/s  ETA 2h19m02s
[nnue-g1] 771/79314  9.4 games/s  ETA 2h19m20s
[nnue-g1] 785/79314  9.3 games/s  ETA 2h20m10s
[nnue-g1] 806/79314  9.4 games/s  ETA 2h19m43s
[nnue-g1] 820/79314  9.3 games/s  ETA 2h20m31s
[nnue-g1] 833/79314  9.2 games/s  ETA 2h21m26s
[nnue-g1] 847/79314  9.2 games/s  ETA 2h22m10s
[nnue-g1] 869/79314  9.2 games/s  ETA 2h21m32s
[nnue-g1] 886/79314  9.2 games/s  ETA 2h21m45s
[nnue-g1] 901/79314  9.2 games/s  ETA 2h22m16s
[nnue-g1] 917/79314  9.2 games/s  ETA 2h22m37s
[nnue-g1] 932/79314  9.1 games/s  ETA 2h23m06s
[nnue-g1] 949/79314  9.1 games/s  ETA 2h23m16s
[nnue-g1] 965/79314  9.1 games/s  ETA 2h23m34s
[nnue-g1] 981/79314  9.1 games/s  ETA 2h23m52s
[nnue-g1] 1003/79314  9.1 games/s  ETA 2h23m17s
[nnue-g1] 1020/79314  9.1 games/s  ETA 2h23m25s
[nnue-g1] 1036/79314  9.1 games/s  ETA 2h23m42s
[nnue-g1] 1055/79314  9.1 games/s  ETA 2h23m34s
[nnue-g1] 1071/79314  9.1 games/s  ETA 2h23m49s
[nnue-g1] 1088/79314  9.1 games/s  ETA 2h23m56s
[nnue-g1] 1108/79314  9.1 games/s  ETA 2h23m40s
[nnue-g1] 1130/79314  9.1 games/s  ETA 2h23m08s
[nnue-g1] 1149/79314  9.1 games/s  ETA 2h23m00s
[nnue-g1] 1167/79314  9.1 games/s  ETA 2h23m00s
[nnue-g1] 1186/79314  9.1 games/s  ETA 2h22m52s
[nnue-g1] 1206/79314  9.1 games/s  ETA 2h22m37s
[nnue-g1] 1223/79314  9.1 games/s  ETA 2h22m45s
[nnue-g1] 1242/79314  9.1 games/s  ETA 2h22m37s
[nnue-g1] 1261/79314  9.1 games/s  ETA 2h22m30s
[nnue-g1] 1283/79314  9.2 games/s  ETA 2h22m03s
[nnue-g1] 1302/79314  9.2 games/s  ETA 2h21m57s
[nnue-g1] 1319/79314  9.2 games/s  ETA 2h22m03s
[nnue-g1] 1339/79314  9.2 games/s  ETA 2h21m50s
[nnue-g1] 1352/79314  9.1 games/s  ETA 2h22m23s
[nnue-g1] 1368/79314  9.1 games/s  ETA 2h22m35s
[nnue-g1] 1388/79314  9.1 games/s  ETA 2h22m22s
[nnue-g1] 1407/79314  9.1 games/s  ETA 2h22m15s
[nnue-g1] 1426/79314  9.1 games/s  ETA 2h22m09s
[nnue-g1] 1443/79314  9.1 games/s  ETA 2h22m14s
[nnue-g1] 1462/79314  9.1 games/s  ETA 2h22m08s
[nnue-g1] 1480/79314  9.1 games/s  ETA 2h22m08s
[nnue-g1] 1498/79314  9.1 games/s  ETA 2h22m07s
[nnue-g1] 1516/79314  9.1 games/s  ETA 2h22m07s
[nnue-g1] 1536/79314  9.1 games/s  ETA 2h21m55s
[nnue-g1] 1554/79314  9.1 games/s  ETA 2h21m54s
[nnue-g1] 1574/79314  9.1 games/s  ETA 2h21m43s
[nnue-g1] 1590/79314  9.1 games/s  ETA 2h21m53s
[nnue-g1] 1606/79314  9.1 games/s  ETA 2h22m04s
[nnue-g1] 1625/79314  9.1 games/s  ETA 2h21m58s
[nnue-g1] 1642/79314  9.1 games/s  ETA 2h22m02s
[nnue-g1] 1660/79314  9.1 games/s  ETA 2h22m02s
[nnue-g1] 1680/79314  9.1 games/s  ETA 2h21m50s
[nnue-g1] 1698/79314  9.1 games/s  ETA 2h21m50s
[nnue-g1] 1713/79314  9.1 games/s  ETA 2h22m04s
[nnue-g1] 1728/79314  9.1 games/s  ETA 2h22m19s
[nnue-g1] 1745/79314  9.1 games/s  ETA 2h22m22s
[nnue-g1] 1760/79314  9.1 games/s  ETA 2h22m36s
[nnue-g1] 1780/79314  9.1 games/s  ETA 2h22m25s
[nnue-g1] 1799/79314  9.1 games/s  ETA 2h22m19s
[nnue-g1] 1818/79314  9.1 games/s  ETA 2h22m13s
[nnue-g1] 1834/79314  9.1 games/s  ETA 2h22m22s
[nnue-g1] 1851/79314  9.1 games/s  ETA 2h22m25s
[nnue-g1] 1876/79314  9.1 games/s  ETA 2h21m51s
[nnue-g1] 1893/79314  9.1 games/s  ETA 2h21m55s
[nnue-g1] 1914/79314  9.1 games/s  ETA 2h21m40s
[nnue-g1] 1933/79314  9.1 games/s  ETA 2h21m35s
[nnue-g1] 1953/79314  9.1 games/s  ETA 2h21m25s
[nnue-g1] 1973/79314  9.1 games/s  ETA 2h21m15s
[nnue-g1] 1995/79314  9.1 games/s  ETA 2h20m57s
[nnue-g1] 2015/79314  9.2 games/s  ETA 2h20m47s
[nnue-g1] 2036/79314  9.2 games/s  ETA 2h20m34s
[nnue-g1] 2055/79314  9.2 games/s  ETA 2h20m29s
[nnue-g1] 2074/79314  9.2 games/s  ETA 2h20m24s
[nnue-g1] 2094/79314  9.2 games/s  ETA 2h20m16s
[nnue-g1] 2115/79314  9.2 games/s  ETA 2h20m03s
[nnue-g1] 2132/79314  9.2 games/s  ETA 2h20m07s
[nnue-g1] 2152/79314  9.2 games/s  ETA 2h19m58s
[nnue-g1] 2172/79314  9.2 games/s  ETA 2h19m50s
[nnue-g1] 2192/79314  9.2 games/s  ETA 2h19m41s
[nnue-g1] 2209/79314  9.2 games/s  ETA 2h19m45s
[nnue-g1] 2232/79314  9.2 games/s  ETA 2h19m25s
[nnue-g1] 2252/79314  9.2 games/s  ETA 2h19m17s
[nnue-g1] 2272/79314  9.2 games/s  ETA 2h19m09s
[nnue-g1] 2293/79314  9.2 games/s  ETA 2h18m58s
[nnue-g1] 2309/79314  9.2 games/s  ETA 2h19m05s
[nnue-g1] 2331/79314  9.2 games/s  ETA 2h18m50s
[nnue-g1] 2352/79314  9.3 games/s  ETA 2h18m39s
[nnue-g1] 2370/79314  9.2 games/s  ETA 2h18m39s
[nnue-g1] 2388/79314  9.2 games/s  ETA 2h18m39s
[nnue-g1] 2410/79314  9.3 games/s  ETA 2h18m24s
[nnue-g1] 2431/79314  9.3 games/s  ETA 2h18m14s
[nnue-g1] 2447/79314  9.3 games/s  ETA 2h18m21s
[nnue-g1] 2467/79314  9.3 games/s  ETA 2h18m14s
[nnue-g1] 2485/79314  9.3 games/s  ETA 2h18m14s
[nnue-g1] 2502/79314  9.3 games/s  ETA 2h18m17s
[nnue-g1] 2525/79314  9.3 games/s  ETA 2h18m00s
[nnue-g1] 2540/79314  9.3 games/s  ETA 2h18m10s
[nnue-g1] 2559/79314  9.3 games/s  ETA 2h18m06s
[nnue-g1] 2582/79314  9.3 games/s  ETA 2h17m49s
[nnue-g1] 2601/79314  9.3 games/s  ETA 2h17m46s
[nnue-g1] 2622/79314  9.3 games/s  ETA 2h17m36s
[nnue-g1] 2639/79314  9.3 games/s  ETA 2h17m39s
[nnue-g1] 2654/79314  9.3 games/s  ETA 2h17m49s
[nnue-g1] 2673/79314  9.3 games/s  ETA 2h17m45s
[nnue-g1] 2690/79314  9.3 games/s  ETA 2h17m48s
[nnue-g1] 2711/79314  9.3 games/s  ETA 2h17m39s
[nnue-g1] 2729/79314  9.3 games/s  ETA 2h17m38s
[nnue-g1] 2748/79314  9.3 games/s  ETA 2h17m35s
[nnue-g1] 2764/79314  9.3 games/s  ETA 2h17m41s
[nnue-g1] 2781/79314  9.3 games/s  ETA 2h17m44s
[nnue-g1] 2801/79314  9.3 games/s  ETA 2h17m37s
[nnue-g1] 2816/79314  9.3 games/s  ETA 2h17m46s
[nnue-g1] 2837/79314  9.3 games/s  ETA 2h17m37s
[nnue-g1] 2855/79314  9.3 games/s  ETA 2h17m36s
[nnue-g1] 2877/79314  9.3 games/s  ETA 2h17m24s
[nnue-g1] 2900/79314  9.3 games/s  ETA 2h17m09s
[nnue-g1] 2921/79314  9.3 games/s  ETA 2h17m00s
[nnue-g1] 2939/79314  9.3 games/s  ETA 2h16m59s
[nnue-g1] 2960/79314  9.3 games/s  ETA 2h16m51s
[nnue-g1] 2982/79314  9.3 games/s  ETA 2h16m39s
[nnue-g1] 3002/79314  9.3 games/s  ETA 2h16m33s
[nnue-g1] 3021/79314  9.3 games/s  ETA 2h16m30s
[nnue-g1] 3039/79314  9.3 games/s  ETA 2h16m30s
[nnue-g1] 3061/79314  9.3 games/s  ETA 2h16m18s
[nnue-g1] 3079/79314  9.3 games/s  ETA 2h16m18s
[nnue-g1] 3100/79314  9.3 games/s  ETA 2h16m10s
[nnue-g1] 3122/79314  9.3 games/s  ETA 2h15m59s
[nnue-g1] 3142/79314  9.3 games/s  ETA 2h15m53s
[nnue-g1] 3161/79314  9.3 games/s  ETA 2h15m50s
[nnue-g1] 3179/79314  9.3 games/s  ETA 2h15m50s
[nnue-g1] 3200/79314  9.3 games/s  ETA 2h15m42s
[nnue-g1] 3221/79314  9.4 games/s  ETA 2h15m34s
[nnue-g1] 3236/79314  9.3 games/s  ETA 2h15m42s
[nnue-g1] 3261/79314  9.4 games/s  ETA 2h15m24s
[nnue-g1] 3284/79314  9.4 games/s  ETA 2h15m11s
[nnue-g1] 3302/79314  9.4 games/s  ETA 2h15m11s
[nnue-g1] 3321/79314  9.4 games/s  ETA 2h15m08s
[nnue-g1] 3338/79314  9.4 games/s  ETA 2h15m10s
[nnue-g1] 3358/79314  9.4 games/s  ETA 2h15m05s
[nnue-g1] 3378/79314  9.4 games/s  ETA 2h15m00s
[nnue-g1] 3395/79314  9.4 games/s  ETA 2h15m02s
[nnue-g1] 3413/79314  9.4 games/s  ETA 2h15m02s
[nnue-g1] 3430/79314  9.4 games/s  ETA 2h15m05s
[nnue-g1] 3448/79314  9.4 games/s  ETA 2h15m04s
[nnue-g1] 3463/79314  9.4 games/s  ETA 2h15m11s
[nnue-g1] 3482/79314  9.4 games/s  ETA 2h15m09s
[nnue-g1] 3502/79314  9.4 games/s  ETA 2h15m04s
[nnue-g1] 3517/79314  9.3 games/s  ETA 2h15m11s
[nnue-g1] 3533/79314  9.3 games/s  ETA 2h15m15s
[nnue-g1] 3549/79314  9.3 games/s  ETA 2h15m20s
[nnue-g1] 3565/79314  9.3 games/s  ETA 2h15m24s
[nnue-g1] 3582/79314  9.3 games/s  ETA 2h15m26s
[nnue-g1] 3596/79314  9.3 games/s  ETA 2h15m35s
[nnue-g1] 3614/79314  9.3 games/s  ETA 2h15m35s
[nnue-g1] 3633/79314  9.3 games/s  ETA 2h15m32s
[nnue-g1] 3655/79314  9.3 games/s  ETA 2h15m22s
[nnue-g1] 3670/79314  9.3 games/s  ETA 2h15m29s
[nnue-g1] 3689/79314  9.3 games/s  ETA 2h15m26s
[nnue-g1] 3711/79314  9.3 games/s  ETA 2h15m16s
[nnue-g1] 3726/79314  9.3 games/s  ETA 2h15m22s
[nnue-g1] 3743/79314  9.3 games/s  ETA 2h15m24s
[nnue-g1] 3759/79314  9.3 games/s  ETA 2h15m28s
[nnue-g1] 3779/79314  9.3 games/s  ETA 2h15m23s
[nnue-g1] 3796/79314  9.3 games/s  ETA 2h15m25s
[nnue-g1] 3813/79314  9.3 games/s  ETA 2h15m26s
[nnue-g1] 3832/79314  9.3 games/s  ETA 2h15m23s
[nnue-g1] 3851/79314  9.3 games/s  ETA 2h15m20s
[nnue-g1] 3867/79314  9.3 games/s  ETA 2h15m24s
[nnue-g1] 3887/79314  9.3 games/s  ETA 2h15m19s
[nnue-g1] 3906/79314  9.3 games/s  ETA 2h15m16s
[nnue-g1] 3919/79314  9.3 games/s  ETA 2h15m26s
[nnue-g1] 3937/79314  9.3 games/s  ETA 2h15m26s
[nnue-g1] 3956/79314  9.3 games/s  ETA 2h15m23s
[nnue-g1] 3976/79314  9.3 games/s  ETA 2h15m18s
[nnue-g1] 3994/79314  9.3 games/s  ETA 2h15m17s
[nnue-g1] 4012/79314  9.3 games/s  ETA 2h15m16s
[nnue-g1] 4035/79314  9.3 games/s  ETA 2h15m05s
[nnue-g1] 4053/79314  9.3 games/s  ETA 2h15m04s
[nnue-g1] 4073/79314  9.3 games/s  ETA 2h14m59s
[nnue-g1] 4093/79314  9.3 games/s  ETA 2h14m54s
[nnue-g1] 4119/79314  9.3 games/s  ETA 2h14m37s
[nnue-g1] 4139/79314  9.3 games/s  ETA 2h14m32s
[nnue-g1] 4163/79314  9.3 games/s  ETA 2h14m19s
[nnue-g1] 4185/79314  9.3 games/s  ETA 2h14m10s
[nnue-g1] 4206/79314  9.3 games/s  ETA 2h14m04s
[nnue-g1] 4225/79314  9.3 games/s  ETA 2h14m01s
[nnue-g1] 4248/79314  9.3 games/s  ETA 2h13m51s
[nnue-g1] 4271/79314  9.4 games/s  ETA 2h13m40s
[nnue-g1] 4289/79314  9.4 games/s  ETA 2h13m40s
[nnue-g1] 4307/79314  9.4 games/s  ETA 2h13m39s
[nnue-g1] 4325/79314  9.4 games/s  ETA 2h13m38s
[nnue-g1] 4349/79314  9.4 games/s  ETA 2h13m26s
[nnue-g1] 4364/79314  9.4 games/s  ETA 2h13m31s
[nnue-g1] 4385/79314  9.4 games/s  ETA 2h13m25s
[nnue-g1] 4403/79314  9.4 games/s  ETA 2h13m24s
[nnue-g1] 4421/79314  9.4 games/s  ETA 2h13m24s
[nnue-g1] 4437/79314  9.4 games/s  ETA 2h13m27s
[nnue-g1] 4454/79314  9.3 games/s  ETA 2h13m28s
[nnue-g1] 4479/79314  9.4 games/s  ETA 2h13m14s
[nnue-g1] 4496/79314  9.4 games/s  ETA 2h13m16s
[nnue-g1] 4517/79314  9.4 games/s  ETA 2h13m09s
[nnue-g1] 4533/79314  9.4 games/s  ETA 2h13m12s
[nnue-g1] 4548/79314  9.3 games/s  ETA 2h13m17s
[nnue-g1] 4568/79314  9.4 games/s  ETA 2h13m13s
[nnue-g1] 4584/79314  9.3 games/s  ETA 2h13m16s
[nnue-g1] 4603/79314  9.3 games/s  ETA 2h13m14s
[nnue-g1] 4622/79314  9.3 games/s  ETA 2h13m11s
[nnue-g1] 4642/79314  9.3 games/s  ETA 2h13m07s
[nnue-g1] 4659/79314  9.3 games/s  ETA 2h13m08s
[nnue-g1] 4677/79314  9.3 games/s  ETA 2h13m07s
[nnue-g1] 4696/79314  9.3 games/s  ETA 2h13m05s
[nnue-g1] 4717/79314  9.3 games/s  ETA 2h12m58s
[nnue-g1] 4734/79314  9.3 games/s  ETA 2h12m59s
[nnue-g1] 4749/79314  9.3 games/s  ETA 2h13m04s
[nnue-g1] 4770/79314  9.3 games/s  ETA 2h12m58s
[nnue-g1] 4786/79314  9.3 games/s  ETA 2h13m01s
[nnue-g1] 4810/79314  9.3 games/s  ETA 2h12m49s
[nnue-g1] 4826/79314  9.3 games/s  ETA 2h12m52s
[nnue-g1] 4843/79314  9.3 games/s  ETA 2h12m53s
[nnue-g1] 4863/79314  9.3 games/s  ETA 2h12m49s
[nnue-g1] 4885/79314  9.3 games/s  ETA 2h12m41s
[nnue-g1] 4906/79314  9.4 games/s  ETA 2h12m35s
[nnue-g1] 4930/79314  9.4 games/s  ETA 2h12m24s
[nnue-g1] 4948/79314  9.4 games/s  ETA 2h12m23s
[nnue-g1] 4968/79314  9.4 games/s  ETA 2h12m19s
[nnue-g1] 4987/79314  9.4 games/s  ETA 2h12m17s
[nnue-g1] 5010/79314  9.4 games/s  ETA 2h12m08s
[nnue-g1] 5028/79314  9.4 games/s  ETA 2h12m07s
[nnue-g1] 5052/79314  9.4 games/s  ETA 2h11m56s
[nnue-g1] 5070/79314  9.4 games/s  ETA 2h11m55s
[nnue-g1] 5090/79314  9.4 games/s  ETA 2h11m51s
[nnue-g1] 5111/79314  9.4 games/s  ETA 2h11m46s
[nnue-g1] 5133/79314  9.4 games/s  ETA 2h11m39s
[nnue-g1] 5156/79314  9.4 games/s  ETA 2h11m30s
[nnue-g1] 5175/79314  9.4 games/s  ETA 2h11m27s
[nnue-g1] 5197/79314  9.4 games/s  ETA 2h11m20s
[nnue-g1] 5218/79314  9.4 games/s  ETA 2h11m15s
[nnue-g1] 5238/79314  9.4 games/s  ETA 2h11m11s
[nnue-g1] 5258/79314  9.4 games/s  ETA 2h11m07s
[nnue-g1] 5280/79314  9.4 games/s  ETA 2h11m00s
[nnue-g1] 5299/79314  9.4 games/s  ETA 2h10m58s
[nnue-g1] 5318/79314  9.4 games/s  ETA 2h10m55s
[nnue-g1] 5337/79314  9.4 games/s  ETA 2h10m53s
[nnue-g1] 5352/79314  9.4 games/s  ETA 2h10m57s
[nnue-g1] 5370/79314  9.4 games/s  ETA 2h10m57s
[nnue-g1] 5391/79314  9.4 games/s  ETA 2h10m51s
[nnue-g1] 5403/79314  9.4 games/s  ETA 2h11m00s
[nnue-g1] 5423/79314  9.4 games/s  ETA 2h10m56s
[nnue-g1] 5443/79314  9.4 games/s  ETA 2h10m52s
[nnue-g1] 5457/79314  9.4 games/s  ETA 2h10m58s
[nnue-g1] 5474/79314  9.4 games/s  ETA 2h10m59s
[nnue-g1] 5492/79314  9.4 games/s  ETA 2h10m58s
[nnue-g1] 5512/79314  9.4 games/s  ETA 2h10m54s
[nnue-g1] 5530/79314  9.4 games/s  ETA 2h10m53s
[nnue-g1] 5547/79314  9.4 games/s  ETA 2h10m54s
[nnue-g1] 5567/79314  9.4 games/s  ETA 2h10m50s
[nnue-g1] 5585/79314  9.4 games/s  ETA 2h10m49s
[nnue-g1] 5600/79314  9.4 games/s  ETA 2h10m53s
[nnue-g1] 5618/79314  9.4 games/s  ETA 2h10m53s
[nnue-g1] 5638/79314  9.4 games/s  ETA 2h10m49s
[nnue-g1] 5655/79314  9.4 games/s  ETA 2h10m49s
[nnue-g1] 5672/79314  9.4 games/s  ETA 2h10m50s
[nnue-g1] 5694/79314  9.4 games/s  ETA 2h10m43s
[nnue-g1] 5712/79314  9.4 games/s  ETA 2h10m42s
[nnue-g1] 5728/79314  9.4 games/s  ETA 2h10m45s
[nnue-g1] 5741/79314  9.4 games/s  ETA 2h10m51s
[nnue-g1] 5759/79314  9.4 games/s  ETA 2h10m50s
[nnue-g1] 5779/79314  9.4 games/s  ETA 2h10m46s
[nnue-g1] 5797/79314  9.4 games/s  ETA 2h10m45s
[nnue-g1] 5815/79314  9.4 games/s  ETA 2h10m45s
[nnue-g1] 5834/79314  9.4 games/s  ETA 2h10m42s
[nnue-g1] 5852/79314  9.4 games/s  ETA 2h10m41s
[nnue-g1] 5869/79314  9.4 games/s  ETA 2h10m42s
[nnue-g1] 5889/79314  9.4 games/s  ETA 2h10m38s
[nnue-g1] 5908/79314  9.4 games/s  ETA 2h10m36s
[nnue-g1] 5927/79314  9.4 games/s  ETA 2h10m33s
[nnue-g1] 5945/79314  9.4 games/s  ETA 2h10m32s
[nnue-g1] 5961/79314  9.4 games/s  ETA 2h10m34s
[nnue-g1] 5983/79314  9.4 games/s  ETA 2h10m28s
[nnue-g1] 6000/79314  9.4 games/s  ETA 2h10m28s
[nnue-g1] 6019/79314  9.4 games/s  ETA 2h10m26s
[nnue-g1] 6035/79314  9.4 games/s  ETA 2h10m27s
[nnue-g1] 6052/79314  9.4 games/s  ETA 2h10m28s
[nnue-g1] 6074/79314  9.4 games/s  ETA 2h10m21s
[nnue-g1] 6092/79314  9.4 games/s  ETA 2h10m20s
[nnue-g1] 6114/79314  9.4 games/s  ETA 2h10m14s
[nnue-g1] 6137/79314  9.4 games/s  ETA 2h10m06s
[nnue-g1] 6154/79314  9.4 games/s  ETA 2h10m06s
[nnue-g1] 6174/79314  9.4 games/s  ETA 2h10m03s
[nnue-g1] 6194/79314  9.4 games/s  ETA 2h09m59s
[nnue-g1] 6214/79314  9.4 games/s  ETA 2h09m55s
[nnue-g1] 6231/79314  9.4 games/s  ETA 2h09m56s
[nnue-g1] 6247/79314  9.4 games/s  ETA 2h09m57s
[nnue-g1] 6263/79314  9.4 games/s  ETA 2h09m59s
[nnue-g1] 6283/79314  9.4 games/s  ETA 2h09m55s
[nnue-g1] 6302/79314  9.4 games/s  ETA 2h09m53s
[nnue-g1] 6321/79314  9.4 games/s  ETA 2h09m51s
[nnue-g1] 6335/79314  9.4 games/s  ETA 2h09m55s
[nnue-g1] 6348/79314  9.4 games/s  ETA 2h10m01s
[nnue-g1] 6367/79314  9.4 games/s  ETA 2h09m58s
[nnue-g1] 6381/79314  9.3 games/s  ETA 2h10m03s
[nnue-g1] 6402/79314  9.4 games/s  ETA 2h09m58s
[nnue-g1] 6421/79314  9.4 games/s  ETA 2h09m55s
[nnue-g1] 6440/79314  9.4 games/s  ETA 2h09m53s
[nnue-g1] 6455/79314  9.3 games/s  ETA 2h09m56s
[nnue-g1] 6475/79314  9.3 games/s  ETA 2h09m52s
[nnue-g1] 6495/79314  9.3 games/s  ETA 2h09m48s
[nnue-g1] 6512/79314  9.3 games/s  ETA 2h09m48s
[nnue-g1] 6535/79314  9.4 games/s  ETA 2h09m41s
[nnue-g1] 6554/79314  9.4 games/s  ETA 2h09m39s
[nnue-g1] 6569/79314  9.3 games/s  ETA 2h09m41s
[nnue-g1] 6586/79314  9.3 games/s  ETA 2h09m42s
[nnue-g1] 6601/79314  9.3 games/s  ETA 2h09m44s
[nnue-g1] 6621/79314  9.3 games/s  ETA 2h09m41s
[nnue-g1] 6641/79314  9.3 games/s  ETA 2h09m37s
[nnue-g1] 6657/79314  9.3 games/s  ETA 2h09m38s
[nnue-g1] 6678/79314  9.3 games/s  ETA 2h09m33s
[nnue-g1] 6697/79314  9.3 games/s  ETA 2h09m31s
[nnue-g1] 6712/79314  9.3 games/s  ETA 2h09m34s
[nnue-g1] 6735/79314  9.3 games/s  ETA 2h09m26s
[nnue-g1] 6751/79314  9.3 games/s  ETA 2h09m28s
[nnue-g1] 6770/79314  9.3 games/s  ETA 2h09m25s
[nnue-g1] 6787/79314  9.3 games/s  ETA 2h09m26s
[nnue-g1] 6808/79314  9.3 games/s  ETA 2h09m21s
[nnue-g1] 6823/79314  9.3 games/s  ETA 2h09m23s
[nnue-g1] 6839/79314  9.3 games/s  ETA 2h09m25s
[nnue-g1] 6861/79314  9.3 games/s  ETA 2h09m18s
[nnue-g1] 6881/79314  9.3 games/s  ETA 2h09m15s
[nnue-g1] 6903/79314  9.3 games/s  ETA 2h09m09s
[nnue-g1] 6920/79314  9.3 games/s  ETA 2h09m09s
[nnue-g1] 6942/79314  9.3 games/s  ETA 2h09m03s
[nnue-g1] 6962/79314  9.3 games/s  ETA 2h08m59s
[nnue-g1] 6984/79314  9.4 games/s  ETA 2h08m53s
[nnue-g1] 7001/79314  9.4 games/s  ETA 2h08m53s
[nnue-g1] 7019/79314  9.3 games/s  ETA 2h08m52s
[nnue-g1] 7038/79314  9.3 games/s  ETA 2h08m50s
[nnue-g1] 7055/79314  9.3 games/s  ETA 2h08m50s
[nnue-g1] 7071/79314  9.3 games/s  ETA 2h08m51s
[nnue-g1] 7086/79314  9.3 games/s  ETA 2h08m54s
[nnue-g1] 7106/79314  9.3 games/s  ETA 2h08m50s
[nnue-g1] 7127/79314  9.3 games/s  ETA 2h08m45s
[nnue-g1] 7141/79314  9.3 games/s  ETA 2h08m49s
[nnue-g1] 7160/79314  9.3 games/s  ETA 2h08m47s
[nnue-g1] 7179/79314  9.3 games/s  ETA 2h08m44s
[nnue-g1] 7199/79314  9.3 games/s  ETA 2h08m41s
[nnue-g1] 7222/79314  9.3 games/s  ETA 2h08m34s
[nnue-g1] 7245/79314  9.4 games/s  ETA 2h08m27s
[nnue-g1] 7262/79314  9.3 games/s  ETA 2h08m27s
[nnue-g1] 7278/79314  9.3 games/s  ETA 2h08m28s
[nnue-g1] 7299/79314  9.3 games/s  ETA 2h08m23s
[nnue-g1] 7316/79314  9.3 games/s  ETA 2h08m23s
[nnue-g1] 7333/79314  9.3 games/s  ETA 2h08m23s
[nnue-g1] 7351/79314  9.3 games/s  ETA 2h08m22s
[nnue-g1] 7367/79314  9.3 games/s  ETA 2h08m23s
[nnue-g1] 7382/79314  9.3 games/s  ETA 2h08m25s
[nnue-g1] 7401/79314  9.3 games/s  ETA 2h08m23s
[nnue-g1] 7419/79314  9.3 games/s  ETA 2h08m22s
[nnue-g1] 7439/79314  9.3 games/s  ETA 2h08m18s
[nnue-g1] 7452/79314  9.3 games/s  ETA 2h08m23s
[nnue-g1] 7464/79314  9.3 games/s  ETA 2h08m28s
[nnue-g1] 7484/79314  9.3 games/s  ETA 2h08m25s
[nnue-g1] 7500/79314  9.3 games/s  ETA 2h08m26s
[nnue-g1] 7519/79314  9.3 games/s  ETA 2h08m23s
[nnue-g1] 7535/79314  9.3 games/s  ETA 2h08m24s
[nnue-g1] 7554/79314  9.3 games/s  ETA 2h08m22s
[nnue-g1] 7570/79314  9.3 games/s  ETA 2h08m23s
[nnue-g1] 7589/79314  9.3 games/s  ETA 2h08m20s
[nnue-g1] 7605/79314  9.3 games/s  ETA 2h08m21s
[nnue-g1] 7626/79314  9.3 games/s  ETA 2h08m17s
[nnue-g1] 7644/79314  9.3 games/s  ETA 2h08m15s
[nnue-g1] 7660/79314  9.3 games/s  ETA 2h08m16s
[nnue-g1] 7681/79314  9.3 games/s  ETA 2h08m12s
[nnue-g1] 7702/79314  9.3 games/s  ETA 2h08m07s
[nnue-g1] 7720/79314  9.3 games/s  ETA 2h08m06s
[nnue-g1] 7742/79314  9.3 games/s  ETA 2h08m00s
[nnue-g1] 7760/79314  9.3 games/s  ETA 2h07m59s
[nnue-g1] 7774/79314  9.3 games/s  ETA 2h08m02s
[nnue-g1] 7792/79314  9.3 games/s  ETA 2h08m01s
[nnue-g1] 7805/79314  9.3 games/s  ETA 2h08m05s
[nnue-g1] 7825/79314  9.3 games/s  ETA 2h08m01s
[nnue-g1] 7843/79314  9.3 games/s  ETA 2h08m00s
[nnue-g1] 7856/79314  9.3 games/s  ETA 2h08m04s
[nnue-g1] 7870/79314  9.3 games/s  ETA 2h08m07s
[nnue-g1] 7887/79314  9.3 games/s  ETA 2h08m07s
[nnue-g1] 7903/79314  9.3 games/s  ETA 2h08m08s
[nnue-g1] 7920/79314  9.3 games/s  ETA 2h08m07s
[nnue-g1] 7937/79314  9.3 games/s  ETA 2h08m07s
[nnue-g1] 7955/79314  9.3 games/s  ETA 2h08m06s
[nnue-g1] 7972/79314  9.3 games/s  ETA 2h08m05s
[nnue-g1] 7990/79314  9.3 games/s  ETA 2h08m04s
[nnue-g1] 8008/79314  9.3 games/s  ETA 2h08m02s
[nnue-g1] 8025/79314  9.3 games/s  ETA 2h08m02s
[nnue-g1] 8043/79314  9.3 games/s  ETA 2h08m01s
[nnue-g1] 8057/79314  9.3 games/s  ETA 2h08m04s
[nnue-g1] 8071/79314  9.3 games/s  ETA 2h08m06s
[nnue-g1] 8084/79314  9.3 games/s  ETA 2h08m10s
[nnue-g1] 8104/79314  9.3 games/s  ETA 2h08m07s
[nnue-g1] 8122/79314  9.3 games/s  ETA 2h08m05s
[nnue-g1] 8141/79314  9.3 games/s  ETA 2h08m03s
[nnue-g1] 8158/79314  9.3 games/s  ETA 2h08m02s
[nnue-g1] 8174/79314  9.3 games/s  ETA 2h08m03s
[nnue-g1] 8194/79314  9.3 games/s  ETA 2h08m00s
[nnue-g1] 8213/79314  9.3 games/s  ETA 2h07m57s
[nnue-g1] 8235/79314  9.3 games/s  ETA 2h07m51s
[nnue-g1] 8257/79314  9.3 games/s  ETA 2h07m46s
[nnue-g1] 8273/79314  9.3 games/s  ETA 2h07m47s
[nnue-g1] 8295/79314  9.3 games/s  ETA 2h07m41s
[nnue-g1] 8313/79314  9.3 games/s  ETA 2h07m40s
[nnue-g1] 8333/79314  9.3 games/s  ETA 2h07m36s
[nnue-g1] 8354/79314  9.3 games/s  ETA 2h07m32s
[nnue-g1] 8371/79314  9.3 games/s  ETA 2h07m31s
[nnue-g1] 8387/79314  9.3 games/s  ETA 2h07m32s
[nnue-g1] 8406/79314  9.3 games/s  ETA 2h07m29s
[nnue-g1] 8424/79314  9.3 games/s  ETA 2h07m28s
[nnue-g1] 8441/79314  9.3 games/s  ETA 2h07m27s
[nnue-g1] 8464/79314  9.3 games/s  ETA 2h07m21s
[nnue-g1] 8484/79314  9.3 games/s  ETA 2h07m18s
[nnue-g1] 8499/79314  9.3 games/s  ETA 2h07m19s
[nnue-g1] 8515/79314  9.3 games/s  ETA 2h07m20s
[nnue-g1] 8535/79314  9.3 games/s  ETA 2h07m16s
[nnue-g1] 8558/79314  9.3 games/s  ETA 2h07m10s
[nnue-g1] 8578/79314  9.3 games/s  ETA 2h07m06s
[nnue-g1] 8595/79314  9.3 games/s  ETA 2h07m06s
[nnue-g1] 8616/79314  9.3 games/s  ETA 2h07m01s
[nnue-g1] 8642/79314  9.3 games/s  ETA 2h06m52s
[nnue-g1] 8661/79314  9.3 games/s  ETA 2h06m50s
[nnue-g1] 8676/79314  9.3 games/s  ETA 2h06m51s
[nnue-g1] 8697/79314  9.3 games/s  ETA 2h06m47s
[nnue-g1] 8712/79314  9.3 games/s  ETA 2h06m48s
[nnue-g1] 8726/79314  9.3 games/s  ETA 2h06m51s
[nnue-g1] 8742/79314  9.3 games/s  ETA 2h06m51s
[nnue-g1] 8760/79314  9.3 games/s  ETA 2h06m50s
[nnue-g1] 8775/79314  9.3 games/s  ETA 2h06m51s
[nnue-g1] 8792/79314  9.3 games/s  ETA 2h06m51s
[nnue-g1] 8806/79314  9.3 games/s  ETA 2h06m53s
[nnue-g1] 8821/79314  9.3 games/s  ETA 2h06m55s
[nnue-g1] 8842/79314  9.3 games/s  ETA 2h06m50s
[nnue-g1] 8859/79314  9.3 games/s  ETA 2h06m50s
[nnue-g1] 8876/79314  9.3 games/s  ETA 2h06m49s
[nnue-g1] 8897/79314  9.3 games/s  ETA 2h06m45s
[nnue-g1] 8910/79314  9.3 games/s  ETA 2h06m48s
[nnue-g1] 8929/79314  9.3 games/s  ETA 2h06m46s
[nnue-g1] 8950/79314  9.3 games/s  ETA 2h06m41s
[nnue-g1] 8964/79314  9.3 games/s  ETA 2h06m44s
[nnue-g1] 8980/79314  9.2 games/s  ETA 2h06m44s
[nnue-g1] 8999/79314  9.2 games/s  ETA 2h06m42s
[nnue-g1] 9016/79314  9.2 games/s  ETA 2h06m41s
[nnue-g1] 9031/79314  9.2 games/s  ETA 2h06m42s
[nnue-g1] 9051/79314  9.2 games/s  ETA 2h06m39s
[nnue-g1] 9064/79314  9.2 games/s  ETA 2h06m42s
[nnue-g1] 9086/79314  9.2 games/s  ETA 2h06m37s
[nnue-g1] 9105/79314  9.2 games/s  ETA 2h06m34s
[nnue-g1] 9122/79314  9.2 games/s  ETA 2h06m34s
[nnue-g1] 9138/79314  9.2 games/s  ETA 2h06m34s
[nnue-g1] 9156/79314  9.2 games/s  ETA 2h06m32s
[nnue-g1] 9171/79314  9.2 games/s  ETA 2h06m34s
[nnue-g1] 9183/79314  9.2 games/s  ETA 2h06m38s
[nnue-g1] 9198/79314  9.2 games/s  ETA 2h06m39s
[nnue-g1] 9213/79314  9.2 games/s  ETA 2h06m40s
[nnue-g1] 9229/79314  9.2 games/s  ETA 2h06m40s
[nnue-g1] 9245/79314  9.2 games/s  ETA 2h06m41s
[nnue-g1] 9260/79314  9.2 games/s  ETA 2h06m42s
[nnue-g1] 9274/79314  9.2 games/s  ETA 2h06m44s
[nnue-g1] 9292/79314  9.2 games/s  ETA 2h06m43s
[nnue-g1] 9310/79314  9.2 games/s  ETA 2h06m41s
[nnue-g1] 9326/79314  9.2 games/s  ETA 2h06m41s
[nnue-g1] 9341/79314  9.2 games/s  ETA 2h06m42s
[nnue-g1] 9361/79314  9.2 games/s  ETA 2h06m39s
[nnue-g1] 9375/79314  9.2 games/s  ETA 2h06m41s
[nnue-g1] 9391/79314  9.2 games/s  ETA 2h06m41s
[nnue-g1] 9405/79314  9.2 games/s  ETA 2h06m43s
[nnue-g1] 9422/79314  9.2 games/s  ETA 2h06m42s
[nnue-g1] 9443/79314  9.2 games/s  ETA 2h06m38s
[nnue-g1] 9460/79314  9.2 games/s  ETA 2h06m37s
[nnue-g1] 9480/79314  9.2 games/s  ETA 2h06m34s
[nnue-g1] 9496/79314  9.2 games/s  ETA 2h06m34s
[nnue-g1] 9517/79314  9.2 games/s  ETA 2h06m30s
[nnue-g1] 9535/79314  9.2 games/s  ETA 2h06m28s
[nnue-g1] 9555/79314  9.2 games/s  ETA 2h06m25s
[nnue-g1] 9572/79314  9.2 games/s  ETA 2h06m24s
[nnue-g1] 9590/79314  9.2 games/s  ETA 2h06m22s
[nnue-g1] 9607/79314  9.2 games/s  ETA 2h06m22s
[nnue-g1] 9624/79314  9.2 games/s  ETA 2h06m21s
[nnue-g1] 9639/79314  9.2 games/s  ETA 2h06m22s
[nnue-g1] 9657/79314  9.2 games/s  ETA 2h06m20s
[nnue-g1] 9674/79314  9.2 games/s  ETA 2h06m19s
[nnue-g1] 9697/79314  9.2 games/s  ETA 2h06m13s
[nnue-g1] 9717/79314  9.2 games/s  ETA 2h06m10s
[nnue-g1] 9737/79314  9.2 games/s  ETA 2h06m06s
[nnue-g1] 9755/79314  9.2 games/s  ETA 2h06m05s
[nnue-g1] 9774/79314  9.2 games/s  ETA 2h06m02s
[nnue-g1] 9793/79314  9.2 games/s  ETA 2h06m00s
[nnue-g1] 9809/79314  9.2 games/s  ETA 2h06m00s
[nnue-g1] 9826/79314  9.2 games/s  ETA 2h05m59s
[nnue-g1] 9837/79314  9.2 games/s  ETA 2h06m04s
[nnue-g1] 9854/79314  9.2 games/s  ETA 2h06m03s
[nnue-g1] 9873/79314  9.2 games/s  ETA 2h06m00s
[nnue-g1] 9889/79314  9.2 games/s  ETA 2h06m00s
[nnue-g1] 9916/79314  9.2 games/s  ETA 2h05m51s
[nnue-g1] 9934/79314  9.2 games/s  ETA 2h05m49s
[nnue-g1] 9961/79314  9.2 games/s  ETA 2h05m40s
[nnue-g1] 9980/79314  9.2 games/s  ETA 2h05m37s
[nnue-g1] 10000/79314  9.2 games/s  ETA 2h05m34s
[nnue-g1] 10022/79314  9.2 games/s  ETA 2h05m29s
[nnue-g1] 10044/79314  9.2 games/s  ETA 2h05m24s
[nnue-g1] 10069/79314  9.2 games/s  ETA 2h05m16s
[nnue-g1] 10091/79314  9.2 games/s  ETA 2h05m11s
[nnue-g1] 10105/79314  9.2 games/s  ETA 2h05m13s
[nnue-g1] 10127/79314  9.2 games/s  ETA 2h05m08s
[nnue-g1] 10147/79314  9.2 games/s  ETA 2h05m04s
[nnue-g1] 10168/79314  9.2 games/s  ETA 2h05m00s
[nnue-g1] 10186/79314  9.2 games/s  ETA 2h04m59s
[nnue-g1] 10207/79314  9.2 games/s  ETA 2h04m55s
[nnue-g1] 10225/79314  9.2 games/s  ETA 2h04m53s
[nnue-g1] 10243/79314  9.2 games/s  ETA 2h04m51s
[nnue-g1] 10260/79314  9.2 games/s  ETA 2h04m51s
[nnue-g1] 10277/79314  9.2 games/s  ETA 2h04m50s
[nnue-g1] 10295/79314  9.2 games/s  ETA 2h04m48s
[nnue-g1] 10311/79314  9.2 games/s  ETA 2h04m48s
[nnue-g1] 10326/79314  9.2 games/s  ETA 2h04m49s
[nnue-g1] 10343/79314  9.2 games/s  ETA 2h04m48s
[nnue-g1] 10358/79314  9.2 games/s  ETA 2h04m49s
[nnue-g1] 10378/79314  9.2 games/s  ETA 2h04m46s
[nnue-g1] 10398/79314  9.2 games/s  ETA 2h04m43s
[nnue-g1] 10425/79314  9.2 games/s  ETA 2h04m34s
[nnue-g1] 10443/79314  9.2 games/s  ETA 2h04m32s
[nnue-g1] 10459/79314  9.2 games/s  ETA 2h04m32s
[nnue-g1] 10481/79314  9.2 games/s  ETA 2h04m27s
[nnue-g1] 10499/79314  9.2 games/s  ETA 2h04m25s
[nnue-g1] 10516/79314  9.2 games/s  ETA 2h04m25s
[nnue-g1] 10539/79314  9.2 games/s  ETA 2h04m19s
[nnue-g1] 10556/79314  9.2 games/s  ETA 2h04m18s
[nnue-g1] 10571/79314  9.2 games/s  ETA 2h04m19s
[nnue-g1] 10588/79314  9.2 games/s  ETA 2h04m18s
[nnue-g1] 10611/79314  9.2 games/s  ETA 2h04m12s
[nnue-g1] 10630/79314  9.2 games/s  ETA 2h04m10s
[nnue-g1] 10654/79314  9.2 games/s  ETA 2h04m03s
[nnue-g1] 10672/79314  9.2 games/s  ETA 2h04m02s
[nnue-g1] 10690/79314  9.2 games/s  ETA 2h04m00s
[nnue-g1] 10711/79314  9.2 games/s  ETA 2h03m56s
[nnue-g1] 10731/79314  9.2 games/s  ETA 2h03m53s
[nnue-g1] 10752/79314  9.2 games/s  ETA 2h03m49s
[nnue-g1] 10772/79314  9.2 games/s  ETA 2h03m46s
[nnue-g1] 10795/79314  9.2 games/s  ETA 2h03m40s
[nnue-g1] 10810/79314  9.2 games/s  ETA 2h03m41s
[nnue-g1] 10830/79314  9.2 games/s  ETA 2h03m38s
[nnue-g1] 10845/79314  9.2 games/s  ETA 2h03m38s
[nnue-g1] 10866/79314  9.2 games/s  ETA 2h03m34s
[nnue-g1] 10885/79314  9.2 games/s  ETA 2h03m32s
[nnue-g1] 10909/79314  9.2 games/s  ETA 2h03m26s
[nnue-g1] 10922/79314  9.2 games/s  ETA 2h03m28s
[nnue-g1] 10949/79314  9.2 games/s  ETA 2h03m19s
[nnue-g1] 10971/79314  9.2 games/s  ETA 2h03m15s
[nnue-g1] 10990/79314  9.2 games/s  ETA 2h03m12s
[nnue-g1] 11010/79314  9.2 games/s  ETA 2h03m09s
[nnue-g1] 11032/79314  9.2 games/s  ETA 2h03m04s
[nnue-g1] 11050/79314  9.2 games/s  ETA 2h03m03s
[nnue-g1] 11069/79314  9.2 games/s  ETA 2h03m00s
[nnue-g1] 11090/79314  9.2 games/s  ETA 2h02m56s
[nnue-g1] 11113/79314  9.3 games/s  ETA 2h02m51s
[nnue-g1] 11129/79314  9.3 games/s  ETA 2h02m51s
[nnue-g1] 11147/79314  9.2 games/s  ETA 2h02m49s
[nnue-g1] 11164/79314  9.2 games/s  ETA 2h02m48s
[nnue-g1] 11183/79314  9.2 games/s  ETA 2h02m46s
[nnue-g1] 11203/79314  9.3 games/s  ETA 2h02m43s
[nnue-g1] 11226/79314  9.3 games/s  ETA 2h02m37s
[nnue-g1] 11243/79314  9.3 games/s  ETA 2h02m37s
[nnue-g1] 11264/79314  9.3 games/s  ETA 2h02m33s
[nnue-g1] 11281/79314  9.3 games/s  ETA 2h02m32s
[nnue-g1] 11301/79314  9.3 games/s  ETA 2h02m29s
[nnue-g1] 11318/79314  9.3 games/s  ETA 2h02m28s
[nnue-g1] 11334/79314  9.3 games/s  ETA 2h02m28s
[nnue-g1] 11349/79314  9.2 games/s  ETA 2h02m28s
[nnue-g1] 11362/79314  9.2 games/s  ETA 2h02m31s
[nnue-g1] 11381/79314  9.2 games/s  ETA 2h02m28s
[nnue-g1] 11394/79314  9.2 games/s  ETA 2h02m30s
[nnue-g1] 11412/79314  9.2 games/s  ETA 2h02m29s
[nnue-g1] 11432/79314  9.2 games/s  ETA 2h02m26s
[nnue-g1] 11445/79314  9.2 games/s  ETA 2h02m28s
[nnue-g1] 11461/79314  9.2 games/s  ETA 2h02m27s
[nnue-g1] 11483/79314  9.2 games/s  ETA 2h02m23s
[nnue-g1] 11500/79314  9.2 games/s  ETA 2h02m22s
[nnue-g1] 11513/79314  9.2 games/s  ETA 2h02m24s
[nnue-g1] 11531/79314  9.2 games/s  ETA 2h02m22s
[nnue-g1] 11548/79314  9.2 games/s  ETA 2h02m21s
[nnue-g1] 11566/79314  9.2 games/s  ETA 2h02m20s
[nnue-g1] 11588/79314  9.2 games/s  ETA 2h02m15s
[nnue-g1] 11604/79314  9.2 games/s  ETA 2h02m15s
[nnue-g1] 11622/79314  9.2 games/s  ETA 2h02m13s
[nnue-g1] 11639/79314  9.2 games/s  ETA 2h02m12s
[nnue-g1] 11655/79314  9.2 games/s  ETA 2h02m12s
[nnue-g1] 11670/79314  9.2 games/s  ETA 2h02m13s
[nnue-g1] 11687/79314  9.2 games/s  ETA 2h02m12s
[nnue-g1] 11702/79314  9.2 games/s  ETA 2h02m12s
[nnue-g1] 11718/79314  9.2 games/s  ETA 2h02m12s
[nnue-g1] 11736/79314  9.2 games/s  ETA 2h02m11s
[nnue-g1] 11744/79314  9.2 games/s  ETA 2h02m16s
[nnue-g1] 11751/79314  9.2 games/s  ETA 2h02m23s
[nnue-g1] 11758/79314  9.2 games/s  ETA 2h02m29s
[nnue-g1] 11765/79314  9.2 games/s  ETA 2h02m35s
[nnue-g1] 11782/79314  9.2 games/s  ETA 2h02m34s
[nnue-g1] 11799/79314  9.2 games/s  ETA 2h02m33s
[nnue-g1] 11814/79314  9.2 games/s  ETA 2h02m34s
[nnue-g1] 11827/79314  9.2 games/s  ETA 2h02m36s
[nnue-g1] 11844/79314  9.2 games/s  ETA 2h02m35s
[nnue-g1] 11862/79314  9.2 games/s  ETA 2h02m33s
[nnue-g1] 11877/79314  9.2 games/s  ETA 2h02m33s
[nnue-g1] 11893/79314  9.2 games/s  ETA 2h02m33s
[nnue-g1] 11907/79314  9.2 games/s  ETA 2h02m34s
[nnue-g1] 11917/79314  9.2 games/s  ETA 2h02m38s
[nnue-g1] 11931/79314  9.2 games/s  ETA 2h02m39s
[nnue-g1] 11945/79314  9.2 games/s  ETA 2h02m41s
[nnue-g1] 11957/79314  9.1 games/s  ETA 2h02m43s
[nnue-g1] 11972/79314  9.1 games/s  ETA 2h02m44s
[nnue-g1] 11981/79314  9.1 games/s  ETA 2h02m48s
[nnue-g1] 11992/79314  9.1 games/s  ETA 2h02m52s
[nnue-g1] 12007/79314  9.1 games/s  ETA 2h02m52s
[nnue-g1] 12018/79314  9.1 games/s  ETA 2h02m55s
[nnue-g1] 12032/79314  9.1 games/s  ETA 2h02m56s
[nnue-g1] 12051/79314  9.1 games/s  ETA 2h02m54s
[nnue-g1] 12070/79314  9.1 games/s  ETA 2h02m51s
[nnue-g1] 12087/79314  9.1 games/s  ETA 2h02m50s
[nnue-g1] 12105/79314  9.1 games/s  ETA 2h02m48s
[nnue-g1] 12127/79314  9.1 games/s  ETA 2h02m44s
[nnue-g1] 12144/79314  9.1 games/s  ETA 2h02m42s
[nnue-g1] 12162/79314  9.1 games/s  ETA 2h02m41s
[nnue-g1] 12180/79314  9.1 games/s  ETA 2h02m39s
[nnue-g1] 12203/79314  9.1 games/s  ETA 2h02m33s
[nnue-g1] 12221/79314  9.1 games/s  ETA 2h02m32s
[nnue-g1] 12244/79314  9.1 games/s  ETA 2h02m26s
[nnue-g1] 12260/79314  9.1 games/s  ETA 2h02m26s
[nnue-g1] 12281/79314  9.1 games/s  ETA 2h02m22s
[nnue-g1] 12301/79314  9.1 games/s  ETA 2h02m19s
[nnue-g1] 12316/79314  9.1 games/s  ETA 2h02m19s
[nnue-g1] 12333/79314  9.1 games/s  ETA 2h02m18s
[nnue-g1] 12352/79314  9.1 games/s  ETA 2h02m15s
[nnue-g1] 12374/79314  9.1 games/s  ETA 2h02m11s
[nnue-g1] 12390/79314  9.1 games/s  ETA 2h02m10s
[nnue-g1] 12409/79314  9.1 games/s  ETA 2h02m08s
[nnue-g1] 12426/79314  9.1 games/s  ETA 2h02m07s
[nnue-g1] 12445/79314  9.1 games/s  ETA 2h02m04s
[nnue-g1] 12461/79314  9.1 games/s  ETA 2h02m04s
[nnue-g1] 12482/79314  9.1 games/s  ETA 2h02m00s
[nnue-g1] 12500/79314  9.1 games/s  ETA 2h01m58s
[nnue-g1] 12517/79314  9.1 games/s  ETA 2h01m57s
[nnue-g1] 12534/79314  9.1 games/s  ETA 2h01m56s
[nnue-g1] 12550/79314  9.1 games/s  ETA 2h01m55s
[nnue-g1] 12568/79314  9.1 games/s  ETA 2h01m54s
[nnue-g1] 12584/79314  9.1 games/s  ETA 2h01m53s
[nnue-g1] 12606/79314  9.1 games/s  ETA 2h01m48s
[nnue-g1] 12618/79314  9.1 games/s  ETA 2h01m51s
[nnue-g1] 12633/79314  9.1 games/s  ETA 2h01m51s
[nnue-g1] 12640/79314  9.1 games/s  ETA 2h01m57s
[nnue-g1] 12646/79314  9.1 games/s  ETA 2h02m03s
[nnue-g1] 12657/79314  9.1 games/s  ETA 2h02m06s
[nnue-g1] 12670/79314  9.1 games/s  ETA 2h02m08s
[nnue-g1] 12683/79314  9.1 games/s  ETA 2h02m09s
[nnue-g1] 12700/79314  9.1 games/s  ETA 2h02m08s
[nnue-g1] 12709/79314  9.1 games/s  ETA 2h02m12s
[nnue-g1] 12728/79314  9.1 games/s  ETA 2h02m10s
[nnue-g1] 12742/79314  9.1 games/s  ETA 2h02m11s
[nnue-g1] 12757/79314  9.1 games/s  ETA 2h02m11s
[nnue-g1] 12774/79314  9.1 games/s  ETA 2h02m10s
[nnue-g1] 12792/79314  9.1 games/s  ETA 2h02m08s
[nnue-g1] 12810/79314  9.1 games/s  ETA 2h02m06s
[nnue-g1] 12823/79314  9.1 games/s  ETA 2h02m07s
[nnue-g1] 12840/79314  9.1 games/s  ETA 2h02m06s
[nnue-g1] 12856/79314  9.1 games/s  ETA 2h02m06s
[nnue-g1] 12873/79314  9.1 games/s  ETA 2h02m04s
[nnue-g1] 12894/79314  9.1 games/s  ETA 2h02m01s
[nnue-g1] 12904/79314  9.1 games/s  ETA 2h02m04s
[nnue-g1] 12914/79314  9.1 games/s  ETA 2h02m08s
[nnue-g1] 12925/79314  9.1 games/s  ETA 2h02m10s
[nnue-g1] 12940/79314  9.1 games/s  ETA 2h02m11s
[nnue-g1] 12954/79314  9.1 games/s  ETA 2h02m11s
[nnue-g1] 12965/79314  9.0 games/s  ETA 2h02m14s
[nnue-g1] 12981/79314  9.0 games/s  ETA 2h02m14s
[nnue-g1] 12994/79314  9.0 games/s  ETA 2h02m15s
[nnue-g1] 13008/79314  9.0 games/s  ETA 2h02m16s
[nnue-g1] 13019/79314  9.0 games/s  ETA 2h02m18s
[nnue-g1] 13027/79314  9.0 games/s  ETA 2h02m23s
[nnue-g1] 13037/79314  9.0 games/s  ETA 2h02m27s
[nnue-g1] 13048/79314  9.0 games/s  ETA 2h02m29s
[nnue-g1] 13060/79314  9.0 games/s  ETA 2h02m32s
[nnue-g1] 13071/79314  9.0 games/s  ETA 2h02m34s
[nnue-g1] 13082/79314  9.0 games/s  ETA 2h02m37s
[nnue-g1] 13098/79314  9.0 games/s  ETA 2h02m36s
[nnue-g1] 13107/79314  9.0 games/s  ETA 2h02m40s
[nnue-g1] 13123/79314  9.0 games/s  ETA 2h02m40s
[nnue-g1] 13135/79314  9.0 games/s  ETA 2h02m42s
[nnue-g1] 13152/79314  9.0 games/s  ETA 2h02m40s
[nnue-g1] 13163/79314  9.0 games/s  ETA 2h02m43s
[nnue-g1] 13182/79314  9.0 games/s  ETA 2h02m40s
[nnue-g1] 13197/79314  9.0 games/s  ETA 2h02m40s
[nnue-g1] 13212/79314  9.0 games/s  ETA 2h02m40s
[nnue-g1] 13224/79314  9.0 games/s  ETA 2h02m42s
[nnue-g1] 13244/79314  9.0 games/s  ETA 2h02m39s
[nnue-g1] 13256/79314  9.0 games/s  ETA 2h02m41s
[nnue-g1] 13277/79314  9.0 games/s  ETA 2h02m37s
[nnue-g1] 13292/79314  9.0 games/s  ETA 2h02m37s
[nnue-g1] 13308/79314  9.0 games/s  ETA 2h02m36s
[nnue-g1] 13323/79314  9.0 games/s  ETA 2h02m36s
[nnue-g1] 13335/79314  9.0 games/s  ETA 2h02m38s
[nnue-g1] 13349/79314  9.0 games/s  ETA 2h02m39s
[nnue-g1] 13362/79314  9.0 games/s  ETA 2h02m40s
[nnue-g1] 13376/79314  9.0 games/s  ETA 2h02m41s
[nnue-g1] 13389/79314  9.0 games/s  ETA 2h02m42s
[nnue-g1] 13398/79314  8.9 games/s  ETA 2h02m46s
[nnue-g1] 13410/79314  8.9 games/s  ETA 2h02m48s
[nnue-g1] 13424/79314  8.9 games/s  ETA 2h02m48s
[nnue-g1] 13437/79314  8.9 games/s  ETA 2h02m49s
[nnue-g1] 13453/79314  8.9 games/s  ETA 2h02m49s
[nnue-g1] 13469/79314  8.9 games/s  ETA 2h02m48s
[nnue-g1] 13481/79314  8.9 games/s  ETA 2h02m50s
[nnue-g1] 13495/79314  8.9 games/s  ETA 2h02m50s
[nnue-g1] 13503/79314  8.9 games/s  ETA 2h02m55s
[nnue-g1] 13517/79314  8.9 games/s  ETA 2h02m55s
[nnue-g1] 13527/79314  8.9 games/s  ETA 2h02m59s
[nnue-g1] 13540/79314  8.9 games/s  ETA 2h03m00s
[nnue-g1] 13552/79314  8.9 games/s  ETA 2h03m02s
[nnue-g1] 13565/79314  8.9 games/s  ETA 2h03m03s
[nnue-g1] 13574/79314  8.9 games/s  ETA 2h03m06s
[nnue-g1] 13583/79314  8.9 games/s  ETA 2h03m10s
[nnue-g1] 13596/79314  8.9 games/s  ETA 2h03m11s
[nnue-g1] 13605/79314  8.9 games/s  ETA 2h03m15s
[nnue-g1] 13615/79314  8.9 games/s  ETA 2h03m18s
[nnue-g1] 13625/79314  8.9 games/s  ETA 2h03m21s
[nnue-g1] 13640/79314  8.9 games/s  ETA 2h03m21s
[nnue-g1] 13651/79314  8.9 games/s  ETA 2h03m24s
[nnue-g1] 13660/79314  8.9 games/s  ETA 2h03m27s
[nnue-g1] 13674/79314  8.9 games/s  ETA 2h03m28s
[nnue-g1] 13690/79314  8.9 games/s  ETA 2h03m27s
[nnue-g1] 13705/79314  8.9 games/s  ETA 2h03m27s
[nnue-g1] 13715/79314  8.9 games/s  ETA 2h03m30s
[nnue-g1] 13727/79314  8.8 games/s  ETA 2h03m31s
[nnue-g1] 13741/79314  8.8 games/s  ETA 2h03m32s
[nnue-g1] 13749/79314  8.8 games/s  ETA 2h03m36s
[nnue-g1] 13762/79314  8.8 games/s  ETA 2h03m37s
[nnue-g1] 13776/79314  8.8 games/s  ETA 2h03m38s
[nnue-g1] 13788/79314  8.8 games/s  ETA 2h03m39s
[nnue-g1] 13802/79314  8.8 games/s  ETA 2h03m40s
[nnue-g1] 13812/79314  8.8 games/s  ETA 2h03m43s
[nnue-g1] 13824/79314  8.8 games/s  ETA 2h03m44s
[nnue-g1] 13835/79314  8.8 games/s  ETA 2h03m47s
[nnue-g1] 13847/79314  8.8 games/s  ETA 2h03m48s
[nnue-g1] 13858/79314  8.8 games/s  ETA 2h03m51s
[nnue-g1] 13870/79314  8.8 games/s  ETA 2h03m52s
[nnue-g1] 13877/79314  8.8 games/s  ETA 2h03m57s
[nnue-g1] 13889/79314  8.8 games/s  ETA 2h03m59s
[nnue-g1] 13899/79314  8.8 games/s  ETA 2h04m02s
[nnue-g1] 13910/79314  8.8 games/s  ETA 2h04m04s
[nnue-g1] 13922/79314  8.8 games/s  ETA 2h04m06s
[nnue-g1] 13928/79314  8.8 games/s  ETA 2h04m11s
[nnue-g1] 13939/79314  8.8 games/s  ETA 2h04m13s
[nnue-g1] 13948/79314  8.8 games/s  ETA 2h04m17s
[nnue-g1] 13958/79314  8.8 games/s  ETA 2h04m20s
[nnue-g1] 13973/79314  8.8 games/s  ETA 2h04m19s
[nnue-g1] 13985/79314  8.8 games/s  ETA 2h04m21s
[nnue-g1] 13998/79314  8.8 games/s  ETA 2h04m22s
[nnue-g1] 14011/79314  8.7 games/s  ETA 2h04m23s
[nnue-g1] 14022/79314  8.7 games/s  ETA 2h04m25s
[nnue-g1] 14038/79314  8.7 games/s  ETA 2h04m24s
[nnue-g1] 14055/79314  8.7 games/s  ETA 2h04m22s
[nnue-g1] 14066/79314  8.7 games/s  ETA 2h04m25s
[nnue-g1] 14077/79314  8.7 games/s  ETA 2h04m27s
[nnue-g1] 14092/79314  8.7 games/s  ETA 2h04m26s
[nnue-g1] 14108/79314  8.7 games/s  ETA 2h04m25s
[nnue-g1] 14122/79314  8.7 games/s  ETA 2h04m26s
[nnue-g1] 14135/79314  8.7 games/s  ETA 2h04m26s
[nnue-g1] 14148/79314  8.7 games/s  ETA 2h04m27s
[nnue-g1] 14161/79314  8.7 games/s  ETA 2h04m28s
[nnue-g1] 14173/79314  8.7 games/s  ETA 2h04m30s
[nnue-g1] 14188/79314  8.7 games/s  ETA 2h04m29s
[nnue-g1] 14197/79314  8.7 games/s  ETA 2h04m33s
[nnue-g1] 14212/79314  8.7 games/s  ETA 2h04m32s
[nnue-g1] 14230/79314  8.7 games/s  ETA 2h04m30s
[nnue-g1] 14241/79314  8.7 games/s  ETA 2h04m32s
[nnue-g1] 14261/79314  8.7 games/s  ETA 2h04m28s
[nnue-g1] 14278/79314  8.7 games/s  ETA 2h04m27s
[nnue-g1] 14299/79314  8.7 games/s  ETA 2h04m22s
[nnue-g1] 14316/79314  8.7 games/s  ETA 2h04m21s
[nnue-g1] 14336/79314  8.7 games/s  ETA 2h04m17s
[nnue-g1] 14354/79314  8.7 games/s  ETA 2h04m15s
[nnue-g1] 14366/79314  8.7 games/s  ETA 2h04m16s
[nnue-g1] 14381/79314  8.7 games/s  ETA 2h04m16s
[nnue-g1] 14387/79314  8.7 games/s  ETA 2h04m21s
[nnue-g1] 14398/79314  8.7 games/s  ETA 2h04m23s
[nnue-g1] 14414/79314  8.7 games/s  ETA 2h04m22s
[nnue-g1] 14434/79314  8.7 games/s  ETA 2h04m18s
[nnue-g1] 14446/79314  8.7 games/s  ETA 2h04m19s
[nnue-g1] 14455/79314  8.7 games/s  ETA 2h04m23s
[nnue-g1] 14471/79314  8.7 games/s  ETA 2h04m22s
[nnue-g1] 14481/79314  8.7 games/s  ETA 2h04m24s
[nnue-g1] 14493/79314  8.7 games/s  ETA 2h04m26s
[nnue-g1] 14508/79314  8.7 games/s  ETA 2h04m25s
[nnue-g1] 14520/79314  8.7 games/s  ETA 2h04m27s
[nnue-g1] 14535/79314  8.7 games/s  ETA 2h04m26s
[nnue-g1] 14547/79314  8.7 games/s  ETA 2h04m27s
[nnue-g1] 14559/79314  8.7 games/s  ETA 2h04m29s
[nnue-g1] 14574/79314  8.7 games/s  ETA 2h04m28s
[nnue-g1] 14587/79314  8.7 games/s  ETA 2h04m29s
[nnue-g1] 14600/79314  8.7 games/s  ETA 2h04m30s
[nnue-g1] 14613/79314  8.7 games/s  ETA 2h04m30s
[nnue-g1] 14626/79314  8.7 games/s  ETA 2h04m31s
[nnue-g1] 14644/79314  8.7 games/s  ETA 2h04m29s
[nnue-g1] 14660/79314  8.7 games/s  ETA 2h04m27s
[nnue-g1] 14674/79314  8.7 games/s  ETA 2h04m28s
[nnue-g1] 14690/79314  8.7 games/s  ETA 2h04m26s
[nnue-g1] 14701/79314  8.7 games/s  ETA 2h04m28s
[nnue-g1] 14715/79314  8.6 games/s  ETA 2h04m28s
[nnue-g1] 14728/79314  8.6 games/s  ETA 2h04m29s
[nnue-g1] 14741/79314  8.6 games/s  ETA 2h04m30s
[nnue-g1] 14757/79314  8.6 games/s  ETA 2h04m29s
[nnue-g1] 14774/79314  8.6 games/s  ETA 2h04m27s
[nnue-g1] 14796/79314  8.6 games/s  ETA 2h04m22s
[nnue-g1] 14817/79314  8.6 games/s  ETA 2h04m18s
[nnue-g1] 14836/79314  8.6 games/s  ETA 2h04m14s
[nnue-g1] 14844/79314  8.6 games/s  ETA 2h04m18s
[nnue-g1] 14852/79314  8.6 games/s  ETA 2h04m22s
[nnue-g1] 14864/79314  8.6 games/s  ETA 2h04m23s
[nnue-g1] 14878/79314  8.6 games/s  ETA 2h04m23s
[nnue-g1] 14895/79314  8.6 games/s  ETA 2h04m21s
[nnue-g1] 14916/79314  8.6 games/s  ETA 2h04m17s
[nnue-g1] 14935/79314  8.6 games/s  ETA 2h04m14s
[nnue-g1] 14951/79314  8.6 games/s  ETA 2h04m13s
[nnue-g1] 14969/79314  8.6 games/s  ETA 2h04m10s
[nnue-g1] 14982/79314  8.6 games/s  ETA 2h04m11s
[nnue-g1] 14989/79314  8.6 games/s  ETA 2h04m15s
[nnue-g1] 14996/79314  8.6 games/s  ETA 2h04m20s
[nnue-g1] 14998/79314  8.6 games/s  ETA 2h04m27s
[nnue-g1] 15002/79314  8.6 games/s  ETA 2h04m33s
[nnue-g1] 15013/79314  8.6 games/s  ETA 2h04m35s
[nnue-g1] 15027/79314  8.6 games/s  ETA 2h04m35s
[nnue-g1] 15037/79314  8.6 games/s  ETA 2h04m37s
[nnue-g1] 15050/79314  8.6 games/s  ETA 2h04m38s
[nnue-g1] 15060/79314  8.6 games/s  ETA 2h04m40s
[nnue-g1] 15075/79314  8.6 games/s  ETA 2h04m40s
[nnue-g1] 15090/79314  8.6 games/s  ETA 2h04m39s
[nnue-g1] 15100/79314  8.6 games/s  ETA 2h04m41s
[nnue-g1] 15112/79314  8.6 games/s  ETA 2h04m42s
[nnue-g1] 15127/79314  8.6 games/s  ETA 2h04m42s
[nnue-g1] 15133/79314  8.6 games/s  ETA 2h04m47s
[nnue-g1] 15140/79314  8.6 games/s  ETA 2h04m51s
[nnue-g1] 15146/79314  8.6 games/s  ETA 2h04m56s
[nnue-g1] 15151/79314  8.6 games/s  ETA 2h05m01s
[nnue-g1] 15158/79314  8.5 games/s  ETA 2h05m05s
[nnue-g1] 15166/79314  8.5 games/s  ETA 2h05m09s
[nnue-g1] 15176/79314  8.5 games/s  ETA 2h05m11s
[nnue-g1] 15183/79314  8.5 games/s  ETA 2h05m15s
[nnue-g1] 15189/79314  8.5 games/s  ETA 2h05m20s
[nnue-g1] 15196/79314  8.5 games/s  ETA 2h05m24s
[nnue-g1] 15205/79314  8.5 games/s  ETA 2h05m27s
[nnue-g1] 15209/79314  8.5 games/s  ETA 2h05m33s
[nnue-g1] 15221/79314  8.5 games/s  ETA 2h05m34s
[nnue-g1] 15227/79314  8.5 games/s  ETA 2h05m39s
[nnue-g1] 15233/79314  8.5 games/s  ETA 2h05m44s
[nnue-g1] 15241/79314  8.5 games/s  ETA 2h05m47s
[nnue-g1] 15249/79314  8.5 games/s  ETA 2h05m51s
[nnue-g1] 15258/79314  8.5 games/s  ETA 2h05m54s
[nnue-g1] 15264/79314  8.5 games/s  ETA 2h05m58s
[nnue-g1] 15272/79314  8.5 games/s  ETA 2h06m02s
[nnue-g1] 15277/79314  8.5 games/s  ETA 2h06m07s
[nnue-g1] 15286/79314  8.5 games/s  ETA 2h06m10s
[nnue-g1] 15294/79314  8.5 games/s  ETA 2h06m13s
[nnue-g1] 15302/79314  8.4 games/s  ETA 2h06m17s
[nnue-g1] 15311/79314  8.4 games/s  ETA 2h06m20s
[nnue-g1] 15319/79314  8.4 games/s  ETA 2h06m23s
[nnue-g1] 15326/79314  8.4 games/s  ETA 2h06m27s
[nnue-g1] 15337/79314  8.4 games/s  ETA 2h06m29s
[nnue-g1] 15342/79314  8.4 games/s  ETA 2h06m34s
[nnue-g1] 15351/79314  8.4 games/s  ETA 2h06m37s
[nnue-g1] 15358/79314  8.4 games/s  ETA 2h06m41s
[nnue-g1] 15369/79314  8.4 games/s  ETA 2h06m43s
[nnue-g1] 15376/79314  8.4 games/s  ETA 2h06m47s
[nnue-g1] 15385/79314  8.4 games/s  ETA 2h06m49s
[nnue-g1] 15393/79314  8.4 games/s  ETA 2h06m53s
[nnue-g1] 15401/79314  8.4 games/s  ETA 2h06m56s
[nnue-g1] 15409/79314  8.4 games/s  ETA 2h07m00s
[nnue-g1] 15418/79314  8.4 games/s  ETA 2h07m02s
[nnue-g1] 15425/79314  8.4 games/s  ETA 2h07m06s
[nnue-g1] 15436/79314  8.4 games/s  ETA 2h07m08s
[nnue-g1] 15446/79314  8.4 games/s  ETA 2h07m10s
[nnue-g1] 15458/79314  8.4 games/s  ETA 2h07m11s
[nnue-g1] 15470/79314  8.4 games/s  ETA 2h07m12s
[nnue-g1] 15479/79314  8.4 games/s  ETA 2h07m15s
[nnue-g1] 15490/79314  8.4 games/s  ETA 2h07m16s
[nnue-g1] 15502/79314  8.4 games/s  ETA 2h07m17s
[nnue-g1] 15509/79314  8.3 games/s  ETA 2h07m21s
[nnue-g1] 15521/79314  8.3 games/s  ETA 2h07m22s
[nnue-g1] 15527/79314  8.3 games/s  ETA 2h07m26s
[nnue-g1] 15537/79314  8.3 games/s  ETA 2h07m29s
[nnue-g1] 15546/79314  8.3 games/s  ETA 2h07m31s
[nnue-g1] 15554/79314  8.3 games/s  ETA 2h07m35s
[nnue-g1] 15562/79314  8.3 games/s  ETA 2h07m38s
[nnue-g1] 15570/79314  8.3 games/s  ETA 2h07m41s
[nnue-g1] 15580/79314  8.3 games/s  ETA 2h07m43s
[nnue-g1] 15593/79314  8.3 games/s  ETA 2h07m43s
[nnue-g1] 15601/79314  8.3 games/s  ETA 2h07m47s
[nnue-g1] 15615/79314  8.3 games/s  ETA 2h07m46s
[nnue-g1] 15623/79314  8.3 games/s  ETA 2h07m50s
[nnue-g1] 15639/79314  8.3 games/s  ETA 2h07m48s
[nnue-g1] 15646/79314  8.3 games/s  ETA 2h07m52s
[nnue-g1] 15658/79314  8.3 games/s  ETA 2h07m53s
[nnue-g1] 15670/79314  8.3 games/s  ETA 2h07m53s
[nnue-g1] 15681/79314  8.3 games/s  ETA 2h07m55s
[nnue-g1] 15692/79314  8.3 games/s  ETA 2h07m56s
[nnue-g1] 15703/79314  8.3 games/s  ETA 2h07m58s
[nnue-g1] 15713/79314  8.3 games/s  ETA 2h08m00s
[nnue-g1] 15719/79314  8.3 games/s  ETA 2h08m04s
[nnue-g1] 15727/79314  8.3 games/s  ETA 2h08m07s
[nnue-g1] 15737/79314  8.3 games/s  ETA 2h08m09s
[nnue-g1] 15745/79314  8.3 games/s  ETA 2h08m12s
[nnue-g1] 15753/79314  8.3 games/s  ETA 2h08m16s
[nnue-g1] 15763/79314  8.3 games/s  ETA 2h08m18s
[nnue-g1] 15771/79314  8.3 games/s  ETA 2h08m21s
[nnue-g1] 15779/79314  8.2 games/s  ETA 2h08m24s
[nnue-g1] 15788/79314  8.2 games/s  ETA 2h08m27s
[nnue-g1] 15795/79314  8.2 games/s  ETA 2h08m30s
[nnue-g1] 15805/79314  8.2 games/s  ETA 2h08m32s
[nnue-g1] 15810/79314  8.2 games/s  ETA 2h08m37s
[nnue-g1] 15822/79314  8.2 games/s  ETA 2h08m38s
[nnue-g1] 15831/79314  8.2 games/s  ETA 2h08m41s
[nnue-g1] 15840/79314  8.2 games/s  ETA 2h08m43s
[nnue-g1] 15848/79314  8.2 games/s  ETA 2h08m46s
[nnue-g1] 15856/79314  8.2 games/s  ETA 2h08m49s
[nnue-g1] 15864/79314  8.2 games/s  ETA 2h08m53s
[nnue-g1] 15868/79314  8.2 games/s  ETA 2h08m58s
[nnue-g1] 15877/79314  8.2 games/s  ETA 2h09m01s
[nnue-g1] 15887/79314  8.2 games/s  ETA 2h09m02s
[nnue-g1] 15894/79314  8.2 games/s  ETA 2h09m06s
[nnue-g1] 15905/79314  8.2 games/s  ETA 2h09m07s
[nnue-g1] 15910/79314  8.2 games/s  ETA 2h09m12s
[nnue-g1] 15919/79314  8.2 games/s  ETA 2h09m15s
[nnue-g1] 15926/79314  8.2 games/s  ETA 2h09m19s
[nnue-g1] 15935/79314  8.2 games/s  ETA 2h09m21s
[nnue-g1] 15942/79314  8.2 games/s  ETA 2h09m25s
[nnue-g1] 15954/79314  8.2 games/s  ETA 2h09m25s
[nnue-g1] 15963/79314  8.2 games/s  ETA 2h09m28s
[nnue-g1] 15972/79314  8.2 games/s  ETA 2h09m30s
[nnue-g1] 15974/79314  8.1 games/s  ETA 2h09m37s
[nnue-g1] 15978/79314  8.1 games/s  ETA 2h09m43s
[nnue-g1] 15983/79314  8.1 games/s  ETA 2h09m47s
[nnue-g1] 15988/79314  8.1 games/s  ETA 2h09m52s
[nnue-g1] 15994/79314  8.1 games/s  ETA 2h09m57s
[nnue-g1] 15996/79314  8.1 games/s  ETA 2h10m03s
[nnue-g1] 16003/79314  8.1 games/s  ETA 2h10m07s
[nnue-g1] 16007/79314  8.1 games/s  ETA 2h10m12s
[nnue-g1] 16015/79314  8.1 games/s  ETA 2h10m15s
[nnue-g1] 16017/79314  8.1 games/s  ETA 2h10m22s
[nnue-g1] 16024/79314  8.1 games/s  ETA 2h10m26s
[nnue-g1] 16029/79314  8.1 games/s  ETA 2h10m31s
[nnue-g1] 16034/79314  8.1 games/s  ETA 2h10m35s
[nnue-g1] 16038/79314  8.1 games/s  ETA 2h10m41s
[nnue-g1] 16045/79314  8.1 games/s  ETA 2h10m44s
[nnue-g1] 16050/79314  8.1 games/s  ETA 2h10m49s
[nnue-g1] 16053/79314  8.1 games/s  ETA 2h10m55s
[nnue-g1] 16060/79314  8.0 games/s  ETA 2h10m59s
[nnue-g1] 16068/79314  8.0 games/s  ETA 2h11m02s
[nnue-g1] 16073/79314  8.0 games/s  ETA 2h11m07s
[nnue-g1] 16081/79314  8.0 games/s  ETA 2h11m10s
[nnue-g1] 16088/79314  8.0 games/s  ETA 2h11m13s
[nnue-g1] 16093/79314  8.0 games/s  ETA 2h11m18s
[nnue-g1] 16100/79314  8.0 games/s  ETA 2h11m21s
[nnue-g1] 16102/79314  8.0 games/s  ETA 2h11m28s
[nnue-g1] 16110/79314  8.0 games/s  ETA 2h11m31s
[nnue-g1] 16114/79314  8.0 games/s  ETA 2h11m36s
[nnue-g1] 16119/79314  8.0 games/s  ETA 2h11m41s
[nnue-g1] 16125/79314  8.0 games/s  ETA 2h11m45s
[nnue-g1] 16132/79314  8.0 games/s  ETA 2h11m49s
[nnue-g1] 16135/79314  8.0 games/s  ETA 2h11m55s
[nnue-g1] 16141/79314  8.0 games/s  ETA 2h11m59s
[nnue-g1] 16149/79314  8.0 games/s  ETA 2h12m02s
[nnue-g1] 16154/79314  8.0 games/s  ETA 2h12m07s
[nnue-g1] 16158/79314  8.0 games/s  ETA 2h12m12s
[nnue-g1] 16163/79314  8.0 games/s  ETA 2h12m17s
[nnue-g1] 16170/79314  8.0 games/s  ETA 2h12m20s
[nnue-g1] 16174/79314  7.9 games/s  ETA 2h12m26s
[nnue-g1] 16179/79314  7.9 games/s  ETA 2h12m30s
[nnue-g1] 16185/79314  7.9 games/s  ETA 2h12m34s
[nnue-g1] 16188/79314  7.9 games/s  ETA 2h12m40s
[nnue-g1] 16195/79314  7.9 games/s  ETA 2h12m44s
[nnue-g1] 16200/79314  7.9 games/s  ETA 2h12m49s
[nnue-g1] 16206/79314  7.9 games/s  ETA 2h12m53s
[nnue-g1] 16211/79314  7.9 games/s  ETA 2h12m57s
[nnue-g1] 16219/79314  7.9 games/s  ETA 2h13m00s
[nnue-g1] 16223/79314  7.9 games/s  ETA 2h13m05s
[nnue-g1] 16227/79314  7.9 games/s  ETA 2h13m11s
[nnue-g1] 16231/79314  7.9 games/s  ETA 2h13m16s
[nnue-g1] 16236/79314  7.9 games/s  ETA 2h13m21s
[nnue-g1] 16245/79314  7.9 games/s  ETA 2h13m23s
[nnue-g1] 16250/79314  7.9 games/s  ETA 2h13m28s
[nnue-g1] 16259/79314  7.9 games/s  ETA 2h13m30s
[nnue-g1] 16263/79314  7.9 games/s  ETA 2h13m35s
[nnue-g1] 16267/79314  7.9 games/s  ETA 2h13m40s
[nnue-g1] 16274/79314  7.9 games/s  ETA 2h13m44s
[nnue-g1] 16282/79314  7.9 games/s  ETA 2h13m47s
[nnue-g1] 16286/79314  7.8 games/s  ETA 2h13m52s
[nnue-g1] 16293/79314  7.8 games/s  ETA 2h13m55s
[nnue-g1] 16298/79314  7.8 games/s  ETA 2h14m00s
[nnue-g1] 16302/79314  7.8 games/s  ETA 2h14m05s
[nnue-g1] 16309/79314  7.8 games/s  ETA 2h14m08s
[nnue-g1] 16315/79314  7.8 games/s  ETA 2h14m12s
[nnue-g1] 16319/79314  7.8 games/s  ETA 2h14m18s
[nnue-g1] 16329/79314  7.8 games/s  ETA 2h14m19s
[nnue-g1] 16333/79314  7.8 games/s  ETA 2h14m24s
[nnue-g1] 16340/79314  7.8 games/s  ETA 2h14m28s
[nnue-g1] 16347/79314  7.8 games/s  ETA 2h14m31s
[nnue-g1] 16355/79314  7.8 games/s  ETA 2h14m34s
[nnue-g1] 16359/79314  7.8 games/s  ETA 2h14m39s
[nnue-g1] 16363/79314  7.8 games/s  ETA 2h14m44s
[nnue-g1] 16371/79314  7.8 games/s  ETA 2h14m47s
[nnue-g1] 16377/79314  7.8 games/s  ETA 2h14m51s
[nnue-g1] 16386/79314  7.8 games/s  ETA 2h14m53s
[nnue-g1] 16391/79314  7.8 games/s  ETA 2h14m58s
[nnue-g1] 16401/79314  7.8 games/s  ETA 2h14m59s
[nnue-g1] 16408/79314  7.8 games/s  ETA 2h15m02s
[nnue-g1] 16413/79314  7.8 games/s  ETA 2h15m07s
[nnue-g1] 16422/79314  7.8 games/s  ETA 2h15m09s
[nnue-g1] 16425/79314  7.7 games/s  ETA 2h15m15s
[nnue-g1] 16431/79314  7.7 games/s  ETA 2h15m19s
[nnue-g1] 16436/79314  7.7 games/s  ETA 2h15m23s
[nnue-g1] 16441/79314  7.7 games/s  ETA 2h15m28s
[nnue-g1] 16445/79314  7.7 games/s  ETA 2h15m33s
[nnue-g1] 16453/79314  7.7 games/s  ETA 2h15m36s
[nnue-g1] 16459/79314  7.7 games/s  ETA 2h15m40s
[nnue-g1] 16463/79314  7.7 games/s  ETA 2h15m45s
[nnue-g1] 16471/79314  7.7 games/s  ETA 2h15m47s
[nnue-g1] 16477/79314  7.7 games/s  ETA 2h15m51s
[nnue-g1] 16484/79314  7.7 games/s  ETA 2h15m54s
[nnue-g1] 16488/79314  7.7 games/s  ETA 2h16m00s
[nnue-g1] 16496/79314  7.7 games/s  ETA 2h16m02s
[nnue-g1] 16502/79314  7.7 games/s  ETA 2h16m06s
[nnue-g1] 16513/79314  7.7 games/s  ETA 2h16m07s
[nnue-g1] 16517/79314  7.7 games/s  ETA 2h16m12s
[nnue-g1] 16521/79314  7.7 games/s  ETA 2h16m17s
[nnue-g1] 16529/79314  7.7 games/s  ETA 2h16m20s
[nnue-g1] 16534/79314  7.7 games/s  ETA 2h16m24s
[nnue-g1] 16542/79314  7.7 games/s  ETA 2h16m27s
[nnue-g1] 16547/79314  7.7 games/s  ETA 2h16m31s
[nnue-g1] 16554/79314  7.7 games/s  ETA 2h16m34s
[nnue-g1] 16560/79314  7.7 games/s  ETA 2h16m38s
[nnue-g1] 16567/79314  7.7 games/s  ETA 2h16m41s
[nnue-g1] 16572/79314  7.6 games/s  ETA 2h16m46s
[nnue-g1] 16581/79314  7.6 games/s  ETA 2h16m48s
[nnue-g1] 16584/79314  7.6 games/s  ETA 2h16m53s
[nnue-g1] 16592/79314  7.6 games/s  ETA 2h16m56s
[nnue-g1] 16595/79314  7.6 games/s  ETA 2h17m02s
[nnue-g1] 16597/79314  7.6 games/s  ETA 2h17m08s
[nnue-g1] 16600/79314  7.6 games/s  ETA 2h17m14s
[nnue-g1] 16605/79314  7.6 games/s  ETA 2h17m18s
[nnue-g1] 16607/79314  7.6 games/s  ETA 2h17m24s
[nnue-g1] 16609/79314  7.6 games/s  ETA 2h17m31s
[nnue-g1] 16614/79314  7.6 games/s  ETA 2h17m35s
[nnue-g1] 16622/79314  7.6 games/s  ETA 2h17m38s
[nnue-g1] 16625/79314  7.6 games/s  ETA 2h17m43s
[nnue-g1] 16630/79314  7.6 games/s  ETA 2h17m48s
[nnue-g1] 16635/79314  7.6 games/s  ETA 2h17m52s
[nnue-g1] 16641/79314  7.6 games/s  ETA 2h17m56s
[nnue-g1] 16645/79314  7.6 games/s  ETA 2h18m01s
[nnue-g1] 16652/79314  7.6 games/s  ETA 2h18m04s
[nnue-g1] 16659/79314  7.6 games/s  ETA 2h18m07s
[nnue-g1] 16663/79314  7.6 games/s  ETA 2h18m12s
[nnue-g1] 16667/79314  7.5 games/s  ETA 2h18m17s
[nnue-g1] 16674/79314  7.5 games/s  ETA 2h18m20s
[nnue-g1] 16681/79314  7.5 games/s  ETA 2h18m23s
[nnue-g1] 16683/79314  7.5 games/s  ETA 2h18m30s
[nnue-g1] 16693/79314  7.5 games/s  ETA 2h18m31s
[nnue-g1] 16698/79314  7.5 games/s  ETA 2h18m35s
[nnue-g1] 16702/79314  7.5 games/s  ETA 2h18m40s
[nnue-g1] 16706/79314  7.5 games/s  ETA 2h18m45s
[nnue-g1] 16709/79314  7.5 games/s  ETA 2h18m51s
[nnue-g1] 16720/79314  7.5 games/s  ETA 2h18m51s
[nnue-g1] 16727/79314  7.5 games/s  ETA 2h18m54s
[nnue-g1] 16729/79314  7.5 games/s  ETA 2h19m01s
[nnue-g1] 16737/79314  7.5 games/s  ETA 2h19m03s
[nnue-g1] 16741/79314  7.5 games/s  ETA 2h19m08s
[nnue-g1] 16745/79314  7.5 games/s  ETA 2h19m13s
[nnue-g1] 16753/79314  7.5 games/s  ETA 2h19m15s
[nnue-g1] 16759/79314  7.5 games/s  ETA 2h19m19s
[nnue-g1] 16766/79314  7.5 games/s  ETA 2h19m22s
[nnue-g1] 16771/79314  7.5 games/s  ETA 2h19m26s
[nnue-g1] 16776/79314  7.5 games/s  ETA 2h19m31s
[nnue-g1] 16781/79314  7.5 games/s  ETA 2h19m35s
[nnue-g1] 16785/79314  7.5 games/s  ETA 2h19m40s
[nnue-g1] 16788/79314  7.5 games/s  ETA 2h19m45s
[nnue-g1] 16799/79314  7.5 games/s  ETA 2h19m46s
[nnue-g1] 16802/79314  7.4 games/s  ETA 2h19m51s
[nnue-g1] 16810/79314  7.4 games/s  ETA 2h19m54s
[nnue-g1] 16817/79314  7.4 games/s  ETA 2h19m57s
[nnue-g1] 16821/79314  7.4 games/s  ETA 2h20m02s
[nnue-g1] 16826/79314  7.4 games/s  ETA 2h20m06s
[nnue-g1] 16832/79314  7.4 games/s  ETA 2h20m10s
[nnue-g1] 16833/79314  7.4 games/s  ETA 2h20m16s
[nnue-g1] 16837/79314  7.4 games/s  ETA 2h20m21s
[nnue-g1] 16845/79314  7.4 games/s  ETA 2h20m24s
[nnue-g1] 16848/79314  7.4 games/s  ETA 2h20m29s
[nnue-g1] 16853/79314  7.4 games/s  ETA 2h20m33s
[nnue-g1] 16859/79314  7.4 games/s  ETA 2h20m37s
[nnue-g1] 16862/79314  7.4 games/s  ETA 2h20m42s
[nnue-g1] 16874/79314  7.4 games/s  ETA 2h20m42s
[nnue-g1] 16877/79314  7.4 games/s  ETA 2h20m48s
[nnue-g1] 16886/79314  7.4 games/s  ETA 2h20m49s
[nnue-g1] 16895/79314  7.4 games/s  ETA 2h20m51s
[nnue-g1] 16904/79314  7.4 games/s  ETA 2h20m53s
[nnue-g1] 16911/79314  7.4 games/s  ETA 2h20m56s
[nnue-g1] 16918/79314  7.4 games/s  ETA 2h20m59s
[nnue-g1] 16922/79314  7.4 games/s  ETA 2h21m03s
[nnue-g1] 16932/79314  7.4 games/s  ETA 2h21m04s
[nnue-g1] 16935/79314  7.4 games/s  ETA 2h21m10s
[nnue-g1] 16943/79314  7.4 games/s  ETA 2h21m12s
[nnue-g1] 16946/79314  7.4 games/s  ETA 2h21m18s
[nnue-g1] 16953/79314  7.4 games/s  ETA 2h21m21s
[nnue-g1] 16960/79314  7.3 games/s  ETA 2h21m23s
[nnue-g1] 16965/79314  7.3 games/s  ETA 2h21m28s
[nnue-g1] 16970/79314  7.3 games/s  ETA 2h21m32s
[nnue-g1] 16976/79314  7.3 games/s  ETA 2h21m35s
[nnue-g1] 16982/79314  7.3 games/s  ETA 2h21m39s
[nnue-g1] 16988/79314  7.3 games/s  ETA 2h21m42s
[nnue-g1] 16992/79314  7.3 games/s  ETA 2h21m47s
[nnue-g1] 17000/79314  7.3 games/s  ETA 2h21m49s
[nnue-g1] 17003/79314  7.3 games/s  ETA 2h21m55s
[nnue-g1] 17012/79314  7.3 games/s  ETA 2h21m56s
[nnue-g1] 17017/79314  7.3 games/s  ETA 2h22m01s
[nnue-g1] 17022/79314  7.3 games/s  ETA 2h22m05s
[nnue-g1] 17032/79314  7.3 games/s  ETA 2h22m06s
[nnue-g1] 17039/79314  7.3 games/s  ETA 2h22m09s
[nnue-g1] 17042/79314  7.3 games/s  ETA 2h22m14s
[nnue-g1] 17050/79314  7.3 games/s  ETA 2h22m16s
[nnue-g1] 17052/79314  7.3 games/s  ETA 2h22m22s
[nnue-g1] 17060/79314  7.3 games/s  ETA 2h22m24s
[nnue-g1] 17067/79314  7.3 games/s  ETA 2h22m27s
[nnue-g1] 17076/79314  7.3 games/s  ETA 2h22m29s
[nnue-g1] 17077/79314  7.3 games/s  ETA 2h22m35s
[nnue-g1] 17081/79314  7.3 games/s  ETA 2h22m40s
[nnue-g1] 17090/79314  7.3 games/s  ETA 2h22m42s
[nnue-g1] 17097/79314  7.3 games/s  ETA 2h22m44s
[nnue-g1] 17102/79314  7.3 games/s  ETA 2h22m49s
[nnue-g1] 17108/79314  7.3 games/s  ETA 2h22m52s
[nnue-g1] 17114/79314  7.3 games/s  ETA 2h22m55s
[nnue-g1] 17118/79314  7.2 games/s  ETA 2h23m00s
[nnue-g1] 17127/79314  7.2 games/s  ETA 2h23m02s
[nnue-g1] 17131/79314  7.2 games/s  ETA 2h23m06s
[nnue-g1] 17135/79314  7.2 games/s  ETA 2h23m11s
[nnue-g1] 17142/79314  7.2 games/s  ETA 2h23m14s
[nnue-g1] 17149/79314  7.2 games/s  ETA 2h23m17s
[nnue-g1] 17155/79314  7.2 games/s  ETA 2h23m20s
[nnue-g1] 17160/79314  7.2 games/s  ETA 2h23m24s
[nnue-g1] 17163/79314  7.2 games/s  ETA 2h23m29s
[nnue-g1] 17169/79314  7.2 games/s  ETA 2h23m33s
[nnue-g1] 17174/79314  7.2 games/s  ETA 2h23m37s
[nnue-g1] 17176/79314  7.2 games/s  ETA 2h23m43s
[nnue-g1] 17182/79314  7.2 games/s  ETA 2h23m46s
[nnue-g1] 17189/79314  7.2 games/s  ETA 2h23m49s
[nnue-g1] 17195/79314  7.2 games/s  ETA 2h23m52s
[nnue-g1] 17203/79314  7.2 games/s  ETA 2h23m54s
[nnue-g1] 17207/79314  7.2 games/s  ETA 2h23m59s
[nnue-g1] 17213/79314  7.2 games/s  ETA 2h24m02s
[nnue-g1] 17222/79314  7.2 games/s  ETA 2h24m04s
[nnue-g1] 17227/79314  7.2 games/s  ETA 2h24m08s
[nnue-g1] 17236/79314  7.2 games/s  ETA 2h24m09s
[nnue-g1] 17241/79314  7.2 games/s  ETA 2h24m13s
[nnue-g1] 17248/79314  7.2 games/s  ETA 2h24m16s
[nnue-g1] 17255/79314  7.2 games/s  ETA 2h24m19s
[nnue-g1] 17261/79314  7.2 games/s  ETA 2h24m22s
[nnue-g1] 17266/79314  7.2 games/s  ETA 2h24m26s
[nnue-g1] 17275/79314  7.2 games/s  ETA 2h24m28s
[nnue-g1] 17281/79314  7.2 games/s  ETA 2h24m31s
[nnue-g1] 17286/79314  7.1 games/s  ETA 2h24m35s
[nnue-g1] 17291/79314  7.1 games/s  ETA 2h24m39s
[nnue-g1] 17298/79314  7.1 games/s  ETA 2h24m42s
[nnue-g1] 17303/79314  7.1 games/s  ETA 2h24m45s
[nnue-g1] 17310/79314  7.1 games/s  ETA 2h24m48s
[nnue-g1] 17317/79314  7.1 games/s  ETA 2h24m51s
[nnue-g1] 17323/79314  7.1 games/s  ETA 2h24m54s
[nnue-g1] 17330/79314  7.1 games/s  ETA 2h24m57s
[nnue-g1] 17337/79314  7.1 games/s  ETA 2h24m59s
[nnue-g1] 17344/79314  7.1 games/s  ETA 2h25m02s
[nnue-g1] 17350/79314  7.1 games/s  ETA 2h25m05s
[nnue-g1] 17355/79314  7.1 games/s  ETA 2h25m09s
[nnue-g1] 17362/79314  7.1 games/s  ETA 2h25m12s
[nnue-g1] 17367/79314  7.1 games/s  ETA 2h25m16s
[nnue-g1] 17373/79314  7.1 games/s  ETA 2h25m19s
[nnue-g1] 17376/79314  7.1 games/s  ETA 2h25m24s
[nnue-g1] 17385/79314  7.1 games/s  ETA 2h25m26s
[nnue-g1] 17391/79314  7.1 games/s  ETA 2h25m29s
[nnue-g1] 17397/79314  7.1 games/s  ETA 2h25m32s
[nnue-g1] 17401/79314  7.1 games/s  ETA 2h25m37s
[nnue-g1] 17407/79314  7.1 games/s  ETA 2h25m40s
[nnue-g1] 17412/79314  7.1 games/s  ETA 2h25m44s
[nnue-g1] 17418/79314  7.1 games/s  ETA 2h25m47s
[nnue-g1] 17421/79314  7.1 games/s  ETA 2h25m52s
[nnue-g1] 17430/79314  7.1 games/s  ETA 2h25m54s
[nnue-g1] 17433/79314  7.1 games/s  ETA 2h25m59s
[nnue-g1] 17441/79314  7.1 games/s  ETA 2h26m01s
[nnue-g1] 17448/79314  7.1 games/s  ETA 2h26m03s
[nnue-g1] 17452/79314  7.1 games/s  ETA 2h26m08s
[nnue-g1] 17460/79314  7.1 games/s  ETA 2h26m10s
[nnue-g1] 17465/79314  7.0 games/s  ETA 2h26m14s
[nnue-g1] 17473/79314  7.0 games/s  ETA 2h26m16s
[nnue-g1] 17480/79314  7.0 games/s  ETA 2h26m18s
[nnue-g1] 17484/79314  7.0 games/s  ETA 2h26m23s
[nnue-g1] 17490/79314  7.0 games/s  ETA 2h26m26s
[nnue-g1] 17493/79314  7.0 games/s  ETA 2h26m31s
[nnue-g1] 17497/79314  7.0 games/s  ETA 2h26m36s
[nnue-g1] 17503/79314  7.0 games/s  ETA 2h26m39s
[nnue-g1] 17510/79314  7.0 games/s  ETA 2h26m41s
[nnue-g1] 17517/79314  7.0 games/s  ETA 2h26m44s
[nnue-g1] 17521/79314  7.0 games/s  ETA 2h26m48s
[nnue-g1] 17530/79314  7.0 games/s  ETA 2h26m50s
[nnue-g1] 17540/79314  7.0 games/s  ETA 2h26m50s
[nnue-g1] 17543/79314  7.0 games/s  ETA 2h26m55s
[nnue-g1] 17553/79314  7.0 games/s  ETA 2h26m56s
[nnue-g1] 17561/79314  7.0 games/s  ETA 2h26m58s
[nnue-g1] 17574/79314  7.0 games/s  ETA 2h26m56s
[nnue-g1] 17582/79314  7.0 games/s  ETA 2h26m58s
[nnue-g1] 17591/79314  7.0 games/s  ETA 2h27m00s
[nnue-g1] 17596/79314  7.0 games/s  ETA 2h27m03s
[nnue-g1] 17603/79314  7.0 games/s  ETA 2h27m06s
[nnue-g1] 17609/79314  7.0 games/s  ETA 2h27m09s
[nnue-g1] 17616/79314  7.0 games/s  ETA 2h27m11s
[nnue-g1] 17625/79314  7.0 games/s  ETA 2h27m13s
[nnue-g1] 17630/79314  7.0 games/s  ETA 2h27m16s
[nnue-g1] 17639/79314  7.0 games/s  ETA 2h27m18s
[nnue-g1] 17645/79314  7.0 games/s  ETA 2h27m21s
[nnue-g1] 17650/79314  7.0 games/s  ETA 2h27m25s
[nnue-g1] 17655/79314  7.0 games/s  ETA 2h27m28s
[nnue-g1] 17660/79314  7.0 games/s  ETA 2h27m32s
[nnue-g1] 17669/79314  7.0 games/s  ETA 2h27m33s
[nnue-g1] 17674/79314  7.0 games/s  ETA 2h27m37s
[nnue-g1] 17687/79314  7.0 games/s  ETA 2h27m36s
[nnue-g1] 17692/79314  7.0 games/s  ETA 2h27m39s
[nnue-g1] 17703/79314  7.0 games/s  ETA 2h27m39s
[nnue-g1] 17711/79314  7.0 games/s  ETA 2h27m41s
[nnue-g1] 17716/79314  6.9 games/s  ETA 2h27m45s
[nnue-g1] 17725/79314  6.9 games/s  ETA 2h27m46s
[nnue-g1] 17731/79314  6.9 games/s  ETA 2h27m49s
[nnue-g1] 17741/79314  6.9 games/s  ETA 2h27m50s
[nnue-g1] 17747/79314  6.9 games/s  ETA 2h27m53s
[nnue-g1] 17753/79314  6.9 games/s  ETA 2h27m56s
[nnue-g1] 17760/79314  6.9 games/s  ETA 2h27m58s
[nnue-g1] 17766/79314  6.9 games/s  ETA 2h28m01s
[nnue-g1] 17775/79314  6.9 games/s  ETA 2h28m02s
[nnue-g1] 17783/79314  6.9 games/s  ETA 2h28m04s
[nnue-g1] 17789/79314  6.9 games/s  ETA 2h28m07s
[nnue-g1] 17798/79314  6.9 games/s  ETA 2h28m08s
[nnue-g1] 17804/79314  6.9 games/s  ETA 2h28m11s
[nnue-g1] 17813/79314  6.9 games/s  ETA 2h28m12s
[nnue-g1] 17816/79314  6.9 games/s  ETA 2h28m17s
[nnue-g1] 17825/79314  6.9 games/s  ETA 2h28m19s
[nnue-g1] 17829/79314  6.9 games/s  ETA 2h28m23s
[nnue-g1] 17838/79314  6.9 games/s  ETA 2h28m24s
[nnue-g1] 17843/79314  6.9 games/s  ETA 2h28m28s
[nnue-g1] 17852/79314  6.9 games/s  ETA 2h28m29s
[nnue-g1] 17856/79314  6.9 games/s  ETA 2h28m33s
[nnue-g1] 17863/79314  6.9 games/s  ETA 2h28m35s
[nnue-g1] 17871/79314  6.9 games/s  ETA 2h28m37s
[nnue-g1] 17876/79314  6.9 games/s  ETA 2h28m41s
[nnue-g1] 17882/79314  6.9 games/s  ETA 2h28m44s
[nnue-g1] 17893/79314  6.9 games/s  ETA 2h28m44s
[nnue-g1] 17897/79314  6.9 games/s  ETA 2h28m48s
[nnue-g1] 17906/79314  6.9 games/s  ETA 2h28m49s
[nnue-g1] 17913/79314  6.9 games/s  ETA 2h28m51s
[nnue-g1] 17919/79314  6.9 games/s  ETA 2h28m54s
[nnue-g1] 17924/79314  6.9 games/s  ETA 2h28m58s
[nnue-g1] 17931/79314  6.9 games/s  ETA 2h29m00s
[nnue-g1] 17939/79314  6.9 games/s  ETA 2h29m02s
[nnue-g1] 17943/79314  6.9 games/s  ETA 2h29m06s
[nnue-g1] 17951/79314  6.9 games/s  ETA 2h29m08s
[nnue-g1] 17960/79314  6.9 games/s  ETA 2h29m09s
[nnue-g1] 17964/79314  6.9 games/s  ETA 2h29m13s
[nnue-g1] 17969/79314  6.8 games/s  ETA 2h29m17s
[nnue-g1] 17976/79314  6.8 games/s  ETA 2h29m19s
[nnue-g1] 17981/79314  6.8 games/s  ETA 2h29m23s
[nnue-g1] 17991/79314  6.8 games/s  ETA 2h29m23s
[nnue-g1] 17994/79314  6.8 games/s  ETA 2h29m28s
[nnue-g1] 18003/79314  6.8 games/s  ETA 2h29m29s
[nnue-g1] 18012/79314  6.8 games/s  ETA 2h29m30s
[nnue-g1] 18022/79314  6.8 games/s  ETA 2h29m30s
[nnue-g1] 18034/79314  6.8 games/s  ETA 2h29m29s
[nnue-g1] 18045/79314  6.8 games/s  ETA 2h29m29s
[nnue-g1] 18056/79314  6.8 games/s  ETA 2h29m29s
[nnue-g1] 18066/79314  6.8 games/s  ETA 2h29m29s
[nnue-g1] 18074/79314  6.8 games/s  ETA 2h29m31s
[nnue-g1] 18085/79314  6.8 games/s  ETA 2h29m31s
[nnue-g1] 18091/79314  6.8 games/s  ETA 2h29m34s
[nnue-g1] 18100/79314  6.8 games/s  ETA 2h29m34s
[nnue-g1] 18111/79314  6.8 games/s  ETA 2h29m34s
[nnue-g1] 18122/79314  6.8 games/s  ETA 2h29m34s
[nnue-g1] 18133/79314  6.8 games/s  ETA 2h29m34s
[nnue-g1] 18145/79314  6.8 games/s  ETA 2h29m33s
[nnue-g1] 18154/79314  6.8 games/s  ETA 2h29m34s
[nnue-g1] 18164/79314  6.8 games/s  ETA 2h29m34s
[nnue-g1] 18178/79314  6.8 games/s  ETA 2h29m32s
[nnue-g1] 18186/79314  6.8 games/s  ETA 2h29m33s
[nnue-g1] 18197/79314  6.8 games/s  ETA 2h29m33s
[nnue-g1] 18199/79314  6.8 games/s  ETA 2h29m38s
[nnue-g1] 18211/79314  6.8 games/s  ETA 2h29m37s
[nnue-g1] 18217/79314  6.8 games/s  ETA 2h29m40s
[nnue-g1] 18222/79314  6.8 games/s  ETA 2h29m44s
[nnue-g1] 18226/79314  6.8 games/s  ETA 2h29m48s
[nnue-g1] 18229/79314  6.8 games/s  ETA 2h29m53s
[nnue-g1] 18239/79314  6.8 games/s  ETA 2h29m53s
[nnue-g1] 18245/79314  6.8 games/s  ETA 2h29m56s
[nnue-g1] 18252/79314  6.8 games/s  ETA 2h29m58s
[nnue-g1] 18259/79314  6.8 games/s  ETA 2h30m00s
[nnue-g1] 18267/79314  6.8 games/s  ETA 2h30m02s
[nnue-g1] 18274/79314  6.8 games/s  ETA 2h30m04s
[nnue-g1] 18281/79314  6.8 games/s  ETA 2h30m06s
[nnue-g1] 18292/79314  6.8 games/s  ETA 2h30m06s
[nnue-g1] 18301/79314  6.8 games/s  ETA 2h30m07s
[nnue-g1] 18308/79314  6.8 games/s  ETA 2h30m09s
[nnue-g1] 18315/79314  6.8 games/s  ETA 2h30m11s
[nnue-g1] 18324/79314  6.8 games/s  ETA 2h30m12s
[nnue-g1] 18329/79314  6.8 games/s  ETA 2h30m16s
[nnue-g1] 18336/79314  6.8 games/s  ETA 2h30m18s
[nnue-g1] 18342/79314  6.8 games/s  ETA 2h30m21s
[nnue-g1] 18350/79314  6.8 games/s  ETA 2h30m22s
[nnue-g1] 18360/79314  6.8 games/s  ETA 2h30m22s
[nnue-g1] 18364/79314  6.8 games/s  ETA 2h30m26s
[nnue-g1] 18372/79314  6.7 games/s  ETA 2h30m28s
[nnue-g1] 18381/79314  6.7 games/s  ETA 2h30m29s
[nnue-g1] 18385/79314  6.7 games/s  ETA 2h30m33s
[nnue-g1] 18394/79314  6.7 games/s  ETA 2h30m34s
[nnue-g1] 18399/79314  6.7 games/s  ETA 2h30m37s
[nnue-g1] 18409/79314  6.7 games/s  ETA 2h30m37s
[nnue-g1] 18417/79314  6.7 games/s  ETA 2h30m39s
[nnue-g1] 18427/79314  6.7 games/s  ETA 2h30m39s
[nnue-g1] 18435/79314  6.7 games/s  ETA 2h30m41s
[nnue-g1] 18440/79314  6.7 games/s  ETA 2h30m44s
[nnue-g1] 18447/79314  6.7 games/s  ETA 2h30m46s
[nnue-g1] 18453/79314  6.7 games/s  ETA 2h30m49s
[nnue-g1] 18461/79314  6.7 games/s  ETA 2h30m50s
[nnue-g1] 18467/79314  6.7 games/s  ETA 2h30m53s
[nnue-g1] 18470/79314  6.7 games/s  ETA 2h30m58s
[nnue-g1] 18475/79314  6.7 games/s  ETA 2h31m01s
[nnue-g1] 18483/79314  6.7 games/s  ETA 2h31m03s
[nnue-g1] 18489/79314  6.7 games/s  ETA 2h31m06s
[nnue-g1] 18495/79314  6.7 games/s  ETA 2h31m08s
[nnue-g1] 18505/79314  6.7 games/s  ETA 2h31m08s
[nnue-g1] 18510/79314  6.7 games/s  ETA 2h31m12s
[nnue-g1] 18517/79314  6.7 games/s  ETA 2h31m14s
[nnue-g1] 18524/79314  6.7 games/s  ETA 2h31m16s
[nnue-g1] 18530/79314  6.7 games/s  ETA 2h31m19s
[nnue-g1] 18540/79314  6.7 games/s  ETA 2h31m19s
[nnue-g1] 18546/79314  6.7 games/s  ETA 2h31m22s
[nnue-g1] 18554/79314  6.7 games/s  ETA 2h31m23s
[nnue-g1] 18562/79314  6.7 games/s  ETA 2h31m25s
[nnue-g1] 18568/79314  6.7 games/s  ETA 2h31m27s
[nnue-g1] 18577/79314  6.7 games/s  ETA 2h31m28s
[nnue-g1] 18582/79314  6.7 games/s  ETA 2h31m31s
[nnue-g1] 18591/79314  6.7 games/s  ETA 2h31m32s
[nnue-g1] 18597/79314  6.7 games/s  ETA 2h31m35s
[nnue-g1] 18604/79314  6.7 games/s  ETA 2h31m37s
[nnue-g1] 18612/79314  6.7 games/s  ETA 2h31m38s
[nnue-g1] 18615/79314  6.7 games/s  ETA 2h31m43s
[nnue-g1] 18623/79314  6.7 games/s  ETA 2h31m44s
[nnue-g1] 18634/79314  6.7 games/s  ETA 2h31m44s
[nnue-g1] 18640/79314  6.7 games/s  ETA 2h31m47s
[nnue-g1] 18649/79314  6.7 games/s  ETA 2h31m47s
[nnue-g1] 18657/79314  6.7 games/s  ETA 2h31m49s
[nnue-g1] 18664/79314  6.7 games/s  ETA 2h31m51s
[nnue-g1] 18673/79314  6.7 games/s  ETA 2h31m51s
[nnue-g1] 18684/79314  6.7 games/s  ETA 2h31m51s
[nnue-g1] 18687/79314  6.7 games/s  ETA 2h31m56s
[nnue-g1] 18693/79314  6.6 games/s  ETA 2h31m58s
[nnue-g1] 18702/79314  6.6 games/s  ETA 2h31m59s
[nnue-g1] 18708/79314  6.6 games/s  ETA 2h32m02s
[nnue-g1] 18712/79314  6.6 games/s  ETA 2h32m06s
[nnue-g1] 18722/79314  6.6 games/s  ETA 2h32m06s
[nnue-g1] 18732/79314  6.6 games/s  ETA 2h32m06s
[nnue-g1] 18737/79314  6.6 games/s  ETA 2h32m09s
[nnue-g1] 18744/79314  6.6 games/s  ETA 2h32m11s
[nnue-g1] 18753/79314  6.6 games/s  ETA 2h32m12s
[nnue-g1] 18758/79314  6.6 games/s  ETA 2h32m15s
[nnue-g1] 18763/79314  6.6 games/s  ETA 2h32m18s
[nnue-g1] 18773/79314  6.6 games/s  ETA 2h32m18s
[nnue-g1] 18777/79314  6.6 games/s  ETA 2h32m22s
[nnue-g1] 18785/79314  6.6 games/s  ETA 2h32m24s
[nnue-g1] 18794/79314  6.6 games/s  ETA 2h32m24s
[nnue-g1] 18799/79314  6.6 games/s  ETA 2h32m28s
[nnue-g1] 18808/79314  6.6 games/s  ETA 2h32m28s
[nnue-g1] 18814/79314  6.6 games/s  ETA 2h32m31s
[nnue-g1] 18817/79314  6.6 games/s  ETA 2h32m35s
[nnue-g1] 18821/79314  6.6 games/s  ETA 2h32m39s
[nnue-g1] 18829/79314  6.6 games/s  ETA 2h32m41s
[nnue-g1] 18835/79314  6.6 games/s  ETA 2h32m43s
[nnue-g1] 18844/79314  6.6 games/s  ETA 2h32m44s
[nnue-g1] 18850/79314  6.6 games/s  ETA 2h32m46s
[nnue-g1] 18856/79314  6.6 games/s  ETA 2h32m49s
[nnue-g1] 18863/79314  6.6 games/s  ETA 2h32m51s
[nnue-g1] 18866/79314  6.6 games/s  ETA 2h32m55s
[nnue-g1] 18878/79314  6.6 games/s  ETA 2h32m54s
[nnue-g1] 18881/79314  6.6 games/s  ETA 2h32m59s
[nnue-g1] 18886/79314  6.6 games/s  ETA 2h33m02s
[nnue-g1] 18897/79314  6.6 games/s  ETA 2h33m01s
[nnue-g1] 18903/79314  6.6 games/s  ETA 2h33m04s
[nnue-g1] 18911/79314  6.6 games/s  ETA 2h33m05s
[nnue-g1] 18918/79314  6.6 games/s  ETA 2h33m07s
[nnue-g1] 18923/79314  6.6 games/s  ETA 2h33m10s
[nnue-g1] 18930/79314  6.6 games/s  ETA 2h33m12s
[nnue-g1] 18939/79314  6.6 games/s  ETA 2h33m13s
[nnue-g1] 18947/79314  6.6 games/s  ETA 2h33m14s
[nnue-g1] 18951/79314  6.6 games/s  ETA 2h33m18s
[nnue-g1] 18958/79314  6.6 games/s  ETA 2h33m20s
[nnue-g1] 18967/79314  6.6 games/s  ETA 2h33m20s
[nnue-g1] 18973/79314  6.6 games/s  ETA 2h33m23s
[nnue-g1] 18979/79314  6.6 games/s  ETA 2h33m26s
[nnue-g1] 18985/79314  6.6 games/s  ETA 2h33m28s
[nnue-g1] 18992/79314  6.5 games/s  ETA 2h33m30s
[nnue-g1] 18997/79314  6.5 games/s  ETA 2h33m33s
[nnue-g1] 19004/79314  6.5 games/s  ETA 2h33m35s
[nnue-g1] 19011/79314  6.5 games/s  ETA 2h33m37s
[nnue-g1] 19018/79314  6.5 games/s  ETA 2h33m39s
[nnue-g1] 19026/79314  6.5 games/s  ETA 2h33m40s
[nnue-g1] 19034/79314  6.5 games/s  ETA 2h33m41s
[nnue-g1] 19040/79314  6.5 games/s  ETA 2h33m44s
[nnue-g1] 19049/79314  6.5 games/s  ETA 2h33m44s
[nnue-g1] 19059/79314  6.5 games/s  ETA 2h33m44s
[nnue-g1] 19064/79314  6.5 games/s  ETA 2h33m47s
[nnue-g1] 19068/79314  6.5 games/s  ETA 2h33m51s
[nnue-g1] 19076/79314  6.5 games/s  ETA 2h33m52s
[nnue-g1] 19081/79314  6.5 games/s  ETA 2h33m56s
[nnue-g1] 19090/79314  6.5 games/s  ETA 2h33m56s
[nnue-g1] 19094/79314  6.5 games/s  ETA 2h34m00s
[nnue-g1] 19099/79314  6.5 games/s  ETA 2h34m03s
[nnue-g1] 19110/79314  6.5 games/s  ETA 2h34m02s
[nnue-g1] 19116/79314  6.5 games/s  ETA 2h34m05s
[nnue-g1] 19124/79314  6.5 games/s  ETA 2h34m06s
[nnue-g1] 19133/79314  6.5 games/s  ETA 2h34m07s
[nnue-g1] 19140/79314  6.5 games/s  ETA 2h34m08s
[nnue-g1] 19151/79314  6.5 games/s  ETA 2h34m08s
[nnue-g1] 19159/79314  6.5 games/s  ETA 2h34m09s
[nnue-g1] 19168/79314  6.5 games/s  ETA 2h34m09s
[nnue-g1] 19174/79314  6.5 games/s  ETA 2h34m12s
[nnue-g1] 19182/79314  6.5 games/s  ETA 2h34m13s
[nnue-g1] 19190/79314  6.5 games/s  ETA 2h34m14s
[nnue-g1] 19198/79314  6.5 games/s  ETA 2h34m15s
[nnue-g1] 19202/79314  6.5 games/s  ETA 2h34m19s
[nnue-g1] 19213/79314  6.5 games/s  ETA 2h34m18s
[nnue-g1] 19217/79314  6.5 games/s  ETA 2h34m22s
[nnue-g1] 19227/79314  6.5 games/s  ETA 2h34m22s
[nnue-g1] 19234/79314  6.5 games/s  ETA 2h34m24s
[nnue-g1] 19240/79314  6.5 games/s  ETA 2h34m26s
[nnue-g1] 19245/79314  6.5 games/s  ETA 2h34m29s
[nnue-g1] 19248/79314  6.5 games/s  ETA 2h34m34s
[nnue-g1] 19255/79314  6.5 games/s  ETA 2h34m35s
[nnue-g1] 19261/79314  6.5 games/s  ETA 2h34m38s
[nnue-g1] 19267/79314  6.5 games/s  ETA 2h34m40s
[nnue-g1] 19276/79314  6.5 games/s  ETA 2h34m41s
[nnue-g1] 19281/79314  6.5 games/s  ETA 2h34m44s
[nnue-g1] 19290/79314  6.5 games/s  ETA 2h34m44s
[nnue-g1] 19299/79314  6.5 games/s  ETA 2h34m45s
[nnue-g1] 19308/79314  6.5 games/s  ETA 2h34m45s
[nnue-g1] 19317/79314  6.5 games/s  ETA 2h34m46s
[nnue-g1] 19320/79314  6.5 games/s  ETA 2h34m50s
[nnue-g1] 19330/79314  6.5 games/s  ETA 2h34m50s
[nnue-g1] 19335/79314  6.5 games/s  ETA 2h34m53s
[nnue-g1] 19345/79314  6.5 games/s  ETA 2h34m53s
[nnue-g1] 19350/79314  6.5 games/s  ETA 2h34m56s
[nnue-g1] 19358/79314  6.4 games/s  ETA 2h34m57s
[nnue-g1] 19364/79314  6.4 games/s  ETA 2h34m59s
[nnue-g1] 19374/79314  6.4 games/s  ETA 2h34m59s
[nnue-g1] 19382/79314  6.4 games/s  ETA 2h35m00s
[nnue-g1] 19391/79314  6.4 games/s  ETA 2h35m01s
[nnue-g1] 19400/79314  6.4 games/s  ETA 2h35m01s
[nnue-g1] 19407/79314  6.4 games/s  ETA 2h35m03s
[nnue-g1] 19419/79314  6.4 games/s  ETA 2h35m02s
[nnue-g1] 19425/79314  6.4 games/s  ETA 2h35m04s
[nnue-g1] 19432/79314  6.4 games/s  ETA 2h35m06s
[nnue-g1] 19442/79314  6.4 games/s  ETA 2h35m06s
[nnue-g1] 19453/79314  6.4 games/s  ETA 2h35m05s
[nnue-g1] 19458/79314  6.4 games/s  ETA 2h35m08s
[nnue-g1] 19469/79314  6.4 games/s  ETA 2h35m07s
[nnue-g1] 19473/79314  6.4 games/s  ETA 2h35m11s
[nnue-g1] 19484/79314  6.4 games/s  ETA 2h35m10s
[nnue-g1] 19492/79314  6.4 games/s  ETA 2h35m11s
[nnue-g1] 19497/79314  6.4 games/s  ETA 2h35m14s
[nnue-g1] 19506/79314  6.4 games/s  ETA 2h35m14s
[nnue-g1] 19512/79314  6.4 games/s  ETA 2h35m17s
[nnue-g1] 19517/79314  6.4 games/s  ETA 2h35m19s
[nnue-g1] 19528/79314  6.4 games/s  ETA 2h35m19s
[nnue-g1] 19531/79314  6.4 games/s  ETA 2h35m23s
[nnue-g1] 19536/79314  6.4 games/s  ETA 2h35m26s
[nnue-g1] 19546/79314  6.4 games/s  ETA 2h35m26s
[nnue-g1] 19556/79314  6.4 games/s  ETA 2h35m25s
[nnue-g1] 19563/79314  6.4 games/s  ETA 2h35m27s
[nnue-g1] 19572/79314  6.4 games/s  ETA 2h35m28s
[nnue-g1] 19580/79314  6.4 games/s  ETA 2h35m29s
[nnue-g1] 19588/79314  6.4 games/s  ETA 2h35m30s
[nnue-g1] 19594/79314  6.4 games/s  ETA 2h35m32s
[nnue-g1] 19602/79314  6.4 games/s  ETA 2h35m33s
[nnue-g1] 19607/79314  6.4 games/s  ETA 2h35m36s
[nnue-g1] 19615/79314  6.4 games/s  ETA 2h35m37s
[nnue-g1] 19622/79314  6.4 games/s  ETA 2h35m39s
[nnue-g1] 19628/79314  6.4 games/s  ETA 2h35m41s
[nnue-g1] 19640/79314  6.4 games/s  ETA 2h35m39s
[nnue-g1] 19647/79314  6.4 games/s  ETA 2h35m41s
[nnue-g1] 19660/79314  6.4 games/s  ETA 2h35m39s
[nnue-g1] 19669/79314  6.4 games/s  ETA 2h35m39s
[nnue-g1] 19680/79314  6.4 games/s  ETA 2h35m38s
[nnue-g1] 19686/79314  6.4 games/s  ETA 2h35m41s
[nnue-g1] 19694/79314  6.4 games/s  ETA 2h35m42s
[nnue-g1] 19706/79314  6.4 games/s  ETA 2h35m40s
[nnue-g1] 19712/79314  6.4 games/s  ETA 2h35m42s
[nnue-g1] 19723/79314  6.4 games/s  ETA 2h35m42s
[nnue-g1] 19730/79314  6.4 games/s  ETA 2h35m43s
[nnue-g1] 19737/79314  6.4 games/s  ETA 2h35m45s
[nnue-g1] 19739/79314  6.4 games/s  ETA 2h35m50s
[nnue-g1] 19744/79314  6.4 games/s  ETA 2h35m52s
[nnue-g1] 19748/79314  6.4 games/s  ETA 2h35m56s
[nnue-g1] 19755/79314  6.4 games/s  ETA 2h35m58s
[nnue-g1] 19763/79314  6.4 games/s  ETA 2h35m59s
[nnue-g1] 19768/79314  6.4 games/s  ETA 2h36m01s
[nnue-g1] 19780/79314  6.4 games/s  ETA 2h36m00s
[nnue-g1] 19787/79314  6.4 games/s  ETA 2h36m01s
[nnue-g1] 19794/79314  6.4 games/s  ETA 2h36m03s
[nnue-g1] 19801/79314  6.4 games/s  ETA 2h36m05s
[nnue-g1] 19806/79314  6.4 games/s  ETA 2h36m08s
[nnue-g1] 19817/79314  6.4 games/s  ETA 2h36m07s
[nnue-g1] 19820/79314  6.3 games/s  ETA 2h36m11s
[nnue-g1] 19829/79314  6.3 games/s  ETA 2h36m11s
[nnue-g1] 19834/79314  6.3 games/s  ETA 2h36m14s
[nnue-g1] 19841/79314  6.3 games/s  ETA 2h36m16s
[nnue-g1] 19848/79314  6.3 games/s  ETA 2h36m17s
[nnue-g1] 19853/79314  6.3 games/s  ETA 2h36m20s
[nnue-g1] 19862/79314  6.3 games/s  ETA 2h36m20s
[nnue-g1] 19867/79314  6.3 games/s  ETA 2h36m23s
[nnue-g1] 19876/79314  6.3 games/s  ETA 2h36m23s
[nnue-g1] 19884/79314  6.3 games/s  ETA 2h36m24s
[nnue-g1] 19893/79314  6.3 games/s  ETA 2h36m25s
[nnue-g1] 19900/79314  6.3 games/s  ETA 2h36m26s
[nnue-g1] 19905/79314  6.3 games/s  ETA 2h36m29s
[nnue-g1] 19911/79314  6.3 games/s  ETA 2h36m31s
[nnue-g1] 19919/79314  6.3 games/s  ETA 2h36m32s
[nnue-g1] 19926/79314  6.3 games/s  ETA 2h36m34s
[nnue-g1] 19936/79314  6.3 games/s  ETA 2h36m33s
[nnue-g1] 19944/79314  6.3 games/s  ETA 2h36m34s
[nnue-g1] 19949/79314  6.3 games/s  ETA 2h36m37s
[nnue-g1] 19956/79314  6.3 games/s  ETA 2h36m39s
[nnue-g1] 19967/79314  6.3 games/s  ETA 2h36m38s
[nnue-g1] 19971/79314  6.3 games/s  ETA 2h36m41s
[nnue-g1] 19971/79314  6.3 games/s  ETA 2h36m47s
[nnue-g1] 19976/79314  6.3 games/s  ETA 2h36m50s
[nnue-g1] 19981/79314  6.3 games/s  ETA 2h36m53s
[nnue-g1] 19985/79314  6.3 games/s  ETA 2h36m56s
[nnue-g1] 19990/79314  6.3 games/s  ETA 2h36m59s
[nnue-g1] 19994/79314  6.3 games/s  ETA 2h37m02s
[nnue-g1] 20004/79314  6.3 games/s  ETA 2h37m02s
[nnue-g1] 20009/79314  6.3 games/s  ETA 2h37m05s
[nnue-g1] 20017/79314  6.3 games/s  ETA 2h37m06s
[nnue-g1] 20029/79314  6.3 games/s  ETA 2h37m04s
[nnue-g1] 20038/79314  6.3 games/s  ETA 2h37m04s
[nnue-g1] 20045/79314  6.3 games/s  ETA 2h37m06s
[nnue-g1] 20055/79314  6.3 games/s  ETA 2h37m05s
[nnue-g1] 20065/79314  6.3 games/s  ETA 2h37m05s
[nnue-g1] 20076/79314  6.3 games/s  ETA 2h37m04s
[nnue-g1] 20082/79314  6.3 games/s  ETA 2h37m06s
[nnue-g1] 20086/79314  6.3 games/s  ETA 2h37m10s
[nnue-g1] 20091/79314  6.3 games/s  ETA 2h37m12s
[nnue-g1] 20098/79314  6.3 games/s  ETA 2h37m14s
[nnue-g1] 20103/79314  6.3 games/s  ETA 2h37m17s
[nnue-g1] 20110/79314  6.3 games/s  ETA 2h37m18s
[nnue-g1] 20117/79314  6.3 games/s  ETA 2h37m19s
[nnue-g1] 20124/79314  6.3 games/s  ETA 2h37m21s
[nnue-g1] 20131/79314  6.3 games/s  ETA 2h37m22s
[nnue-g1] 20139/79314  6.3 games/s  ETA 2h37m23s
[nnue-g1] 20147/79314  6.3 games/s  ETA 2h37m24s
[nnue-g1] 20156/79314  6.3 games/s  ETA 2h37m24s
[nnue-g1] 20162/79314  6.3 games/s  ETA 2h37m26s
[nnue-g1] 20168/79314  6.3 games/s  ETA 2h37m29s
[nnue-g1] 20178/79314  6.3 games/s  ETA 2h37m28s
[nnue-g1] 20187/79314  6.3 games/s  ETA 2h37m28s
[nnue-g1] 20197/79314  6.3 games/s  ETA 2h37m28s
[nnue-g1] 20203/79314  6.3 games/s  ETA 2h37m30s
[nnue-g1] 20209/79314  6.3 games/s  ETA 2h37m32s
[nnue-g1] 20216/79314  6.3 games/s  ETA 2h37m34s
[nnue-g1] 20223/79314  6.2 games/s  ETA 2h37m35s
[nnue-g1] 20230/79314  6.2 games/s  ETA 2h37m36s
[nnue-g1] 20237/79314  6.2 games/s  ETA 2h37m38s
[nnue-g1] 20242/79314  6.2 games/s  ETA 2h37m41s
[nnue-g1] 20249/79314  6.2 games/s  ETA 2h37m42s
[nnue-g1] 20258/79314  6.2 games/s  ETA 2h37m42s
[nnue-g1] 20264/79314  6.2 games/s  ETA 2h37m44s
[nnue-g1] 20271/79314  6.2 games/s  ETA 2h37m46s
[nnue-g1] 20281/79314  6.2 games/s  ETA 2h37m45s
[nnue-g1] 20286/79314  6.2 games/s  ETA 2h37m48s
[nnue-g1] 20291/79314  6.2 games/s  ETA 2h37m51s
[nnue-g1] 20297/79314  6.2 games/s  ETA 2h37m53s
[nnue-g1] 20304/79314  6.2 games/s  ETA 2h37m54s
[nnue-g1] 20315/79314  6.2 games/s  ETA 2h37m53s
[nnue-g1] 20322/79314  6.2 games/s  ETA 2h37m55s
[nnue-g1] 20332/79314  6.2 games/s  ETA 2h37m54s
[nnue-g1] 20340/79314  6.2 games/s  ETA 2h37m55s
[nnue-g1] 20351/79314  6.2 games/s  ETA 2h37m54s
[nnue-g1] 20364/79314  6.2 games/s  ETA 2h37m51s
[nnue-g1] 20372/79314  6.2 games/s  ETA 2h37m52s
[nnue-g1] 20384/79314  6.2 games/s  ETA 2h37m50s
[nnue-g1] 20395/79314  6.2 games/s  ETA 2h37m49s
[nnue-g1] 20406/79314  6.2 games/s  ETA 2h37m48s
[nnue-g1] 20417/79314  6.2 games/s  ETA 2h37m47s
[nnue-g1] 20427/79314  6.2 games/s  ETA 2h37m47s
[nnue-g1] 20441/79314  6.2 games/s  ETA 2h37m44s
[nnue-g1] 20454/79314  6.2 games/s  ETA 2h37m41s
[nnue-g1] 20463/79314  6.2 games/s  ETA 2h37m42s
[nnue-g1] 20475/79314  6.2 games/s  ETA 2h37m40s
[nnue-g1] 20483/79314  6.2 games/s  ETA 2h37m41s
[nnue-g1] 20498/79314  6.2 games/s  ETA 2h37m37s
[nnue-g1] 20506/79314  6.2 games/s  ETA 2h37m38s
[nnue-g1] 20512/79314  6.2 games/s  ETA 2h37m40s
[nnue-g1] 20516/79314  6.2 games/s  ETA 2h37m43s
[nnue-g1] 20524/79314  6.2 games/s  ETA 2h37m44s
[nnue-g1] 20529/79314  6.2 games/s  ETA 2h37m46s
[nnue-g1] 20540/79314  6.2 games/s  ETA 2h37m45s
[nnue-g1] 20550/79314  6.2 games/s  ETA 2h37m45s
[nnue-g1] 20555/79314  6.2 games/s  ETA 2h37m47s
[nnue-g1] 20562/79314  6.2 games/s  ETA 2h37m49s
[nnue-g1] 20571/79314  6.2 games/s  ETA 2h37m49s
[nnue-g1] 20580/79314  6.2 games/s  ETA 2h37m49s
[nnue-g1] 20591/79314  6.2 games/s  ETA 2h37m48s
[nnue-g1] 20596/79314  6.2 games/s  ETA 2h37m50s
[nnue-g1] 20606/79314  6.2 games/s  ETA 2h37m50s
[nnue-g1] 20614/79314  6.2 games/s  ETA 2h37m51s
[nnue-g1] 20625/79314  6.2 games/s  ETA 2h37m50s
[nnue-g1] 20630/79314  6.2 games/s  ETA 2h37m52s
[nnue-g1] 20638/79314  6.2 games/s  ETA 2h37m53s
[nnue-g1] 20645/79314  6.2 games/s  ETA 2h37m54s
[nnue-g1] 20648/79314  6.2 games/s  ETA 2h37m58s
[nnue-g1] 20658/79314  6.2 games/s  ETA 2h37m58s
[nnue-g1] 20666/79314  6.2 games/s  ETA 2h37m58s
[nnue-g1] 20672/79314  6.2 games/s  ETA 2h38m00s
[nnue-g1] 20680/79314  6.2 games/s  ETA 2h38m01s
[nnue-g1] 20686/79314  6.2 games/s  ETA 2h38m03s
[nnue-g1] 20696/79314  6.2 games/s  ETA 2h38m02s
[nnue-g1] 20700/79314  6.2 games/s  ETA 2h38m06s
[nnue-g1] 20710/79314  6.2 games/s  ETA 2h38m05s
[nnue-g1] 20717/79314  6.2 games/s  ETA 2h38m06s
[nnue-g1] 20729/79314  6.2 games/s  ETA 2h38m05s
[nnue-g1] 20736/79314  6.2 games/s  ETA 2h38m06s
[nnue-g1] 20748/79314  6.2 games/s  ETA 2h38m04s
[nnue-g1] 20752/79314  6.2 games/s  ETA 2h38m07s
[nnue-g1] 20763/79314  6.2 games/s  ETA 2h38m06s
[nnue-g1] 20770/79314  6.2 games/s  ETA 2h38m07s
[nnue-g1] 20774/79314  6.2 games/s  ETA 2h38m11s
[nnue-g1] 20783/79314  6.2 games/s  ETA 2h38m11s
[nnue-g1] 20791/79314  6.2 games/s  ETA 2h38m11s
[nnue-g1] 20798/79314  6.2 games/s  ETA 2h38m13s
[nnue-g1] 20805/79314  6.2 games/s  ETA 2h38m14s
[nnue-g1] 20812/79314  6.2 games/s  ETA 2h38m15s
[nnue-g1] 20818/79314  6.2 games/s  ETA 2h38m17s
[nnue-g1] 20827/79314  6.2 games/s  ETA 2h38m17s
[nnue-g1] 20836/79314  6.2 games/s  ETA 2h38m17s
[nnue-g1] 20843/79314  6.2 games/s  ETA 2h38m19s
[nnue-g1] 20849/79314  6.2 games/s  ETA 2h38m20s
[nnue-g1] 20854/79314  6.2 games/s  ETA 2h38m23s
[nnue-g1] 20863/79314  6.2 games/s  ETA 2h38m23s
[nnue-g1] 20868/79314  6.1 games/s  ETA 2h38m25s
[nnue-g1] 20876/79314  6.1 games/s  ETA 2h38m26s
[nnue-g1] 20888/79314  6.1 games/s  ETA 2h38m24s
[nnue-g1] 20890/79314  6.1 games/s  ETA 2h38m29s
[nnue-g1] 20896/79314  6.1 games/s  ETA 2h38m31s
[nnue-g1] 20902/79314  6.1 games/s  ETA 2h38m32s
[nnue-g1] 20907/79314  6.1 games/s  ETA 2h38m35s
[nnue-g1] 20914/79314  6.1 games/s  ETA 2h38m36s
[nnue-g1] 20922/79314  6.1 games/s  ETA 2h38m37s
[nnue-g1] 20929/79314  6.1 games/s  ETA 2h38m38s
[nnue-g1] 20935/79314  6.1 games/s  ETA 2h38m40s
[nnue-g1] 20945/79314  6.1 games/s  ETA 2h38m39s
[nnue-g1] 20952/79314  6.1 games/s  ETA 2h38m41s
[nnue-g1] 20960/79314  6.1 games/s  ETA 2h38m41s
[nnue-g1] 20969/79314  6.1 games/s  ETA 2h38m41s
[nnue-g1] 20975/79314  6.1 games/s  ETA 2h38m43s
[nnue-g1] 20982/79314  6.1 games/s  ETA 2h38m44s
[nnue-g1] 20991/79314  6.1 games/s  ETA 2h38m44s
[nnue-g1] 21002/79314  6.1 games/s  ETA 2h38m43s
[nnue-g1] 21007/79314  6.1 games/s  ETA 2h38m46s
[nnue-g1] 21012/79314  6.1 games/s  ETA 2h38m48s
[nnue-g1] 21024/79314  6.1 games/s  ETA 2h38m46s
[nnue-g1] 21030/79314  6.1 games/s  ETA 2h38m48s
[nnue-g1] 21040/79314  6.1 games/s  ETA 2h38m47s
[nnue-g1] 21047/79314  6.1 games/s  ETA 2h38m49s
[nnue-g1] 21055/79314  6.1 games/s  ETA 2h38m49s
[nnue-g1] 21063/79314  6.1 games/s  ETA 2h38m50s
[nnue-g1] 21069/79314  6.1 games/s  ETA 2h38m52s
[nnue-g1] 21075/79314  6.1 games/s  ETA 2h38m54s
[nnue-g1] 21084/79314  6.1 games/s  ETA 2h38m54s
[nnue-g1] 21091/79314  6.1 games/s  ETA 2h38m55s
[nnue-g1] 21097/79314  6.1 games/s  ETA 2h38m57s
[nnue-g1] 21109/79314  6.1 games/s  ETA 2h38m55s
[nnue-g1] 21112/79314  6.1 games/s  ETA 2h38m58s
[nnue-g1] 21119/79314  6.1 games/s  ETA 2h39m00s
[nnue-g1] 21127/79314  6.1 games/s  ETA 2h39m00s
[nnue-g1] 21134/79314  6.1 games/s  ETA 2h39m01s
[nnue-g1] 21137/79314  6.1 games/s  ETA 2h39m05s
[nnue-g1] 21142/79314  6.1 games/s  ETA 2h39m08s
[nnue-g1] 21146/79314  6.1 games/s  ETA 2h39m11s
[nnue-g1] 21154/79314  6.1 games/s  ETA 2h39m11s
[nnue-g1] 21160/79314  6.1 games/s  ETA 2h39m13s
[nnue-g1] 21169/79314  6.1 games/s  ETA 2h39m13s
[nnue-g1] 21178/79314  6.1 games/s  ETA 2h39m13s
[nnue-g1] 21185/79314  6.1 games/s  ETA 2h39m14s
[nnue-g1] 21195/79314  6.1 games/s  ETA 2h39m13s
[nnue-g1] 21201/79314  6.1 games/s  ETA 2h39m15s
[nnue-g1] 21210/79314  6.1 games/s  ETA 2h39m15s
[nnue-g1] 21217/79314  6.1 games/s  ETA 2h39m16s
[nnue-g1] 21221/79314  6.1 games/s  ETA 2h39m19s
[nnue-g1] 21234/79314  6.1 games/s  ETA 2h39m17s
[nnue-g1] 21240/79314  6.1 games/s  ETA 2h39m19s
[nnue-g1] 21244/79314  6.1 games/s  ETA 2h39m22s
[nnue-g1] 21254/79314  6.1 games/s  ETA 2h39m21s
[nnue-g1] 21258/79314  6.1 games/s  ETA 2h39m24s
[nnue-g1] 21265/79314  6.1 games/s  ETA 2h39m25s
[nnue-g1] 21272/79314  6.1 games/s  ETA 2h39m26s
[nnue-g1] 21277/79314  6.1 games/s  ETA 2h39m29s
[nnue-g1] 21287/79314  6.1 games/s  ETA 2h39m28s
[nnue-g1] 21294/79314  6.1 games/s  ETA 2h39m29s
[nnue-g1] 21301/79314  6.1 games/s  ETA 2h39m30s
[nnue-g1] 21311/79314  6.1 games/s  ETA 2h39m30s
[nnue-g1] 21317/79314  6.1 games/s  ETA 2h39m31s
[nnue-g1] 21325/79314  6.1 games/s  ETA 2h39m32s
[nnue-g1] 21338/79314  6.1 games/s  ETA 2h39m29s
[nnue-g1] 21346/79314  6.1 games/s  ETA 2h39m30s
[nnue-g1] 21352/79314  6.1 games/s  ETA 2h39m32s
[nnue-g1] 21362/79314  6.1 games/s  ETA 2h39m31s
[nnue-g1] 21370/79314  6.1 games/s  ETA 2h39m31s
[nnue-g1] 21376/79314  6.1 games/s  ETA 2h39m33s
[nnue-g1] 21383/79314  6.1 games/s  ETA 2h39m34s
[nnue-g1] 21391/79314  6.0 games/s  ETA 2h39m35s
[nnue-g1] 21400/79314  6.0 games/s  ETA 2h39m35s
[nnue-g1] 21405/79314  6.0 games/s  ETA 2h39m37s
[nnue-g1] 21411/79314  6.0 games/s  ETA 2h39m39s
[nnue-g1] 21421/79314  6.0 games/s  ETA 2h39m38s
[nnue-g1] 21432/79314  6.0 games/s  ETA 2h39m37s
[nnue-g1] 21438/79314  6.0 games/s  ETA 2h39m38s
[nnue-g1] 21443/79314  6.0 games/s  ETA 2h39m41s
[nnue-g1] 21451/79314  6.0 games/s  ETA 2h39m41s
[nnue-g1] 21461/79314  6.0 games/s  ETA 2h39m41s
[nnue-g1] 21467/79314  6.0 games/s  ETA 2h39m42s
[nnue-g1] 21475/79314  6.0 games/s  ETA 2h39m43s
[nnue-g1] 21483/79314  6.0 games/s  ETA 2h39m43s
[nnue-g1] 21487/79314  6.0 games/s  ETA 2h39m46s
[nnue-g1] 21496/79314  6.0 games/s  ETA 2h39m46s
[nnue-g1] 21501/79314  6.0 games/s  ETA 2h39m48s
[nnue-g1] 21506/79314  6.0 games/s  ETA 2h39m51s
[nnue-g1] 21516/79314  6.0 games/s  ETA 2h39m50s
[nnue-g1] 21521/79314  6.0 games/s  ETA 2h39m52s
[nnue-g1] 21527/79314  6.0 games/s  ETA 2h39m54s
[nnue-g1] 21536/79314  6.0 games/s  ETA 2h39m54s
[nnue-g1] 21541/79314  6.0 games/s  ETA 2h39m56s
[nnue-g1] 21548/79314  6.0 games/s  ETA 2h39m57s
[nnue-g1] 21557/79314  6.0 games/s  ETA 2h39m57s
[nnue-g1] 21564/79314  6.0 games/s  ETA 2h39m58s
[nnue-g1] 21573/79314  6.0 games/s  ETA 2h39m58s
[nnue-g1] 21579/79314  6.0 games/s  ETA 2h40m00s
[nnue-g1] 21588/79314  6.0 games/s  ETA 2h40m00s
[nnue-g1] 21593/79314  6.0 games/s  ETA 2h40m02s
[nnue-g1] 21600/79314  6.0 games/s  ETA 2h40m03s
[nnue-g1] 21608/79314  6.0 games/s  ETA 2h40m03s
[nnue-g1] 21611/79314  6.0 games/s  ETA 2h40m07s
[nnue-g1] 21615/79314  6.0 games/s  ETA 2h40m10s
[nnue-g1] 21620/79314  6.0 games/s  ETA 2h40m12s
[nnue-g1] 21624/79314  6.0 games/s  ETA 2h40m15s
[nnue-g1] 21626/79314  6.0 games/s  ETA 2h40m19s
[nnue-g1] 21632/79314  6.0 games/s  ETA 2h40m21s
[nnue-g1] 21638/79314  6.0 games/s  ETA 2h40m22s
[nnue-g1] 21642/79314  6.0 games/s  ETA 2h40m25s
[nnue-g1] 21647/79314  6.0 games/s  ETA 2h40m28s
[nnue-g1] 21654/79314  6.0 games/s  ETA 2h40m29s
[nnue-g1] 21661/79314  6.0 games/s  ETA 2h40m30s
[nnue-g1] 21664/79314  6.0 games/s  ETA 2h40m33s
[nnue-g1] 21673/79314  6.0 games/s  ETA 2h40m33s
[nnue-g1] 21678/79314  6.0 games/s  ETA 2h40m35s
[nnue-g1] 21685/79314  6.0 games/s  ETA 2h40m36s
[nnue-g1] 21695/79314  6.0 games/s  ETA 2h40m35s
[nnue-g1] 21700/79314  6.0 games/s  ETA 2h40m38s
[nnue-g1] 21704/79314  6.0 games/s  ETA 2h40m41s
[nnue-g1] 21711/79314  6.0 games/s  ETA 2h40m42s
[nnue-g1] 21718/79314  6.0 games/s  ETA 2h40m43s
[nnue-g1] 21724/79314  6.0 games/s  ETA 2h40m44s
[nnue-g1] 21731/79314  6.0 games/s  ETA 2h40m45s
[nnue-g1] 21737/79314  6.0 games/s  ETA 2h40m47s
[nnue-g1] 21742/79314  6.0 games/s  ETA 2h40m49s
[nnue-g1] 21749/79314  6.0 games/s  ETA 2h40m50s
[nnue-g1] 21756/79314  6.0 games/s  ETA 2h40m51s
[nnue-g1] 21761/79314  6.0 games/s  ETA 2h40m53s
[nnue-g1] 21766/79314  6.0 games/s  ETA 2h40m56s
[nnue-g1] 21770/79314  6.0 games/s  ETA 2h40m59s
[nnue-g1] 21777/79314  6.0 games/s  ETA 2h41m00s
[nnue-g1] 21784/79314  6.0 games/s  ETA 2h41m01s
[nnue-g1] 21789/79314  6.0 games/s  ETA 2h41m03s
[nnue-g1] 21797/79314  6.0 games/s  ETA 2h41m03s
[nnue-g1] 21802/79314  5.9 games/s  ETA 2h41m05s
[nnue-g1] 21809/79314  5.9 games/s  ETA 2h41m06s
[nnue-g1] 21813/79314  5.9 games/s  ETA 2h41m09s
[nnue-g1] 21820/79314  5.9 games/s  ETA 2h41m10s
[nnue-g1] 21829/79314  5.9 games/s  ETA 2h41m10s
[nnue-g1] 21837/79314  5.9 games/s  ETA 2h41m10s
[nnue-g1] 21842/79314  5.9 games/s  ETA 2h41m13s
[nnue-g1] 21849/79314  5.9 games/s  ETA 2h41m14s
[nnue-g1] 21853/79314  5.9 games/s  ETA 2h41m16s
[nnue-g1] 21862/79314  5.9 games/s  ETA 2h41m16s
[nnue-g1] 21869/79314  5.9 games/s  ETA 2h41m17s
[nnue-g1] 21873/79314  5.9 games/s  ETA 2h41m20s
[nnue-g1] 21880/79314  5.9 games/s  ETA 2h41m21s
[nnue-g1] 21887/79314  5.9 games/s  ETA 2h41m22s
[nnue-g1] 21894/79314  5.9 games/s  ETA 2h41m23s
[nnue-g1] 21897/79314  5.9 games/s  ETA 2h41m26s
[nnue-g1] 21906/79314  5.9 games/s  ETA 2h41m26s
[nnue-g1] 21913/79314  5.9 games/s  ETA 2h41m27s
[nnue-g1] 21915/79314  5.9 games/s  ETA 2h41m31s
[nnue-g1] 21923/79314  5.9 games/s  ETA 2h41m31s
[nnue-g1] 21931/79314  5.9 games/s  ETA 2h41m32s
[nnue-g1] 21934/79314  5.9 games/s  ETA 2h41m35s
[nnue-g1] 21940/79314  5.9 games/s  ETA 2h41m37s
[nnue-g1] 21944/79314  5.9 games/s  ETA 2h41m39s
[nnue-g1] 21950/79314  5.9 games/s  ETA 2h41m41s
[nnue-g1] 21955/79314  5.9 games/s  ETA 2h41m43s
[nnue-g1] 21961/79314  5.9 games/s  ETA 2h41m45s
[nnue-g1] 21967/79314  5.9 games/s  ETA 2h41m46s
[nnue-g1] 21972/79314  5.9 games/s  ETA 2h41m48s
[nnue-g1] 21981/79314  5.9 games/s  ETA 2h41m48s
[nnue-g1] 21985/79314  5.9 games/s  ETA 2h41m51s
[nnue-g1] 21991/79314  5.9 games/s  ETA 2h41m53s
[nnue-g1] 21996/79314  5.9 games/s  ETA 2h41m55s
[nnue-g1] 22003/79314  5.9 games/s  ETA 2h41m56s
[nnue-g1] 22007/79314  5.9 games/s  ETA 2h41m58s
[nnue-g1] 22016/79314  5.9 games/s  ETA 2h41m58s
[nnue-g1] 22020/79314  5.9 games/s  ETA 2h42m01s
[nnue-g1] 22028/79314  5.9 games/s  ETA 2h42m01s
[nnue-g1] 22033/79314  5.9 games/s  ETA 2h42m03s
[nnue-g1] 22038/79314  5.9 games/s  ETA 2h42m05s
[nnue-g1] 22044/79314  5.9 games/s  ETA 2h42m07s
[nnue-g1] 22048/79314  5.9 games/s  ETA 2h42m10s
[nnue-g1] 22055/79314  5.9 games/s  ETA 2h42m11s
[nnue-g1] 22062/79314  5.9 games/s  ETA 2h42m12s
[nnue-g1] 22066/79314  5.9 games/s  ETA 2h42m14s
[nnue-g1] 22072/79314  5.9 games/s  ETA 2h42m16s
[nnue-g1] 22077/79314  5.9 games/s  ETA 2h42m18s
[nnue-g1] 22084/79314  5.9 games/s  ETA 2h42m19s
[nnue-g1] 22089/79314  5.9 games/s  ETA 2h42m21s
[nnue-g1] 22096/79314  5.9 games/s  ETA 2h42m22s
[nnue-g1] 22102/79314  5.9 games/s  ETA 2h42m23s
[nnue-g1] 22106/79314  5.9 games/s  ETA 2h42m26s
[nnue-g1] 22114/79314  5.9 games/s  ETA 2h42m26s
[nnue-g1] 22118/79314  5.9 games/s  ETA 2h42m29s
[nnue-g1] 22124/79314  5.9 games/s  ETA 2h42m31s
[nnue-g1] 22128/79314  5.9 games/s  ETA 2h42m33s
[nnue-g1] 22135/79314  5.9 games/s  ETA 2h42m34s
[nnue-g1] 22142/79314  5.9 games/s  ETA 2h42m35s
[nnue-g1] 22147/79314  5.9 games/s  ETA 2h42m37s
[nnue-g1] 22151/79314  5.9 games/s  ETA 2h42m40s
[nnue-g1] 22165/79314  5.9 games/s  ETA 2h42m37s
[nnue-g1] 22170/79314  5.9 games/s  ETA 2h42m39s
[nnue-g1] 22179/79314  5.9 games/s  ETA 2h42m38s
[nnue-g1] 22184/79314  5.9 games/s  ETA 2h42m40s
[nnue-g1] 22190/79314  5.9 games/s  ETA 2h42m42s
[nnue-g1] 22201/79314  5.9 games/s  ETA 2h42m40s
[nnue-g1] 22208/79314  5.8 games/s  ETA 2h42m41s
[nnue-g1] 22214/79314  5.8 games/s  ETA 2h42m43s
[nnue-g1] 22225/79314  5.8 games/s  ETA 2h42m41s
[nnue-g1] 22230/79314  5.8 games/s  ETA 2h42m43s
[nnue-g1] 22236/79314  5.8 games/s  ETA 2h42m45s
[nnue-g1] 22245/79314  5.8 games/s  ETA 2h42m44s
[nnue-g1] 22252/79314  5.8 games/s  ETA 2h42m45s
[nnue-g1] 22258/79314  5.8 games/s  ETA 2h42m47s
[nnue-g1] 22264/79314  5.8 games/s  ETA 2h42m48s
[nnue-g1] 22269/79314  5.8 games/s  ETA 2h42m50s
[nnue-g1] 22279/79314  5.8 games/s  ETA 2h42m49s
[nnue-g1] 22285/79314  5.8 games/s  ETA 2h42m51s
[nnue-g1] 22291/79314  5.8 games/s  ETA 2h42m52s
[nnue-g1] 22300/79314  5.8 games/s  ETA 2h42m52s
[nnue-g1] 22309/79314  5.8 games/s  ETA 2h42m51s
[nnue-g1] 22316/79314  5.8 games/s  ETA 2h42m52s
[nnue-g1] 22325/79314  5.8 games/s  ETA 2h42m52s
[nnue-g1] 22332/79314  5.8 games/s  ETA 2h42m53s
[nnue-g1] 22340/79314  5.8 games/s  ETA 2h42m53s
[nnue-g1] 22346/79314  5.8 games/s  ETA 2h42m54s
[nnue-g1] 22354/79314  5.8 games/s  ETA 2h42m55s
[nnue-g1] 22363/79314  5.8 games/s  ETA 2h42m54s
[nnue-g1] 22370/79314  5.8 games/s  ETA 2h42m55s
[nnue-g1] 22382/79314  5.8 games/s  ETA 2h42m53s
[nnue-g1] 22392/79314  5.8 games/s  ETA 2h42m52s
[nnue-g1] 22401/79314  5.8 games/s  ETA 2h42m52s
[nnue-g1] 22414/79314  5.8 games/s  ETA 2h42m49s
[nnue-g1] 22422/79314  5.8 games/s  ETA 2h42m49s
[nnue-g1] 22437/79314  5.8 games/s  ETA 2h42m45s
[nnue-g1] 22451/79314  5.8 games/s  ETA 2h42m41s
[nnue-g1] 22460/79314  5.8 games/s  ETA 2h42m41s
[nnue-g1] 22470/79314  5.8 games/s  ETA 2h42m40s
[nnue-g1] 22480/79314  5.8 games/s  ETA 2h42m39s
[nnue-g1] 22482/79314  5.8 games/s  ETA 2h42m43s
[nnue-g1] 22485/79314  5.8 games/s  ETA 2h42m46s
[nnue-g1] 22494/79314  5.8 games/s  ETA 2h42m46s
[nnue-g1] 22501/79314  5.8 games/s  ETA 2h42m47s
[nnue-g1] 22505/79314  5.8 games/s  ETA 2h42m49s
[nnue-g1] 22513/79314  5.8 games/s  ETA 2h42m49s
[nnue-g1] 22522/79314  5.8 games/s  ETA 2h42m49s
[nnue-g1] 22526/79314  5.8 games/s  ETA 2h42m52s
[nnue-g1] 22529/79314  5.8 games/s  ETA 2h42m55s
[nnue-g1] 22536/79314  5.8 games/s  ETA 2h42m56s
[nnue-g1] 22541/79314  5.8 games/s  ETA 2h42m58s
[nnue-g1] 22546/79314  5.8 games/s  ETA 2h43m00s
[nnue-g1] 22552/79314  5.8 games/s  ETA 2h43m01s
[nnue-g1] 22560/79314  5.8 games/s  ETA 2h43m01s
[nnue-g1] 22569/79314  5.8 games/s  ETA 2h43m01s
[nnue-g1] 22573/79314  5.8 games/s  ETA 2h43m03s
[nnue-g1] 22586/79314  5.8 games/s  ETA 2h43m01s
[nnue-g1] 22588/79314  5.8 games/s  ETA 2h43m04s
[nnue-g1] 22595/79314  5.8 games/s  ETA 2h43m05s
[nnue-g1] 22599/79314  5.8 games/s  ETA 2h43m08s
[nnue-g1] 22601/79314  5.8 games/s  ETA 2h43m12s
[nnue-g1] 22607/79314  5.8 games/s  ETA 2h43m13s
[nnue-g1] 22611/79314  5.8 games/s  ETA 2h43m16s
[nnue-g1] 22613/79314  5.8 games/s  ETA 2h43m19s
[nnue-g1] 22618/79314  5.8 games/s  ETA 2h43m21s
[nnue-g1] 22626/79314  5.8 games/s  ETA 2h43m22s
[nnue-g1] 22631/79314  5.8 games/s  ETA 2h43m24s
[nnue-g1] 22636/79314  5.8 games/s  ETA 2h43m26s
[nnue-g1] 22644/79314  5.8 games/s  ETA 2h43m26s
[nnue-g1] 22650/79314  5.8 games/s  ETA 2h43m27s
[nnue-g1] 22654/79314  5.8 games/s  ETA 2h43m30s
[nnue-g1] 22661/79314  5.8 games/s  ETA 2h43m30s
[nnue-g1] 22663/79314  5.8 games/s  ETA 2h43m34s
[nnue-g1] 22671/79314  5.8 games/s  ETA 2h43m34s
[nnue-g1] 22675/79314  5.8 games/s  ETA 2h43m37s
[nnue-g1] 22679/79314  5.8 games/s  ETA 2h43m39s
[nnue-g1] 22684/79314  5.8 games/s  ETA 2h43m41s
[nnue-g1] 22687/79314  5.8 games/s  ETA 2h43m45s
[nnue-g1] 22693/79314  5.8 games/s  ETA 2h43m46s
[nnue-g1] 22702/79314  5.8 games/s  ETA 2h43m45s
[nnue-g1] 22707/79314  5.8 games/s  ETA 2h43m47s
[nnue-g1] 22711/79314  5.8 games/s  ETA 2h43m50s
[nnue-g1] 22723/79314  5.8 games/s  ETA 2h43m48s
[nnue-g1] 22728/79314  5.8 games/s  ETA 2h43m50s
[nnue-g1] 22736/79314  5.8 games/s  ETA 2h43m50s
[nnue-g1] 22741/79314  5.8 games/s  ETA 2h43m52s
[nnue-g1] 22746/79314  5.8 games/s  ETA 2h43m54s
[nnue-g1] 22750/79314  5.8 games/s  ETA 2h43m56s
[nnue-g1] 22755/79314  5.7 games/s  ETA 2h43m58s
[nnue-g1] 22762/79314  5.7 games/s  ETA 2h43m59s
[nnue-g1] 22766/79314  5.7 games/s  ETA 2h44m01s
[nnue-g1] 22777/79314  5.7 games/s  ETA 2h44m00s
[nnue-g1] 22781/79314  5.7 games/s  ETA 2h44m02s
[nnue-g1] 22791/79314  5.7 games/s  ETA 2h44m01s
[nnue-g1] 22795/79314  5.7 games/s  ETA 2h44m04s
[nnue-g1] 22804/79314  5.7 games/s  ETA 2h44m03s
[nnue-g1] 22809/79314  5.7 games/s  ETA 2h44m05s
[nnue-g1] 22820/79314  5.7 games/s  ETA 2h44m03s
[nnue-g1] 22823/79314  5.7 games/s  ETA 2h44m07s
[nnue-g1] 22831/79314  5.7 games/s  ETA 2h44m07s
[nnue-g1] 22841/79314  5.7 games/s  ETA 2h44m06s
[nnue-g1] 22846/79314  5.7 games/s  ETA 2h44m08s
[nnue-g1] 22851/79314  5.7 games/s  ETA 2h44m09s
[nnue-g1] 22855/79314  5.7 games/s  ETA 2h44m12s
[nnue-g1] 22859/79314  5.7 games/s  ETA 2h44m14s
[nnue-g1] 22863/79314  5.7 games/s  ETA 2h44m17s
[nnue-g1] 22869/79314  5.7 games/s  ETA 2h44m18s
[nnue-g1] 22874/79314  5.7 games/s  ETA 2h44m20s
[nnue-g1] 22882/79314  5.7 games/s  ETA 2h44m20s
[nnue-g1] 22889/79314  5.7 games/s  ETA 2h44m21s
[nnue-g1] 22895/79314  5.7 games/s  ETA 2h44m22s
[nnue-g1] 22900/79314  5.7 games/s  ETA 2h44m24s
[nnue-g1] 22908/79314  5.7 games/s  ETA 2h44m24s
[nnue-g1] 22914/79314  5.7 games/s  ETA 2h44m26s
[nnue-g1] 22921/79314  5.7 games/s  ETA 2h44m26s
[nnue-g1] 22925/79314  5.7 games/s  ETA 2h44m29s
[nnue-g1] 22936/79314  5.7 games/s  ETA 2h44m27s
[nnue-g1] 22941/79314  5.7 games/s  ETA 2h44m29s
[nnue-g1] 22951/79314  5.7 games/s  ETA 2h44m28s
[nnue-g1] 22958/79314  5.7 games/s  ETA 2h44m28s
[nnue-g1] 22966/79314  5.7 games/s  ETA 2h44m29s
[nnue-g1] 22971/79314  5.7 games/s  ETA 2h44m30s
[nnue-g1] 22976/79314  5.7 games/s  ETA 2h44m32s
[nnue-g1] 22981/79314  5.7 games/s  ETA 2h44m34s
[nnue-g1] 22990/79314  5.7 games/s  ETA 2h44m34s
[nnue-g1] 22994/79314  5.7 games/s  ETA 2h44m36s
[nnue-g1] 23000/79314  5.7 games/s  ETA 2h44m37s
[nnue-g1] 23008/79314  5.7 games/s  ETA 2h44m37s
[nnue-g1] 23011/79314  5.7 games/s  ETA 2h44m41s
[nnue-g1] 23017/79314  5.7 games/s  ETA 2h44m42s
[nnue-g1] 23024/79314  5.7 games/s  ETA 2h44m42s
[nnue-g1] 23029/79314  5.7 games/s  ETA 2h44m44s
[nnue-g1] 23033/79314  5.7 games/s  ETA 2h44m47s
[nnue-g1] 23040/79314  5.7 games/s  ETA 2h44m47s
[nnue-g1] 23049/79314  5.7 games/s  ETA 2h44m47s
[nnue-g1] 23055/79314  5.7 games/s  ETA 2h44m48s
[nnue-g1] 23064/79314  5.7 games/s  ETA 2h44m48s
[nnue-g1] 23069/79314  5.7 games/s  ETA 2h44m49s
[nnue-g1] 23076/79314  5.7 games/s  ETA 2h44m50s
[nnue-g1] 23084/79314  5.7 games/s  ETA 2h44m50s
[nnue-g1] 23089/79314  5.7 games/s  ETA 2h44m52s
[nnue-g1] 23097/79314  5.7 games/s  ETA 2h44m52s
[nnue-g1] 23101/79314  5.7 games/s  ETA 2h44m54s
[nnue-g1] 23108/79314  5.7 games/s  ETA 2h44m55s
[nnue-g1] 23115/79314  5.7 games/s  ETA 2h44m56s
[nnue-g1] 23122/79314  5.7 games/s  ETA 2h44m56s
[nnue-g1] 23128/79314  5.7 games/s  ETA 2h44m58s
[nnue-g1] 23136/79314  5.7 games/s  ETA 2h44m58s
[nnue-g1] 23142/79314  5.7 games/s  ETA 2h44m59s
[nnue-g1] 23145/79314  5.7 games/s  ETA 2h45m02s
[nnue-g1] 23154/79314  5.7 games/s  ETA 2h45m01s
[nnue-g1] 23160/79314  5.7 games/s  ETA 2h45m03s
[nnue-g1] 23168/79314  5.7 games/s  ETA 2h45m03s
[nnue-g1] 23172/79314  5.7 games/s  ETA 2h45m05s
[nnue-g1] 23176/79314  5.7 games/s  ETA 2h45m07s
[nnue-g1] 23181/79314  5.7 games/s  ETA 2h45m09s
[nnue-g1] 23184/79314  5.7 games/s  ETA 2h45m12s
[nnue-g1] 23189/79314  5.7 games/s  ETA 2h45m14s
[nnue-g1] 23196/79314  5.7 games/s  ETA 2h45m15s
[nnue-g1] 23200/79314  5.7 games/s  ETA 2h45m17s
[nnue-g1] 23208/79314  5.7 games/s  ETA 2h45m17s
[nnue-g1] 23210/79314  5.7 games/s  ETA 2h45m21s
[nnue-g1] 23219/79314  5.7 games/s  ETA 2h45m20s
[nnue-g1] 23225/79314  5.7 games/s  ETA 2h45m21s
[nnue-g1] 23232/79314  5.7 games/s  ETA 2h45m22s
[nnue-g1] 23240/79314  5.7 games/s  ETA 2h45m22s
[nnue-g1] 23245/79314  5.6 games/s  ETA 2h45m24s
[nnue-g1] 23251/79314  5.6 games/s  ETA 2h45m25s
[nnue-g1] 23261/79314  5.6 games/s  ETA 2h45m24s
[nnue-g1] 23267/79314  5.6 games/s  ETA 2h45m25s
[nnue-g1] 23272/79314  5.6 games/s  ETA 2h45m27s
[nnue-g1] 23283/79314  5.6 games/s  ETA 2h45m25s
[nnue-g1] 23288/79314  5.6 games/s  ETA 2h45m27s
[nnue-g1] 23295/79314  5.6 games/s  ETA 2h45m27s
[nnue-g1] 23302/79314  5.6 games/s  ETA 2h45m28s
[nnue-g1] 23307/79314  5.6 games/s  ETA 2h45m30s
[nnue-g1] 23313/79314  5.6 games/s  ETA 2h45m31s
[nnue-g1] 23316/79314  5.6 games/s  ETA 2h45m34s
[nnue-g1] 23323/79314  5.6 games/s  ETA 2h45m34s
[nnue-g1] 23328/79314  5.6 games/s  ETA 2h45m36s
[nnue-g1] 23336/79314  5.6 games/s  ETA 2h45m36s
[nnue-g1] 23341/79314  5.6 games/s  ETA 2h45m38s
[nnue-g1] 23342/79314  5.6 games/s  ETA 2h45m42s
[nnue-g1] 23350/79314  5.6 games/s  ETA 2h45m42s
[nnue-g1] 23354/79314  5.6 games/s  ETA 2h45m45s
[nnue-g1] 23362/79314  5.6 games/s  ETA 2h45m45s
[nnue-g1] 23369/79314  5.6 games/s  ETA 2h45m45s
[nnue-g1] 23374/79314  5.6 games/s  ETA 2h45m47s
[nnue-g1] 23380/79314  5.6 games/s  ETA 2h45m48s
[nnue-g1] 23386/79314  5.6 games/s  ETA 2h45m49s
[nnue-g1] 23391/79314  5.6 games/s  ETA 2h45m51s
[nnue-g1] 23399/79314  5.6 games/s  ETA 2h45m51s
[nnue-g1] 23405/79314  5.6 games/s  ETA 2h45m52s
[nnue-g1] 23411/79314  5.6 games/s  ETA 2h45m53s
[nnue-g1] 23418/79314  5.6 games/s  ETA 2h45m54s
[nnue-g1] 23424/79314  5.6 games/s  ETA 2h45m55s
[nnue-g1] 23434/79314  5.6 games/s  ETA 2h45m54s
[nnue-g1] 23442/79314  5.6 games/s  ETA 2h45m54s
[nnue-g1] 23446/79314  5.6 games/s  ETA 2h45m56s
[nnue-g1] 23455/79314  5.6 games/s  ETA 2h45m55s
[nnue-g1] 23465/79314  5.6 games/s  ETA 2h45m54s
[nnue-g1] 23468/79314  5.6 games/s  ETA 2h45m57s
[nnue-g1] 23476/79314  5.6 games/s  ETA 2h45m57s
[nnue-g1] 23482/79314  5.6 games/s  ETA 2h45m58s
[nnue-g1] 23492/79314  5.6 games/s  ETA 2h45m57s
[nnue-g1] 23496/79314  5.6 games/s  ETA 2h45m59s
[nnue-g1] 23504/79314  5.6 games/s  ETA 2h45m59s
[nnue-g1] 23513/79314  5.6 games/s  ETA 2h45m58s
[nnue-g1] 23516/79314  5.6 games/s  ETA 2h46m01s
[nnue-g1] 23521/79314  5.6 games/s  ETA 2h46m03s
[nnue-g1] 23523/79314  5.6 games/s  ETA 2h46m07s
[nnue-g1] 23528/79314  5.6 games/s  ETA 2h46m08s
[nnue-g1] 23534/79314  5.6 games/s  ETA 2h46m10s
[nnue-g1] 23537/79314  5.6 games/s  ETA 2h46m12s
[nnue-g1] 23545/79314  5.6 games/s  ETA 2h46m12s
[nnue-g1] 23550/79314  5.6 games/s  ETA 2h46m14s
[nnue-g1] 23557/79314  5.6 games/s  ETA 2h46m15s
[nnue-g1] 23563/79314  5.6 games/s  ETA 2h46m16s
[nnue-g1] 23568/79314  5.6 games/s  ETA 2h46m17s
[nnue-g1] 23575/79314  5.6 games/s  ETA 2h46m18s
[nnue-g1] 23581/79314  5.6 games/s  ETA 2h46m19s
[nnue-g1] 23587/79314  5.6 games/s  ETA 2h46m20s
[nnue-g1] 23597/79314  5.6 games/s  ETA 2h46m19s
[nnue-g1] 23603/79314  5.6 games/s  ETA 2h46m20s
[nnue-g1] 23605/79314  5.6 games/s  ETA 2h46m24s
[nnue-g1] 23612/79314  5.6 games/s  ETA 2h46m24s
[nnue-g1] 23621/79314  5.6 games/s  ETA 2h46m23s
[nnue-g1] 23625/79314  5.6 games/s  ETA 2h46m26s
[nnue-g1] 23630/79314  5.6 games/s  ETA 2h46m27s
[nnue-g1] 23638/79314  5.6 games/s  ETA 2h46m27s
[nnue-g1] 23643/79314  5.6 games/s  ETA 2h46m29s
[nnue-g1] 23648/79314  5.6 games/s  ETA 2h46m31s
[nnue-g1] 23651/79314  5.6 games/s  ETA 2h46m34s
[nnue-g1] 23654/79314  5.6 games/s  ETA 2h46m36s
[nnue-g1] 23658/79314  5.6 games/s  ETA 2h46m39s
[nnue-g1] 23667/79314  5.6 games/s  ETA 2h46m38s
[nnue-g1] 23667/79314  5.6 games/s  ETA 2h46m43s
[nnue-g1] 23674/79314  5.6 games/s  ETA 2h46m43s
[nnue-g1] 23679/79314  5.6 games/s  ETA 2h46m45s
[nnue-g1] 23685/79314  5.6 games/s  ETA 2h46m46s
[nnue-g1] 23691/79314  5.6 games/s  ETA 2h46m47s
[nnue-g1] 23697/79314  5.6 games/s  ETA 2h46m48s
[nnue-g1] 23704/79314  5.6 games/s  ETA 2h46m49s
[nnue-g1] 23709/79314  5.6 games/s  ETA 2h46m50s
[nnue-g1] 23715/79314  5.6 games/s  ETA 2h46m51s
[nnue-g1] 23720/79314  5.6 games/s  ETA 2h46m53s
[nnue-g1] 23723/79314  5.5 games/s  ETA 2h46m56s
[nnue-g1] 23731/79314  5.5 games/s  ETA 2h46m56s
[nnue-g1] 23734/79314  5.5 games/s  ETA 2h46m59s
[nnue-g1] 23738/79314  5.5 games/s  ETA 2h47m01s
[nnue-g1] 23739/79314  5.5 games/s  ETA 2h47m05s
[nnue-g1] 23743/79314  5.5 games/s  ETA 2h47m07s
[nnue-g1] 23746/79314  5.5 games/s  ETA 2h47m10s
[nnue-g1] 23750/79314  5.5 games/s  ETA 2h47m13s
[nnue-g1] 23756/79314  5.5 games/s  ETA 2h47m14s
[nnue-g1] 23760/79314  5.5 games/s  ETA 2h47m16s
[nnue-g1] 23762/79314  5.5 games/s  ETA 2h47m19s
[nnue-g1] 23766/79314  5.5 games/s  ETA 2h47m22s
[nnue-g1] 23768/79314  5.5 games/s  ETA 2h47m25s
[nnue-g1] 23776/79314  5.5 games/s  ETA 2h47m25s
[nnue-g1] 23778/79314  5.5 games/s  ETA 2h47m28s
[nnue-g1] 23781/79314  5.5 games/s  ETA 2h47m31s
[nnue-g1] 23787/79314  5.5 games/s  ETA 2h47m32s
[nnue-g1] 23794/79314  5.5 games/s  ETA 2h47m33s
[nnue-g1] 23795/79314  5.5 games/s  ETA 2h47m37s
[nnue-g1] 23804/79314  5.5 games/s  ETA 2h47m36s
[nnue-g1] 23808/79314  5.5 games/s  ETA 2h47m38s
[nnue-g1] 23816/79314  5.5 games/s  ETA 2h47m38s
[nnue-g1] 23818/79314  5.5 games/s  ETA 2h47m42s
[nnue-g1] 23826/79314  5.5 games/s  ETA 2h47m41s
[nnue-g1] 23829/79314  5.5 games/s  ETA 2h47m44s
[nnue-g1] 23833/79314  5.5 games/s  ETA 2h47m47s
[nnue-g1] 23840/79314  5.5 games/s  ETA 2h47m47s
[nnue-g1] 23844/79314  5.5 games/s  ETA 2h47m49s
[nnue-g1] 23851/79314  5.5 games/s  ETA 2h47m50s
[nnue-g1] 23855/79314  5.5 games/s  ETA 2h47m52s
[nnue-g1] 23857/79314  5.5 games/s  ETA 2h47m55s
[nnue-g1] 23864/79314  5.5 games/s  ETA 2h47m56s
[nnue-g1] 23867/79314  5.5 games/s  ETA 2h47m59s
[nnue-g1] 23871/79314  5.5 games/s  ETA 2h48m01s
[nnue-g1] 23875/79314  5.5 games/s  ETA 2h48m03s
[nnue-g1] 23882/79314  5.5 games/s  ETA 2h48m03s
[nnue-g1] 23890/79314  5.5 games/s  ETA 2h48m03s
[nnue-g1] 23891/79314  5.5 games/s  ETA 2h48m07s
[nnue-g1] 23898/79314  5.5 games/s  ETA 2h48m08s
[nnue-g1] 23902/79314  5.5 games/s  ETA 2h48m10s
[nnue-g1] 23909/79314  5.5 games/s  ETA 2h48m10s
[nnue-g1] 23910/79314  5.5 games/s  ETA 2h48m14s
[nnue-g1] 23917/79314  5.5 games/s  ETA 2h48m15s
[nnue-g1] 23922/79314  5.5 games/s  ETA 2h48m16s
[nnue-g1] 23929/79314  5.5 games/s  ETA 2h48m17s
[nnue-g1] 23935/79314  5.5 games/s  ETA 2h48m18s
[nnue-g1] 23940/79314  5.5 games/s  ETA 2h48m19s
[nnue-g1] 23944/79314  5.5 games/s  ETA 2h48m22s
[nnue-g1] 23947/79314  5.5 games/s  ETA 2h48m24s
[nnue-g1] 23954/79314  5.5 games/s  ETA 2h48m25s
[nnue-g1] 23959/79314  5.5 games/s  ETA 2h48m26s
[nnue-g1] 23965/79314  5.5 games/s  ETA 2h48m27s
[nnue-g1] 23970/79314  5.5 games/s  ETA 2h48m29s
[nnue-g1] 23973/79314  5.5 games/s  ETA 2h48m32s
[nnue-g1] 23976/79314  5.5 games/s  ETA 2h48m35s
[nnue-g1] 23986/79314  5.5 games/s  ETA 2h48m33s
[nnue-g1] 23990/79314  5.5 games/s  ETA 2h48m35s
[nnue-g1] 23996/79314  5.5 games/s  ETA 2h48m36s
[nnue-g1] 24003/79314  5.5 games/s  ETA 2h48m37s
[nnue-g1] 24007/79314  5.5 games/s  ETA 2h48m39s
[nnue-g1] 24015/79314  5.5 games/s  ETA 2h48m39s
[nnue-g1] 24021/79314  5.5 games/s  ETA 2h48m40s
[nnue-g1] 24025/79314  5.5 games/s  ETA 2h48m42s
[nnue-g1] 24031/79314  5.5 games/s  ETA 2h48m43s
[nnue-g1] 24038/79314  5.5 games/s  ETA 2h48m43s
[nnue-g1] 24041/79314  5.5 games/s  ETA 2h48m46s
[nnue-g1] 24047/79314  5.5 games/s  ETA 2h48m47s
[nnue-g1] 24054/79314  5.5 games/s  ETA 2h48m47s
[nnue-g1] 24058/79314  5.5 games/s  ETA 2h48m50s
[nnue-g1] 24065/79314  5.5 games/s  ETA 2h48m50s
[nnue-g1] 24071/79314  5.5 games/s  ETA 2h48m51s
[nnue-g1] 24077/79314  5.5 games/s  ETA 2h48m52s
[nnue-g1] 24081/79314  5.5 games/s  ETA 2h48m54s
[nnue-g1] 24085/79314  5.4 games/s  ETA 2h48m56s
[nnue-g1] 24087/79314  5.4 games/s  ETA 2h49m00s
[nnue-g1] 24096/79314  5.4 games/s  ETA 2h48m59s
[nnue-g1] 24100/79314  5.4 games/s  ETA 2h49m01s
[nnue-g1] 24104/79314  5.4 games/s  ETA 2h49m03s
[nnue-g1] 24109/79314  5.4 games/s  ETA 2h49m05s
[nnue-g1] 24111/79314  5.4 games/s  ETA 2h49m08s
[nnue-g1] 24115/79314  5.4 games/s  ETA 2h49m10s
[nnue-g1] 24119/79314  5.4 games/s  ETA 2h49m12s
[nnue-g1] 24123/79314  5.4 games/s  ETA 2h49m14s
[nnue-g1] 24129/79314  5.4 games/s  ETA 2h49m15s
[nnue-g1] 24132/79314  5.4 games/s  ETA 2h49m18s
[nnue-g1] 24137/79314  5.4 games/s  ETA 2h49m20s
[nnue-g1] 24143/79314  5.4 games/s  ETA 2h49m21s
[nnue-g1] 24147/79314  5.4 games/s  ETA 2h49m23s
[nnue-g1] 24150/79314  5.4 games/s  ETA 2h49m26s
[nnue-g1] 24157/79314  5.4 games/s  ETA 2h49m26s
[nnue-g1] 24161/79314  5.4 games/s  ETA 2h49m28s
[nnue-g1] 24166/79314  5.4 games/s  ETA 2h49m30s
[nnue-g1] 24168/79314  5.4 games/s  ETA 2h49m33s
[nnue-g1] 24171/79314  5.4 games/s  ETA 2h49m36s
[nnue-g1] 24178/79314  5.4 games/s  ETA 2h49m36s
[nnue-g1] 24181/79314  5.4 games/s  ETA 2h49m39s
[nnue-g1] 24188/79314  5.4 games/s  ETA 2h49m39s
[nnue-g1] 24190/79314  5.4 games/s  ETA 2h49m42s
[nnue-g1] 24195/79314  5.4 games/s  ETA 2h49m44s
[nnue-g1] 24201/79314  5.4 games/s  ETA 2h49m45s
[nnue-g1] 24205/79314  5.4 games/s  ETA 2h49m47s
[nnue-g1] 24210/79314  5.4 games/s  ETA 2h49m49s
[nnue-g1] 24213/79314  5.4 games/s  ETA 2h49m51s
[nnue-g1] 24217/79314  5.4 games/s  ETA 2h49m53s
[nnue-g1] 24221/79314  5.4 games/s  ETA 2h49m56s
[nnue-g1] 24225/79314  5.4 games/s  ETA 2h49m58s
[nnue-g1] 24228/79314  5.4 games/s  ETA 2h50m00s
[nnue-g1] 24232/79314  5.4 games/s  ETA 2h50m03s
[nnue-g1] 24237/79314  5.4 games/s  ETA 2h50m04s
[nnue-g1] 24241/79314  5.4 games/s  ETA 2h50m06s
[nnue-g1] 24245/79314  5.4 games/s  ETA 2h50m08s
[nnue-g1] 24251/79314  5.4 games/s  ETA 2h50m09s
[nnue-g1] 24256/79314  5.4 games/s  ETA 2h50m11s
[nnue-g1] 24259/79314  5.4 games/s  ETA 2h50m13s
[nnue-g1] 24264/79314  5.4 games/s  ETA 2h50m15s
[nnue-g1] 24269/79314  5.4 games/s  ETA 2h50m16s
[nnue-g1] 24275/79314  5.4 games/s  ETA 2h50m17s
[nnue-g1] 24276/79314  5.4 games/s  ETA 2h50m21s
[nnue-g1] 24284/79314  5.4 games/s  ETA 2h50m21s
[nnue-g1] 24289/79314  5.4 games/s  ETA 2h50m22s
[nnue-g1] 24293/79314  5.4 games/s  ETA 2h50m25s
[nnue-g1] 24297/79314  5.4 games/s  ETA 2h50m27s
[nnue-g1] 24299/79314  5.4 games/s  ETA 2h50m30s
[nnue-g1] 24306/79314  5.4 games/s  ETA 2h50m30s
[nnue-g1] 24312/79314  5.4 games/s  ETA 2h50m31s
[nnue-g1] 24315/79314  5.4 games/s  ETA 2h50m34s
[nnue-g1] 24319/79314  5.4 games/s  ETA 2h50m36s
[nnue-g1] 24326/79314  5.4 games/s  ETA 2h50m36s
[nnue-g1] 24331/79314  5.4 games/s  ETA 2h50m38s
[nnue-g1] 24337/79314  5.4 games/s  ETA 2h50m39s
[nnue-g1] 24345/79314  5.4 games/s  ETA 2h50m38s
[nnue-g1] 24347/79314  5.4 games/s  ETA 2h50m42s
[nnue-g1] 24354/79314  5.4 games/s  ETA 2h50m42s
[nnue-g1] 24361/79314  5.4 games/s  ETA 2h50m42s
[nnue-g1] 24368/79314  5.4 games/s  ETA 2h50m42s
[nnue-g1] 24373/79314  5.4 games/s  ETA 2h50m44s
[nnue-g1] 24380/79314  5.4 games/s  ETA 2h50m44s
[nnue-g1] 24386/79314  5.4 games/s  ETA 2h50m45s
[nnue-g1] 24397/79314  5.4 games/s  ETA 2h50m43s
[nnue-g1] 24405/79314  5.4 games/s  ETA 2h50m42s
[nnue-g1] 24413/79314  5.4 games/s  ETA 2h50m42s
[nnue-g1] 24420/79314  5.4 games/s  ETA 2h50m42s
[nnue-g1] 24429/79314  5.4 games/s  ETA 2h50m41s
[nnue-g1] 24434/79314  5.4 games/s  ETA 2h50m43s
[nnue-g1] 24444/79314  5.4 games/s  ETA 2h50m41s
[nnue-g1] 24450/79314  5.4 games/s  ETA 2h50m42s
[nnue-g1] 24460/79314  5.4 games/s  ETA 2h50m41s
[nnue-g1] 24468/79314  5.4 games/s  ETA 2h50m40s
[nnue-g1] 24477/79314  5.4 games/s  ETA 2h50m39s
[nnue-g1] 24489/79314  5.4 games/s  ETA 2h50m36s
[nnue-g1] 24495/79314  5.4 games/s  ETA 2h50m37s
[nnue-g1] 24508/79314  5.4 games/s  ETA 2h50m34s
[nnue-g1] 24512/79314  5.4 games/s  ETA 2h50m36s
[nnue-g1] 24521/79314  5.4 games/s  ETA 2h50m35s
[nnue-g1] 24530/79314  5.4 games/s  ETA 2h50m34s
[nnue-g1] 24544/79314  5.4 games/s  ETA 2h50m30s
[nnue-g1] 24549/79314  5.4 games/s  ETA 2h50m32s
[nnue-g1] 24556/79314  5.4 games/s  ETA 2h50m32s
[nnue-g1] 24566/79314  5.4 games/s  ETA 2h50m30s
[nnue-g1] 24578/79314  5.4 games/s  ETA 2h50m27s
[nnue-g1] 24591/79314  5.4 games/s  ETA 2h50m24s
[nnue-g1] 24596/79314  5.4 games/s  ETA 2h50m25s
[nnue-g1] 24608/79314  5.4 games/s  ETA 2h50m23s
[nnue-g1] 24617/79314  5.4 games/s  ETA 2h50m22s
[nnue-g1] 24628/79314  5.4 games/s  ETA 2h50m20s
[nnue-g1] 24636/79314  5.4 games/s  ETA 2h50m19s
[nnue-g1] 24649/79314  5.4 games/s  ETA 2h50m16s
[nnue-g1] 24658/79314  5.4 games/s  ETA 2h50m15s
[nnue-g1] 24663/79314  5.3 games/s  ETA 2h50m16s
[nnue-g1] 24676/79314  5.3 games/s  ETA 2h50m13s
[nnue-g1] 24684/79314  5.3 games/s  ETA 2h50m12s
[nnue-g1] 24695/79314  5.3 games/s  ETA 2h50m10s
[nnue-g1] 24702/79314  5.3 games/s  ETA 2h50m11s
[nnue-g1] 24715/79314  5.3 games/s  ETA 2h50m07s
[nnue-g1] 24726/79314  5.3 games/s  ETA 2h50m05s
[nnue-g1] 24734/79314  5.3 games/s  ETA 2h50m05s
[nnue-g1] 24743/79314  5.3 games/s  ETA 2h50m04s
[nnue-g1] 24753/79314  5.3 games/s  ETA 2h50m02s
[nnue-g1] 24765/79314  5.3 games/s  ETA 2h49m59s
[nnue-g1] 24774/79314  5.3 games/s  ETA 2h49m58s
[nnue-g1] 24783/79314  5.3 games/s  ETA 2h49m57s
[nnue-g1] 24795/79314  5.3 games/s  ETA 2h49m55s
[nnue-g1] 24806/79314  5.3 games/s  ETA 2h49m52s
[nnue-g1] 24816/79314  5.3 games/s  ETA 2h49m51s
[nnue-g1] 24825/79314  5.3 games/s  ETA 2h49m50s
[nnue-g1] 24835/79314  5.3 games/s  ETA 2h49m48s
[nnue-g1] 24844/79314  5.3 games/s  ETA 2h49m47s
[nnue-g1] 24852/79314  5.3 games/s  ETA 2h49m47s
[nnue-g1] 24862/79314  5.3 games/s  ETA 2h49m45s
[nnue-g1] 24872/79314  5.3 games/s  ETA 2h49m44s
[nnue-g1] 24883/79314  5.3 games/s  ETA 2h49m41s
[nnue-g1] 24893/79314  5.3 games/s  ETA 2h49m40s
[nnue-g1] 24903/79314  5.3 games/s  ETA 2h49m38s
[nnue-g1] 24914/79314  5.3 games/s  ETA 2h49m36s
[nnue-g1] 24921/79314  5.3 games/s  ETA 2h49m36s
[nnue-g1] 24934/79314  5.3 games/s  ETA 2h49m33s
[nnue-g1] 24945/79314  5.3 games/s  ETA 2h49m31s
[nnue-g1] 24952/79314  5.3 games/s  ETA 2h49m31s
[nnue-g1] 24962/79314  5.3 games/s  ETA 2h49m29s
[nnue-g1] 24971/79314  5.3 games/s  ETA 2h49m28s
[nnue-g1] 24980/79314  5.3 games/s  ETA 2h49m27s
[nnue-g1] 24990/79314  5.3 games/s  ETA 2h49m26s
[nnue-g1] 25005/79314  5.3 games/s  ETA 2h49m21s
[nnue-g1] 25014/79314  5.3 games/s  ETA 2h49m20s
[nnue-g1] 25026/79314  5.3 games/s  ETA 2h49m17s
[nnue-g1] 25036/79314  5.3 games/s  ETA 2h49m16s
[nnue-g1] 25044/79314  5.3 games/s  ETA 2h49m15s
[nnue-g1] 25055/79314  5.3 games/s  ETA 2h49m13s
[nnue-g1] 25062/79314  5.3 games/s  ETA 2h49m13s
[nnue-g1] 25074/79314  5.3 games/s  ETA 2h49m11s
[nnue-g1] 25083/79314  5.3 games/s  ETA 2h49m10s
[nnue-g1] 25095/79314  5.3 games/s  ETA 2h49m07s
[nnue-g1] 25109/79314  5.3 games/s  ETA 2h49m03s
[nnue-g1] 25118/79314  5.3 games/s  ETA 2h49m02s
[nnue-g1] 25131/79314  5.3 games/s  ETA 2h48m59s
[nnue-g1] 25143/79314  5.3 games/s  ETA 2h48m56s
[nnue-g1] 25155/79314  5.3 games/s  ETA 2h48m53s
[nnue-g1] 25166/79314  5.3 games/s  ETA 2h48m51s
[nnue-g1] 25174/79314  5.3 games/s  ETA 2h48m50s
[nnue-g1] 25187/79314  5.3 games/s  ETA 2h48m47s
[nnue-g1] 25199/79314  5.3 games/s  ETA 2h48m44s
[nnue-g1] 25208/79314  5.3 games/s  ETA 2h48m43s
[nnue-g1] 25219/79314  5.3 games/s  ETA 2h48m41s
[nnue-g1] 25227/79314  5.3 games/s  ETA 2h48m41s
[nnue-g1] 25237/79314  5.3 games/s  ETA 2h48m39s
[nnue-g1] 25246/79314  5.3 games/s  ETA 2h48m38s
[nnue-g1] 25253/79314  5.3 games/s  ETA 2h48m38s
[nnue-g1] 25268/79314  5.3 games/s  ETA 2h48m34s
[nnue-g1] 25280/79314  5.3 games/s  ETA 2h48m31s
[nnue-g1] 25289/79314  5.3 games/s  ETA 2h48m30s
[nnue-g1] 25300/79314  5.3 games/s  ETA 2h48m28s
[nnue-g1] 25312/79314  5.3 games/s  ETA 2h48m25s
[nnue-g1] 25316/79314  5.3 games/s  ETA 2h48m27s
[nnue-g1] 25327/79314  5.3 games/s  ETA 2h48m25s
[nnue-g1] 25337/79314  5.3 games/s  ETA 2h48m23s
[nnue-g1] 25349/79314  5.3 games/s  ETA 2h48m20s
[nnue-g1] 25362/79314  5.3 games/s  ETA 2h48m17s
[nnue-g1] 25371/79314  5.3 games/s  ETA 2h48m16s
[nnue-g1] 25383/79314  5.3 games/s  ETA 2h48m13s
[nnue-g1] 25395/79314  5.3 games/s  ETA 2h48m10s
[nnue-g1] 25398/79314  5.3 games/s  ETA 2h48m13s
[nnue-g1] 25407/79314  5.3 games/s  ETA 2h48m12s
[nnue-g1] 25418/79314  5.3 games/s  ETA 2h48m10s
[nnue-g1] 25427/79314  5.3 games/s  ETA 2h48m09s
[nnue-g1] 25434/79314  5.3 games/s  ETA 2h48m09s
[nnue-g1] 25445/79314  5.3 games/s  ETA 2h48m07s
[nnue-g1] 25454/79314  5.3 games/s  ETA 2h48m06s
[nnue-g1] 25461/79314  5.3 games/s  ETA 2h48m06s
[nnue-g1] 25472/79314  5.3 games/s  ETA 2h48m04s
[nnue-g1] 25487/79314  5.3 games/s  ETA 2h47m59s
[nnue-g1] 25500/79314  5.3 games/s  ETA 2h47m56s
[nnue-g1] 25507/79314  5.3 games/s  ETA 2h47m56s
[nnue-g1] 25519/79314  5.3 games/s  ETA 2h47m53s
[nnue-g1] 25529/79314  5.3 games/s  ETA 2h47m52s
[nnue-g1] 25538/79314  5.3 games/s  ETA 2h47m51s
[nnue-g1] 25549/79314  5.3 games/s  ETA 2h47m48s
[nnue-g1] 25562/79314  5.3 games/s  ETA 2h47m45s
[nnue-g1] 25575/79314  5.3 games/s  ETA 2h47m42s
[nnue-g1] 25587/79314  5.3 games/s  ETA 2h47m39s
[nnue-g1] 25595/79314  5.3 games/s  ETA 2h47m38s
[nnue-g1] 25607/79314  5.3 games/s  ETA 2h47m36s
[nnue-g1] 25617/79314  5.3 games/s  ETA 2h47m34s
[nnue-g1] 25631/79314  5.3 games/s  ETA 2h47m30s
[nnue-g1] 25639/79314  5.3 games/s  ETA 2h47m30s
[nnue-g1] 25652/79314  5.3 games/s  ETA 2h47m26s
[nnue-g1] 25662/79314  5.3 games/s  ETA 2h47m25s
[nnue-g1] 25674/79314  5.3 games/s  ETA 2h47m22s
[nnue-g1] 25689/79314  5.3 games/s  ETA 2h47m18s
[nnue-g1] 25698/79314  5.3 games/s  ETA 2h47m17s
[nnue-g1] 25709/79314  5.3 games/s  ETA 2h47m14s
[nnue-g1] 25723/79314  5.3 games/s  ETA 2h47m10s
[nnue-g1] 25730/79314  5.3 games/s  ETA 2h47m11s
[nnue-g1] 25746/79314  5.3 games/s  ETA 2h47m06s
[nnue-g1] 25758/79314  5.3 games/s  ETA 2h47m03s
[nnue-g1] 25773/79314  5.3 games/s  ETA 2h46m58s
[nnue-g1] 25787/79314  5.3 games/s  ETA 2h46m54s
[nnue-g1] 25799/79314  5.3 games/s  ETA 2h46m52s
[nnue-g1] 25810/79314  5.3 games/s  ETA 2h46m49s
[nnue-g1] 25823/79314  5.3 games/s  ETA 2h46m46s
[nnue-g1] 25837/79314  5.3 games/s  ETA 2h46m42s
[nnue-g1] 25849/79314  5.3 games/s  ETA 2h46m39s
[nnue-g1] 25864/79314  5.3 games/s  ETA 2h46m35s
[nnue-g1] 25878/79314  5.3 games/s  ETA 2h46m31s
[nnue-g1] 25894/79314  5.3 games/s  ETA 2h46m26s
[nnue-g1] 25909/79314  5.4 games/s  ETA 2h46m22s
[nnue-g1] 25923/79314  5.4 games/s  ETA 2h46m18s
[nnue-g1] 25934/79314  5.4 games/s  ETA 2h46m16s
[nnue-g1] 25950/79314  5.4 games/s  ETA 2h46m11s
[nnue-g1] 25960/79314  5.4 games/s  ETA 2h46m09s
[nnue-g1] 25974/79314  5.4 games/s  ETA 2h46m05s
[nnue-g1] 25987/79314  5.4 games/s  ETA 2h46m02s
[nnue-g1] 25999/79314  5.4 games/s  ETA 2h45m59s
[nnue-g1] 26015/79314  5.4 games/s  ETA 2h45m54s
[nnue-g1] 26028/79314  5.4 games/s  ETA 2h45m51s
[nnue-g1] 26041/79314  5.4 games/s  ETA 2h45m47s
[nnue-g1] 26051/79314  5.4 games/s  ETA 2h45m46s
[nnue-g1] 26063/79314  5.4 games/s  ETA 2h45m43s
[nnue-g1] 26079/79314  5.4 games/s  ETA 2h45m38s
[nnue-g1] 26094/79314  5.4 games/s  ETA 2h45m34s
[nnue-g1] 26106/79314  5.4 games/s  ETA 2h45m31s
[nnue-g1] 26119/79314  5.4 games/s  ETA 2h45m28s
[nnue-g1] 26135/79314  5.4 games/s  ETA 2h45m23s
[nnue-g1] 26148/79314  5.4 games/s  ETA 2h45m19s
[nnue-g1] 26163/79314  5.4 games/s  ETA 2h45m15s
[nnue-g1] 26172/79314  5.4 games/s  ETA 2h45m14s
[nnue-g1] 26185/79314  5.4 games/s  ETA 2h45m11s
[nnue-g1] 26198/79314  5.4 games/s  ETA 2h45m07s
[nnue-g1] 26210/79314  5.4 games/s  ETA 2h45m05s
[nnue-g1] 26227/79314  5.4 games/s  ETA 2h44m59s
[nnue-g1] 26236/79314  5.4 games/s  ETA 2h44m58s
[nnue-g1] 26247/79314  5.4 games/s  ETA 2h44m56s
[nnue-g1] 26262/79314  5.4 games/s  ETA 2h44m51s
[nnue-g1] 26276/79314  5.4 games/s  ETA 2h44m48s
[nnue-g1] 26290/79314  5.4 games/s  ETA 2h44m44s
[nnue-g1] 26306/79314  5.4 games/s  ETA 2h44m39s
[nnue-g1] 26318/79314  5.4 games/s  ETA 2h44m36s
[nnue-g1] 26330/79314  5.4 games/s  ETA 2h44m33s
[nnue-g1] 26341/79314  5.4 games/s  ETA 2h44m31s
[nnue-g1] 26354/79314  5.4 games/s  ETA 2h44m28s
[nnue-g1] 26365/79314  5.4 games/s  ETA 2h44m26s
[nnue-g1] 26379/79314  5.4 games/s  ETA 2h44m22s
[nnue-g1] 26391/79314  5.4 games/s  ETA 2h44m19s
[nnue-g1] 26401/79314  5.4 games/s  ETA 2h44m18s
[nnue-g1] 26415/79314  5.4 games/s  ETA 2h44m14s
[nnue-g1] 26430/79314  5.4 games/s  ETA 2h44m10s
[nnue-g1] 26443/79314  5.4 games/s  ETA 2h44m06s
[nnue-g1] 26460/79314  5.4 games/s  ETA 2h44m01s
[nnue-g1] 26472/79314  5.4 games/s  ETA 2h43m58s
[nnue-g1] 26485/79314  5.4 games/s  ETA 2h43m55s
[nnue-g1] 26498/79314  5.4 games/s  ETA 2h43m52s
[nnue-g1] 26511/79314  5.4 games/s  ETA 2h43m48s
[nnue-g1] 26528/79314  5.4 games/s  ETA 2h43m43s
[nnue-g1] 26537/79314  5.4 games/s  ETA 2h43m42s
[nnue-g1] 26550/79314  5.4 games/s  ETA 2h43m39s
[nnue-g1] 26564/79314  5.4 games/s  ETA 2h43m35s
[nnue-g1] 26577/79314  5.4 games/s  ETA 2h43m31s
[nnue-g1] 26583/79314  5.4 games/s  ETA 2h43m32s
[nnue-g1] 26592/79314  5.4 games/s  ETA 2h43m31s
[nnue-g1] 26598/79314  5.4 games/s  ETA 2h43m32s
[nnue-g1] 26610/79314  5.4 games/s  ETA 2h43m29s
[nnue-g1] 26616/79314  5.4 games/s  ETA 2h43m30s
[nnue-g1] 26627/79314  5.4 games/s  ETA 2h43m28s
[nnue-g1] 26640/79314  5.4 games/s  ETA 2h43m24s
[nnue-g1] 26649/79314  5.4 games/s  ETA 2h43m23s
[nnue-g1] 26657/79314  5.4 games/s  ETA 2h43m23s
[nnue-g1] 26664/79314  5.4 games/s  ETA 2h43m23s
[nnue-g1] 26677/79314  5.4 games/s  ETA 2h43m20s
[nnue-g1] 26685/79314  5.4 games/s  ETA 2h43m19s
[nnue-g1] 26696/79314  5.4 games/s  ETA 2h43m17s
[nnue-g1] 26708/79314  5.4 games/s  ETA 2h43m14s
[nnue-g1] 26717/79314  5.4 games/s  ETA 2h43m13s
[nnue-g1] 26730/79314  5.4 games/s  ETA 2h43m10s
[nnue-g1] 26743/79314  5.4 games/s  ETA 2h43m07s
[nnue-g1] 26754/79314  5.4 games/s  ETA 2h43m05s
[nnue-g1] 26763/79314  5.4 games/s  ETA 2h43m04s
[nnue-g1] 26775/79314  5.4 games/s  ETA 2h43m01s
[nnue-g1] 26785/79314  5.4 games/s  ETA 2h42m59s
[nnue-g1] 26796/79314  5.4 games/s  ETA 2h42m57s
[nnue-g1] 26812/79314  5.4 games/s  ETA 2h42m52s
[nnue-g1] 26822/79314  5.4 games/s  ETA 2h42m51s
[nnue-g1] 26834/79314  5.4 games/s  ETA 2h42m48s
[nnue-g1] 26847/79314  5.4 games/s  ETA 2h42m45s
[nnue-g1] 26860/79314  5.4 games/s  ETA 2h42m41s
[nnue-g1] 26871/79314  5.4 games/s  ETA 2h42m39s
[nnue-g1] 26880/79314  5.4 games/s  ETA 2h42m38s
[nnue-g1] 26894/79314  5.4 games/s  ETA 2h42m35s
[nnue-g1] 26903/79314  5.4 games/s  ETA 2h42m33s
[nnue-g1] 26906/79314  5.4 games/s  ETA 2h42m36s
[nnue-g1] 26908/79314  5.4 games/s  ETA 2h42m39s
[nnue-g1] 26916/79314  5.4 games/s  ETA 2h42m38s
[nnue-g1] 26928/79314  5.4 games/s  ETA 2h42m35s
[nnue-g1] 26938/79314  5.4 games/s  ETA 2h42m34s
[nnue-g1] 26951/79314  5.4 games/s  ETA 2h42m31s
[nnue-g1] 26964/79314  5.4 games/s  ETA 2h42m27s
[nnue-g1] 26976/79314  5.4 games/s  ETA 2h42m25s
[nnue-g1] 26986/79314  5.4 games/s  ETA 2h42m23s
[nnue-g1] 26998/79314  5.4 games/s  ETA 2h42m20s
[nnue-g1] 27006/79314  5.4 games/s  ETA 2h42m20s
[nnue-g1] 27018/79314  5.4 games/s  ETA 2h42m17s
[nnue-g1] 27032/79314  5.4 games/s  ETA 2h42m13s
[nnue-g1] 27044/79314  5.4 games/s  ETA 2h42m11s
[nnue-g1] 27055/79314  5.4 games/s  ETA 2h42m09s
[nnue-g1] 27067/79314  5.4 games/s  ETA 2h42m06s
[nnue-g1] 27078/79314  5.4 games/s  ETA 2h42m04s
[nnue-g1] 27087/79314  5.4 games/s  ETA 2h42m03s
[nnue-g1] 27097/79314  5.4 games/s  ETA 2h42m01s
[nnue-g1] 27109/79314  5.4 games/s  ETA 2h41m58s
[nnue-g1] 27118/79314  5.4 games/s  ETA 2h41m57s
[nnue-g1] 27129/79314  5.4 games/s  ETA 2h41m55s
[nnue-g1] 27137/79314  5.4 games/s  ETA 2h41m55s
[nnue-g1] 27148/79314  5.4 games/s  ETA 2h41m53s
[nnue-g1] 27159/79314  5.4 games/s  ETA 2h41m50s
[nnue-g1] 27175/79314  5.4 games/s  ETA 2h41m46s
[nnue-g1] 27186/79314  5.4 games/s  ETA 2h41m43s
[nnue-g1] 27199/79314  5.4 games/s  ETA 2h41m40s
[nnue-g1] 27212/79314  5.4 games/s  ETA 2h41m37s
[nnue-g1] 27223/79314  5.4 games/s  ETA 2h41m35s
[nnue-g1] 27236/79314  5.4 games/s  ETA 2h41m32s
[nnue-g1] 27244/79314  5.4 games/s  ETA 2h41m31s
[nnue-g1] 27257/79314  5.4 games/s  ETA 2h41m28s
[nnue-g1] 27271/79314  5.4 games/s  ETA 2h41m24s
[nnue-g1] 27282/79314  5.4 games/s  ETA 2h41m22s
[nnue-g1] 27297/79314  5.4 games/s  ETA 2h41m18s
[nnue-g1] 27305/79314  5.4 games/s  ETA 2h41m17s
[nnue-g1] 27321/79314  5.4 games/s  ETA 2h41m12s
[nnue-g1] 27329/79314  5.4 games/s  ETA 2h41m12s
[nnue-g1] 27338/79314  5.4 games/s  ETA 2h41m11s
[nnue-g1] 27353/79314  5.4 games/s  ETA 2h41m06s
[nnue-g1] 27363/79314  5.4 games/s  ETA 2h41m05s
[nnue-g1] 27374/79314  5.4 games/s  ETA 2h41m03s
[nnue-g1] 27390/79314  5.4 games/s  ETA 2h40m58s
[nnue-g1] 27406/79314  5.4 games/s  ETA 2h40m53s
[nnue-g1] 27416/79314  5.4 games/s  ETA 2h40m52s
[nnue-g1] 27424/79314  5.4 games/s  ETA 2h40m51s
[nnue-g1] 27438/79314  5.4 games/s  ETA 2h40m47s
[nnue-g1] 27453/79314  5.4 games/s  ETA 2h40m43s
[nnue-g1] 27463/79314  5.4 games/s  ETA 2h40m41s
[nnue-g1] 27473/79314  5.4 games/s  ETA 2h40m40s
[nnue-g1] 27484/79314  5.4 games/s  ETA 2h40m38s
[nnue-g1] 27500/79314  5.4 games/s  ETA 2h40m33s
[nnue-g1] 27511/79314  5.4 games/s  ETA 2h40m31s
[nnue-g1] 27525/79314  5.4 games/s  ETA 2h40m27s
[nnue-g1] 27533/79314  5.4 games/s  ETA 2h40m26s
[nnue-g1] 27545/79314  5.4 games/s  ETA 2h40m24s
[nnue-g1] 27556/79314  5.4 games/s  ETA 2h40m22s
[nnue-g1] 27568/79314  5.4 games/s  ETA 2h40m19s
[nnue-g1] 27583/79314  5.4 games/s  ETA 2h40m15s
[nnue-g1] 27591/79314  5.4 games/s  ETA 2h40m14s
[nnue-g1] 27604/79314  5.4 games/s  ETA 2h40m11s
[nnue-g1] 27617/79314  5.4 games/s  ETA 2h40m08s
[nnue-g1] 27626/79314  5.4 games/s  ETA 2h40m07s
[nnue-g1] 27638/79314  5.4 games/s  ETA 2h40m04s
[nnue-g1] 27648/79314  5.4 games/s  ETA 2h40m03s
[nnue-g1] 27661/79314  5.4 games/s  ETA 2h39m59s
[nnue-g1] 27673/79314  5.4 games/s  ETA 2h39m57s
[nnue-g1] 27682/79314  5.4 games/s  ETA 2h39m56s
[nnue-g1] 27695/79314  5.4 games/s  ETA 2h39m52s
[nnue-g1] 27702/79314  5.4 games/s  ETA 2h39m52s
[nnue-g1] 27713/79314  5.4 games/s  ETA 2h39m50s
[nnue-g1] 27721/79314  5.4 games/s  ETA 2h39m50s
[nnue-g1] 27728/79314  5.4 games/s  ETA 2h39m50s
[nnue-g1] 27734/79314  5.4 games/s  ETA 2h39m50s
[nnue-g1] 27741/79314  5.4 games/s  ETA 2h39m50s
[nnue-g1] 27753/79314  5.4 games/s  ETA 2h39m48s
[nnue-g1] 27764/79314  5.4 games/s  ETA 2h39m46s
[nnue-g1] 27781/79314  5.4 games/s  ETA 2h39m40s
[nnue-g1] 27791/79314  5.4 games/s  ETA 2h39m39s
[nnue-g1] 27803/79314  5.4 games/s  ETA 2h39m36s
[nnue-g1] 27818/79314  5.4 games/s  ETA 2h39m32s
[nnue-g1] 27830/79314  5.4 games/s  ETA 2h39m29s
[nnue-g1] 27848/79314  5.4 games/s  ETA 2h39m23s
[nnue-g1] 27859/79314  5.4 games/s  ETA 2h39m21s
[nnue-g1] 27876/79314  5.4 games/s  ETA 2h39m16s
[nnue-g1] 27890/79314  5.4 games/s  ETA 2h39m12s
[nnue-g1] 27899/79314  5.4 games/s  ETA 2h39m11s
[nnue-g1] 27913/79314  5.4 games/s  ETA 2h39m07s
[nnue-g1] 27925/79314  5.4 games/s  ETA 2h39m05s
[nnue-g1] 27937/79314  5.4 games/s  ETA 2h39m02s
[nnue-g1] 27951/79314  5.4 games/s  ETA 2h38m58s
[nnue-g1] 27962/79314  5.4 games/s  ETA 2h38m56s
[nnue-g1] 27975/79314  5.4 games/s  ETA 2h38m53s
[nnue-g1] 27986/79314  5.4 games/s  ETA 2h38m51s
[nnue-g1] 28000/79314  5.4 games/s  ETA 2h38m47s
[nnue-g1] 28017/79314  5.4 games/s  ETA 2h38m42s
[nnue-g1] 28029/79314  5.4 games/s  ETA 2h38m39s
[nnue-g1] 28041/79314  5.4 games/s  ETA 2h38m37s
[nnue-g1] 28054/79314  5.4 games/s  ETA 2h38m33s
[nnue-g1] 28069/79314  5.4 games/s  ETA 2h38m29s
[nnue-g1] 28085/79314  5.4 games/s  ETA 2h38m25s
[nnue-g1] 28097/79314  5.4 games/s  ETA 2h38m22s
[nnue-g1] 28111/79314  5.4 games/s  ETA 2h38m18s
[nnue-g1] 28124/79314  5.4 games/s  ETA 2h38m15s
[nnue-g1] 28138/79314  5.4 games/s  ETA 2h38m11s
[nnue-g1] 28153/79314  5.4 games/s  ETA 2h38m07s
[nnue-g1] 28169/79314  5.4 games/s  ETA 2h38m02s
[nnue-g1] 28181/79314  5.4 games/s  ETA 2h38m00s
[nnue-g1] 28194/79314  5.4 games/s  ETA 2h37m57s
[nnue-g1] 28203/79314  5.4 games/s  ETA 2h37m56s
[nnue-g1] 28221/79314  5.4 games/s  ETA 2h37m50s
[nnue-g1] 28232/79314  5.4 games/s  ETA 2h37m48s
[nnue-g1] 28245/79314  5.4 games/s  ETA 2h37m45s
[nnue-g1] 28262/79314  5.4 games/s  ETA 2h37m39s
[nnue-g1] 28276/79314  5.4 games/s  ETA 2h37m36s
[nnue-g1] 28291/79314  5.4 games/s  ETA 2h37m32s
[nnue-g1] 28301/79314  5.4 games/s  ETA 2h37m30s
[nnue-g1] 28316/79314  5.4 games/s  ETA 2h37m26s
[nnue-g1] 28325/79314  5.4 games/s  ETA 2h37m25s
[nnue-g1] 28338/79314  5.4 games/s  ETA 2h37m22s
[nnue-g1] 28352/79314  5.4 games/s  ETA 2h37m18s
[nnue-g1] 28363/79314  5.4 games/s  ETA 2h37m16s
[nnue-g1] 28376/79314  5.4 games/s  ETA 2h37m13s
[nnue-g1] 28391/79314  5.4 games/s  ETA 2h37m08s
[nnue-g1] 28404/79314  5.4 games/s  ETA 2h37m05s
[nnue-g1] 28415/79314  5.4 games/s  ETA 2h37m03s
[nnue-g1] 28428/79314  5.4 games/s  ETA 2h37m00s
[nnue-g1] 28442/79314  5.4 games/s  ETA 2h36m56s
[nnue-g1] 28455/79314  5.4 games/s  ETA 2h36m53s
[nnue-g1] 28468/79314  5.4 games/s  ETA 2h36m50s
[nnue-g1] 28480/79314  5.4 games/s  ETA 2h36m48s
[nnue-g1] 28496/79314  5.4 games/s  ETA 2h36m43s
[nnue-g1] 28508/79314  5.4 games/s  ETA 2h36m40s
[nnue-g1] 28524/79314  5.4 games/s  ETA 2h36m36s
[nnue-g1] 28535/79314  5.4 games/s  ETA 2h36m34s
[nnue-g1] 28547/79314  5.4 games/s  ETA 2h36m31s
[nnue-g1] 28556/79314  5.4 games/s  ETA 2h36m30s
[nnue-g1] 28570/79314  5.4 games/s  ETA 2h36m26s
[nnue-g1] 28583/79314  5.4 games/s  ETA 2h36m23s
[nnue-g1] 28592/79314  5.4 games/s  ETA 2h36m22s
[nnue-g1] 28605/79314  5.4 games/s  ETA 2h36m19s
[nnue-g1] 28617/79314  5.4 games/s  ETA 2h36m16s
[nnue-g1] 28625/79314  5.4 games/s  ETA 2h36m16s
[nnue-g1] 28641/79314  5.4 games/s  ETA 2h36m11s
[nnue-g1] 28654/79314  5.4 games/s  ETA 2h36m08s
[nnue-g1] 28669/79314  5.4 games/s  ETA 2h36m04s
[nnue-g1] 28682/79314  5.4 games/s  ETA 2h36m01s
[nnue-g1] 28696/79314  5.4 games/s  ETA 2h35m57s
[nnue-g1] 28707/79314  5.4 games/s  ETA 2h35m55s
[nnue-g1] 28722/79314  5.4 games/s  ETA 2h35m51s
[nnue-g1] 28735/79314  5.4 games/s  ETA 2h35m48s
[nnue-g1] 28747/79314  5.4 games/s  ETA 2h35m45s
[nnue-g1] 28759/79314  5.4 games/s  ETA 2h35m43s
[nnue-g1] 28771/79314  5.4 games/s  ETA 2h35m40s
[nnue-g1] 28780/79314  5.4 games/s  ETA 2h35m39s
[nnue-g1] 28791/79314  5.4 games/s  ETA 2h35m37s
[nnue-g1] 28804/79314  5.4 games/s  ETA 2h35m34s
[nnue-g1] 28816/79314  5.4 games/s  ETA 2h35m31s
[nnue-g1] 28823/79314  5.4 games/s  ETA 2h35m31s
[nnue-g1] 28839/79314  5.4 games/s  ETA 2h35m26s
[nnue-g1] 28850/79314  5.4 games/s  ETA 2h35m24s
[nnue-g1] 28866/79314  5.4 games/s  ETA 2h35m20s
[nnue-g1] 28882/79314  5.4 games/s  ETA 2h35m15s
[nnue-g1] 28893/79314  5.4 games/s  ETA 2h35m13s
[nnue-g1] 28903/79314  5.4 games/s  ETA 2h35m11s
[nnue-g1] 28909/79314  5.4 games/s  ETA 2h35m12s
[nnue-g1] 28923/79314  5.4 games/s  ETA 2h35m08s
[nnue-g1] 28934/79314  5.4 games/s  ETA 2h35m06s
[nnue-g1] 28951/79314  5.4 games/s  ETA 2h35m01s
[nnue-g1] 28962/79314  5.4 games/s  ETA 2h34m59s
[nnue-g1] 28970/79314  5.4 games/s  ETA 2h34m58s
[nnue-g1] 28982/79314  5.4 games/s  ETA 2h34m56s
[nnue-g1] 28992/79314  5.4 games/s  ETA 2h34m54s
[nnue-g1] 29000/79314  5.4 games/s  ETA 2h34m54s
[nnue-g1] 29009/79314  5.4 games/s  ETA 2h34m53s
[nnue-g1] 29022/79314  5.4 games/s  ETA 2h34m49s
[nnue-g1] 29034/79314  5.4 games/s  ETA 2h34m47s
[nnue-g1] 29042/79314  5.4 games/s  ETA 2h34m46s
[nnue-g1] 29052/79314  5.4 games/s  ETA 2h34m45s
[nnue-g1] 29063/79314  5.4 games/s  ETA 2h34m43s
[nnue-g1] 29071/79314  5.4 games/s  ETA 2h34m42s
[nnue-g1] 29083/79314  5.4 games/s  ETA 2h34m39s
[nnue-g1] 29093/79314  5.4 games/s  ETA 2h34m38s
[nnue-g1] 29104/79314  5.4 games/s  ETA 2h34m36s
[nnue-g1] 29118/79314  5.4 games/s  ETA 2h34m32s
[nnue-g1] 29130/79314  5.4 games/s  ETA 2h34m30s
[nnue-g1] 29140/79314  5.4 games/s  ETA 2h34m28s
[nnue-g1] 29152/79314  5.4 games/s  ETA 2h34m25s
[nnue-g1] 29164/79314  5.4 games/s  ETA 2h34m23s
[nnue-g1] 29175/79314  5.4 games/s  ETA 2h34m21s
[nnue-g1] 29188/79314  5.4 games/s  ETA 2h34m18s
[nnue-g1] 29197/79314  5.4 games/s  ETA 2h34m17s
[nnue-g1] 29208/79314  5.4 games/s  ETA 2h34m15s
[nnue-g1] 29217/79314  5.4 games/s  ETA 2h34m13s
[nnue-g1] 29232/79314  5.4 games/s  ETA 2h34m09s
[nnue-g1] 29241/79314  5.4 games/s  ETA 2h34m08s
[nnue-g1] 29255/79314  5.4 games/s  ETA 2h34m05s
[nnue-g1] 29263/79314  5.4 games/s  ETA 2h34m04s
[nnue-g1] 29280/79314  5.4 games/s  ETA 2h33m59s
[nnue-g1] 29294/79314  5.4 games/s  ETA 2h33m55s
[nnue-g1] 29306/79314  5.4 games/s  ETA 2h33m53s
[nnue-g1] 29322/79314  5.4 games/s  ETA 2h33m48s
[nnue-g1] 29335/79314  5.4 games/s  ETA 2h33m45s
[nnue-g1] 29349/79314  5.4 games/s  ETA 2h33m42s
[nnue-g1] 29358/79314  5.4 games/s  ETA 2h33m41s
[nnue-g1] 29371/79314  5.4 games/s  ETA 2h33m37s
[nnue-g1] 29383/79314  5.4 games/s  ETA 2h33m35s
[nnue-g1] 29393/79314  5.4 games/s  ETA 2h33m33s
[nnue-g1] 29403/79314  5.4 games/s  ETA 2h33m32s
[nnue-g1] 29418/79314  5.4 games/s  ETA 2h33m28s
[nnue-g1] 29430/79314  5.4 games/s  ETA 2h33m25s
[nnue-g1] 29443/79314  5.4 games/s  ETA 2h33m22s
[nnue-g1] 29451/79314  5.4 games/s  ETA 2h33m21s
[nnue-g1] 29467/79314  5.4 games/s  ETA 2h33m17s
[nnue-g1] 29478/79314  5.4 games/s  ETA 2h33m15s
[nnue-g1] 29485/79314  5.4 games/s  ETA 2h33m15s
[nnue-g1] 29500/79314  5.4 games/s  ETA 2h33m11s
[nnue-g1] 29508/79314  5.4 games/s  ETA 2h33m10s
[nnue-g1] 29516/79314  5.4 games/s  ETA 2h33m09s
[nnue-g1] 29531/79314  5.4 games/s  ETA 2h33m05s
[nnue-g1] 29545/79314  5.4 games/s  ETA 2h33m02s
[nnue-g1] 29557/79314  5.4 games/s  ETA 2h32m59s
[nnue-g1] 29567/79314  5.4 games/s  ETA 2h32m58s
[nnue-g1] 29578/79314  5.4 games/s  ETA 2h32m56s
[nnue-g1] 29585/79314  5.4 games/s  ETA 2h32m55s
[nnue-g1] 29595/79314  5.4 games/s  ETA 2h32m54s
[nnue-g1] 29606/79314  5.4 games/s  ETA 2h32m52s
[nnue-g1] 29617/79314  5.4 games/s  ETA 2h32m50s
[nnue-g1] 29627/79314  5.4 games/s  ETA 2h32m48s
[nnue-g1] 29637/79314  5.4 games/s  ETA 2h32m47s
[nnue-g1] 29645/79314  5.4 games/s  ETA 2h32m46s
[nnue-g1] 29655/79314  5.4 games/s  ETA 2h32m44s
[nnue-g1] 29663/79314  5.4 games/s  ETA 2h32m44s
[nnue-g1] 29672/79314  5.4 games/s  ETA 2h32m43s
[nnue-g1] 29683/79314  5.4 games/s  ETA 2h32m41s
[nnue-g1] 29693/79314  5.4 games/s  ETA 2h32m39s
[nnue-g1] 29706/79314  5.4 games/s  ETA 2h32m36s
[nnue-g1] 29713/79314  5.4 games/s  ETA 2h32m36s
[nnue-g1] 29723/79314  5.4 games/s  ETA 2h32m34s
[nnue-g1] 29738/79314  5.4 games/s  ETA 2h32m30s
[nnue-g1] 29744/79314  5.4 games/s  ETA 2h32m31s
[nnue-g1] 29751/79314  5.4 games/s  ETA 2h32m30s
[nnue-g1] 29762/79314  5.4 games/s  ETA 2h32m28s
[nnue-g1] 29773/79314  5.4 games/s  ETA 2h32m26s
[nnue-g1] 29780/79314  5.4 games/s  ETA 2h32m26s
[nnue-g1] 29790/79314  5.4 games/s  ETA 2h32m25s
[nnue-g1] 29800/79314  5.4 games/s  ETA 2h32m23s
[nnue-g1] 29806/79314  5.4 games/s  ETA 2h32m23s
[nnue-g1] 29819/79314  5.4 games/s  ETA 2h32m20s
[nnue-g1] 29826/79314  5.4 games/s  ETA 2h32m20s
[nnue-g1] 29837/79314  5.4 games/s  ETA 2h32m18s
[nnue-g1] 29847/79314  5.4 games/s  ETA 2h32m17s
[nnue-g1] 29854/79314  5.4 games/s  ETA 2h32m16s
[nnue-g1] 29862/79314  5.4 games/s  ETA 2h32m16s
[nnue-g1] 29866/79314  5.4 games/s  ETA 2h32m17s
[nnue-g1] 29880/79314  5.4 games/s  ETA 2h32m14s
[nnue-g1] 29884/79314  5.4 games/s  ETA 2h32m15s
[nnue-g1] 29895/79314  5.4 games/s  ETA 2h32m13s
[nnue-g1] 29903/79314  5.4 games/s  ETA 2h32m12s
[nnue-g1] 29910/79314  5.4 games/s  ETA 2h32m12s
[nnue-g1] 29918/79314  5.4 games/s  ETA 2h32m12s
[nnue-g1] 29925/79314  5.4 games/s  ETA 2h32m11s
[nnue-g1] 29931/79314  5.4 games/s  ETA 2h32m12s
[nnue-g1] 29940/79314  5.4 games/s  ETA 2h32m11s
[nnue-g1] 29949/79314  5.4 games/s  ETA 2h32m10s
[nnue-g1] 29958/79314  5.4 games/s  ETA 2h32m08s
[nnue-g1] 29963/79314  5.4 games/s  ETA 2h32m09s
[nnue-g1] 29971/79314  5.4 games/s  ETA 2h32m09s
[nnue-g1] 29980/79314  5.4 games/s  ETA 2h32m08s
[nnue-g1] 29988/79314  5.4 games/s  ETA 2h32m07s
[nnue-g1] 29996/79314  5.4 games/s  ETA 2h32m06s
[nnue-g1] 30004/79314  5.4 games/s  ETA 2h32m06s
[nnue-g1] 30016/79314  5.4 games/s  ETA 2h32m03s
[nnue-g1] 30026/79314  5.4 games/s  ETA 2h32m01s
[nnue-g1] 30032/79314  5.4 games/s  ETA 2h32m02s
[nnue-g1] 30045/79314  5.4 games/s  ETA 2h31m59s
[nnue-g1] 30056/79314  5.4 games/s  ETA 2h31m57s
[nnue-g1] 30063/79314  5.4 games/s  ETA 2h31m57s
[nnue-g1] 30067/79314  5.4 games/s  ETA 2h31m58s
[nnue-g1] 30076/79314  5.4 games/s  ETA 2h31m57s
[nnue-g1] 30082/79314  5.4 games/s  ETA 2h31m57s
[nnue-g1] 30088/79314  5.4 games/s  ETA 2h31m57s
[nnue-g1] 30092/79314  5.4 games/s  ETA 2h31m59s
[nnue-g1] 30100/79314  5.4 games/s  ETA 2h31m58s
[nnue-g1] 30101/79314  5.4 games/s  ETA 2h32m01s
[nnue-g1] 30109/79314  5.4 games/s  ETA 2h32m00s
[nnue-g1] 30111/79314  5.4 games/s  ETA 2h32m03s
[nnue-g1] 30119/79314  5.4 games/s  ETA 2h32m02s
[nnue-g1] 30124/79314  5.4 games/s  ETA 2h32m03s
[nnue-g1] 30129/79314  5.4 games/s  ETA 2h32m04s
[nnue-g1] 30132/79314  5.4 games/s  ETA 2h32m05s
[nnue-g1] 30137/79314  5.4 games/s  ETA 2h32m06s
[nnue-g1] 30139/79314  5.4 games/s  ETA 2h32m08s
[nnue-g1] 30143/79314  5.4 games/s  ETA 2h32m10s
[nnue-g1] 30149/79314  5.4 games/s  ETA 2h32m10s
[nnue-g1] 30156/79314  5.4 games/s  ETA 2h32m10s
[nnue-g1] 30159/79314  5.4 games/s  ETA 2h32m12s
[nnue-g1] 30162/79314  5.4 games/s  ETA 2h32m14s
[nnue-g1] 30169/79314  5.4 games/s  ETA 2h32m13s
[nnue-g1] 30176/79314  5.4 games/s  ETA 2h32m13s
[nnue-g1] 30180/79314  5.4 games/s  ETA 2h32m15s
[nnue-g1] 30183/79314  5.4 games/s  ETA 2h32m16s
[nnue-g1] 30191/79314  5.4 games/s  ETA 2h32m16s
[nnue-g1] 30196/79314  5.4 games/s  ETA 2h32m16s
[nnue-g1] 30203/79314  5.4 games/s  ETA 2h32m16s
[nnue-g1] 30208/79314  5.4 games/s  ETA 2h32m17s
[nnue-g1] 30213/79314  5.4 games/s  ETA 2h32m18s
[nnue-g1] 30219/79314  5.4 games/s  ETA 2h32m18s
[nnue-g1] 30224/79314  5.4 games/s  ETA 2h32m19s
[nnue-g1] 30225/79314  5.4 games/s  ETA 2h32m22s
[nnue-g1] 30233/79314  5.4 games/s  ETA 2h32m21s
[nnue-g1] 30237/79314  5.4 games/s  ETA 2h32m22s
[nnue-g1] 30241/79314  5.4 games/s  ETA 2h32m24s
[nnue-g1] 30245/79314  5.4 games/s  ETA 2h32m25s
[nnue-g1] 30251/79314  5.4 games/s  ETA 2h32m25s
[nnue-g1] 30255/79314  5.4 games/s  ETA 2h32m27s
[nnue-g1] 30259/79314  5.4 games/s  ETA 2h32m28s
[nnue-g1] 30265/79314  5.4 games/s  ETA 2h32m28s
[nnue-g1] 30270/79314  5.4 games/s  ETA 2h32m29s
[nnue-g1] 30275/79314  5.4 games/s  ETA 2h32m30s
[nnue-g1] 30279/79314  5.4 games/s  ETA 2h32m31s
[nnue-g1] 30285/79314  5.4 games/s  ETA 2h32m31s
[nnue-g1] 30287/79314  5.4 games/s  ETA 2h32m34s
[nnue-g1] 30293/79314  5.4 games/s  ETA 2h32m34s
[nnue-g1] 30297/79314  5.4 games/s  ETA 2h32m35s
[nnue-g1] 30303/79314  5.4 games/s  ETA 2h32m36s
[nnue-g1] 30312/79314  5.4 games/s  ETA 2h32m34s
[nnue-g1] 30316/79314  5.4 games/s  ETA 2h32m36s
[nnue-g1] 30319/79314  5.3 games/s  ETA 2h32m37s
[nnue-g1] 30324/79314  5.3 games/s  ETA 2h32m38s
[nnue-g1] 30328/79314  5.3 games/s  ETA 2h32m40s
[nnue-g1] 30334/79314  5.3 games/s  ETA 2h32m40s
[nnue-g1] 30340/79314  5.3 games/s  ETA 2h32m40s
[nnue-g1] 30348/79314  5.3 games/s  ETA 2h32m39s
[nnue-g1] 30352/79314  5.3 games/s  ETA 2h32m41s
[nnue-g1] 30358/79314  5.3 games/s  ETA 2h32m41s
[nnue-g1] 30365/79314  5.3 games/s  ETA 2h32m41s
[nnue-g1] 30373/79314  5.3 games/s  ETA 2h32m40s
[nnue-g1] 30381/79314  5.3 games/s  ETA 2h32m39s
[nnue-g1] 30386/79314  5.3 games/s  ETA 2h32m40s
[nnue-g1] 30390/79314  5.3 games/s  ETA 2h32m41s
[nnue-g1] 30400/79314  5.3 games/s  ETA 2h32m40s
[nnue-g1] 30405/79314  5.3 games/s  ETA 2h32m41s
[nnue-g1] 30411/79314  5.3 games/s  ETA 2h32m41s
[nnue-g1] 30418/79314  5.3 games/s  ETA 2h32m41s
[nnue-g1] 30426/79314  5.3 games/s  ETA 2h32m40s
[nnue-g1] 30431/79314  5.3 games/s  ETA 2h32m41s
[nnue-g1] 30439/79314  5.3 games/s  ETA 2h32m40s
[nnue-g1] 30443/79314  5.3 games/s  ETA 2h32m41s
[nnue-g1] 30450/79314  5.3 games/s  ETA 2h32m41s
[nnue-g1] 30455/79314  5.3 games/s  ETA 2h32m42s
[nnue-g1] 30461/79314  5.3 games/s  ETA 2h32m42s
[nnue-g1] 30466/79314  5.3 games/s  ETA 2h32m43s
[nnue-g1] 30472/79314  5.3 games/s  ETA 2h32m43s
[nnue-g1] 30477/79314  5.3 games/s  ETA 2h32m44s
[nnue-g1] 30483/79314  5.3 games/s  ETA 2h32m44s
[nnue-g1] 30488/79314  5.3 games/s  ETA 2h32m45s
[nnue-g1] 30497/79314  5.3 games/s  ETA 2h32m44s
[nnue-g1] 30503/79314  5.3 games/s  ETA 2h32m44s
[nnue-g1] 30513/79314  5.3 games/s  ETA 2h32m42s
[nnue-g1] 30518/79314  5.3 games/s  ETA 2h32m43s
[nnue-g1] 30526/79314  5.3 games/s  ETA 2h32m42s
[nnue-g1] 30534/79314  5.3 games/s  ETA 2h32m42s
[nnue-g1] 30541/79314  5.3 games/s  ETA 2h32m42s
[nnue-g1] 30551/79314  5.3 games/s  ETA 2h32m40s
[nnue-g1] 30556/79314  5.3 games/s  ETA 2h32m41s
[nnue-g1] 30561/79314  5.3 games/s  ETA 2h32m41s
[nnue-g1] 30572/79314  5.3 games/s  ETA 2h32m39s
[nnue-g1] 30578/79314  5.3 games/s  ETA 2h32m39s
[nnue-g1] 30584/79314  5.3 games/s  ETA 2h32m40s
[nnue-g1] 30589/79314  5.3 games/s  ETA 2h32m40s
[nnue-g1] 30599/79314  5.3 games/s  ETA 2h32m39s
[nnue-g1] 30600/79314  5.3 games/s  ETA 2h32m41s
[nnue-g1] 30608/79314  5.3 games/s  ETA 2h32m41s
[nnue-g1] 30615/79314  5.3 games/s  ETA 2h32m41s
[nnue-g1] 30619/79314  5.3 games/s  ETA 2h32m42s
[nnue-g1] 30624/79314  5.3 games/s  ETA 2h32m42s
[nnue-g1] 30630/79314  5.3 games/s  ETA 2h32m43s
[nnue-g1] 30635/79314  5.3 games/s  ETA 2h32m43s
[nnue-g1] 30641/79314  5.3 games/s  ETA 2h32m44s
[nnue-g1] 30647/79314  5.3 games/s  ETA 2h32m44s
[nnue-g1] 30656/79314  5.3 games/s  ETA 2h32m43s
[nnue-g1] 30662/79314  5.3 games/s  ETA 2h32m43s
[nnue-g1] 30671/79314  5.3 games/s  ETA 2h32m42s
[nnue-g1] 30678/79314  5.3 games/s  ETA 2h32m42s
[nnue-g1] 30685/79314  5.3 games/s  ETA 2h32m41s
[nnue-g1] 30694/79314  5.3 games/s  ETA 2h32m40s
[nnue-g1] 30698/79314  5.3 games/s  ETA 2h32m41s
[nnue-g1] 30705/79314  5.3 games/s  ETA 2h32m41s
[nnue-g1] 30711/79314  5.3 games/s  ETA 2h32m41s
[nnue-g1] 30717/79314  5.3 games/s  ETA 2h32m42s
[nnue-g1] 30723/79314  5.3 games/s  ETA 2h32m42s
[nnue-g1] 30726/79314  5.3 games/s  ETA 2h32m44s
[nnue-g1] 30732/79314  5.3 games/s  ETA 2h32m44s
[nnue-g1] 30734/79314  5.3 games/s  ETA 2h32m46s
[nnue-g1] 30743/79314  5.3 games/s  ETA 2h32m45s
[nnue-g1] 30749/79314  5.3 games/s  ETA 2h32m45s
[nnue-g1] 30756/79314  5.3 games/s  ETA 2h32m45s
[nnue-g1] 30763/79314  5.3 games/s  ETA 2h32m45s
[nnue-g1] 30771/79314  5.3 games/s  ETA 2h32m44s
[nnue-g1] 30776/79314  5.3 games/s  ETA 2h32m45s
[nnue-g1] 30783/79314  5.3 games/s  ETA 2h32m44s
[nnue-g1] 30787/79314  5.3 games/s  ETA 2h32m45s
[nnue-g1] 30793/79314  5.3 games/s  ETA 2h32m46s
[nnue-g1] 30801/79314  5.3 games/s  ETA 2h32m45s
[nnue-g1] 30809/79314  5.3 games/s  ETA 2h32m44s
[nnue-g1] 30814/79314  5.3 games/s  ETA 2h32m45s
[nnue-g1] 30822/79314  5.3 games/s  ETA 2h32m44s
[nnue-g1] 30828/79314  5.3 games/s  ETA 2h32m44s
[nnue-g1] 30837/79314  5.3 games/s  ETA 2h32m43s
[nnue-g1] 30843/79314  5.3 games/s  ETA 2h32m43s
[nnue-g1] 30848/79314  5.3 games/s  ETA 2h32m44s
[nnue-g1] 30853/79314  5.3 games/s  ETA 2h32m45s
[nnue-g1] 30857/79314  5.3 games/s  ETA 2h32m46s
[nnue-g1] 30863/79314  5.3 games/s  ETA 2h32m46s
[nnue-g1] 30868/79314  5.3 games/s  ETA 2h32m47s
[nnue-g1] 30873/79314  5.3 games/s  ETA 2h32m48s
[nnue-g1] 30881/79314  5.3 games/s  ETA 2h32m47s
[nnue-g1] 30884/79314  5.3 games/s  ETA 2h32m49s
[nnue-g1] 30891/79314  5.3 games/s  ETA 2h32m48s
[nnue-g1] 30899/79314  5.3 games/s  ETA 2h32m48s
[nnue-g1] 30906/79314  5.3 games/s  ETA 2h32m47s
[nnue-g1] 30913/79314  5.3 games/s  ETA 2h32m47s
[nnue-g1] 30919/79314  5.3 games/s  ETA 2h32m47s
[nnue-g1] 30920/79314  5.3 games/s  ETA 2h32m50s
[nnue-g1] 30929/79314  5.3 games/s  ETA 2h32m49s
[nnue-g1] 30935/79314  5.3 games/s  ETA 2h32m49s
[nnue-g1] 30944/79314  5.3 games/s  ETA 2h32m48s
[nnue-g1] 30949/79314  5.3 games/s  ETA 2h32m48s
[nnue-g1] 30955/79314  5.3 games/s  ETA 2h32m49s
[nnue-g1] 30962/79314  5.3 games/s  ETA 2h32m48s
[nnue-g1] 30967/79314  5.3 games/s  ETA 2h32m49s
[nnue-g1] 30977/79314  5.3 games/s  ETA 2h32m47s
[nnue-g1] 30986/79314  5.3 games/s  ETA 2h32m46s
[nnue-g1] 30993/79314  5.3 games/s  ETA 2h32m46s
[nnue-g1] 30998/79314  5.3 games/s  ETA 2h32m46s
[nnue-g1] 31003/79314  5.3 games/s  ETA 2h32m47s
[nnue-g1] 31011/79314  5.3 games/s  ETA 2h32m46s
[nnue-g1] 31013/79314  5.3 games/s  ETA 2h32m48s
[nnue-g1] 31024/79314  5.3 games/s  ETA 2h32m46s
[nnue-g1] 31029/79314  5.3 games/s  ETA 2h32m47s
[nnue-g1] 31033/79314  5.3 games/s  ETA 2h32m48s
[nnue-g1] 31039/79314  5.3 games/s  ETA 2h32m48s
[nnue-g1] 31047/79314  5.3 games/s  ETA 2h32m48s
[nnue-g1] 31055/79314  5.3 games/s  ETA 2h32m47s
[nnue-g1] 31062/79314  5.3 games/s  ETA 2h32m46s
[nnue-g1] 31066/79314  5.3 games/s  ETA 2h32m48s
[nnue-g1] 31071/79314  5.3 games/s  ETA 2h32m48s
[nnue-g1] 31075/79314  5.3 games/s  ETA 2h32m50s
[nnue-g1] 31080/79314  5.3 games/s  ETA 2h32m50s
[nnue-g1] 31083/79314  5.3 games/s  ETA 2h32m52s
[nnue-g1] 31089/79314  5.3 games/s  ETA 2h32m52s
[nnue-g1] 31094/79314  5.3 games/s  ETA 2h32m53s
[nnue-g1] 31099/79314  5.3 games/s  ETA 2h32m53s
[nnue-g1] 31108/79314  5.3 games/s  ETA 2h32m52s
[nnue-g1] 31114/79314  5.3 games/s  ETA 2h32m52s
[nnue-g1] 31117/79314  5.3 games/s  ETA 2h32m54s
[nnue-g1] 31120/79314  5.3 games/s  ETA 2h32m56s
[nnue-g1] 31126/79314  5.3 games/s  ETA 2h32m56s
[nnue-g1] 31133/79314  5.3 games/s  ETA 2h32m55s
[nnue-g1] 31134/79314  5.2 games/s  ETA 2h32m58s
[nnue-g1] 31139/79314  5.2 games/s  ETA 2h32m59s
[nnue-g1] 31146/79314  5.2 games/s  ETA 2h32m58s
[nnue-g1] 31151/79314  5.2 games/s  ETA 2h32m59s
[nnue-g1] 31155/79314  5.2 games/s  ETA 2h33m00s
[nnue-g1] 31162/79314  5.2 games/s  ETA 2h33m00s
[nnue-g1] 31168/79314  5.2 games/s  ETA 2h33m00s
[nnue-g1] 31173/79314  5.2 games/s  ETA 2h33m01s
[nnue-g1] 31178/79314  5.2 games/s  ETA 2h33m01s
[nnue-g1] 31182/79314  5.2 games/s  ETA 2h33m03s
[nnue-g1] 31186/79314  5.2 games/s  ETA 2h33m04s
[nnue-g1] 31192/79314  5.2 games/s  ETA 2h33m04s
[nnue-g1] 31200/79314  5.2 games/s  ETA 2h33m03s
[nnue-g1] 31206/79314  5.2 games/s  ETA 2h33m03s
[nnue-g1] 31210/79314  5.2 games/s  ETA 2h33m04s
[nnue-g1] 31218/79314  5.2 games/s  ETA 2h33m04s
[nnue-g1] 31224/79314  5.2 games/s  ETA 2h33m04s
[nnue-g1] 31229/79314  5.2 games/s  ETA 2h33m05s
[nnue-g1] 31231/79314  5.2 games/s  ETA 2h33m07s
[nnue-g1] 31240/79314  5.2 games/s  ETA 2h33m05s
[nnue-g1] 31241/79314  5.2 games/s  ETA 2h33m08s
[nnue-g1] 31247/79314  5.2 games/s  ETA 2h33m08s
[nnue-g1] 31256/79314  5.2 games/s  ETA 2h33m07s
[nnue-g1] 31259/79314  5.2 games/s  ETA 2h33m08s
[nnue-g1] 31266/79314  5.2 games/s  ETA 2h33m08s
[nnue-g1] 31271/79314  5.2 games/s  ETA 2h33m09s
[nnue-g1] 31276/79314  5.2 games/s  ETA 2h33m09s
[nnue-g1] 31279/79314  5.2 games/s  ETA 2h33m11s
[nnue-g1] 31283/79314  5.2 games/s  ETA 2h33m12s
[nnue-g1] 31289/79314  5.2 games/s  ETA 2h33m12s
[nnue-g1] 31293/79314  5.2 games/s  ETA 2h33m13s
[nnue-g1] 31302/79314  5.2 games/s  ETA 2h33m12s
[nnue-g1] 31303/79314  5.2 games/s  ETA 2h33m15s
[nnue-g1] 31306/79314  5.2 games/s  ETA 2h33m16s
[nnue-g1] 31315/79314  5.2 games/s  ETA 2h33m15s
[nnue-g1] 31319/79314  5.2 games/s  ETA 2h33m16s
[nnue-g1] 31327/79314  5.2 games/s  ETA 2h33m15s
[nnue-g1] 31333/79314  5.2 games/s  ETA 2h33m16s
[nnue-g1] 31340/79314  5.2 games/s  ETA 2h33m15s
[nnue-g1] 31349/79314  5.2 games/s  ETA 2h33m14s
[nnue-g1] 31356/79314  5.2 games/s  ETA 2h33m14s
[nnue-g1] 31362/79314  5.2 games/s  ETA 2h33m14s
[nnue-g1] 31369/79314  5.2 games/s  ETA 2h33m13s
[nnue-g1] 31376/79314  5.2 games/s  ETA 2h33m13s
[nnue-g1] 31382/79314  5.2 games/s  ETA 2h33m13s
[nnue-g1] 31388/79314  5.2 games/s  ETA 2h33m13s
[nnue-g1] 31395/79314  5.2 games/s  ETA 2h33m13s
[nnue-g1] 31401/79314  5.2 games/s  ETA 2h33m13s
[nnue-g1] 31407/79314  5.2 games/s  ETA 2h33m13s
[nnue-g1] 31412/79314  5.2 games/s  ETA 2h33m14s
[nnue-g1] 31416/79314  5.2 games/s  ETA 2h33m15s
[nnue-g1] 31418/79314  5.2 games/s  ETA 2h33m17s
[nnue-g1] 31424/79314  5.2 games/s  ETA 2h33m17s
[nnue-g1] 31432/79314  5.2 games/s  ETA 2h33m16s
[nnue-g1] 31438/79314  5.2 games/s  ETA 2h33m17s
[nnue-g1] 31447/79314  5.2 games/s  ETA 2h33m15s
[nnue-g1] 31454/79314  5.2 games/s  ETA 2h33m15s
[nnue-g1] 31460/79314  5.2 games/s  ETA 2h33m15s
[nnue-g1] 31466/79314  5.2 games/s  ETA 2h33m15s
[nnue-g1] 31472/79314  5.2 games/s  ETA 2h33m15s
[nnue-g1] 31475/79314  5.2 games/s  ETA 2h33m17s
[nnue-g1] 31485/79314  5.2 games/s  ETA 2h33m15s
[nnue-g1] 31488/79314  5.2 games/s  ETA 2h33m17s
[nnue-g1] 31498/79314  5.2 games/s  ETA 2h33m15s
[nnue-g1] 31503/79314  5.2 games/s  ETA 2h33m15s
[nnue-g1] 31509/79314  5.2 games/s  ETA 2h33m16s
[nnue-g1] 31514/79314  5.2 games/s  ETA 2h33m16s
[nnue-g1] 31520/79314  5.2 games/s  ETA 2h33m16s
[nnue-g1] 31528/79314  5.2 games/s  ETA 2h33m16s
[nnue-g1] 31534/79314  5.2 games/s  ETA 2h33m16s
[nnue-g1] 31540/79314  5.2 games/s  ETA 2h33m16s
[nnue-g1] 31548/79314  5.2 games/s  ETA 2h33m15s
[nnue-g1] 31554/79314  5.2 games/s  ETA 2h33m15s
[nnue-g1] 31563/79314  5.2 games/s  ETA 2h33m14s
[nnue-g1] 31566/79314  5.2 games/s  ETA 2h33m15s
[nnue-g1] 31571/79314  5.2 games/s  ETA 2h33m16s
[nnue-g1] 31574/79314  5.2 games/s  ETA 2h33m17s
[nnue-g1] 31585/79314  5.2 games/s  ETA 2h33m15s
[nnue-g1] 31588/79314  5.2 games/s  ETA 2h33m17s
[nnue-g1] 31595/79314  5.2 games/s  ETA 2h33m16s
[nnue-g1] 31602/79314  5.2 games/s  ETA 2h33m16s
[nnue-g1] 31605/79314  5.2 games/s  ETA 2h33m18s
[nnue-g1] 31610/79314  5.2 games/s  ETA 2h33m18s
[nnue-g1] 31615/79314  5.2 games/s  ETA 2h33m19s
[nnue-g1] 31623/79314  5.2 games/s  ETA 2h33m18s
[nnue-g1] 31627/79314  5.2 games/s  ETA 2h33m19s
[nnue-g1] 31634/79314  5.2 games/s  ETA 2h33m19s
[nnue-g1] 31638/79314  5.2 games/s  ETA 2h33m20s
[nnue-g1] 31642/79314  5.2 games/s  ETA 2h33m21s
[nnue-g1] 31653/79314  5.2 games/s  ETA 2h33m18s
[nnue-g1] 31653/79314  5.2 games/s  ETA 2h33m22s
[nnue-g1] 31662/79314  5.2 games/s  ETA 2h33m20s
[nnue-g1] 31666/79314  5.2 games/s  ETA 2h33m21s
[nnue-g1] 31673/79314  5.2 games/s  ETA 2h33m21s
[nnue-g1] 31678/79314  5.2 games/s  ETA 2h33m21s
[nnue-g1] 31683/79314  5.2 games/s  ETA 2h33m22s
[nnue-g1] 31689/79314  5.2 games/s  ETA 2h33m22s
[nnue-g1] 31695/79314  5.2 games/s  ETA 2h33m22s
[nnue-g1] 31700/79314  5.2 games/s  ETA 2h33m23s
[nnue-g1] 31706/79314  5.2 games/s  ETA 2h33m23s
[nnue-g1] 31712/79314  5.2 games/s  ETA 2h33m23s
[nnue-g1] 31718/79314  5.2 games/s  ETA 2h33m23s
[nnue-g1] 31721/79314  5.2 games/s  ETA 2h33m25s
[nnue-g1] 31726/79314  5.2 games/s  ETA 2h33m25s
[nnue-g1] 31735/79314  5.2 games/s  ETA 2h33m24s
[nnue-g1] 31738/79314  5.2 games/s  ETA 2h33m25s
[nnue-g1] 31745/79314  5.2 games/s  ETA 2h33m25s
[nnue-g1] 31751/79314  5.2 games/s  ETA 2h33m25s
[nnue-g1] 31755/79314  5.2 games/s  ETA 2h33m26s
[nnue-g1] 31764/79314  5.2 games/s  ETA 2h33m25s
[nnue-g1] 31769/79314  5.2 games/s  ETA 2h33m25s
[nnue-g1] 31775/79314  5.2 games/s  ETA 2h33m26s
[nnue-g1] 31780/79314  5.2 games/s  ETA 2h33m26s
[nnue-g1] 31785/79314  5.2 games/s  ETA 2h33m27s
[nnue-g1] 31794/79314  5.2 games/s  ETA 2h33m25s
[nnue-g1] 31799/79314  5.2 games/s  ETA 2h33m26s
[nnue-g1] 31807/79314  5.2 games/s  ETA 2h33m25s
[nnue-g1] 31812/79314  5.2 games/s  ETA 2h33m26s
[nnue-g1] 31820/79314  5.2 games/s  ETA 2h33m25s
[nnue-g1] 31826/79314  5.2 games/s  ETA 2h33m25s
[nnue-g1] 31831/79314  5.2 games/s  ETA 2h33m25s
[nnue-g1] 31837/79314  5.2 games/s  ETA 2h33m26s
[nnue-g1] 31842/79314  5.2 games/s  ETA 2h33m26s
[nnue-g1] 31849/79314  5.2 games/s  ETA 2h33m26s
[nnue-g1] 31853/79314  5.2 games/s  ETA 2h33m27s
[nnue-g1] 31858/79314  5.2 games/s  ETA 2h33m27s
[nnue-g1] 31861/79314  5.2 games/s  ETA 2h33m29s
[nnue-g1] 31867/79314  5.2 games/s  ETA 2h33m29s
[nnue-g1] 31874/79314  5.2 games/s  ETA 2h33m28s
[nnue-g1] 31883/79314  5.2 games/s  ETA 2h33m27s
[nnue-g1] 31890/79314  5.2 games/s  ETA 2h33m27s
[nnue-g1] 31892/79314  5.1 games/s  ETA 2h33m29s
[nnue-g1] 31898/79314  5.1 games/s  ETA 2h33m29s
[nnue-g1] 31905/79314  5.1 games/s  ETA 2h33m28s
[nnue-g1] 31911/79314  5.1 games/s  ETA 2h33m28s
[nnue-g1] 31918/79314  5.1 games/s  ETA 2h33m28s
[nnue-g1] 31923/79314  5.1 games/s  ETA 2h33m29s
[nnue-g1] 31931/79314  5.1 games/s  ETA 2h33m28s
[nnue-g1] 31936/79314  5.1 games/s  ETA 2h33m28s
[nnue-g1] 31942/79314  5.1 games/s  ETA 2h33m28s
[nnue-g1] 31949/79314  5.1 games/s  ETA 2h33m28s
[nnue-g1] 31955/79314  5.1 games/s  ETA 2h33m28s
[nnue-g1] 31961/79314  5.1 games/s  ETA 2h33m28s
[nnue-g1] 31969/79314  5.1 games/s  ETA 2h33m27s
[nnue-g1] 31974/79314  5.1 games/s  ETA 2h33m28s
[nnue-g1] 31978/79314  5.1 games/s  ETA 2h33m29s
[nnue-g1] 31987/79314  5.1 games/s  ETA 2h33m27s
[nnue-g1] 31991/79314  5.1 games/s  ETA 2h33m28s
[nnue-g1] 31997/79314  5.1 games/s  ETA 2h33m28s
[nnue-g1] 32007/79314  5.1 games/s  ETA 2h33m27s
[nnue-g1] 32013/79314  5.1 games/s  ETA 2h33m27s
[nnue-g1] 32020/79314  5.1 games/s  ETA 2h33m26s
[nnue-g1] 32027/79314  5.1 games/s  ETA 2h33m26s
[nnue-g1] 32035/79314  5.1 games/s  ETA 2h33m25s
[nnue-g1] 32043/79314  5.1 games/s  ETA 2h33m24s
[nnue-g1] 32052/79314  5.1 games/s  ETA 2h33m23s
[nnue-g1] 32057/79314  5.1 games/s  ETA 2h33m23s
[nnue-g1] 32064/79314  5.1 games/s  ETA 2h33m23s
[nnue-g1] 32073/79314  5.1 games/s  ETA 2h33m21s
[nnue-g1] 32083/79314  5.1 games/s  ETA 2h33m20s
[nnue-g1] 32091/79314  5.1 games/s  ETA 2h33m19s
[nnue-g1] 32099/79314  5.1 games/s  ETA 2h33m18s
[nnue-g1] 32103/79314  5.1 games/s  ETA 2h33m19s
[nnue-g1] 32108/79314  5.1 games/s  ETA 2h33m19s
[nnue-g1] 32114/79314  5.1 games/s  ETA 2h33m19s
[nnue-g1] 32119/79314  5.1 games/s  ETA 2h33m20s
[nnue-g1] 32126/79314  5.1 games/s  ETA 2h33m19s
[nnue-g1] 32135/79314  5.1 games/s  ETA 2h33m18s
[nnue-g1] 32142/79314  5.1 games/s  ETA 2h33m18s
[nnue-g1] 32146/79314  5.1 games/s  ETA 2h33m19s
[nnue-g1] 32156/79314  5.1 games/s  ETA 2h33m17s
[nnue-g1] 32162/79314  5.1 games/s  ETA 2h33m17s
[nnue-g1] 32165/79314  5.1 games/s  ETA 2h33m18s
[nnue-g1] 32176/79314  5.1 games/s  ETA 2h33m16s
[nnue-g1] 32183/79314  5.1 games/s  ETA 2h33m15s
[nnue-g1] 32190/79314  5.1 games/s  ETA 2h33m15s
[nnue-g1] 32197/79314  5.1 games/s  ETA 2h33m15s
[nnue-g1] 32205/79314  5.1 games/s  ETA 2h33m14s
[nnue-g1] 32214/79314  5.1 games/s  ETA 2h33m12s
[nnue-g1] 32222/79314  5.1 games/s  ETA 2h33m11s
[nnue-g1] 32230/79314  5.1 games/s  ETA 2h33m10s
[nnue-g1] 32237/79314  5.1 games/s  ETA 2h33m10s
[nnue-g1] 32243/79314  5.1 games/s  ETA 2h33m10s
[nnue-g1] 32251/79314  5.1 games/s  ETA 2h33m09s
[nnue-g1] 32261/79314  5.1 games/s  ETA 2h33m07s
[nnue-g1] 32265/79314  5.1 games/s  ETA 2h33m08s
[nnue-g1] 32277/79314  5.1 games/s  ETA 2h33m05s
[nnue-g1] 32283/79314  5.1 games/s  ETA 2h33m05s
[nnue-g1] 32290/79314  5.1 games/s  ETA 2h33m05s
[nnue-g1] 32297/79314  5.1 games/s  ETA 2h33m05s
[nnue-g1] 32301/79314  5.1 games/s  ETA 2h33m06s
[nnue-g1] 32306/79314  5.1 games/s  ETA 2h33m06s
[nnue-g1] 32315/79314  5.1 games/s  ETA 2h33m05s
[nnue-g1] 32321/79314  5.1 games/s  ETA 2h33m05s
[nnue-g1] 32329/79314  5.1 games/s  ETA 2h33m04s
[nnue-g1] 32335/79314  5.1 games/s  ETA 2h33m04s
[nnue-g1] 32345/79314  5.1 games/s  ETA 2h33m02s
[nnue-g1] 32353/79314  5.1 games/s  ETA 2h33m01s
[nnue-g1] 32359/79314  5.1 games/s  ETA 2h33m01s
[nnue-g1] 32363/79314  5.1 games/s  ETA 2h33m02s
[nnue-g1] 32371/79314  5.1 games/s  ETA 2h33m01s
[nnue-g1] 32374/79314  5.1 games/s  ETA 2h33m02s
[nnue-g1] 32383/79314  5.1 games/s  ETA 2h33m01s
[nnue-g1] 32391/79314  5.1 games/s  ETA 2h33m00s
[nnue-g1] 32395/79314  5.1 games/s  ETA 2h33m01s
[nnue-g1] 32407/79314  5.1 games/s  ETA 2h32m58s
[nnue-g1] 32413/79314  5.1 games/s  ETA 2h32m58s
[nnue-g1] 32419/79314  5.1 games/s  ETA 2h32m58s
[nnue-g1] 32425/79314  5.1 games/s  ETA 2h32m58s
[nnue-g1] 32429/79314  5.1 games/s  ETA 2h32m59s
[nnue-g1] 32435/79314  5.1 games/s  ETA 2h32m59s
[nnue-g1] 32442/79314  5.1 games/s  ETA 2h32m59s
[nnue-g1] 32448/79314  5.1 games/s  ETA 2h32m59s
[nnue-g1] 32455/79314  5.1 games/s  ETA 2h32m58s
[nnue-g1] 32460/79314  5.1 games/s  ETA 2h32m59s
[nnue-g1] 32470/79314  5.1 games/s  ETA 2h32m57s
[nnue-g1] 32473/79314  5.1 games/s  ETA 2h32m58s
[nnue-g1] 32480/79314  5.1 games/s  ETA 2h32m58s
[nnue-g1] 32486/79314  5.1 games/s  ETA 2h32m58s
[nnue-g1] 32492/79314  5.1 games/s  ETA 2h32m58s
[nnue-g1] 32500/79314  5.1 games/s  ETA 2h32m57s
[nnue-g1] 32505/79314  5.1 games/s  ETA 2h32m58s
[nnue-g1] 32512/79314  5.1 games/s  ETA 2h32m57s
[nnue-g1] 32518/79314  5.1 games/s  ETA 2h32m57s
[nnue-g1] 32525/79314  5.1 games/s  ETA 2h32m57s
[nnue-g1] 32532/79314  5.1 games/s  ETA 2h32m56s
[nnue-g1] 32537/79314  5.1 games/s  ETA 2h32m57s
[nnue-g1] 32543/79314  5.1 games/s  ETA 2h32m57s
[nnue-g1] 32547/79314  5.1 games/s  ETA 2h32m58s
[nnue-g1] 32555/79314  5.1 games/s  ETA 2h32m57s
[nnue-g1] 32559/79314  5.1 games/s  ETA 2h32m58s
[nnue-g1] 32569/79314  5.1 games/s  ETA 2h32m56s
[nnue-g1] 32576/79314  5.1 games/s  ETA 2h32m55s
[nnue-g1] 32581/79314  5.1 games/s  ETA 2h32m56s
[nnue-g1] 32588/79314  5.1 games/s  ETA 2h32m55s
[nnue-g1] 32595/79314  5.1 games/s  ETA 2h32m55s
[nnue-g1] 32602/79314  5.1 games/s  ETA 2h32m54s
[nnue-g1] 32611/79314  5.1 games/s  ETA 2h32m53s
[nnue-g1] 32620/79314  5.1 games/s  ETA 2h32m51s
[nnue-g1] 32625/79314  5.1 games/s  ETA 2h32m52s
[nnue-g1] 32631/79314  5.1 games/s  ETA 2h32m52s
[nnue-g1] 32642/79314  5.1 games/s  ETA 2h32m50s
[nnue-g1] 32647/79314  5.1 games/s  ETA 2h32m50s
[nnue-g1] 32652/79314  5.1 games/s  ETA 2h32m50s
[nnue-g1] 32660/79314  5.1 games/s  ETA 2h32m50s
[nnue-g1] 32669/79314  5.1 games/s  ETA 2h32m48s
[nnue-g1] 32675/79314  5.1 games/s  ETA 2h32m48s
[nnue-g1] 32684/79314  5.1 games/s  ETA 2h32m47s
[nnue-g1] 32691/79314  5.1 games/s  ETA 2h32m46s
[nnue-g1] 32700/79314  5.1 games/s  ETA 2h32m45s
[nnue-g1] 32711/79314  5.1 games/s  ETA 2h32m42s
[nnue-g1] 32714/79314  5.1 games/s  ETA 2h32m44s
[nnue-g1] 32722/79314  5.1 games/s  ETA 2h32m43s
[nnue-g1] 32728/79314  5.1 games/s  ETA 2h32m43s
[nnue-g1] 32733/79314  5.1 games/s  ETA 2h32m43s
[nnue-g1] 32746/79314  5.1 games/s  ETA 2h32m40s
[nnue-g1] 32752/79314  5.1 games/s  ETA 2h32m40s
[nnue-g1] 32759/79314  5.1 games/s  ETA 2h32m39s
[nnue-g1] 32764/79314  5.1 games/s  ETA 2h32m40s
[nnue-g1] 32771/79314  5.1 games/s  ETA 2h32m39s
[nnue-g1] 32779/79314  5.1 games/s  ETA 2h32m38s
[nnue-g1] 32788/79314  5.1 games/s  ETA 2h32m37s
[nnue-g1] 32797/79314  5.1 games/s  ETA 2h32m35s
[nnue-g1] 32804/79314  5.1 games/s  ETA 2h32m35s
[nnue-g1] 32812/79314  5.1 games/s  ETA 2h32m34s
[nnue-g1] 32819/79314  5.1 games/s  ETA 2h32m34s
[nnue-g1] 32825/79314  5.1 games/s  ETA 2h32m34s
[nnue-g1] 32834/79314  5.1 games/s  ETA 2h32m32s
[nnue-g1] 32841/79314  5.1 games/s  ETA 2h32m32s
[nnue-g1] 32845/79314  5.1 games/s  ETA 2h32m32s
[nnue-g1] 32855/79314  5.1 games/s  ETA 2h32m31s
[nnue-g1] 32860/79314  5.1 games/s  ETA 2h32m31s
[nnue-g1] 32866/79314  5.1 games/s  ETA 2h32m31s
[nnue-g1] 32874/79314  5.1 games/s  ETA 2h32m30s
[nnue-g1] 32882/79314  5.1 games/s  ETA 2h32m29s
[nnue-g1] 32889/79314  5.1 games/s  ETA 2h32m29s
[nnue-g1] 32897/79314  5.1 games/s  ETA 2h32m28s
[nnue-g1] 32903/79314  5.1 games/s  ETA 2h32m28s
[nnue-g1] 32908/79314  5.1 games/s  ETA 2h32m28s
[nnue-g1] 32914/79314  5.1 games/s  ETA 2h32m28s
[nnue-g1] 32922/79314  5.1 games/s  ETA 2h32m27s
[nnue-g1] 32931/79314  5.1 games/s  ETA 2h32m26s
[nnue-g1] 32937/79314  5.1 games/s  ETA 2h32m25s
[nnue-g1] 32945/79314  5.1 games/s  ETA 2h32m24s
[nnue-g1] 32950/79314  5.1 games/s  ETA 2h32m25s
[nnue-g1] 32957/79314  5.1 games/s  ETA 2h32m24s
[nnue-g1] 32960/79314  5.1 games/s  ETA 2h32m26s
[nnue-g1] 32968/79314  5.1 games/s  ETA 2h32m25s
[nnue-g1] 32976/79314  5.1 games/s  ETA 2h32m24s
[nnue-g1] 32980/79314  5.1 games/s  ETA 2h32m25s
[nnue-g1] 32991/79314  5.1 games/s  ETA 2h32m22s
[nnue-g1] 32995/79314  5.1 games/s  ETA 2h32m23s
[nnue-g1] 33004/79314  5.1 games/s  ETA 2h32m22s
[nnue-g1] 33010/79314  5.1 games/s  ETA 2h32m22s
[nnue-g1] 33015/79314  5.1 games/s  ETA 2h32m22s
[nnue-g1] 33022/79314  5.1 games/s  ETA 2h32m22s
[nnue-g1] 33031/79314  5.1 games/s  ETA 2h32m20s
[nnue-g1] 33038/79314  5.1 games/s  ETA 2h32m20s
[nnue-g1] 33044/79314  5.1 games/s  ETA 2h32m20s
[nnue-g1] 33051/79314  5.1 games/s  ETA 2h32m19s
[nnue-g1] 33056/79314  5.1 games/s  ETA 2h32m20s
[nnue-g1] 33059/79314  5.1 games/s  ETA 2h32m21s
[nnue-g1] 33062/79314  5.1 games/s  ETA 2h32m22s
[nnue-g1] 33070/79314  5.1 games/s  ETA 2h32m21s
[nnue-g1] 33075/79314  5.1 games/s  ETA 2h32m22s
[nnue-g1] 33079/79314  5.1 games/s  ETA 2h32m23s
[nnue-g1] 33087/79314  5.1 games/s  ETA 2h32m22s
[nnue-g1] 33096/79314  5.1 games/s  ETA 2h32m20s
[nnue-g1] 33101/79314  5.1 games/s  ETA 2h32m21s
[nnue-g1] 33107/79314  5.1 games/s  ETA 2h32m21s
[nnue-g1] 33114/79314  5.1 games/s  ETA 2h32m20s
[nnue-g1] 33119/79314  5.1 games/s  ETA 2h32m20s
[nnue-g1] 33131/79314  5.1 games/s  ETA 2h32m18s
[nnue-g1] 33134/79314  5.1 games/s  ETA 2h32m19s
[nnue-g1] 33141/79314  5.1 games/s  ETA 2h32m18s
[nnue-g1] 33150/79314  5.1 games/s  ETA 2h32m17s
[nnue-g1] 33155/79314  5.1 games/s  ETA 2h32m17s
[nnue-g1] 33163/79314  5.1 games/s  ETA 2h32m16s
[nnue-g1] 33170/79314  5.1 games/s  ETA 2h32m16s
[nnue-g1] 33179/79314  5.1 games/s  ETA 2h32m14s
[nnue-g1] 33183/79314  5.0 games/s  ETA 2h32m15s
[nnue-g1] 33193/79314  5.0 games/s  ETA 2h32m13s
[nnue-g1] 33198/79314  5.0 games/s  ETA 2h32m14s
[nnue-g1] 33204/79314  5.0 games/s  ETA 2h32m14s
[nnue-g1] 33212/79314  5.0 games/s  ETA 2h32m13s
[nnue-g1] 33223/79314  5.0 games/s  ETA 2h32m10s
[nnue-g1] 33230/79314  5.0 games/s  ETA 2h32m10s
[nnue-g1] 33238/79314  5.0 games/s  ETA 2h32m09s
[nnue-g1] 33245/79314  5.0 games/s  ETA 2h32m08s
[nnue-g1] 33252/79314  5.0 games/s  ETA 2h32m08s
[nnue-g1] 33258/79314  5.0 games/s  ETA 2h32m08s
[nnue-g1] 33266/79314  5.0 games/s  ETA 2h32m06s
[nnue-g1] 33268/79314  5.0 games/s  ETA 2h32m08s
[nnue-g1] 33277/79314  5.0 games/s  ETA 2h32m07s
[nnue-g1] 33284/79314  5.0 games/s  ETA 2h32m06s
[nnue-g1] 33290/79314  5.0 games/s  ETA 2h32m06s
[nnue-g1] 33296/79314  5.0 games/s  ETA 2h32m06s
[nnue-g1] 33303/79314  5.0 games/s  ETA 2h32m06s
[nnue-g1] 33313/79314  5.0 games/s  ETA 2h32m04s
[nnue-g1] 33318/79314  5.0 games/s  ETA 2h32m04s
[nnue-g1] 33324/79314  5.0 games/s  ETA 2h32m04s
[nnue-g1] 33331/79314  5.0 games/s  ETA 2h32m03s
[nnue-g1] 33341/79314  5.0 games/s  ETA 2h32m01s
[nnue-g1] 33346/79314  5.0 games/s  ETA 2h32m02s
[nnue-g1] 33351/79314  5.0 games/s  ETA 2h32m02s
[nnue-g1] 33358/79314  5.0 games/s  ETA 2h32m02s
[nnue-g1] 33365/79314  5.0 games/s  ETA 2h32m01s
[nnue-g1] 33373/79314  5.0 games/s  ETA 2h32m00s
[nnue-g1] 33382/79314  5.0 games/s  ETA 2h31m59s
[nnue-g1] 33386/79314  5.0 games/s  ETA 2h32m00s
[nnue-g1] 33394/79314  5.0 games/s  ETA 2h31m59s
[nnue-g1] 33400/79314  5.0 games/s  ETA 2h31m58s
[nnue-g1] 33409/79314  5.0 games/s  ETA 2h31m57s
[nnue-g1] 33417/79314  5.0 games/s  ETA 2h31m56s
[nnue-g1] 33428/79314  5.0 games/s  ETA 2h31m53s
[nnue-g1] 33435/79314  5.0 games/s  ETA 2h31m53s
[nnue-g1] 33443/79314  5.0 games/s  ETA 2h31m52s
[nnue-g1] 33449/79314  5.0 games/s  ETA 2h31m52s
[nnue-g1] 33456/79314  5.0 games/s  ETA 2h31m51s
[nnue-g1] 33470/79314  5.0 games/s  ETA 2h31m47s
[nnue-g1] 33476/79314  5.0 games/s  ETA 2h31m47s
[nnue-g1] 33485/79314  5.0 games/s  ETA 2h31m46s
[nnue-g1] 33488/79314  5.0 games/s  ETA 2h31m47s
[nnue-g1] 33493/79314  5.0 games/s  ETA 2h31m48s
[nnue-g1] 33500/79314  5.0 games/s  ETA 2h31m47s
[nnue-g1] 33505/79314  5.0 games/s  ETA 2h31m47s
[nnue-g1] 33512/79314  5.0 games/s  ETA 2h31m47s
[nnue-g1] 33517/79314  5.0 games/s  ETA 2h31m47s
[nnue-g1] 33524/79314  5.0 games/s  ETA 2h31m47s
[nnue-g1] 33534/79314  5.0 games/s  ETA 2h31m45s
[nnue-g1] 33536/79314  5.0 games/s  ETA 2h31m46s
[nnue-g1] 33543/79314  5.0 games/s  ETA 2h31m46s
[nnue-g1] 33551/79314  5.0 games/s  ETA 2h31m45s
[nnue-g1] 33558/79314  5.0 games/s  ETA 2h31m44s
[nnue-g1] 33563/79314  5.0 games/s  ETA 2h31m45s
[nnue-g1] 33569/79314  5.0 games/s  ETA 2h31m45s
[nnue-g1] 33576/79314  5.0 games/s  ETA 2h31m44s
[nnue-g1] 33581/79314  5.0 games/s  ETA 2h31m44s
[nnue-g1] 33590/79314  5.0 games/s  ETA 2h31m43s
[nnue-g1] 33597/79314  5.0 games/s  ETA 2h31m42s
[nnue-g1] 33605/79314  5.0 games/s  ETA 2h31m41s
[nnue-g1] 33613/79314  5.0 games/s  ETA 2h31m40s
[nnue-g1] 33621/79314  5.0 games/s  ETA 2h31m39s
[nnue-g1] 33628/79314  5.0 games/s  ETA 2h31m39s
[nnue-g1] 33635/79314  5.0 games/s  ETA 2h31m38s
[nnue-g1] 33641/79314  5.0 games/s  ETA 2h31m38s
[nnue-g1] 33651/79314  5.0 games/s  ETA 2h31m36s
[nnue-g1] 33655/79314  5.0 games/s  ETA 2h31m37s
[nnue-g1] 33661/79314  5.0 games/s  ETA 2h31m37s
[nnue-g1] 33670/79314  5.0 games/s  ETA 2h31m35s
[nnue-g1] 33677/79314  5.0 games/s  ETA 2h31m35s
[nnue-g1] 33688/79314  5.0 games/s  ETA 2h31m32s
[nnue-g1] 33691/79314  5.0 games/s  ETA 2h31m34s
[nnue-g1] 33701/79314  5.0 games/s  ETA 2h31m32s
[nnue-g1] 33709/79314  5.0 games/s  ETA 2h31m30s
[nnue-g1] 33715/79314  5.0 games/s  ETA 2h31m30s
[nnue-g1] 33720/79314  5.0 games/s  ETA 2h31m31s
[nnue-g1] 33729/79314  5.0 games/s  ETA 2h31m29s
[nnue-g1] 33733/79314  5.0 games/s  ETA 2h31m30s
[nnue-g1] 33738/79314  5.0 games/s  ETA 2h31m30s
[nnue-g1] 33745/79314  5.0 games/s  ETA 2h31m30s
[nnue-g1] 33756/79314  5.0 games/s  ETA 2h31m27s
[nnue-g1] 33768/79314  5.0 games/s  ETA 2h31m24s
[nnue-g1] 33780/79314  5.0 games/s  ETA 2h31m22s
[nnue-g1] 33792/79314  5.0 games/s  ETA 2h31m19s
[nnue-g1] 33802/79314  5.0 games/s  ETA 2h31m17s
[nnue-g1] 33812/79314  5.0 games/s  ETA 2h31m15s
[nnue-g1] 33822/79314  5.0 games/s  ETA 2h31m13s
[nnue-g1] 33833/79314  5.0 games/s  ETA 2h31m10s
[nnue-g1] 33846/79314  5.0 games/s  ETA 2h31m07s
[nnue-g1] 33857/79314  5.0 games/s  ETA 2h31m04s
[nnue-g1] 33868/79314  5.0 games/s  ETA 2h31m02s
[nnue-g1] 33879/79314  5.0 games/s  ETA 2h30m59s
[nnue-g1] 33891/79314  5.0 games/s  ETA 2h30m57s
[nnue-g1] 33903/79314  5.0 games/s  ETA 2h30m54s
[nnue-g1] 33917/79314  5.0 games/s  ETA 2h30m50s
[nnue-g1] 33929/79314  5.0 games/s  ETA 2h30m47s
[nnue-g1] 33941/79314  5.0 games/s  ETA 2h30m44s
[nnue-g1] 33952/79314  5.0 games/s  ETA 2h30m42s
[nnue-g1] 33962/79314  5.0 games/s  ETA 2h30m40s
[nnue-g1] 33975/79314  5.0 games/s  ETA 2h30m36s
[nnue-g1] 33986/79314  5.0 games/s  ETA 2h30m34s
[nnue-g1] 33998/79314  5.0 games/s  ETA 2h30m31s
[nnue-g1] 34005/79314  5.0 games/s  ETA 2h30m30s
[nnue-g1] 34015/79314  5.0 games/s  ETA 2h30m28s
[nnue-g1] 34019/79314  5.0 games/s  ETA 2h30m29s
[nnue-g1] 34027/79314  5.0 games/s  ETA 2h30m28s
[nnue-g1] 34035/79314  5.0 games/s  ETA 2h30m27s
[nnue-g1] 34039/79314  5.0 games/s  ETA 2h30m28s
[nnue-g1] 34048/79314  5.0 games/s  ETA 2h30m26s
[nnue-g1] 34053/79314  5.0 games/s  ETA 2h30m27s
[nnue-g1] 34060/79314  5.0 games/s  ETA 2h30m26s
[nnue-g1] 34068/79314  5.0 games/s  ETA 2h30m25s
[nnue-g1] 34070/79314  5.0 games/s  ETA 2h30m27s
[nnue-g1] 34079/79314  5.0 games/s  ETA 2h30m25s
[nnue-g1] 34087/79314  5.0 games/s  ETA 2h30m24s
[nnue-g1] 34091/79314  5.0 games/s  ETA 2h30m25s
[nnue-g1] 34102/79314  5.0 games/s  ETA 2h30m22s
[nnue-g1] 34106/79314  5.0 games/s  ETA 2h30m23s
[nnue-g1] 34114/79314  5.0 games/s  ETA 2h30m22s
[nnue-g1] 34122/79314  5.0 games/s  ETA 2h30m21s
[nnue-g1] 34128/79314  5.0 games/s  ETA 2h30m21s
[nnue-g1] 34137/79314  5.0 games/s  ETA 2h30m19s
[nnue-g1] 34144/79314  5.0 games/s  ETA 2h30m19s
[nnue-g1] 34152/79314  5.0 games/s  ETA 2h30m18s
[nnue-g1] 34159/79314  5.0 games/s  ETA 2h30m17s
[nnue-g1] 34167/79314  5.0 games/s  ETA 2h30m16s
[nnue-g1] 34171/79314  5.0 games/s  ETA 2h30m17s
[nnue-g1] 34183/79314  5.0 games/s  ETA 2h30m14s
[nnue-g1] 34188/79314  5.0 games/s  ETA 2h30m14s
[nnue-g1] 34196/79314  5.0 games/s  ETA 2h30m13s
[nnue-g1] 34203/79314  5.0 games/s  ETA 2h30m13s
[nnue-g1] 34209/79314  5.0 games/s  ETA 2h30m13s
[nnue-g1] 34214/79314  5.0 games/s  ETA 2h30m13s
[nnue-g1] 34221/79314  5.0 games/s  ETA 2h30m12s
[nnue-g1] 34229/79314  5.0 games/s  ETA 2h30m11s
[nnue-g1] 34238/79314  5.0 games/s  ETA 2h30m10s
[nnue-g1] 34242/79314  5.0 games/s  ETA 2h30m10s
[nnue-g1] 34248/79314  5.0 games/s  ETA 2h30m10s
[nnue-g1] 34254/79314  5.0 games/s  ETA 2h30m10s
[nnue-g1] 34261/79314  5.0 games/s  ETA 2h30m10s
[nnue-g1] 34268/79314  5.0 games/s  ETA 2h30m09s
[nnue-g1] 34276/79314  5.0 games/s  ETA 2h30m08s
[nnue-g1] 34279/79314  5.0 games/s  ETA 2h30m09s
[nnue-g1] 34288/79314  5.0 games/s  ETA 2h30m08s
[nnue-g1] 34296/79314  5.0 games/s  ETA 2h30m06s
[nnue-g1] 34301/79314  5.0 games/s  ETA 2h30m07s
[nnue-g1] 34310/79314  5.0 games/s  ETA 2h30m05s
[nnue-g1] 34317/79314  5.0 games/s  ETA 2h30m05s
[nnue-g1] 34326/79314  5.0 games/s  ETA 2h30m03s
[nnue-g1] 34334/79314  5.0 games/s  ETA 2h30m02s
[nnue-g1] 34340/79314  5.0 games/s  ETA 2h30m02s
[nnue-g1] 34343/79314  5.0 games/s  ETA 2h30m03s
[nnue-g1] 34352/79314  5.0 games/s  ETA 2h30m02s
[nnue-g1] 34359/79314  5.0 games/s  ETA 2h30m01s
[nnue-g1] 34369/79314  5.0 games/s  ETA 2h29m59s
[nnue-g1] 34378/79314  5.0 games/s  ETA 2h29m57s
[nnue-g1] 34382/79314  5.0 games/s  ETA 2h29m58s
[nnue-g1] 34391/79314  5.0 games/s  ETA 2h29m57s
[nnue-g1] 34396/79314  5.0 games/s  ETA 2h29m57s
[nnue-g1] 34406/79314  5.0 games/s  ETA 2h29m55s
[nnue-g1] 34412/79314  5.0 games/s  ETA 2h29m55s
[nnue-g1] 34417/79314  5.0 games/s  ETA 2h29m55s
[nnue-g1] 34430/79314  5.0 games/s  ETA 2h29m52s
[nnue-g1] 34437/79314  5.0 games/s  ETA 2h29m51s
[nnue-g1] 34446/79314  5.0 games/s  ETA 2h29m50s
[nnue-g1] 34452/79314  5.0 games/s  ETA 2h29m49s
[nnue-g1] 34459/79314  5.0 games/s  ETA 2h29m49s
[nnue-g1] 34463/79314  5.0 games/s  ETA 2h29m49s
[nnue-g1] 34476/79314  5.0 games/s  ETA 2h29m46s
[nnue-g1] 34482/79314  5.0 games/s  ETA 2h29m46s
[nnue-g1] 34489/79314  5.0 games/s  ETA 2h29m45s
[nnue-g1] 34495/79314  5.0 games/s  ETA 2h29m45s
[nnue-g1] 34506/79314  5.0 games/s  ETA 2h29m43s
[nnue-g1] 34512/79314  5.0 games/s  ETA 2h29m43s
[nnue-g1] 34521/79314  5.0 games/s  ETA 2h29m41s
[nnue-g1] 34527/79314  5.0 games/s  ETA 2h29m41s
[nnue-g1] 34538/79314  5.0 games/s  ETA 2h29m38s
[nnue-g1] 34545/79314  5.0 games/s  ETA 2h29m38s
[nnue-g1] 34550/79314  5.0 games/s  ETA 2h29m38s
[nnue-g1] 34563/79314  5.0 games/s  ETA 2h29m35s
[nnue-g1] 34570/79314  5.0 games/s  ETA 2h29m34s
[nnue-g1] 34577/79314  5.0 games/s  ETA 2h29m33s
[nnue-g1] 34585/79314  5.0 games/s  ETA 2h29m32s
[nnue-g1] 34594/79314  5.0 games/s  ETA 2h29m31s
[nnue-g1] 34603/79314  5.0 games/s  ETA 2h29m29s
[nnue-g1] 34610/79314  5.0 games/s  ETA 2h29m29s
[nnue-g1] 34617/79314  5.0 games/s  ETA 2h29m28s
[nnue-g1] 34628/79314  5.0 games/s  ETA 2h29m25s
[nnue-g1] 34637/79314  5.0 games/s  ETA 2h29m24s
[nnue-g1] 34645/79314  5.0 games/s  ETA 2h29m23s
[nnue-g1] 34651/79314  5.0 games/s  ETA 2h29m23s
[nnue-g1] 34663/79314  5.0 games/s  ETA 2h29m20s
[nnue-g1] 34672/79314  5.0 games/s  ETA 2h29m18s
[nnue-g1] 34679/79314  5.0 games/s  ETA 2h29m17s
[nnue-g1] 34686/79314  5.0 games/s  ETA 2h29m17s
[nnue-g1] 34692/79314  5.0 games/s  ETA 2h29m17s
[nnue-g1] 34698/79314  5.0 games/s  ETA 2h29m16s
[nnue-g1] 34704/79314  5.0 games/s  ETA 2h29m16s
[nnue-g1] 34714/79314  5.0 games/s  ETA 2h29m14s
[nnue-g1] 34722/79314  5.0 games/s  ETA 2h29m13s
[nnue-g1] 34729/79314  5.0 games/s  ETA 2h29m13s
[nnue-g1] 34739/79314  5.0 games/s  ETA 2h29m11s
[nnue-g1] 34744/79314  5.0 games/s  ETA 2h29m11s
[nnue-g1] 34752/79314  5.0 games/s  ETA 2h29m10s
[nnue-g1] 34759/79314  5.0 games/s  ETA 2h29m09s
[nnue-g1] 34762/79314  5.0 games/s  ETA 2h29m10s
[nnue-g1] 34772/79314  5.0 games/s  ETA 2h29m08s
[nnue-g1] 34778/79314  5.0 games/s  ETA 2h29m08s
[nnue-g1] 34788/79314  5.0 games/s  ETA 2h29m06s
[nnue-g1] 34794/79314  5.0 games/s  ETA 2h29m06s
[nnue-g1] 34806/79314  5.0 games/s  ETA 2h29m03s
[nnue-g1] 34811/79314  5.0 games/s  ETA 2h29m03s
[nnue-g1] 34817/79314  5.0 games/s  ETA 2h29m03s
[nnue-g1] 34826/79314  5.0 games/s  ETA 2h29m01s
[nnue-g1] 34836/79314  5.0 games/s  ETA 2h28m59s
[nnue-g1] 34845/79314  5.0 games/s  ETA 2h28m58s
[nnue-g1] 34851/79314  5.0 games/s  ETA 2h28m58s
[nnue-g1] 34858/79314  5.0 games/s  ETA 2h28m57s
[nnue-g1] 34865/79314  5.0 games/s  ETA 2h28m56s
[nnue-g1] 34873/79314  5.0 games/s  ETA 2h28m55s
[nnue-g1] 34881/79314  5.0 games/s  ETA 2h28m54s
[nnue-g1] 34886/79314  5.0 games/s  ETA 2h28m54s
[nnue-g1] 34895/79314  5.0 games/s  ETA 2h28m53s
[nnue-g1] 34903/79314  5.0 games/s  ETA 2h28m52s
[nnue-g1] 34909/79314  5.0 games/s  ETA 2h28m52s
[nnue-g1] 34918/79314  5.0 games/s  ETA 2h28m50s
[nnue-g1] 34923/79314  5.0 games/s  ETA 2h28m50s
[nnue-g1] 34931/79314  5.0 games/s  ETA 2h28m49s
[nnue-g1] 34941/79314  5.0 games/s  ETA 2h28m47s
[nnue-g1] 34951/79314  5.0 games/s  ETA 2h28m45s
[nnue-g1] 34961/79314  5.0 games/s  ETA 2h28m43s
[nnue-g1] 34966/79314  5.0 games/s  ETA 2h28m43s
[nnue-g1] 34977/79314  5.0 games/s  ETA 2h28m41s
[nnue-g1] 34985/79314  5.0 games/s  ETA 2h28m40s
[nnue-g1] 34993/79314  5.0 games/s  ETA 2h28m39s
[nnue-g1] 34999/79314  5.0 games/s  ETA 2h28m38s
[nnue-g1] 35009/79314  5.0 games/s  ETA 2h28m36s
[nnue-g1] 35014/79314  5.0 games/s  ETA 2h28m37s
[nnue-g1] 35025/79314  5.0 games/s  ETA 2h28m34s
[nnue-g1] 35031/79314  5.0 games/s  ETA 2h28m34s
[nnue-g1] 35040/79314  5.0 games/s  ETA 2h28m32s
[nnue-g1] 35048/79314  5.0 games/s  ETA 2h28m31s
[nnue-g1] 35057/79314  5.0 games/s  ETA 2h28m30s
[nnue-g1] 35064/79314  5.0 games/s  ETA 2h28m29s
[nnue-g1] 35068/79314  5.0 games/s  ETA 2h28m30s
[nnue-g1] 35079/79314  5.0 games/s  ETA 2h28m27s
[nnue-g1] 35084/79314  5.0 games/s  ETA 2h28m27s
[nnue-g1] 35092/79314  5.0 games/s  ETA 2h28m26s
[nnue-g1] 35096/79314  5.0 games/s  ETA 2h28m27s
[nnue-g1] 35102/79314  5.0 games/s  ETA 2h28m27s
[nnue-g1] 35107/79314  5.0 games/s  ETA 2h28m27s
[nnue-g1] 35115/79314  5.0 games/s  ETA 2h28m26s
[nnue-g1] 35125/79314  5.0 games/s  ETA 2h28m24s
[nnue-g1] 35133/79314  5.0 games/s  ETA 2h28m23s
[nnue-g1] 35141/79314  5.0 games/s  ETA 2h28m22s
[nnue-g1] 35150/79314  5.0 games/s  ETA 2h28m20s
[nnue-g1] 35159/79314  5.0 games/s  ETA 2h28m19s
[nnue-g1] 35169/79314  5.0 games/s  ETA 2h28m16s
[nnue-g1] 35174/79314  5.0 games/s  ETA 2h28m17s
[nnue-g1] 35184/79314  5.0 games/s  ETA 2h28m15s
[nnue-g1] 35192/79314  5.0 games/s  ETA 2h28m14s
[nnue-g1] 35201/79314  5.0 games/s  ETA 2h28m12s
[nnue-g1] 35209/79314  5.0 games/s  ETA 2h28m11s
[nnue-g1] 35216/79314  5.0 games/s  ETA 2h28m10s
[nnue-g1] 35226/79314  5.0 games/s  ETA 2h28m08s
[nnue-g1] 35232/79314  5.0 games/s  ETA 2h28m08s
[nnue-g1] 35244/79314  5.0 games/s  ETA 2h28m05s
[nnue-g1] 35250/79314  5.0 games/s  ETA 2h28m05s
[nnue-g1] 35260/79314  5.0 games/s  ETA 2h28m03s
[nnue-g1] 35268/79314  5.0 games/s  ETA 2h28m02s
[nnue-g1] 35275/79314  5.0 games/s  ETA 2h28m01s
[nnue-g1] 35286/79314  5.0 games/s  ETA 2h27m58s
[nnue-g1] 35294/79314  5.0 games/s  ETA 2h27m57s
[nnue-g1] 35306/79314  5.0 games/s  ETA 2h27m54s
[nnue-g1] 35314/79314  5.0 games/s  ETA 2h27m53s
[nnue-g1] 35322/79314  5.0 games/s  ETA 2h27m52s
[nnue-g1] 35329/79314  5.0 games/s  ETA 2h27m51s
[nnue-g1] 35337/79314  5.0 games/s  ETA 2h27m50s
[nnue-g1] 35344/79314  5.0 games/s  ETA 2h27m50s
[nnue-g1] 35349/79314  5.0 games/s  ETA 2h27m50s
[nnue-g1] 35360/79314  5.0 games/s  ETA 2h27m47s
[nnue-g1] 35366/79314  5.0 games/s  ETA 2h27m47s
[nnue-g1] 35372/79314  5.0 games/s  ETA 2h27m47s
[nnue-g1] 35378/79314  5.0 games/s  ETA 2h27m47s
[nnue-g1] 35385/79314  5.0 games/s  ETA 2h27m46s
[nnue-g1] 35392/79314  5.0 games/s  ETA 2h27m45s
[nnue-g1] 35398/79314  5.0 games/s  ETA 2h27m45s
[nnue-g1] 35407/79314  5.0 games/s  ETA 2h27m43s
[nnue-g1] 35412/79314  5.0 games/s  ETA 2h27m44s
[nnue-g1] 35419/79314  5.0 games/s  ETA 2h27m43s
[nnue-g1] 35426/79314  5.0 games/s  ETA 2h27m42s
[nnue-g1] 35431/79314  5.0 games/s  ETA 2h27m43s
[nnue-g1] 35436/79314  5.0 games/s  ETA 2h27m43s
[nnue-g1] 35441/79314  4.9 games/s  ETA 2h27m43s
[nnue-g1] 35452/79314  5.0 games/s  ETA 2h27m41s
[nnue-g1] 35458/79314  4.9 games/s  ETA 2h27m40s
[nnue-g1] 35466/79314  4.9 games/s  ETA 2h27m39s
[nnue-g1] 35471/79314  4.9 games/s  ETA 2h27m39s
[nnue-g1] 35478/79314  4.9 games/s  ETA 2h27m39s
[nnue-g1] 35486/79314  4.9 games/s  ETA 2h27m38s
[nnue-g1] 35497/79314  4.9 games/s  ETA 2h27m35s
[nnue-g1] 35503/79314  4.9 games/s  ETA 2h27m35s
[nnue-g1] 35507/79314  4.9 games/s  ETA 2h27m35s
[nnue-g1] 35516/79314  4.9 games/s  ETA 2h27m34s
[nnue-g1] 35520/79314  4.9 games/s  ETA 2h27m35s
[nnue-g1] 35527/79314  4.9 games/s  ETA 2h27m34s
[nnue-g1] 35533/79314  4.9 games/s  ETA 2h27m34s
[nnue-g1] 35538/79314  4.9 games/s  ETA 2h27m34s
[nnue-g1] 35546/79314  4.9 games/s  ETA 2h27m33s
[nnue-g1] 35553/79314  4.9 games/s  ETA 2h27m32s
[nnue-g1] 35560/79314  4.9 games/s  ETA 2h27m31s
[nnue-g1] 35569/79314  4.9 games/s  ETA 2h27m30s
[nnue-g1] 35574/79314  4.9 games/s  ETA 2h27m30s
[nnue-g1] 35581/79314  4.9 games/s  ETA 2h27m29s
[nnue-g1] 35586/79314  4.9 games/s  ETA 2h27m29s
[nnue-g1] 35592/79314  4.9 games/s  ETA 2h27m29s
[nnue-g1] 35599/79314  4.9 games/s  ETA 2h27m28s
[nnue-g1] 35605/79314  4.9 games/s  ETA 2h27m28s
[nnue-g1] 35614/79314  4.9 games/s  ETA 2h27m27s
[nnue-g1] 35619/79314  4.9 games/s  ETA 2h27m27s
[nnue-g1] 35626/79314  4.9 games/s  ETA 2h27m26s
[nnue-g1] 35633/79314  4.9 games/s  ETA 2h27m25s
[nnue-g1] 35642/79314  4.9 games/s  ETA 2h27m24s
[nnue-g1] 35651/79314  4.9 games/s  ETA 2h27m22s
[nnue-g1] 35659/79314  4.9 games/s  ETA 2h27m21s
[nnue-g1] 35668/79314  4.9 games/s  ETA 2h27m19s
[nnue-g1] 35675/79314  4.9 games/s  ETA 2h27m19s
[nnue-g1] 35681/79314  4.9 games/s  ETA 2h27m18s
[nnue-g1] 35687/79314  4.9 games/s  ETA 2h27m18s
[nnue-g1] 35696/79314  4.9 games/s  ETA 2h27m17s
[nnue-g1] 35703/79314  4.9 games/s  ETA 2h27m16s
[nnue-g1] 35708/79314  4.9 games/s  ETA 2h27m16s
[nnue-g1] 35717/79314  4.9 games/s  ETA 2h27m14s
[nnue-g1] 35724/79314  4.9 games/s  ETA 2h27m14s
[nnue-g1] 35729/79314  4.9 games/s  ETA 2h27m14s
[nnue-g1] 35737/79314  4.9 games/s  ETA 2h27m13s
[nnue-g1] 35743/79314  4.9 games/s  ETA 2h27m13s
[nnue-g1] 35748/79314  4.9 games/s  ETA 2h27m13s
[nnue-g1] 35753/79314  4.9 games/s  ETA 2h27m13s
[nnue-g1] 35762/79314  4.9 games/s  ETA 2h27m11s
[nnue-g1] 35769/79314  4.9 games/s  ETA 2h27m11s
[nnue-g1] 35775/79314  4.9 games/s  ETA 2h27m10s
[nnue-g1] 35782/79314  4.9 games/s  ETA 2h27m10s
[nnue-g1] 35795/79314  4.9 games/s  ETA 2h27m06s
[nnue-g1] 35799/79314  4.9 games/s  ETA 2h27m07s
[nnue-g1] 35810/79314  4.9 games/s  ETA 2h27m04s
[nnue-g1] 35822/79314  4.9 games/s  ETA 2h27m01s
[nnue-g1] 35828/79314  4.9 games/s  ETA 2h27m01s
[nnue-g1] 35835/79314  4.9 games/s  ETA 2h27m00s
[nnue-g1] 35842/79314  4.9 games/s  ETA 2h27m00s
[nnue-g1] 35849/79314  4.9 games/s  ETA 2h26m59s
[nnue-g1] 35857/79314  4.9 games/s  ETA 2h26m58s
[nnue-g1] 35861/79314  4.9 games/s  ETA 2h26m58s
[nnue-g1] 35870/79314  4.9 games/s  ETA 2h26m57s
[nnue-g1] 35875/79314  4.9 games/s  ETA 2h26m57s
[nnue-g1] 35881/79314  4.9 games/s  ETA 2h26m57s
[nnue-g1] 35890/79314  4.9 games/s  ETA 2h26m55s
[nnue-g1] 35897/79314  4.9 games/s  ETA 2h26m54s
[nnue-g1] 35907/79314  4.9 games/s  ETA 2h26m52s
[nnue-g1] 35911/79314  4.9 games/s  ETA 2h26m53s
[nnue-g1] 35919/79314  4.9 games/s  ETA 2h26m52s
[nnue-g1] 35922/79314  4.9 games/s  ETA 2h26m53s
[nnue-g1] 35930/79314  4.9 games/s  ETA 2h26m52s
[nnue-g1] 35937/79314  4.9 games/s  ETA 2h26m51s
[nnue-g1] 35949/79314  4.9 games/s  ETA 2h26m48s
[nnue-g1] 35961/79314  4.9 games/s  ETA 2h26m45s
[nnue-g1] 35969/79314  4.9 games/s  ETA 2h26m44s
[nnue-g1] 35974/79314  4.9 games/s  ETA 2h26m44s
[nnue-g1] 35978/79314  4.9 games/s  ETA 2h26m45s
[nnue-g1] 35984/79314  4.9 games/s  ETA 2h26m44s
[nnue-g1] 35989/79314  4.9 games/s  ETA 2h26m45s
[nnue-g1] 35993/79314  4.9 games/s  ETA 2h26m45s
[nnue-g1] 35999/79314  4.9 games/s  ETA 2h26m45s
[nnue-g1] 36006/79314  4.9 games/s  ETA 2h26m44s
[nnue-g1] 36012/79314  4.9 games/s  ETA 2h26m44s
[nnue-g1] 36021/79314  4.9 games/s  ETA 2h26m42s
[nnue-g1] 36025/79314  4.9 games/s  ETA 2h26m43s
[nnue-g1] 36034/79314  4.9 games/s  ETA 2h26m41s
[nnue-g1] 36037/79314  4.9 games/s  ETA 2h26m42s
[nnue-g1] 36044/79314  4.9 games/s  ETA 2h26m42s
[nnue-g1] 36051/79314  4.9 games/s  ETA 2h26m41s
[nnue-g1] 36056/79314  4.9 games/s  ETA 2h26m41s
[nnue-g1] 36064/79314  4.9 games/s  ETA 2h26m40s
[nnue-g1] 36068/79314  4.9 games/s  ETA 2h26m40s
[nnue-g1] 36078/79314  4.9 games/s  ETA 2h26m38s
[nnue-g1] 36080/79314  4.9 games/s  ETA 2h26m40s
[nnue-g1] 36087/79314  4.9 games/s  ETA 2h26m39s
[nnue-g1] 36095/79314  4.9 games/s  ETA 2h26m38s
[nnue-g1] 36102/79314  4.9 games/s  ETA 2h26m37s
[nnue-g1] 36111/79314  4.9 games/s  ETA 2h26m36s
[nnue-g1] 36115/79314  4.9 games/s  ETA 2h26m36s
[nnue-g1] 36121/79314  4.9 games/s  ETA 2h26m36s
[nnue-g1] 36129/79314  4.9 games/s  ETA 2h26m35s
[nnue-g1] 36138/79314  4.9 games/s  ETA 2h26m33s
[nnue-g1] 36146/79314  4.9 games/s  ETA 2h26m32s
[nnue-g1] 36152/79314  4.9 games/s  ETA 2h26m32s
[nnue-g1] 36161/79314  4.9 games/s  ETA 2h26m30s
[nnue-g1] 36165/79314  4.9 games/s  ETA 2h26m31s
[nnue-g1] 36174/79314  4.9 games/s  ETA 2h26m29s
[nnue-g1] 36183/79314  4.9 games/s  ETA 2h26m27s
[nnue-g1] 36190/79314  4.9 games/s  ETA 2h26m27s
[nnue-g1] 36198/79314  4.9 games/s  ETA 2h26m25s
[nnue-g1] 36208/79314  4.9 games/s  ETA 2h26m23s
[nnue-g1] 36216/79314  4.9 games/s  ETA 2h26m22s
[nnue-g1] 36221/79314  4.9 games/s  ETA 2h26m22s
[nnue-g1] 36232/79314  4.9 games/s  ETA 2h26m20s
[nnue-g1] 36239/79314  4.9 games/s  ETA 2h26m19s
[nnue-g1] 36248/79314  4.9 games/s  ETA 2h26m17s
[nnue-g1] 36256/79314  4.9 games/s  ETA 2h26m16s
[nnue-g1] 36262/79314  4.9 games/s  ETA 2h26m16s
[nnue-g1] 36271/79314  4.9 games/s  ETA 2h26m14s
[nnue-g1] 36279/79314  4.9 games/s  ETA 2h26m13s
[nnue-g1] 36287/79314  4.9 games/s  ETA 2h26m12s
[nnue-g1] 36294/79314  4.9 games/s  ETA 2h26m11s
[nnue-g1] 36302/79314  4.9 games/s  ETA 2h26m10s
[nnue-g1] 36309/79314  4.9 games/s  ETA 2h26m09s
[nnue-g1] 36316/79314  4.9 games/s  ETA 2h26m08s
[nnue-g1] 36323/79314  4.9 games/s  ETA 2h26m08s
[nnue-g1] 36332/79314  4.9 games/s  ETA 2h26m06s
[nnue-g1] 36337/79314  4.9 games/s  ETA 2h26m06s
[nnue-g1] 36346/79314  4.9 games/s  ETA 2h26m05s
[nnue-g1] 36355/79314  4.9 games/s  ETA 2h26m03s
[nnue-g1] 36362/79314  4.9 games/s  ETA 2h26m02s
[nnue-g1] 36372/79314  4.9 games/s  ETA 2h26m00s
[nnue-g1] 36379/79314  4.9 games/s  ETA 2h25m59s
[nnue-g1] 36386/79314  4.9 games/s  ETA 2h25m59s
[nnue-g1] 36392/79314  4.9 games/s  ETA 2h25m58s
[nnue-g1] 36403/79314  4.9 games/s  ETA 2h25m56s
[nnue-g1] 36409/79314  4.9 games/s  ETA 2h25m55s
[nnue-g1] 36422/79314  4.9 games/s  ETA 2h25m52s
[nnue-g1] 36431/79314  4.9 games/s  ETA 2h25m50s
[nnue-g1] 36439/79314  4.9 games/s  ETA 2h25m49s
[nnue-g1] 36447/79314  4.9 games/s  ETA 2h25m48s
[nnue-g1] 36457/79314  4.9 games/s  ETA 2h25m46s
[nnue-g1] 36465/79314  4.9 games/s  ETA 2h25m45s
[nnue-g1] 36473/79314  4.9 games/s  ETA 2h25m43s
[nnue-g1] 36484/79314  4.9 games/s  ETA 2h25m41s
[nnue-g1] 36489/79314  4.9 games/s  ETA 2h25m41s
[nnue-g1] 36495/79314  4.9 games/s  ETA 2h25m41s
[nnue-g1] 36503/79314  4.9 games/s  ETA 2h25m40s
[nnue-g1] 36513/79314  4.9 games/s  ETA 2h25m37s
[nnue-g1] 36520/79314  4.9 games/s  ETA 2h25m37s
[nnue-g1] 36531/79314  4.9 games/s  ETA 2h25m34s
[nnue-g1] 36538/79314  4.9 games/s  ETA 2h25m33s
[nnue-g1] 36543/79314  4.9 games/s  ETA 2h25m34s
[nnue-g1] 36551/79314  4.9 games/s  ETA 2h25m32s
[nnue-g1] 36559/79314  4.9 games/s  ETA 2h25m31s
[nnue-g1] 36568/79314  4.9 games/s  ETA 2h25m29s
[nnue-g1] 36580/79314  4.9 games/s  ETA 2h25m27s
[nnue-g1] 36589/79314  4.9 games/s  ETA 2h25m25s
[nnue-g1] 36596/79314  4.9 games/s  ETA 2h25m24s
[nnue-g1] 36605/79314  4.9 games/s  ETA 2h25m22s
[nnue-g1] 36614/79314  4.9 games/s  ETA 2h25m21s
[nnue-g1] 36620/79314  4.9 games/s  ETA 2h25m20s
[nnue-g1] 36632/79314  4.9 games/s  ETA 2h25m18s
[nnue-g1] 36639/79314  4.9 games/s  ETA 2h25m17s
[nnue-g1] 36647/79314  4.9 games/s  ETA 2h25m16s
[nnue-g1] 36656/79314  4.9 games/s  ETA 2h25m14s
[nnue-g1] 36663/79314  4.9 games/s  ETA 2h25m13s
[nnue-g1] 36669/79314  4.9 games/s  ETA 2h25m13s
[nnue-g1] 36677/79314  4.9 games/s  ETA 2h25m12s
[nnue-g1] 36685/79314  4.9 games/s  ETA 2h25m10s
[nnue-g1] 36693/79314  4.9 games/s  ETA 2h25m09s
[nnue-g1] 36699/79314  4.9 games/s  ETA 2h25m09s
[nnue-g1] 36705/79314  4.9 games/s  ETA 2h25m09s
[nnue-g1] 36711/79314  4.9 games/s  ETA 2h25m08s
[nnue-g1] 36723/79314  4.9 games/s  ETA 2h25m05s
[nnue-g1] 36730/79314  4.9 games/s  ETA 2h25m04s
[nnue-g1] 36738/79314  4.9 games/s  ETA 2h25m03s
[nnue-g1] 36745/79314  4.9 games/s  ETA 2h25m02s
[nnue-g1] 36755/79314  4.9 games/s  ETA 2h25m00s
[nnue-g1] 36762/79314  4.9 games/s  ETA 2h25m00s
[nnue-g1] 36772/79314  4.9 games/s  ETA 2h24m58s
[nnue-g1] 36777/79314  4.9 games/s  ETA 2h24m58s
[nnue-g1] 36784/79314  4.9 games/s  ETA 2h24m57s
[nnue-g1] 36794/79314  4.9 games/s  ETA 2h24m55s
[nnue-g1] 36803/79314  4.9 games/s  ETA 2h24m53s
[nnue-g1] 36810/79314  4.9 games/s  ETA 2h24m52s
[nnue-g1] 36815/79314  4.9 games/s  ETA 2h24m52s
[nnue-g1] 36822/79314  4.9 games/s  ETA 2h24m52s
[nnue-g1] 36829/79314  4.9 games/s  ETA 2h24m51s
[nnue-g1] 36837/79314  4.9 games/s  ETA 2h24m50s
[nnue-g1] 36844/79314  4.9 games/s  ETA 2h24m49s
[nnue-g1] 36852/79314  4.9 games/s  ETA 2h24m48s
[nnue-g1] 36863/79314  4.9 games/s  ETA 2h24m45s
[nnue-g1] 36867/79314  4.9 games/s  ETA 2h24m46s
[nnue-g1] 36879/79314  4.9 games/s  ETA 2h24m43s
[nnue-g1] 36884/79314  4.9 games/s  ETA 2h24m43s
[nnue-g1] 36894/79314  4.9 games/s  ETA 2h24m41s
[nnue-g1] 36898/79314  4.9 games/s  ETA 2h24m41s
[nnue-g1] 36906/79314  4.9 games/s  ETA 2h24m40s
[nnue-g1] 36912/79314  4.9 games/s  ETA 2h24m40s
[nnue-g1] 36918/79314  4.9 games/s  ETA 2h24m39s
[nnue-g1] 36924/79314  4.9 games/s  ETA 2h24m39s
[nnue-g1] 36935/79314  4.9 games/s  ETA 2h24m36s
[nnue-g1] 36944/79314  4.9 games/s  ETA 2h24m35s
[nnue-g1] 36949/79314  4.9 games/s  ETA 2h24m35s
[nnue-g1] 36958/79314  4.9 games/s  ETA 2h24m33s
[nnue-g1] 36969/79314  4.9 games/s  ETA 2h24m31s
[nnue-g1] 36975/79314  4.9 games/s  ETA 2h24m30s
[nnue-g1] 36983/79314  4.9 games/s  ETA 2h24m29s
[nnue-g1] 36993/79314  4.9 games/s  ETA 2h24m27s
[nnue-g1] 37001/79314  4.9 games/s  ETA 2h24m26s
[nnue-g1] 37010/79314  4.9 games/s  ETA 2h24m24s
[nnue-g1] 37017/79314  4.9 games/s  ETA 2h24m23s
[nnue-g1] 37025/79314  4.9 games/s  ETA 2h24m22s
[nnue-g1] 37034/79314  4.9 games/s  ETA 2h24m20s
[nnue-g1] 37041/79314  4.9 games/s  ETA 2h24m20s
[nnue-g1] 37046/79314  4.9 games/s  ETA 2h24m20s
[nnue-g1] 37053/79314  4.9 games/s  ETA 2h24m19s
[nnue-g1] 37060/79314  4.9 games/s  ETA 2h24m18s
[nnue-g1] 37069/79314  4.9 games/s  ETA 2h24m17s
[nnue-g1] 37078/79314  4.9 games/s  ETA 2h24m15s
[nnue-g1] 37084/79314  4.9 games/s  ETA 2h24m15s
[nnue-g1] 37094/79314  4.9 games/s  ETA 2h24m12s
[nnue-g1] 37106/79314  4.9 games/s  ETA 2h24m09s
[nnue-g1] 37113/79314  4.9 games/s  ETA 2h24m09s
[nnue-g1] 37122/79314  4.9 games/s  ETA 2h24m07s
[nnue-g1] 37129/79314  4.9 games/s  ETA 2h24m06s
[nnue-g1] 37137/79314  4.9 games/s  ETA 2h24m05s
[nnue-g1] 37144/79314  4.9 games/s  ETA 2h24m04s
[nnue-g1] 37148/79314  4.9 games/s  ETA 2h24m05s
[nnue-g1] 37156/79314  4.9 games/s  ETA 2h24m03s
[nnue-g1] 37169/79314  4.9 games/s  ETA 2h24m00s
[nnue-g1] 37173/79314  4.9 games/s  ETA 2h24m01s
[nnue-g1] 37183/79314  4.9 games/s  ETA 2h23m58s
[nnue-g1] 37190/79314  4.9 games/s  ETA 2h23m58s
[nnue-g1] 37197/79314  4.9 games/s  ETA 2h23m57s
[nnue-g1] 37206/79314  4.9 games/s  ETA 2h23m55s
[nnue-g1] 37212/79314  4.9 games/s  ETA 2h23m55s
[nnue-g1] 37220/79314  4.9 games/s  ETA 2h23m54s
[nnue-g1] 37225/79314  4.9 games/s  ETA 2h23m54s
[nnue-g1] 37234/79314  4.9 games/s  ETA 2h23m52s
[nnue-g1] 37242/79314  4.9 games/s  ETA 2h23m51s
[nnue-g1] 37249/79314  4.9 games/s  ETA 2h23m50s
[nnue-g1] 37259/79314  4.9 games/s  ETA 2h23m48s
[nnue-g1] 37266/79314  4.9 games/s  ETA 2h23m47s
[nnue-g1] 37272/79314  4.9 games/s  ETA 2h23m47s
[nnue-g1] 37280/79314  4.9 games/s  ETA 2h23m45s
[nnue-g1] 37289/79314  4.9 games/s  ETA 2h23m44s
[nnue-g1] 37297/79314  4.9 games/s  ETA 2h23m43s
[nnue-g1] 37304/79314  4.9 games/s  ETA 2h23m42s
[nnue-g1] 37314/79314  4.9 games/s  ETA 2h23m40s
[nnue-g1] 37322/79314  4.9 games/s  ETA 2h23m38s
[nnue-g1] 37331/79314  4.9 games/s  ETA 2h23m37s
[nnue-g1] 37335/79314  4.9 games/s  ETA 2h23m37s
[nnue-g1] 37347/79314  4.9 games/s  ETA 2h23m34s
[nnue-g1] 37355/79314  4.9 games/s  ETA 2h23m33s
[nnue-g1] 37367/79314  4.9 games/s  ETA 2h23m30s
[nnue-g1] 37374/79314  4.9 games/s  ETA 2h23m29s
[nnue-g1] 37382/79314  4.9 games/s  ETA 2h23m28s
[nnue-g1] 37390/79314  4.9 games/s  ETA 2h23m27s
[nnue-g1] 37398/79314  4.9 games/s  ETA 2h23m26s
[nnue-g1] 37405/79314  4.9 games/s  ETA 2h23m25s
[nnue-g1] 37413/79314  4.9 games/s  ETA 2h23m24s
[nnue-g1] 37420/79314  4.9 games/s  ETA 2h23m23s
[nnue-g1] 37427/79314  4.9 games/s  ETA 2h23m22s
[nnue-g1] 37436/79314  4.9 games/s  ETA 2h23m20s
[nnue-g1] 37443/79314  4.9 games/s  ETA 2h23m19s
[nnue-g1] 37454/79314  4.9 games/s  ETA 2h23m17s
[nnue-g1] 37463/79314  4.9 games/s  ETA 2h23m15s
[nnue-g1] 37466/79314  4.9 games/s  ETA 2h23m16s
[nnue-g1] 37475/79314  4.9 games/s  ETA 2h23m14s
[nnue-g1] 37484/79314  4.9 games/s  ETA 2h23m13s
[nnue-g1] 37493/79314  4.9 games/s  ETA 2h23m11s
[nnue-g1] 37500/79314  4.9 games/s  ETA 2h23m10s
[nnue-g1] 37508/79314  4.9 games/s  ETA 2h23m09s
[nnue-g1] 37518/79314  4.9 games/s  ETA 2h23m07s
[nnue-g1] 37528/79314  4.9 games/s  ETA 2h23m05s
[nnue-g1] 37535/79314  4.9 games/s  ETA 2h23m04s
[nnue-g1] 37543/79314  4.9 games/s  ETA 2h23m03s
[nnue-g1] 37547/79314  4.9 games/s  ETA 2h23m03s
[nnue-g1] 37554/79314  4.9 games/s  ETA 2h23m02s
[nnue-g1] 37563/79314  4.9 games/s  ETA 2h23m01s
[nnue-g1] 37574/79314  4.9 games/s  ETA 2h22m58s
[nnue-g1] 37584/79314  4.9 games/s  ETA 2h22m56s
[nnue-g1] 37592/79314  4.9 games/s  ETA 2h22m55s
[nnue-g1] 37600/79314  4.9 games/s  ETA 2h22m54s
[nnue-g1] 37609/79314  4.9 games/s  ETA 2h22m52s
[nnue-g1] 37616/79314  4.9 games/s  ETA 2h22m51s
[nnue-g1] 37625/79314  4.9 games/s  ETA 2h22m49s
[nnue-g1] 37636/79314  4.9 games/s  ETA 2h22m47s
[nnue-g1] 37641/79314  4.9 games/s  ETA 2h22m47s
[nnue-g1] 37650/79314  4.9 games/s  ETA 2h22m45s
[nnue-g1] 37657/79314  4.9 games/s  ETA 2h22m44s
[nnue-g1] 37664/79314  4.9 games/s  ETA 2h22m44s
[nnue-g1] 37673/79314  4.9 games/s  ETA 2h22m42s
[nnue-g1] 37684/79314  4.9 games/s  ETA 2h22m39s
[nnue-g1] 37689/79314  4.9 games/s  ETA 2h22m39s
[nnue-g1] 37698/79314  4.9 games/s  ETA 2h22m38s
[nnue-g1] 37706/79314  4.9 games/s  ETA 2h22m36s
[nnue-g1] 37714/79314  4.9 games/s  ETA 2h22m35s
[nnue-g1] 37721/79314  4.9 games/s  ETA 2h22m34s
[nnue-g1] 37731/79314  4.9 games/s  ETA 2h22m32s
[nnue-g1] 37741/79314  4.9 games/s  ETA 2h22m30s
[nnue-g1] 37746/79314  4.9 games/s  ETA 2h22m30s
[nnue-g1] 37752/79314  4.9 games/s  ETA 2h22m30s
[nnue-g1] 37761/79314  4.9 games/s  ETA 2h22m28s
[nnue-g1] 37768/79314  4.9 games/s  ETA 2h22m27s
[nnue-g1] 37774/79314  4.9 games/s  ETA 2h22m27s
[nnue-g1] 37787/79314  4.9 games/s  ETA 2h22m24s
[nnue-g1] 37794/79314  4.9 games/s  ETA 2h22m23s
[nnue-g1] 37803/79314  4.9 games/s  ETA 2h22m21s
[nnue-g1] 37809/79314  4.9 games/s  ETA 2h22m21s
[nnue-g1] 37819/79314  4.9 games/s  ETA 2h22m18s
[nnue-g1] 37824/79314  4.9 games/s  ETA 2h22m19s
[nnue-g1] 37834/79314  4.9 games/s  ETA 2h22m16s
[nnue-g1] 37841/79314  4.9 games/s  ETA 2h22m16s
[nnue-g1] 37847/79314  4.9 games/s  ETA 2h22m15s
[nnue-g1] 37854/79314  4.9 games/s  ETA 2h22m14s
[nnue-g1] 37863/79314  4.9 games/s  ETA 2h22m13s
[nnue-g1] 37871/79314  4.9 games/s  ETA 2h22m11s
[nnue-g1] 37878/79314  4.9 games/s  ETA 2h22m11s
[nnue-g1] 37885/79314  4.9 games/s  ETA 2h22m10s
[nnue-g1] 37893/79314  4.9 games/s  ETA 2h22m08s
[nnue-g1] 37900/79314  4.9 games/s  ETA 2h22m08s
[nnue-g1] 37909/79314  4.9 games/s  ETA 2h22m06s
[nnue-g1] 37917/79314  4.9 games/s  ETA 2h22m05s
[nnue-g1] 37924/79314  4.9 games/s  ETA 2h22m04s
[nnue-g1] 37931/79314  4.9 games/s  ETA 2h22m03s
[nnue-g1] 37941/79314  4.9 games/s  ETA 2h22m01s
[nnue-g1] 37944/79314  4.9 games/s  ETA 2h22m02s
[nnue-g1] 37953/79314  4.9 games/s  ETA 2h22m00s
[nnue-g1] 37959/79314  4.9 games/s  ETA 2h22m00s
[nnue-g1] 37965/79314  4.9 games/s  ETA 2h21m59s
[nnue-g1] 37971/79314  4.9 games/s  ETA 2h21m59s
[nnue-g1] 37980/79314  4.9 games/s  ETA 2h21m57s
[nnue-g1] 37986/79314  4.9 games/s  ETA 2h21m57s
[nnue-g1] 37997/79314  4.9 games/s  ETA 2h21m54s
[nnue-g1] 38005/79314  4.9 games/s  ETA 2h21m53s
[nnue-g1] 38011/79314  4.9 games/s  ETA 2h21m53s
[nnue-g1] 38018/79314  4.9 games/s  ETA 2h21m52s
[nnue-g1] 38028/79314  4.9 games/s  ETA 2h21m50s
[nnue-g1] 38034/79314  4.9 games/s  ETA 2h21m49s
[nnue-g1] 38041/79314  4.9 games/s  ETA 2h21m48s
[nnue-g1] 38050/79314  4.9 games/s  ETA 2h21m47s
[nnue-g1] 38055/79314  4.8 games/s  ETA 2h21m47s
[nnue-g1] 38061/79314  4.8 games/s  ETA 2h21m46s
[nnue-g1] 38068/79314  4.8 games/s  ETA 2h21m45s
[nnue-g1] 38081/79314  4.8 games/s  ETA 2h21m42s
[nnue-g1] 38091/79314  4.8 games/s  ETA 2h21m40s
[nnue-g1] 38099/79314  4.8 games/s  ETA 2h21m39s
[nnue-g1] 38104/79314  4.8 games/s  ETA 2h21m39s
[nnue-g1] 38110/79314  4.8 games/s  ETA 2h21m38s
[nnue-g1] 38119/79314  4.8 games/s  ETA 2h21m37s
[nnue-g1] 38129/79314  4.8 games/s  ETA 2h21m34s
[nnue-g1] 38138/79314  4.8 games/s  ETA 2h21m33s
[nnue-g1] 38147/79314  4.8 games/s  ETA 2h21m31s
[nnue-g1] 38157/79314  4.8 games/s  ETA 2h21m29s
[nnue-g1] 38166/79314  4.8 games/s  ETA 2h21m27s
[nnue-g1] 38172/79314  4.8 games/s  ETA 2h21m27s
[nnue-g1] 38183/79314  4.8 games/s  ETA 2h21m24s
[nnue-g1] 38191/79314  4.8 games/s  ETA 2h21m23s
[nnue-g1] 38201/79314  4.8 games/s  ETA 2h21m21s
[nnue-g1] 38211/79314  4.8 games/s  ETA 2h21m19s
[nnue-g1] 38228/79314  4.8 games/s  ETA 2h21m14s
[nnue-g1] 38243/79314  4.8 games/s  ETA 2h21m09s
[nnue-g1] 38247/79314  4.8 games/s  ETA 2h21m10s
[nnue-g1] 38256/79314  4.8 games/s  ETA 2h21m08s
[nnue-g1] 38263/79314  4.8 games/s  ETA 2h21m07s
[nnue-g1] 38271/79314  4.8 games/s  ETA 2h21m06s
[nnue-g1] 38281/79314  4.8 games/s  ETA 2h21m04s
[nnue-g1] 38288/79314  4.8 games/s  ETA 2h21m03s
[nnue-g1] 38296/79314  4.8 games/s  ETA 2h21m02s
[nnue-g1] 38304/79314  4.8 games/s  ETA 2h21m00s
[nnue-g1] 38313/79314  4.8 games/s  ETA 2h20m59s
[nnue-g1] 38322/79314  4.8 games/s  ETA 2h20m57s
[nnue-g1] 38330/79314  4.8 games/s  ETA 2h20m56s
[nnue-g1] 38338/79314  4.8 games/s  ETA 2h20m54s
[nnue-g1] 38346/79314  4.8 games/s  ETA 2h20m53s
[nnue-g1] 38354/79314  4.8 games/s  ETA 2h20m52s
[nnue-g1] 38363/79314  4.8 games/s  ETA 2h20m50s
[nnue-g1] 38369/79314  4.8 games/s  ETA 2h20m50s
[nnue-g1] 38381/79314  4.8 games/s  ETA 2h20m47s
[nnue-g1] 38390/79314  4.8 games/s  ETA 2h20m45s
[nnue-g1] 38400/79314  4.8 games/s  ETA 2h20m43s
[nnue-g1] 38408/79314  4.8 games/s  ETA 2h20m42s
[nnue-g1] 38415/79314  4.8 games/s  ETA 2h20m41s
[nnue-g1] 38427/79314  4.8 games/s  ETA 2h20m38s
[nnue-g1] 38438/79314  4.8 games/s  ETA 2h20m35s
[nnue-g1] 38446/79314  4.8 games/s  ETA 2h20m34s
[nnue-g1] 38454/79314  4.8 games/s  ETA 2h20m33s
[nnue-g1] 38462/79314  4.8 games/s  ETA 2h20m31s
[nnue-g1] 38473/79314  4.8 games/s  ETA 2h20m29s
[nnue-g1] 38481/79314  4.8 games/s  ETA 2h20m28s
[nnue-g1] 38493/79314  4.8 games/s  ETA 2h20m25s
[nnue-g1] 38505/79314  4.8 games/s  ETA 2h20m22s
[nnue-g1] 38516/79314  4.8 games/s  ETA 2h20m19s
[nnue-g1] 38523/79314  4.8 games/s  ETA 2h20m18s
[nnue-g1] 38533/79314  4.8 games/s  ETA 2h20m16s
[nnue-g1] 38537/79314  4.8 games/s  ETA 2h20m17s
[nnue-g1] 38547/79314  4.8 games/s  ETA 2h20m14s
[nnue-g1] 38558/79314  4.8 games/s  ETA 2h20m12s
[nnue-g1] 38569/79314  4.8 games/s  ETA 2h20m09s
[nnue-g1] 38579/79314  4.8 games/s  ETA 2h20m07s
[nnue-g1] 38587/79314  4.8 games/s  ETA 2h20m06s
[nnue-g1] 38596/79314  4.8 games/s  ETA 2h20m04s
[nnue-g1] 38606/79314  4.8 games/s  ETA 2h20m02s
[nnue-g1] 38611/79314  4.8 games/s  ETA 2h20m02s
[nnue-g1] 38621/79314  4.8 games/s  ETA 2h20m00s
[nnue-g1] 38632/79314  4.8 games/s  ETA 2h19m57s
[nnue-g1] 38639/79314  4.8 games/s  ETA 2h19m56s
[nnue-g1] 38650/79314  4.8 games/s  ETA 2h19m54s
[nnue-g1] 38656/79314  4.8 games/s  ETA 2h19m53s
[nnue-g1] 38666/79314  4.8 games/s  ETA 2h19m51s
[nnue-g1] 38672/79314  4.8 games/s  ETA 2h19m51s
[nnue-g1] 38683/79314  4.8 games/s  ETA 2h19m48s
[nnue-g1] 38690/79314  4.8 games/s  ETA 2h19m48s
[nnue-g1] 38699/79314  4.8 games/s  ETA 2h19m46s
[nnue-g1] 38707/79314  4.8 games/s  ETA 2h19m45s
[nnue-g1] 38715/79314  4.8 games/s  ETA 2h19m43s
[nnue-g1] 38726/79314  4.8 games/s  ETA 2h19m41s
[nnue-g1] 38736/79314  4.8 games/s  ETA 2h19m39s
[nnue-g1] 38746/79314  4.8 games/s  ETA 2h19m36s
[nnue-g1] 38754/79314  4.8 games/s  ETA 2h19m35s
[nnue-g1] 38761/79314  4.8 games/s  ETA 2h19m34s
[nnue-g1] 38770/79314  4.8 games/s  ETA 2h19m33s
[nnue-g1] 38778/79314  4.8 games/s  ETA 2h19m31s
[nnue-g1] 38788/79314  4.8 games/s  ETA 2h19m29s
[nnue-g1] 38796/79314  4.8 games/s  ETA 2h19m28s
[nnue-g1] 38806/79314  4.8 games/s  ETA 2h19m26s
[nnue-g1] 38814/79314  4.8 games/s  ETA 2h19m24s
[nnue-g1] 38821/79314  4.8 games/s  ETA 2h19m24s
[nnue-g1] 38834/79314  4.8 games/s  ETA 2h19m20s
[nnue-g1] 38843/79314  4.8 games/s  ETA 2h19m18s
[nnue-g1] 38855/79314  4.8 games/s  ETA 2h19m15s
[nnue-g1] 38866/79314  4.8 games/s  ETA 2h19m13s
[nnue-g1] 38877/79314  4.8 games/s  ETA 2h19m10s
[nnue-g1] 38884/79314  4.8 games/s  ETA 2h19m10s
[nnue-g1] 38889/79314  4.8 games/s  ETA 2h19m09s
[nnue-g1] 38903/79314  4.8 games/s  ETA 2h19m06s
[nnue-g1] 38910/79314  4.8 games/s  ETA 2h19m05s
[nnue-g1] 38921/79314  4.8 games/s  ETA 2h19m02s
[nnue-g1] 38930/79314  4.8 games/s  ETA 2h19m01s
[nnue-g1] 38938/79314  4.8 games/s  ETA 2h18m59s
[nnue-g1] 38951/79314  4.8 games/s  ETA 2h18m56s
[nnue-g1] 38959/79314  4.8 games/s  ETA 2h18m55s
[nnue-g1] 38972/79314  4.8 games/s  ETA 2h18m51s
[nnue-g1] 38980/79314  4.8 games/s  ETA 2h18m50s
[nnue-g1] 38992/79314  4.8 games/s  ETA 2h18m47s
[nnue-g1] 38999/79314  4.8 games/s  ETA 2h18m46s
[nnue-g1] 39012/79314  4.8 games/s  ETA 2h18m43s
[nnue-g1] 39023/79314  4.8 games/s  ETA 2h18m40s
[nnue-g1] 39029/79314  4.8 games/s  ETA 2h18m40s
[nnue-g1] 39040/79314  4.8 games/s  ETA 2h18m37s
[nnue-g1] 39046/79314  4.8 games/s  ETA 2h18m37s
[nnue-g1] 39057/79314  4.8 games/s  ETA 2h18m34s
[nnue-g1] 39066/79314  4.8 games/s  ETA 2h18m32s
[nnue-g1] 39078/79314  4.8 games/s  ETA 2h18m29s
[nnue-g1] 39086/79314  4.8 games/s  ETA 2h18m28s
[nnue-g1] 39098/79314  4.8 games/s  ETA 2h18m25s
[nnue-g1] 39105/79314  4.8 games/s  ETA 2h18m24s
[nnue-g1] 39116/79314  4.8 games/s  ETA 2h18m22s
[nnue-g1] 39122/79314  4.8 games/s  ETA 2h18m21s
[nnue-g1] 39131/79314  4.8 games/s  ETA 2h18m20s
[nnue-g1] 39137/79314  4.8 games/s  ETA 2h18m19s
[nnue-g1] 39144/79314  4.8 games/s  ETA 2h18m18s
[nnue-g1] 39152/79314  4.8 games/s  ETA 2h18m17s
[nnue-g1] 39166/79314  4.8 games/s  ETA 2h18m13s
[nnue-g1] 39176/79314  4.8 games/s  ETA 2h18m11s
[nnue-g1] 39186/79314  4.8 games/s  ETA 2h18m09s
[nnue-g1] 39197/79314  4.8 games/s  ETA 2h18m06s
[nnue-g1] 39207/79314  4.8 games/s  ETA 2h18m04s
[nnue-g1] 39217/79314  4.8 games/s  ETA 2h18m02s
[nnue-g1] 39224/79314  4.8 games/s  ETA 2h18m01s
[nnue-g1] 39233/79314  4.8 games/s  ETA 2h17m59s
[nnue-g1] 39243/79314  4.8 games/s  ETA 2h17m57s
[nnue-g1] 39252/79314  4.8 games/s  ETA 2h17m56s
[nnue-g1] 39259/79314  4.8 games/s  ETA 2h17m55s
[nnue-g1] 39269/79314  4.8 games/s  ETA 2h17m53s
[nnue-g1] 39279/79314  4.8 games/s  ETA 2h17m50s
[nnue-g1] 39288/79314  4.8 games/s  ETA 2h17m49s
[nnue-g1] 39297/79314  4.8 games/s  ETA 2h17m47s
[nnue-g1] 39308/79314  4.8 games/s  ETA 2h17m44s
[nnue-g1] 39317/79314  4.8 games/s  ETA 2h17m43s
[nnue-g1] 39326/79314  4.8 games/s  ETA 2h17m41s
[nnue-g1] 39333/79314  4.8 games/s  ETA 2h17m40s
[nnue-g1] 39345/79314  4.8 games/s  ETA 2h17m37s
[nnue-g1] 39353/79314  4.8 games/s  ETA 2h17m36s
[nnue-g1] 39362/79314  4.8 games/s  ETA 2h17m34s
[nnue-g1] 39373/79314  4.8 games/s  ETA 2h17m32s
[nnue-g1] 39382/79314  4.8 games/s  ETA 2h17m30s
[nnue-g1] 39391/79314  4.8 games/s  ETA 2h17m28s
[nnue-g1] 39401/79314  4.8 games/s  ETA 2h17m26s
[nnue-g1] 39407/79314  4.8 games/s  ETA 2h17m26s
[nnue-g1] 39418/79314  4.8 games/s  ETA 2h17m23s
[nnue-g1] 39428/79314  4.8 games/s  ETA 2h17m21s
[nnue-g1] 39440/79314  4.8 games/s  ETA 2h17m18s
[nnue-g1] 39448/79314  4.8 games/s  ETA 2h17m17s
[nnue-g1] 39458/79314  4.8 games/s  ETA 2h17m15s
[nnue-g1] 39466/79314  4.8 games/s  ETA 2h17m13s
[nnue-g1] 39479/79314  4.8 games/s  ETA 2h17m10s
[nnue-g1] 39489/79314  4.8 games/s  ETA 2h17m08s
[nnue-g1] 39496/79314  4.8 games/s  ETA 2h17m07s
[nnue-g1] 39507/79314  4.8 games/s  ETA 2h17m04s
[nnue-g1] 39519/79314  4.8 games/s  ETA 2h17m01s
[nnue-g1] 39528/79314  4.8 games/s  ETA 2h17m00s
[nnue-g1] 39535/79314  4.8 games/s  ETA 2h16m59s
[nnue-g1] 39548/79314  4.8 games/s  ETA 2h16m55s
[nnue-g1] 39560/79314  4.8 games/s  ETA 2h16m52s
[nnue-g1] 39569/79314  4.8 games/s  ETA 2h16m51s
[nnue-g1] 39580/79314  4.8 games/s  ETA 2h16m48s
[nnue-g1] 39590/79314  4.8 games/s  ETA 2h16m46s
[nnue-g1] 39596/79314  4.8 games/s  ETA 2h16m46s
[nnue-g1] 39607/79314  4.8 games/s  ETA 2h16m43s
[nnue-g1] 39618/79314  4.8 games/s  ETA 2h16m40s
[nnue-g1] 39624/79314  4.8 games/s  ETA 2h16m40s
[nnue-g1] 39630/79314  4.8 games/s  ETA 2h16m40s
[nnue-g1] 39644/79314  4.8 games/s  ETA 2h16m36s
[nnue-g1] 39655/79314  4.8 games/s  ETA 2h16m33s
[nnue-g1] 39662/79314  4.8 games/s  ETA 2h16m32s
[nnue-g1] 39670/79314  4.8 games/s  ETA 2h16m31s
[nnue-g1] 39681/79314  4.8 games/s  ETA 2h16m28s
[nnue-g1] 39690/79314  4.8 games/s  ETA 2h16m27s
[nnue-g1] 39700/79314  4.8 games/s  ETA 2h16m25s
[nnue-g1] 39705/79314  4.8 games/s  ETA 2h16m25s
[nnue-g1] 39716/79314  4.8 games/s  ETA 2h16m22s
[nnue-g1] 39723/79314  4.8 games/s  ETA 2h16m21s
[nnue-g1] 39737/79314  4.8 games/s  ETA 2h16m17s
[nnue-g1] 39748/79314  4.8 games/s  ETA 2h16m15s
[nnue-g1] 39754/79314  4.8 games/s  ETA 2h16m14s
[nnue-g1] 39765/79314  4.8 games/s  ETA 2h16m12s
[nnue-g1] 39771/79314  4.8 games/s  ETA 2h16m11s
[nnue-g1] 39779/79314  4.8 games/s  ETA 2h16m10s
[nnue-g1] 39786/79314  4.8 games/s  ETA 2h16m09s
[nnue-g1] 39798/79314  4.8 games/s  ETA 2h16m06s
[nnue-g1] 39806/79314  4.8 games/s  ETA 2h16m05s
[nnue-g1] 39815/79314  4.8 games/s  ETA 2h16m03s
[nnue-g1] 39823/79314  4.8 games/s  ETA 2h16m02s
[nnue-g1] 39833/79314  4.8 games/s  ETA 2h16m00s
[nnue-g1] 39838/79314  4.8 games/s  ETA 2h16m00s
[nnue-g1] 39850/79314  4.8 games/s  ETA 2h15m57s
[nnue-g1] 39855/79314  4.8 games/s  ETA 2h15m57s
[nnue-g1] 39867/79314  4.8 games/s  ETA 2h15m54s
[nnue-g1] 39876/79314  4.8 games/s  ETA 2h15m52s
[nnue-g1] 39885/79314  4.8 games/s  ETA 2h15m50s
[nnue-g1] 39894/79314  4.8 games/s  ETA 2h15m48s
[nnue-g1] 39904/79314  4.8 games/s  ETA 2h15m46s
[nnue-g1] 39913/79314  4.8 games/s  ETA 2h15m45s
[nnue-g1] 39922/79314  4.8 games/s  ETA 2h15m43s
[nnue-g1] 39932/79314  4.8 games/s  ETA 2h15m41s
[nnue-g1] 39941/79314  4.8 games/s  ETA 2h15m39s
[nnue-g1] 39951/79314  4.8 games/s  ETA 2h15m37s
[nnue-g1] 39962/79314  4.8 games/s  ETA 2h15m34s
[nnue-g1] 39969/79314  4.8 games/s  ETA 2h15m33s
[nnue-g1] 39978/79314  4.8 games/s  ETA 2h15m32s
[nnue-g1] 39989/79314  4.8 games/s  ETA 2h15m29s
[nnue-g1] 39998/79314  4.8 games/s  ETA 2h15m27s
[nnue-g1] 40010/79314  4.8 games/s  ETA 2h15m24s
[nnue-g1] 40016/79314  4.8 games/s  ETA 2h15m24s
[nnue-g1] 40021/79314  4.8 games/s  ETA 2h15m24s
[nnue-g1] 40029/79314  4.8 games/s  ETA 2h15m23s
[nnue-g1] 40041/79314  4.8 games/s  ETA 2h15m20s
[nnue-g1] 40048/79314  4.8 games/s  ETA 2h15m19s
[nnue-g1] 40056/79314  4.8 games/s  ETA 2h15m17s
[nnue-g1] 40066/79314  4.8 games/s  ETA 2h15m15s
[nnue-g1] 40075/79314  4.8 games/s  ETA 2h15m14s
[nnue-g1] 40085/79314  4.8 games/s  ETA 2h15m11s
[nnue-g1] 40091/79314  4.8 games/s  ETA 2h15m11s
[nnue-g1] 40104/79314  4.8 games/s  ETA 2h15m08s
[nnue-g1] 40114/79314  4.8 games/s  ETA 2h15m05s
[nnue-g1] 40126/79314  4.8 games/s  ETA 2h15m02s
[nnue-g1] 40134/79314  4.8 games/s  ETA 2h15m01s
[nnue-g1] 40149/79314  4.8 games/s  ETA 2h14m57s
[nnue-g1] 40164/79314  4.8 games/s  ETA 2h14m53s
[nnue-g1] 40175/79314  4.8 games/s  ETA 2h14m50s
[nnue-g1] 40183/79314  4.8 games/s  ETA 2h14m49s
[nnue-g1] 40192/79314  4.8 games/s  ETA 2h14m47s
[nnue-g1] 40202/79314  4.8 games/s  ETA 2h14m45s
[nnue-g1] 40214/79314  4.8 games/s  ETA 2h14m42s
[nnue-g1] 40220/79314  4.8 games/s  ETA 2h14m42s
[nnue-g1] 40228/79314  4.8 games/s  ETA 2h14m40s
[nnue-g1] 40238/79314  4.8 games/s  ETA 2h14m38s
[nnue-g1] 40251/79314  4.8 games/s  ETA 2h14m35s
[nnue-g1] 40258/79314  4.8 games/s  ETA 2h14m34s
[nnue-g1] 40271/79314  4.8 games/s  ETA 2h14m31s
[nnue-g1] 40282/79314  4.8 games/s  ETA 2h14m28s
[nnue-g1] 40289/79314  4.8 games/s  ETA 2h14m27s
[nnue-g1] 40300/79314  4.8 games/s  ETA 2h14m25s
[nnue-g1] 40310/79314  4.8 games/s  ETA 2h14m22s
[nnue-g1] 40319/79314  4.8 games/s  ETA 2h14m21s
[nnue-g1] 40329/79314  4.8 games/s  ETA 2h14m19s
[nnue-g1] 40342/79314  4.8 games/s  ETA 2h14m15s
[nnue-g1] 40348/79314  4.8 games/s  ETA 2h14m15s
[nnue-g1] 40359/79314  4.8 games/s  ETA 2h14m12s
[nnue-g1] 40366/79314  4.8 games/s  ETA 2h14m11s
[nnue-g1] 40377/79314  4.8 games/s  ETA 2h14m09s
[nnue-g1] 40383/79314  4.8 games/s  ETA 2h14m08s
[nnue-g1] 40395/79314  4.8 games/s  ETA 2h14m05s
[nnue-g1] 40403/79314  4.8 games/s  ETA 2h14m04s
[nnue-g1] 40412/79314  4.8 games/s  ETA 2h14m02s
[nnue-g1] 40421/79314  4.8 games/s  ETA 2h14m01s
[nnue-g1] 40431/79314  4.8 games/s  ETA 2h13m58s
[nnue-g1] 40439/79314  4.8 games/s  ETA 2h13m57s
[nnue-g1] 40448/79314  4.8 games/s  ETA 2h13m55s
[nnue-g1] 40459/79314  4.8 games/s  ETA 2h13m53s
[nnue-g1] 40470/79314  4.8 games/s  ETA 2h13m50s
[nnue-g1] 40477/79314  4.8 games/s  ETA 2h13m49s
[nnue-g1] 40488/79314  4.8 games/s  ETA 2h13m47s
[nnue-g1] 40497/79314  4.8 games/s  ETA 2h13m45s
[nnue-g1] 40510/79314  4.8 games/s  ETA 2h13m42s
[nnue-g1] 40517/79314  4.8 games/s  ETA 2h13m41s
[nnue-g1] 40525/79314  4.8 games/s  ETA 2h13m40s
[nnue-g1] 40532/79314  4.8 games/s  ETA 2h13m39s
[nnue-g1] 40542/79314  4.8 games/s  ETA 2h13m37s
[nnue-g1] 40548/79314  4.8 games/s  ETA 2h13m36s
[nnue-g1] 40557/79314  4.8 games/s  ETA 2h13m34s
[nnue-g1] 40570/79314  4.8 games/s  ETA 2h13m31s
[nnue-g1] 40576/79314  4.8 games/s  ETA 2h13m30s
[nnue-g1] 40589/79314  4.8 games/s  ETA 2h13m27s
[nnue-g1] 40596/79314  4.8 games/s  ETA 2h13m26s
[nnue-g1] 40604/79314  4.8 games/s  ETA 2h13m25s
[nnue-g1] 40616/79314  4.8 games/s  ETA 2h13m22s
[nnue-g1] 40626/79314  4.8 games/s  ETA 2h13m20s
[nnue-g1] 40634/79314  4.8 games/s  ETA 2h13m18s
[nnue-g1] 40646/79314  4.8 games/s  ETA 2h13m15s
[nnue-g1] 40653/79314  4.8 games/s  ETA 2h13m15s
[nnue-g1] 40661/79314  4.8 games/s  ETA 2h13m13s
[nnue-g1] 40668/79314  4.8 games/s  ETA 2h13m12s
[nnue-g1] 40675/79314  4.8 games/s  ETA 2h13m11s
[nnue-g1] 40683/79314  4.8 games/s  ETA 2h13m10s
[nnue-g1] 40693/79314  4.8 games/s  ETA 2h13m08s
[nnue-g1] 40703/79314  4.8 games/s  ETA 2h13m06s
[nnue-g1] 40713/79314  4.8 games/s  ETA 2h13m04s
[nnue-g1] 40721/79314  4.8 games/s  ETA 2h13m02s
[nnue-g1] 40729/79314  4.8 games/s  ETA 2h13m01s
[nnue-g1] 40740/79314  4.8 games/s  ETA 2h12m58s
[nnue-g1] 40747/79314  4.8 games/s  ETA 2h12m58s
[nnue-g1] 40758/79314  4.8 games/s  ETA 2h12m55s
[nnue-g1] 40765/79314  4.8 games/s  ETA 2h12m54s
[nnue-g1] 40776/79314  4.8 games/s  ETA 2h12m52s
[nnue-g1] 40787/79314  4.8 games/s  ETA 2h12m49s
[nnue-g1] 40795/79314  4.8 games/s  ETA 2h12m48s
[nnue-g1] 40804/79314  4.8 games/s  ETA 2h12m46s
[nnue-g1] 40811/79314  4.8 games/s  ETA 2h12m45s
[nnue-g1] 40819/79314  4.8 games/s  ETA 2h12m44s
[nnue-g1] 40828/79314  4.8 games/s  ETA 2h12m42s
[nnue-g1] 40832/79314  4.8 games/s  ETA 2h12m42s
[nnue-g1] 40843/79314  4.8 games/s  ETA 2h12m40s
[nnue-g1] 40850/79314  4.8 games/s  ETA 2h12m39s
[nnue-g1] 40858/79314  4.8 games/s  ETA 2h12m37s
[nnue-g1] 40867/79314  4.8 games/s  ETA 2h12m36s
[nnue-g1] 40874/79314  4.8 games/s  ETA 2h12m35s
[nnue-g1] 40883/79314  4.8 games/s  ETA 2h12m33s
[nnue-g1] 40892/79314  4.8 games/s  ETA 2h12m31s
[nnue-g1] 40897/79314  4.8 games/s  ETA 2h12m31s
[nnue-g1] 40903/79314  4.8 games/s  ETA 2h12m31s
[nnue-g1] 40911/79314  4.8 games/s  ETA 2h12m29s
[nnue-g1] 40917/79314  4.8 games/s  ETA 2h12m29s
[nnue-g1] 40928/79314  4.8 games/s  ETA 2h12m26s
[nnue-g1] 40936/79314  4.8 games/s  ETA 2h12m25s
[nnue-g1] 40943/79314  4.8 games/s  ETA 2h12m24s
[nnue-g1] 40950/79314  4.8 games/s  ETA 2h12m23s
[nnue-g1] 40959/79314  4.8 games/s  ETA 2h12m21s
[nnue-g1] 40966/79314  4.8 games/s  ETA 2h12m20s
[nnue-g1] 40974/79314  4.8 games/s  ETA 2h12m19s
[nnue-g1] 40983/79314  4.8 games/s  ETA 2h12m17s
[nnue-g1] 40989/79314  4.8 games/s  ETA 2h12m17s
[nnue-g1] 41000/79314  4.8 games/s  ETA 2h12m14s
[nnue-g1] 41006/79314  4.8 games/s  ETA 2h12m14s
[nnue-g1] 41015/79314  4.8 games/s  ETA 2h12m12s
[nnue-g1] 41021/79314  4.8 games/s  ETA 2h12m11s
[nnue-g1] 41032/79314  4.8 games/s  ETA 2h12m09s
[nnue-g1] 41035/79314  4.8 games/s  ETA 2h12m10s
[nnue-g1] 41046/79314  4.8 games/s  ETA 2h12m07s
[nnue-g1] 41056/79314  4.8 games/s  ETA 2h12m05s
[nnue-g1] 41063/79314  4.8 games/s  ETA 2h12m04s
[nnue-g1] 41072/79314  4.8 games/s  ETA 2h12m02s
[nnue-g1] 41082/79314  4.8 games/s  ETA 2h12m00s
[nnue-g1] 41090/79314  4.8 games/s  ETA 2h11m59s
[nnue-g1] 41097/79314  4.8 games/s  ETA 2h11m58s
[nnue-g1] 41110/79314  4.8 games/s  ETA 2h11m55s
[nnue-g1] 41116/79314  4.8 games/s  ETA 2h11m54s
[nnue-g1] 41127/79314  4.8 games/s  ETA 2h11m51s
[nnue-g1] 41138/79314  4.8 games/s  ETA 2h11m49s
[nnue-g1] 41149/79314  4.8 games/s  ETA 2h11m46s
[nnue-g1] 41158/79314  4.8 games/s  ETA 2h11m45s
[nnue-g1] 41168/79314  4.8 games/s  ETA 2h11m42s
[nnue-g1] 41176/79314  4.8 games/s  ETA 2h11m41s
[nnue-g1] 41188/79314  4.8 games/s  ETA 2h11m38s
[nnue-g1] 41196/79314  4.8 games/s  ETA 2h11m37s
[nnue-g1] 41202/79314  4.8 games/s  ETA 2h11m36s
[nnue-g1] 41209/79314  4.8 games/s  ETA 2h11m35s
[nnue-g1] 41216/79314  4.8 games/s  ETA 2h11m34s
[nnue-g1] 41227/79314  4.8 games/s  ETA 2h11m32s
[nnue-g1] 41233/79314  4.8 games/s  ETA 2h11m31s
[nnue-g1] 41244/79314  4.8 games/s  ETA 2h11m29s
[nnue-g1] 41250/79314  4.8 games/s  ETA 2h11m28s
[nnue-g1] 41259/79314  4.8 games/s  ETA 2h11m27s
[nnue-g1] 41265/79314  4.8 games/s  ETA 2h11m26s
[nnue-g1] 41273/79314  4.8 games/s  ETA 2h11m25s
[nnue-g1] 41281/79314  4.8 games/s  ETA 2h11m23s
[nnue-g1] 41293/79314  4.8 games/s  ETA 2h11m20s
[nnue-g1] 41305/79314  4.8 games/s  ETA 2h11m17s
[nnue-g1] 41313/79314  4.8 games/s  ETA 2h11m16s
[nnue-g1] 41324/79314  4.8 games/s  ETA 2h11m14s
[nnue-g1] 41331/79314  4.8 games/s  ETA 2h11m13s
[nnue-g1] 41342/79314  4.8 games/s  ETA 2h11m10s
[nnue-g1] 41348/79314  4.8 games/s  ETA 2h11m10s
[nnue-g1] 41357/79314  4.8 games/s  ETA 2h11m08s
[nnue-g1] 41363/79314  4.8 games/s  ETA 2h11m07s
[nnue-g1] 41372/79314  4.8 games/s  ETA 2h11m05s
[nnue-g1] 41380/79314  4.8 games/s  ETA 2h11m04s
[nnue-g1] 41390/79314  4.8 games/s  ETA 2h11m02s
[nnue-g1] 41399/79314  4.8 games/s  ETA 2h11m00s
[nnue-g1] 41407/79314  4.8 games/s  ETA 2h10m59s
[nnue-g1] 41415/79314  4.8 games/s  ETA 2h10m58s
[nnue-g1] 41425/79314  4.8 games/s  ETA 2h10m55s
[nnue-g1] 41434/79314  4.8 games/s  ETA 2h10m54s
[nnue-g1] 41445/79314  4.8 games/s  ETA 2h10m51s
[nnue-g1] 41455/79314  4.8 games/s  ETA 2h10m49s
[nnue-g1] 41463/79314  4.8 games/s  ETA 2h10m48s
[nnue-g1] 41471/79314  4.8 games/s  ETA 2h10m46s
[nnue-g1] 41485/79314  4.8 games/s  ETA 2h10m43s
[nnue-g1] 41490/79314  4.8 games/s  ETA 2h10m42s
[nnue-g1] 41501/79314  4.8 games/s  ETA 2h10m40s
[nnue-g1] 41511/79314  4.8 games/s  ETA 2h10m38s
[nnue-g1] 41520/79314  4.8 games/s  ETA 2h10m36s
[nnue-g1] 41531/79314  4.8 games/s  ETA 2h10m33s
[nnue-g1] 41537/79314  4.8 games/s  ETA 2h10m33s
[nnue-g1] 41547/79314  4.8 games/s  ETA 2h10m31s
[nnue-g1] 41556/79314  4.8 games/s  ETA 2h10m29s
[nnue-g1] 41567/79314  4.8 games/s  ETA 2h10m27s
[nnue-g1] 41575/79314  4.8 games/s  ETA 2h10m25s
[nnue-g1] 41583/79314  4.8 games/s  ETA 2h10m24s
[nnue-g1] 41591/79314  4.8 games/s  ETA 2h10m22s
[nnue-g1] 41597/79314  4.8 games/s  ETA 2h10m22s
[nnue-g1] 41608/79314  4.8 games/s  ETA 2h10m19s
[nnue-g1] 41615/79314  4.8 games/s  ETA 2h10m18s
[nnue-g1] 41628/79314  4.8 games/s  ETA 2h10m15s
[nnue-g1] 41637/79314  4.8 games/s  ETA 2h10m13s
[nnue-g1] 41643/79314  4.8 games/s  ETA 2h10m13s
[nnue-g1] 41654/79314  4.8 games/s  ETA 2h10m10s
[nnue-g1] 41661/79314  4.8 games/s  ETA 2h10m09s
[nnue-g1] 41670/79314  4.8 games/s  ETA 2h10m08s
[nnue-g1] 41677/79314  4.8 games/s  ETA 2h10m07s
[nnue-g1] 41687/79314  4.8 games/s  ETA 2h10m04s
[nnue-g1] 41696/79314  4.8 games/s  ETA 2h10m03s
[nnue-g1] 41703/79314  4.8 games/s  ETA 2h10m02s
[nnue-g1] 41711/79314  4.8 games/s  ETA 2h10m00s
[nnue-g1] 41720/79314  4.8 games/s  ETA 2h09m59s
[nnue-g1] 41732/79314  4.8 games/s  ETA 2h09m56s
[nnue-g1] 41739/79314  4.8 games/s  ETA 2h09m55s
[nnue-g1] 41746/79314  4.8 games/s  ETA 2h09m54s
[nnue-g1] 41753/79314  4.8 games/s  ETA 2h09m53s
[nnue-g1] 41762/79314  4.8 games/s  ETA 2h09m51s
[nnue-g1] 41772/79314  4.8 games/s  ETA 2h09m49s
[nnue-g1] 41779/79314  4.8 games/s  ETA 2h09m48s
[nnue-g1] 41791/79314  4.8 games/s  ETA 2h09m45s
[nnue-g1] 41797/79314  4.8 games/s  ETA 2h09m44s
[nnue-g1] 41809/79314  4.8 games/s  ETA 2h09m42s
[nnue-g1] 41819/79314  4.8 games/s  ETA 2h09m39s
[nnue-g1] 41826/79314  4.8 games/s  ETA 2h09m38s
[nnue-g1] 41838/79314  4.8 games/s  ETA 2h09m36s
[nnue-g1] 41843/79314  4.8 games/s  ETA 2h09m35s
[nnue-g1] 41851/79314  4.8 games/s  ETA 2h09m34s
[nnue-g1] 41862/79314  4.8 games/s  ETA 2h09m31s
[nnue-g1] 41872/79314  4.8 games/s  ETA 2h09m29s
[nnue-g1] 41876/79314  4.8 games/s  ETA 2h09m30s
[nnue-g1] 41887/79314  4.8 games/s  ETA 2h09m27s
[nnue-g1] 41895/79314  4.8 games/s  ETA 2h09m26s
[nnue-g1] 41903/79314  4.8 games/s  ETA 2h09m24s
[nnue-g1] 41912/79314  4.8 games/s  ETA 2h09m23s
[nnue-g1] 41923/79314  4.8 games/s  ETA 2h09m20s
[nnue-g1] 41928/79314  4.8 games/s  ETA 2h09m20s
[nnue-g1] 41935/79314  4.8 games/s  ETA 2h09m19s
[nnue-g1] 41951/79314  4.8 games/s  ETA 2h09m14s
[nnue-g1] 41960/79314  4.8 games/s  ETA 2h09m13s
[nnue-g1] 41966/79314  4.8 games/s  ETA 2h09m12s
[nnue-g1] 41974/79314  4.8 games/s  ETA 2h09m11s
[nnue-g1] 41983/79314  4.8 games/s  ETA 2h09m09s
[nnue-g1] 41992/79314  4.8 games/s  ETA 2h09m07s
[nnue-g1] 41999/79314  4.8 games/s  ETA 2h09m06s
[nnue-g1] 42008/79314  4.8 games/s  ETA 2h09m04s
[nnue-g1] 42020/79314  4.8 games/s  ETA 2h09m02s
[nnue-g1] 42029/79314  4.8 games/s  ETA 2h09m00s
[nnue-g1] 42039/79314  4.8 games/s  ETA 2h08m58s
[nnue-g1] 42045/79314  4.8 games/s  ETA 2h08m57s
[nnue-g1] 42052/79314  4.8 games/s  ETA 2h08m56s
[nnue-g1] 42065/79314  4.8 games/s  ETA 2h08m53s
[nnue-g1] 42074/79314  4.8 games/s  ETA 2h08m51s
[nnue-g1] 42085/79314  4.8 games/s  ETA 2h08m49s
[nnue-g1] 42097/79314  4.8 games/s  ETA 2h08m46s
[nnue-g1] 42105/79314  4.8 games/s  ETA 2h08m44s
[nnue-g1] 42114/79314  4.8 games/s  ETA 2h08m42s
[nnue-g1] 42122/79314  4.8 games/s  ETA 2h08m41s
[nnue-g1] 42134/79314  4.8 games/s  ETA 2h08m38s
[nnue-g1] 42144/79314  4.8 games/s  ETA 2h08m36s
[nnue-g1] 42151/79314  4.8 games/s  ETA 2h08m35s
[nnue-g1] 42158/79314  4.8 games/s  ETA 2h08m34s
[nnue-g1] 42168/79314  4.8 games/s  ETA 2h08m32s
[nnue-g1] 42179/79314  4.8 games/s  ETA 2h08m29s
[nnue-g1] 42186/79314  4.8 games/s  ETA 2h08m28s
[nnue-g1] 42193/79314  4.8 games/s  ETA 2h08m27s
[nnue-g1] 42206/79314  4.8 games/s  ETA 2h08m24s
[nnue-g1] 42216/79314  4.8 games/s  ETA 2h08m22s
[nnue-g1] 42225/79314  4.8 games/s  ETA 2h08m20s
[nnue-g1] 42230/79314  4.8 games/s  ETA 2h08m20s
[nnue-g1] 42238/79314  4.8 games/s  ETA 2h08m19s
[nnue-g1] 42251/79314  4.8 games/s  ETA 2h08m15s
[nnue-g1] 42255/79314  4.8 games/s  ETA 2h08m16s
[nnue-g1] 42267/79314  4.8 games/s  ETA 2h08m13s
[nnue-g1] 42278/79314  4.8 games/s  ETA 2h08m10s
[nnue-g1] 42285/79314  4.8 games/s  ETA 2h08m09s
[nnue-g1] 42295/79314  4.8 games/s  ETA 2h08m07s
[nnue-g1] 42307/79314  4.8 games/s  ETA 2h08m04s
[nnue-g1] 42313/79314  4.8 games/s  ETA 2h08m04s
[nnue-g1] 42324/79314  4.8 games/s  ETA 2h08m01s
[nnue-g1] 42335/79314  4.8 games/s  ETA 2h07m58s
[nnue-g1] 42342/79314  4.8 games/s  ETA 2h07m57s
[nnue-g1] 42351/79314  4.8 games/s  ETA 2h07m56s
[nnue-g1] 42360/79314  4.8 games/s  ETA 2h07m54s
[nnue-g1] 42370/79314  4.8 games/s  ETA 2h07m52s
[nnue-g1] 42379/79314  4.8 games/s  ETA 2h07m50s
[nnue-g1] 42388/79314  4.8 games/s  ETA 2h07m48s
[nnue-g1] 42396/79314  4.8 games/s  ETA 2h07m47s
[nnue-g1] 42408/79314  4.8 games/s  ETA 2h07m44s
[nnue-g1] 42415/79314  4.8 games/s  ETA 2h07m43s
[nnue-g1] 42424/79314  4.8 games/s  ETA 2h07m41s
[nnue-g1] 42434/79314  4.8 games/s  ETA 2h07m39s
[nnue-g1] 42443/79314  4.8 games/s  ETA 2h07m37s
[nnue-g1] 42452/79314  4.8 games/s  ETA 2h07m36s
[nnue-g1] 42458/79314  4.8 games/s  ETA 2h07m35s
[nnue-g1] 42468/79314  4.8 games/s  ETA 2h07m33s
[nnue-g1] 42476/79314  4.8 games/s  ETA 2h07m32s
[nnue-g1] 42482/79314  4.8 games/s  ETA 2h07m31s
[nnue-g1] 42493/79314  4.8 games/s  ETA 2h07m28s
[nnue-g1] 42501/79314  4.8 games/s  ETA 2h07m27s
[nnue-g1] 42513/79314  4.8 games/s  ETA 2h07m24s
[nnue-g1] 42522/79314  4.8 games/s  ETA 2h07m22s
[nnue-g1] 42533/79314  4.8 games/s  ETA 2h07m20s
[nnue-g1] 42537/79314  4.8 games/s  ETA 2h07m20s
[nnue-g1] 42547/79314  4.8 games/s  ETA 2h07m18s
[nnue-g1] 42556/79314  4.8 games/s  ETA 2h07m16s
[nnue-g1] 42562/79314  4.8 games/s  ETA 2h07m16s
[nnue-g1] 42573/79314  4.8 games/s  ETA 2h07m13s
[nnue-g1] 42583/79314  4.8 games/s  ETA 2h07m11s
[nnue-g1] 42589/79314  4.8 games/s  ETA 2h07m10s
[nnue-g1] 42602/79314  4.8 games/s  ETA 2h07m07s
[nnue-g1] 42611/79314  4.8 games/s  ETA 2h07m05s
[nnue-g1] 42617/79314  4.8 games/s  ETA 2h07m05s
[nnue-g1] 42626/79314  4.8 games/s  ETA 2h07m03s
[nnue-g1] 42635/79314  4.8 games/s  ETA 2h07m01s
[nnue-g1] 42643/79314  4.8 games/s  ETA 2h07m00s
[nnue-g1] 42652/79314  4.8 games/s  ETA 2h06m58s
[nnue-g1] 42661/79314  4.8 games/s  ETA 2h06m56s
[nnue-g1] 42671/79314  4.8 games/s  ETA 2h06m54s
[nnue-g1] 42676/79314  4.8 games/s  ETA 2h06m54s
[nnue-g1] 42685/79314  4.8 games/s  ETA 2h06m52s
[nnue-g1] 42697/79314  4.8 games/s  ETA 2h06m49s
[nnue-g1] 42706/79314  4.8 games/s  ETA 2h06m47s
[nnue-g1] 42710/79314  4.8 games/s  ETA 2h06m48s
[nnue-g1] 42721/79314  4.8 games/s  ETA 2h06m45s
[nnue-g1] 42731/79314  4.8 games/s  ETA 2h06m43s
[nnue-g1] 42739/79314  4.8 games/s  ETA 2h06m42s
[nnue-g1] 42749/79314  4.8 games/s  ETA 2h06m39s
[nnue-g1] 42757/79314  4.8 games/s  ETA 2h06m38s
[nnue-g1] 42766/79314  4.8 games/s  ETA 2h06m36s
[nnue-g1] 42776/79314  4.8 games/s  ETA 2h06m34s
[nnue-g1] 42782/79314  4.8 games/s  ETA 2h06m34s
[nnue-g1] 42796/79314  4.8 games/s  ETA 2h06m30s
[nnue-g1] 42804/79314  4.8 games/s  ETA 2h06m28s
[nnue-g1] 42813/79314  4.8 games/s  ETA 2h06m27s
[nnue-g1] 42820/79314  4.8 games/s  ETA 2h06m26s
[nnue-g1] 42832/79314  4.8 games/s  ETA 2h06m23s
[nnue-g1] 42838/79314  4.8 games/s  ETA 2h06m22s
[nnue-g1] 42849/79314  4.8 games/s  ETA 2h06m20s
[nnue-g1] 42859/79314  4.8 games/s  ETA 2h06m18s
[nnue-g1] 42869/79314  4.8 games/s  ETA 2h06m15s
[nnue-g1] 42877/79314  4.8 games/s  ETA 2h06m14s
[nnue-g1] 42888/79314  4.8 games/s  ETA 2h06m11s
[nnue-g1] 42900/79314  4.8 games/s  ETA 2h06m09s
[nnue-g1] 42909/79314  4.8 games/s  ETA 2h06m07s
[nnue-g1] 42921/79314  4.8 games/s  ETA 2h06m04s
[nnue-g1] 42929/79314  4.8 games/s  ETA 2h06m03s
[nnue-g1] 42941/79314  4.8 games/s  ETA 2h06m00s
[nnue-g1] 42950/79314  4.8 games/s  ETA 2h05m58s
[nnue-g1] 42963/79314  4.8 games/s  ETA 2h05m55s
[nnue-g1] 42975/79314  4.8 games/s  ETA 2h05m52s
[nnue-g1] 42985/79314  4.8 games/s  ETA 2h05m49s
[nnue-g1] 42992/79314  4.8 games/s  ETA 2h05m48s
[nnue-g1] 43003/79314  4.8 games/s  ETA 2h05m46s
[nnue-g1] 43015/79314  4.8 games/s  ETA 2h05m43s
[nnue-g1] 43021/79314  4.8 games/s  ETA 2h05m42s
[nnue-g1] 43027/79314  4.8 games/s  ETA 2h05m42s
[nnue-g1] 43037/79314  4.8 games/s  ETA 2h05m40s
[nnue-g1] 43044/79314  4.8 games/s  ETA 2h05m39s
[nnue-g1] 43054/79314  4.8 games/s  ETA 2h05m37s
[nnue-g1] 43061/79314  4.8 games/s  ETA 2h05m36s
[nnue-g1] 43071/79314  4.8 games/s  ETA 2h05m33s
[nnue-g1] 43076/79314  4.8 games/s  ETA 2h05m33s
[nnue-g1] 43083/79314  4.8 games/s  ETA 2h05m32s
[nnue-g1] 43093/79314  4.8 games/s  ETA 2h05m30s
[nnue-g1] 43098/79314  4.8 games/s  ETA 2h05m30s
[nnue-g1] 43104/79314  4.8 games/s  ETA 2h05m29s
[nnue-g1] 43113/79314  4.8 games/s  ETA 2h05m27s
[nnue-g1] 43120/79314  4.8 games/s  ETA 2h05m26s
[nnue-g1] 43125/79314  4.8 games/s  ETA 2h05m26s
[nnue-g1] 43133/79314  4.8 games/s  ETA 2h05m25s
[nnue-g1] 43142/79314  4.8 games/s  ETA 2h05m23s
[nnue-g1] 43151/79314  4.8 games/s  ETA 2h05m21s
[nnue-g1] 43160/79314  4.8 games/s  ETA 2h05m20s
[nnue-g1] 43167/79314  4.8 games/s  ETA 2h05m19s
[nnue-g1] 43176/79314  4.8 games/s  ETA 2h05m17s
[nnue-g1] 43186/79314  4.8 games/s  ETA 2h05m15s
[nnue-g1] 43194/79314  4.8 games/s  ETA 2h05m13s
[nnue-g1] 43203/79314  4.8 games/s  ETA 2h05m11s
[nnue-g1] 43208/79314  4.8 games/s  ETA 2h05m11s
[nnue-g1] 43214/79314  4.8 games/s  ETA 2h05m11s
[nnue-g1] 43221/79314  4.8 games/s  ETA 2h05m10s
[nnue-g1] 43229/79314  4.8 games/s  ETA 2h05m08s
[nnue-g1] 43237/79314  4.8 games/s  ETA 2h05m07s
[nnue-g1] 43246/79314  4.8 games/s  ETA 2h05m05s
[nnue-g1] 43258/79314  4.8 games/s  ETA 2h05m02s
[nnue-g1] 43267/79314  4.8 games/s  ETA 2h05m00s
[nnue-g1] 43276/79314  4.8 games/s  ETA 2h04m59s
[nnue-g1] 43286/79314  4.8 games/s  ETA 2h04m56s
[nnue-g1] 43294/79314  4.8 games/s  ETA 2h04m55s
[nnue-g1] 43299/79314  4.8 games/s  ETA 2h04m55s
[nnue-g1] 43310/79314  4.8 games/s  ETA 2h04m52s
[nnue-g1] 43321/79314  4.8 games/s  ETA 2h04m50s
[nnue-g1] 43328/79314  4.8 games/s  ETA 2h04m49s
[nnue-g1] 43340/79314  4.8 games/s  ETA 2h04m46s
[nnue-g1] 43350/79314  4.8 games/s  ETA 2h04m44s
[nnue-g1] 43360/79314  4.8 games/s  ETA 2h04m42s
[nnue-g1] 43370/79314  4.8 games/s  ETA 2h04m39s
[nnue-g1] 43380/79314  4.8 games/s  ETA 2h04m37s
[nnue-g1] 43389/79314  4.8 games/s  ETA 2h04m36s
[nnue-g1] 43402/79314  4.8 games/s  ETA 2h04m32s
[nnue-g1] 43409/79314  4.8 games/s  ETA 2h04m31s
[nnue-g1] 43418/79314  4.8 games/s  ETA 2h04m29s
[nnue-g1] 43429/79314  4.8 games/s  ETA 2h04m27s
[nnue-g1] 43436/79314  4.8 games/s  ETA 2h04m26s
[nnue-g1] 43443/79314  4.8 games/s  ETA 2h04m25s
[nnue-g1] 43450/79314  4.8 games/s  ETA 2h04m24s
[nnue-g1] 43460/79314  4.8 games/s  ETA 2h04m22s
[nnue-g1] 43468/79314  4.8 games/s  ETA 2h04m20s
[nnue-g1] 43472/79314  4.8 games/s  ETA 2h04m21s
[nnue-g1] 43480/79314  4.8 games/s  ETA 2h04m19s
[nnue-g1] 43487/79314  4.8 games/s  ETA 2h04m18s
[nnue-g1] 43495/79314  4.8 games/s  ETA 2h04m17s
[nnue-g1] 43504/79314  4.8 games/s  ETA 2h04m15s
[nnue-g1] 43508/79314  4.8 games/s  ETA 2h04m15s
[nnue-g1] 43517/79314  4.8 games/s  ETA 2h04m13s
[nnue-g1] 43525/79314  4.8 games/s  ETA 2h04m12s
[nnue-g1] 43532/79314  4.8 games/s  ETA 2h04m11s
[nnue-g1] 43541/79314  4.8 games/s  ETA 2h04m09s
[nnue-g1] 43548/79314  4.8 games/s  ETA 2h04m08s
[nnue-g1] 43556/79314  4.8 games/s  ETA 2h04m07s
[nnue-g1] 43563/79314  4.8 games/s  ETA 2h04m06s
[nnue-g1] 43569/79314  4.8 games/s  ETA 2h04m05s
[nnue-g1] 43577/79314  4.8 games/s  ETA 2h04m04s
[nnue-g1] 43583/79314  4.8 games/s  ETA 2h04m03s
[nnue-g1] 43592/79314  4.8 games/s  ETA 2h04m01s
[nnue-g1] 43601/79314  4.8 games/s  ETA 2h04m00s
[nnue-g1] 43607/79314  4.8 games/s  ETA 2h03m59s
[nnue-g1] 43613/79314  4.8 games/s  ETA 2h03m58s
[nnue-g1] 43620/79314  4.8 games/s  ETA 2h03m57s
[nnue-g1] 43630/79314  4.8 games/s  ETA 2h03m55s
[nnue-g1] 43638/79314  4.8 games/s  ETA 2h03m54s
[nnue-g1] 43646/79314  4.8 games/s  ETA 2h03m52s
[nnue-g1] 43652/79314  4.8 games/s  ETA 2h03m52s
[nnue-g1] 43661/79314  4.8 games/s  ETA 2h03m50s
[nnue-g1] 43671/79314  4.8 games/s  ETA 2h03m48s
[nnue-g1] 43679/79314  4.8 games/s  ETA 2h03m46s
[nnue-g1] 43688/79314  4.8 games/s  ETA 2h03m45s
[nnue-g1] 43700/79314  4.8 games/s  ETA 2h03m42s
[nnue-g1] 43707/79314  4.8 games/s  ETA 2h03m41s
[nnue-g1] 43713/79314  4.8 games/s  ETA 2h03m40s
[nnue-g1] 43717/79314  4.8 games/s  ETA 2h03m40s
[nnue-g1] 43726/79314  4.8 games/s  ETA 2h03m38s
[nnue-g1] 43733/79314  4.8 games/s  ETA 2h03m37s
[nnue-g1] 43744/79314  4.8 games/s  ETA 2h03m35s
[nnue-g1] 43751/79314  4.8 games/s  ETA 2h03m34s
[nnue-g1] 43757/79314  4.8 games/s  ETA 2h03m33s
[nnue-g1] 43763/79314  4.8 games/s  ETA 2h03m32s
[nnue-g1] 43773/79314  4.8 games/s  ETA 2h03m30s
[nnue-g1] 43787/79314  4.8 games/s  ETA 2h03m27s
[nnue-g1] 43796/79314  4.8 games/s  ETA 2h03m25s
[nnue-g1] 43808/79314  4.8 games/s  ETA 2h03m22s
[nnue-g1] 43827/79314  4.8 games/s  ETA 2h03m16s
[nnue-g1] 43831/79314  4.8 games/s  ETA 2h03m17s
[nnue-g1] 43841/79314  4.8 games/s  ETA 2h03m14s
[nnue-g1] 43846/79314  4.8 games/s  ETA 2h03m14s
[nnue-g1] 43856/79314  4.8 games/s  ETA 2h03m12s
[nnue-g1] 43865/79314  4.8 games/s  ETA 2h03m10s
[nnue-g1] 43874/79314  4.8 games/s  ETA 2h03m08s
[nnue-g1] 43883/79314  4.8 games/s  ETA 2h03m07s
[nnue-g1] 43891/79314  4.8 games/s  ETA 2h03m05s
[nnue-g1] 43899/79314  4.8 games/s  ETA 2h03m04s
[nnue-g1] 43906/79314  4.8 games/s  ETA 2h03m03s
[nnue-g1] 43916/79314  4.8 games/s  ETA 2h03m01s
[nnue-g1] 43926/79314  4.8 games/s  ETA 2h02m59s
[nnue-g1] 43933/79314  4.8 games/s  ETA 2h02m57s
[nnue-g1] 43944/79314  4.8 games/s  ETA 2h02m55s
[nnue-g1] 43951/79314  4.8 games/s  ETA 2h02m54s
[nnue-g1] 43963/79314  4.8 games/s  ETA 2h02m51s
[nnue-g1] 43969/79314  4.8 games/s  ETA 2h02m50s
[nnue-g1] 43981/79314  4.8 games/s  ETA 2h02m47s
[nnue-g1] 43985/79314  4.8 games/s  ETA 2h02m48s
[nnue-g1] 43994/79314  4.8 games/s  ETA 2h02m46s
[nnue-g1] 44003/79314  4.8 games/s  ETA 2h02m44s
[nnue-g1] 44016/79314  4.8 games/s  ETA 2h02m41s
[nnue-g1] 44025/79314  4.8 games/s  ETA 2h02m39s
[nnue-g1] 44034/79314  4.8 games/s  ETA 2h02m37s
[nnue-g1] 44042/79314  4.8 games/s  ETA 2h02m36s
[nnue-g1] 44054/79314  4.8 games/s  ETA 2h02m33s
[nnue-g1] 44063/79314  4.8 games/s  ETA 2h02m31s
[nnue-g1] 44070/79314  4.8 games/s  ETA 2h02m30s
[nnue-g1] 44079/79314  4.8 games/s  ETA 2h02m28s
[nnue-g1] 44086/79314  4.8 games/s  ETA 2h02m27s
[nnue-g1] 44092/79314  4.8 games/s  ETA 2h02m27s
[nnue-g1] 44106/79314  4.8 games/s  ETA 2h02m23s
[nnue-g1] 44114/79314  4.8 games/s  ETA 2h02m22s
[nnue-g1] 44122/79314  4.8 games/s  ETA 2h02m20s
[nnue-g1] 44133/79314  4.8 games/s  ETA 2h02m18s
[nnue-g1] 44139/79314  4.8 games/s  ETA 2h02m17s
[nnue-g1] 44146/79314  4.8 games/s  ETA 2h02m16s
[nnue-g1] 44157/79314  4.8 games/s  ETA 2h02m13s
[nnue-g1] 44168/79314  4.8 games/s  ETA 2h02m11s
[nnue-g1] 44177/79314  4.8 games/s  ETA 2h02m09s
[nnue-g1] 44188/79314  4.8 games/s  ETA 2h02m07s
[nnue-g1] 44196/79314  4.8 games/s  ETA 2h02m05s
[nnue-g1] 44207/79314  4.8 games/s  ETA 2h02m03s
[nnue-g1] 44217/79314  4.8 games/s  ETA 2h02m00s
[nnue-g1] 44226/79314  4.8 games/s  ETA 2h01m59s
[nnue-g1] 44234/79314  4.8 games/s  ETA 2h01m57s
[nnue-g1] 44242/79314  4.8 games/s  ETA 2h01m56s
[nnue-g1] 44254/79314  4.8 games/s  ETA 2h01m53s
[nnue-g1] 44263/79314  4.8 games/s  ETA 2h01m51s
[nnue-g1] 44271/79314  4.8 games/s  ETA 2h01m50s
[nnue-g1] 44284/79314  4.8 games/s  ETA 2h01m47s
[nnue-g1] 44289/79314  4.8 games/s  ETA 2h01m46s
[nnue-g1] 44300/79314  4.8 games/s  ETA 2h01m44s
[nnue-g1] 44311/79314  4.8 games/s  ETA 2h01m41s
[nnue-g1] 44316/79314  4.8 games/s  ETA 2h01m41s
[nnue-g1] 44329/79314  4.8 games/s  ETA 2h01m38s
[nnue-g1] 44336/79314  4.8 games/s  ETA 2h01m37s
[nnue-g1] 44345/79314  4.8 games/s  ETA 2h01m35s
[nnue-g1] 44355/79314  4.8 games/s  ETA 2h01m33s
[nnue-g1] 44365/79314  4.8 games/s  ETA 2h01m31s
[nnue-g1] 44373/79314  4.8 games/s  ETA 2h01m29s
[nnue-g1] 44384/79314  4.8 games/s  ETA 2h01m27s
[nnue-g1] 44395/79314  4.8 games/s  ETA 2h01m24s
[nnue-g1] 44402/79314  4.8 games/s  ETA 2h01m23s
[nnue-g1] 44410/79314  4.8 games/s  ETA 2h01m22s
[nnue-g1] 44419/79314  4.8 games/s  ETA 2h01m20s
[nnue-g1] 44427/79314  4.8 games/s  ETA 2h01m18s
[nnue-g1] 44438/79314  4.8 games/s  ETA 2h01m16s
[nnue-g1] 44444/79314  4.8 games/s  ETA 2h01m15s
[nnue-g1] 44452/79314  4.8 games/s  ETA 2h01m14s
[nnue-g1] 44461/79314  4.8 games/s  ETA 2h01m12s
[nnue-g1] 44469/79314  4.8 games/s  ETA 2h01m11s
[nnue-g1] 44476/79314  4.8 games/s  ETA 2h01m10s
[nnue-g1] 44486/79314  4.8 games/s  ETA 2h01m07s
[nnue-g1] 44496/79314  4.8 games/s  ETA 2h01m05s
[nnue-g1] 44504/79314  4.8 games/s  ETA 2h01m04s
[nnue-g1] 44511/79314  4.8 games/s  ETA 2h01m03s
[nnue-g1] 44521/79314  4.8 games/s  ETA 2h01m01s
[nnue-g1] 44528/79314  4.8 games/s  ETA 2h01m00s
[nnue-g1] 44535/79314  4.8 games/s  ETA 2h00m59s
[nnue-g1] 44543/79314  4.8 games/s  ETA 2h00m57s
[nnue-g1] 44552/79314  4.8 games/s  ETA 2h00m55s
[nnue-g1] 44559/79314  4.8 games/s  ETA 2h00m54s
[nnue-g1] 44572/79314  4.8 games/s  ETA 2h00m51s
[nnue-g1] 44577/79314  4.8 games/s  ETA 2h00m51s
[nnue-g1] 44588/79314  4.8 games/s  ETA 2h00m48s
[nnue-g1] 44596/79314  4.8 games/s  ETA 2h00m47s
[nnue-g1] 44605/79314  4.8 games/s  ETA 2h00m45s
[nnue-g1] 44614/79314  4.8 games/s  ETA 2h00m43s
[nnue-g1] 44622/79314  4.8 games/s  ETA 2h00m42s
[nnue-g1] 44630/79314  4.8 games/s  ETA 2h00m40s
[nnue-g1] 44639/79314  4.8 games/s  ETA 2h00m39s
[nnue-g1] 44650/79314  4.8 games/s  ETA 2h00m36s
[nnue-g1] 44656/79314  4.8 games/s  ETA 2h00m35s
[nnue-g1] 44667/79314  4.8 games/s  ETA 2h00m33s
[nnue-g1] 44676/79314  4.8 games/s  ETA 2h00m31s
[nnue-g1] 44681/79314  4.8 games/s  ETA 2h00m31s
[nnue-g1] 44695/79314  4.8 games/s  ETA 2h00m27s
[nnue-g1] 44702/79314  4.8 games/s  ETA 2h00m26s
[nnue-g1] 44709/79314  4.8 games/s  ETA 2h00m25s
[nnue-g1] 44720/79314  4.8 games/s  ETA 2h00m23s
[nnue-g1] 44731/79314  4.8 games/s  ETA 2h00m20s
[nnue-g1] 44738/79314  4.8 games/s  ETA 2h00m19s
[nnue-g1] 44746/79314  4.8 games/s  ETA 2h00m18s
[nnue-g1] 44753/79314  4.8 games/s  ETA 2h00m17s
[nnue-g1] 44762/79314  4.8 games/s  ETA 2h00m15s
[nnue-g1] 44775/79314  4.8 games/s  ETA 2h00m12s
[nnue-g1] 44781/79314  4.8 games/s  ETA 2h00m11s
[nnue-g1] 44791/79314  4.8 games/s  ETA 2h00m09s
[nnue-g1] 44798/79314  4.8 games/s  ETA 2h00m08s
[nnue-g1] 44808/79314  4.8 games/s  ETA 2h00m06s
[nnue-g1] 44815/79314  4.8 games/s  ETA 2h00m04s
[nnue-g1] 44821/79314  4.8 games/s  ETA 2h00m04s
[nnue-g1] 44827/79314  4.8 games/s  ETA 2h00m03s
[nnue-g1] 44833/79314  4.8 games/s  ETA 2h00m02s
[nnue-g1] 44840/79314  4.8 games/s  ETA 2h00m01s
[nnue-g1] 44845/79314  4.8 games/s  ETA 2h00m01s
[nnue-g1] 44855/79314  4.8 games/s  ETA 1h59m59s
[nnue-g1] 44861/79314  4.8 games/s  ETA 1h59m58s
[nnue-g1] 44869/79314  4.8 games/s  ETA 1h59m57s
[nnue-g1] 44879/79314  4.8 games/s  ETA 1h59m55s
[nnue-g1] 44887/79314  4.8 games/s  ETA 1h59m53s
[nnue-g1] 44896/79314  4.8 games/s  ETA 1h59m51s
[nnue-g1] 44905/79314  4.8 games/s  ETA 1h59m50s
[nnue-g1] 44909/79314  4.8 games/s  ETA 1h59m50s
[nnue-g1] 44918/79314  4.8 games/s  ETA 1h59m48s
[nnue-g1] 44927/79314  4.8 games/s  ETA 1h59m46s
[nnue-g1] 44937/79314  4.8 games/s  ETA 1h59m44s
[nnue-g1] 44943/79314  4.8 games/s  ETA 1h59m43s
[nnue-g1] 44950/79314  4.8 games/s  ETA 1h59m42s
[nnue-g1] 44957/79314  4.8 games/s  ETA 1h59m41s
[nnue-g1] 44962/79314  4.8 games/s  ETA 1h59m41s
[nnue-g1] 44969/79314  4.8 games/s  ETA 1h59m40s
[nnue-g1] 44977/79314  4.8 games/s  ETA 1h59m38s
[nnue-g1] 44980/79314  4.8 games/s  ETA 1h59m39s
[nnue-g1] 44988/79314  4.8 games/s  ETA 1h59m37s
[nnue-g1] 44996/79314  4.8 games/s  ETA 1h59m36s
[nnue-g1] 45003/79314  4.8 games/s  ETA 1h59m35s
[nnue-g1] 45010/79314  4.8 games/s  ETA 1h59m34s
[nnue-g1] 45018/79314  4.8 games/s  ETA 1h59m32s
[nnue-g1] 45023/79314  4.8 games/s  ETA 1h59m32s
[nnue-g1] 45030/79314  4.8 games/s  ETA 1h59m31s
[nnue-g1] 45035/79314  4.8 games/s  ETA 1h59m31s
[nnue-g1] 45042/79314  4.8 games/s  ETA 1h59m30s
[nnue-g1] 45052/79314  4.8 games/s  ETA 1h59m28s
[nnue-g1] 45055/79314  4.8 games/s  ETA 1h59m28s
[nnue-g1] 45065/79314  4.8 games/s  ETA 1h59m26s
[nnue-g1] 45076/79314  4.8 games/s  ETA 1h59m23s
[nnue-g1] 45085/79314  4.8 games/s  ETA 1h59m21s
[nnue-g1] 45093/79314  4.8 games/s  ETA 1h59m20s
[nnue-g1] 45101/79314  4.8 games/s  ETA 1h59m19s
[nnue-g1] 45108/79314  4.8 games/s  ETA 1h59m18s
[nnue-g1] 45120/79314  4.8 games/s  ETA 1h59m15s
[nnue-g1] 45128/79314  4.8 games/s  ETA 1h59m13s
[nnue-g1] 45137/79314  4.8 games/s  ETA 1h59m11s
[nnue-g1] 45148/79314  4.8 games/s  ETA 1h59m09s
[nnue-g1] 45155/79314  4.8 games/s  ETA 1h59m08s
[nnue-g1] 45160/79314  4.8 games/s  ETA 1h59m08s
[nnue-g1] 45172/79314  4.8 games/s  ETA 1h59m05s
[nnue-g1] 45179/79314  4.8 games/s  ETA 1h59m04s
[nnue-g1] 45188/79314  4.8 games/s  ETA 1h59m02s
[nnue-g1] 45198/79314  4.8 games/s  ETA 1h59m00s
[nnue-g1] 45205/79314  4.8 games/s  ETA 1h58m59s
[nnue-g1] 45211/79314  4.8 games/s  ETA 1h58m58s
[nnue-g1] 45222/79314  4.8 games/s  ETA 1h58m55s
[nnue-g1] 45232/79314  4.8 games/s  ETA 1h58m53s
[nnue-g1] 45242/79314  4.8 games/s  ETA 1h58m51s
[nnue-g1] 45251/79314  4.8 games/s  ETA 1h58m49s
[nnue-g1] 45259/79314  4.8 games/s  ETA 1h58m48s
[nnue-g1] 45267/79314  4.8 games/s  ETA 1h58m46s
[nnue-g1] 45278/79314  4.8 games/s  ETA 1h58m44s
[nnue-g1] 45287/79314  4.8 games/s  ETA 1h58m42s
[nnue-g1] 45297/79314  4.8 games/s  ETA 1h58m40s
[nnue-g1] 45306/79314  4.8 games/s  ETA 1h58m38s
[nnue-g1] 45313/79314  4.8 games/s  ETA 1h58m37s
[nnue-g1] 45325/79314  4.8 games/s  ETA 1h58m34s
[nnue-g1] 45334/79314  4.8 games/s  ETA 1h58m32s
[nnue-g1] 45345/79314  4.8 games/s  ETA 1h58m30s
[nnue-g1] 45352/79314  4.8 games/s  ETA 1h58m29s
[nnue-g1] 45362/79314  4.8 games/s  ETA 1h58m27s
[nnue-g1] 45368/79314  4.8 games/s  ETA 1h58m26s
[nnue-g1] 45380/79314  4.8 games/s  ETA 1h58m23s
[nnue-g1] 45394/79314  4.8 games/s  ETA 1h58m19s
[nnue-g1] 45402/79314  4.8 games/s  ETA 1h58m18s
[nnue-g1] 45413/79314  4.8 games/s  ETA 1h58m15s
[nnue-g1] 45424/79314  4.8 games/s  ETA 1h58m13s
[nnue-g1] 45434/79314  4.8 games/s  ETA 1h58m11s
[nnue-g1] 45446/79314  4.8 games/s  ETA 1h58m08s
[nnue-g1] 45453/79314  4.8 games/s  ETA 1h58m07s
[nnue-g1] 45464/79314  4.8 games/s  ETA 1h58m04s
[nnue-g1] 45472/79314  4.8 games/s  ETA 1h58m03s
[nnue-g1] 45482/79314  4.8 games/s  ETA 1h58m01s
[nnue-g1] 45490/79314  4.8 games/s  ETA 1h57m59s
[nnue-g1] 45499/79314  4.8 games/s  ETA 1h57m57s
[nnue-g1] 45508/79314  4.8 games/s  ETA 1h57m56s
[nnue-g1] 45520/79314  4.8 games/s  ETA 1h57m53s
[nnue-g1] 45527/79314  4.8 games/s  ETA 1h57m52s
[nnue-g1] 45535/79314  4.8 games/s  ETA 1h57m50s
[nnue-g1] 45544/79314  4.8 games/s  ETA 1h57m48s
[nnue-g1] 45551/79314  4.8 games/s  ETA 1h57m47s
[nnue-g1] 45560/79314  4.8 games/s  ETA 1h57m46s
[nnue-g1] 45567/79314  4.8 games/s  ETA 1h57m44s
[nnue-g1] 45570/79314  4.8 games/s  ETA 1h57m45s
[nnue-g1] 45578/79314  4.8 games/s  ETA 1h57m43s
[nnue-g1] 45584/79314  4.8 games/s  ETA 1h57m43s
[nnue-g1] 45592/79314  4.8 games/s  ETA 1h57m41s
[nnue-g1] 45598/79314  4.8 games/s  ETA 1h57m41s
[nnue-g1] 45607/79314  4.8 games/s  ETA 1h57m39s
[nnue-g1] 45614/79314  4.8 games/s  ETA 1h57m38s
[nnue-g1] 45625/79314  4.8 games/s  ETA 1h57m35s
[nnue-g1] 45633/79314  4.8 games/s  ETA 1h57m34s
[nnue-g1] 45644/79314  4.8 games/s  ETA 1h57m31s
[nnue-g1] 45654/79314  4.8 games/s  ETA 1h57m29s
[nnue-g1] 45660/79314  4.8 games/s  ETA 1h57m28s
[nnue-g1] 45670/79314  4.8 games/s  ETA 1h57m26s
[nnue-g1] 45681/79314  4.8 games/s  ETA 1h57m24s
[nnue-g1] 45688/79314  4.8 games/s  ETA 1h57m23s
[nnue-g1] 45695/79314  4.8 games/s  ETA 1h57m22s
[nnue-g1] 45703/79314  4.8 games/s  ETA 1h57m20s
[nnue-g1] 45711/79314  4.8 games/s  ETA 1h57m19s
[nnue-g1] 45723/79314  4.8 games/s  ETA 1h57m16s
[nnue-g1] 45729/79314  4.8 games/s  ETA 1h57m15s
[nnue-g1] 45737/79314  4.8 games/s  ETA 1h57m14s
[nnue-g1] 45744/79314  4.8 games/s  ETA 1h57m13s
[nnue-g1] 45755/79314  4.8 games/s  ETA 1h57m10s
[nnue-g1] 45760/79314  4.8 games/s  ETA 1h57m10s
[nnue-g1] 45765/79314  4.8 games/s  ETA 1h57m09s
[nnue-g1] 45779/79314  4.8 games/s  ETA 1h57m06s
[nnue-g1] 45788/79314  4.8 games/s  ETA 1h57m04s
[nnue-g1] 45795/79314  4.8 games/s  ETA 1h57m03s
[nnue-g1] 45805/79314  4.8 games/s  ETA 1h57m01s
[nnue-g1] 45813/79314  4.8 games/s  ETA 1h56m59s
[nnue-g1] 45822/79314  4.8 games/s  ETA 1h56m57s
[nnue-g1] 45831/79314  4.8 games/s  ETA 1h56m56s
[nnue-g1] 45841/79314  4.8 games/s  ETA 1h56m53s
[nnue-g1] 45847/79314  4.8 games/s  ETA 1h56m53s
[nnue-g1] 45859/79314  4.8 games/s  ETA 1h56m50s
[nnue-g1] 45866/79314  4.8 games/s  ETA 1h56m49s
[nnue-g1] 45876/79314  4.8 games/s  ETA 1h56m47s
[nnue-g1] 45887/79314  4.8 games/s  ETA 1h56m44s
[nnue-g1] 45891/79314  4.8 games/s  ETA 1h56m44s
[nnue-g1] 45904/79314  4.8 games/s  ETA 1h56m41s
[nnue-g1] 45913/79314  4.8 games/s  ETA 1h56m39s
[nnue-g1] 45921/79314  4.8 games/s  ETA 1h56m38s
[nnue-g1] 45929/79314  4.8 games/s  ETA 1h56m36s
[nnue-g1] 45939/79314  4.8 games/s  ETA 1h56m34s
[nnue-g1] 45946/79314  4.8 games/s  ETA 1h56m33s
[nnue-g1] 45954/79314  4.8 games/s  ETA 1h56m31s
[nnue-g1] 45962/79314  4.8 games/s  ETA 1h56m30s
[nnue-g1] 45969/79314  4.8 games/s  ETA 1h56m29s
[nnue-g1] 45976/79314  4.8 games/s  ETA 1h56m28s
[nnue-g1] 45982/79314  4.8 games/s  ETA 1h56m27s
[nnue-g1] 45990/79314  4.8 games/s  ETA 1h56m26s
[nnue-g1] 46000/79314  4.8 games/s  ETA 1h56m24s
[nnue-g1] 46009/79314  4.8 games/s  ETA 1h56m22s
[nnue-g1] 46017/79314  4.8 games/s  ETA 1h56m20s
[nnue-g1] 46026/79314  4.8 games/s  ETA 1h56m18s
[nnue-g1] 46033/79314  4.8 games/s  ETA 1h56m17s
[nnue-g1] 46040/79314  4.8 games/s  ETA 1h56m16s
[nnue-g1] 46044/79314  4.8 games/s  ETA 1h56m16s
[nnue-g1] 46054/79314  4.8 games/s  ETA 1h56m14s
[nnue-g1] 46063/79314  4.8 games/s  ETA 1h56m12s
[nnue-g1] 46072/79314  4.8 games/s  ETA 1h56m11s
[nnue-g1] 46080/79314  4.8 games/s  ETA 1h56m09s
[nnue-g1] 46091/79314  4.8 games/s  ETA 1h56m07s
[nnue-g1] 46099/79314  4.8 games/s  ETA 1h56m05s
[nnue-g1] 46106/79314  4.8 games/s  ETA 1h56m04s
[nnue-g1] 46115/79314  4.8 games/s  ETA 1h56m02s
[nnue-g1] 46121/79314  4.8 games/s  ETA 1h56m01s
[nnue-g1] 46133/79314  4.8 games/s  ETA 1h55m59s
[nnue-g1] 46143/79314  4.8 games/s  ETA 1h55m56s
[nnue-g1] 46153/79314  4.8 games/s  ETA 1h55m54s
[nnue-g1] 46162/79314  4.8 games/s  ETA 1h55m52s
[nnue-g1] 46169/79314  4.8 games/s  ETA 1h55m51s
[nnue-g1] 46179/79314  4.8 games/s  ETA 1h55m49s
[nnue-g1] 46187/79314  4.8 games/s  ETA 1h55m48s
[nnue-g1] 46195/79314  4.8 games/s  ETA 1h55m46s
[nnue-g1] 46205/79314  4.8 games/s  ETA 1h55m44s
[nnue-g1] 46212/79314  4.8 games/s  ETA 1h55m43s
[nnue-g1] 46220/79314  4.8 games/s  ETA 1h55m42s
[nnue-g1] 46231/79314  4.8 games/s  ETA 1h55m39s
[nnue-g1] 46237/79314  4.8 games/s  ETA 1h55m38s
[nnue-g1] 46249/79314  4.8 games/s  ETA 1h55m35s
[nnue-g1] 46256/79314  4.8 games/s  ETA 1h55m34s
[nnue-g1] 46264/79314  4.8 games/s  ETA 1h55m33s
[nnue-g1] 46273/79314  4.8 games/s  ETA 1h55m31s
[nnue-g1] 46284/79314  4.8 games/s  ETA 1h55m29s
[nnue-g1] 46293/79314  4.8 games/s  ETA 1h55m27s
[nnue-g1] 46305/79314  4.8 games/s  ETA 1h55m24s
[nnue-g1] 46312/79314  4.8 games/s  ETA 1h55m23s
[nnue-g1] 46322/79314  4.8 games/s  ETA 1h55m21s
[nnue-g1] 46331/79314  4.8 games/s  ETA 1h55m19s
[nnue-g1] 46339/79314  4.8 games/s  ETA 1h55m17s
[nnue-g1] 46348/79314  4.8 games/s  ETA 1h55m16s
[nnue-g1] 46358/79314  4.8 games/s  ETA 1h55m13s
[nnue-g1] 46365/79314  4.8 games/s  ETA 1h55m12s
[nnue-g1] 46376/79314  4.8 games/s  ETA 1h55m10s
[nnue-g1] 46390/79314  4.8 games/s  ETA 1h55m06s
[nnue-g1] 46394/79314  4.8 games/s  ETA 1h55m06s
[nnue-g1] 46405/79314  4.8 games/s  ETA 1h55m04s
[nnue-g1] 46416/79314  4.8 games/s  ETA 1h55m01s
[nnue-g1] 46426/79314  4.8 games/s  ETA 1h54m59s
[nnue-g1] 46434/79314  4.8 games/s  ETA 1h54m58s
[nnue-g1] 46442/79314  4.8 games/s  ETA 1h54m56s
[nnue-g1] 46450/79314  4.8 games/s  ETA 1h54m55s
[nnue-g1] 46460/79314  4.8 games/s  ETA 1h54m52s
[nnue-g1] 46469/79314  4.8 games/s  ETA 1h54m51s
[nnue-g1] 46477/79314  4.8 games/s  ETA 1h54m49s
[nnue-g1] 46487/79314  4.8 games/s  ETA 1h54m47s
[nnue-g1] 46499/79314  4.8 games/s  ETA 1h54m44s
[nnue-g1] 46507/79314  4.8 games/s  ETA 1h54m43s
[nnue-g1] 46517/79314  4.8 games/s  ETA 1h54m41s
[nnue-g1] 46525/79314  4.8 games/s  ETA 1h54m39s
[nnue-g1] 46535/79314  4.8 games/s  ETA 1h54m37s
[nnue-g1] 46546/79314  4.8 games/s  ETA 1h54m34s
[nnue-g1] 46560/79314  4.8 games/s  ETA 1h54m31s
[nnue-g1] 46572/79314  4.8 games/s  ETA 1h54m28s
[nnue-g1] 46580/79314  4.8 games/s  ETA 1h54m26s
[nnue-g1] 46586/79314  4.8 games/s  ETA 1h54m26s
[nnue-g1] 46595/79314  4.8 games/s  ETA 1h54m24s
[nnue-g1] 46603/79314  4.8 games/s  ETA 1h54m22s
[nnue-g1] 46612/79314  4.8 games/s  ETA 1h54m21s
[nnue-g1] 46619/79314  4.8 games/s  ETA 1h54m20s
[nnue-g1] 46630/79314  4.8 games/s  ETA 1h54m17s
[nnue-g1] 46638/79314  4.8 games/s  ETA 1h54m16s
[nnue-g1] 46646/79314  4.8 games/s  ETA 1h54m14s
[nnue-g1] 46655/79314  4.8 games/s  ETA 1h54m12s
[nnue-g1] 46662/79314  4.8 games/s  ETA 1h54m11s
[nnue-g1] 46671/79314  4.8 games/s  ETA 1h54m09s
[nnue-g1] 46682/79314  4.8 games/s  ETA 1h54m07s
[nnue-g1] 46691/79314  4.8 games/s  ETA 1h54m05s
[nnue-g1] 46703/79314  4.8 games/s  ETA 1h54m02s
[nnue-g1] 46711/79314  4.8 games/s  ETA 1h54m01s
[nnue-g1] 46718/79314  4.8 games/s  ETA 1h54m00s
[nnue-g1] 46728/79314  4.8 games/s  ETA 1h53m57s
[nnue-g1] 46737/79314  4.8 games/s  ETA 1h53m56s
[nnue-g1] 46748/79314  4.8 games/s  ETA 1h53m53s
[nnue-g1] 46757/79314  4.8 games/s  ETA 1h53m51s
[nnue-g1] 46766/79314  4.8 games/s  ETA 1h53m50s
[nnue-g1] 46776/79314  4.8 games/s  ETA 1h53m47s
[nnue-g1] 46784/79314  4.8 games/s  ETA 1h53m46s
[nnue-g1] 46793/79314  4.8 games/s  ETA 1h53m44s
[nnue-g1] 46805/79314  4.8 games/s  ETA 1h53m41s
[nnue-g1] 46812/79314  4.8 games/s  ETA 1h53m40s
[nnue-g1] 46820/79314  4.8 games/s  ETA 1h53m39s
[nnue-g1] 46831/79314  4.8 games/s  ETA 1h53m36s
[nnue-g1] 46841/79314  4.8 games/s  ETA 1h53m34s
[nnue-g1] 46851/79314  4.8 games/s  ETA 1h53m32s
[nnue-g1] 46859/79314  4.8 games/s  ETA 1h53m30s
[nnue-g1] 46868/79314  4.8 games/s  ETA 1h53m29s
[nnue-g1] 46876/79314  4.8 games/s  ETA 1h53m27s
[nnue-g1] 46883/79314  4.8 games/s  ETA 1h53m26s
[nnue-g1] 46891/79314  4.8 games/s  ETA 1h53m25s
[nnue-g1] 46903/79314  4.8 games/s  ETA 1h53m22s
[nnue-g1] 46911/79314  4.8 games/s  ETA 1h53m20s
[nnue-g1] 46921/79314  4.8 games/s  ETA 1h53m18s
[nnue-g1] 46926/79314  4.8 games/s  ETA 1h53m18s
[nnue-g1] 46937/79314  4.8 games/s  ETA 1h53m15s
[nnue-g1] 46948/79314  4.8 games/s  ETA 1h53m13s
[nnue-g1] 46958/79314  4.8 games/s  ETA 1h53m10s
[nnue-g1] 46970/79314  4.8 games/s  ETA 1h53m08s
[nnue-g1] 46975/79314  4.8 games/s  ETA 1h53m07s
[nnue-g1] 46985/79314  4.8 games/s  ETA 1h53m05s
[nnue-g1] 46994/79314  4.8 games/s  ETA 1h53m03s
[nnue-g1] 47005/79314  4.8 games/s  ETA 1h53m01s
[nnue-g1] 47017/79314  4.8 games/s  ETA 1h52m58s
[nnue-g1] 47028/79314  4.8 games/s  ETA 1h52m55s
[nnue-g1] 47041/79314  4.8 games/s  ETA 1h52m52s
[nnue-g1] 47052/79314  4.8 games/s  ETA 1h52m50s
[nnue-g1] 47066/79314  4.8 games/s  ETA 1h52m46s
[nnue-g1] 47083/79314  4.8 games/s  ETA 1h52m41s
[nnue-g1] 47098/79314  4.8 games/s  ETA 1h52m37s
[nnue-g1] 47117/79314  4.8 games/s  ETA 1h52m32s
[nnue-g1] 47127/79314  4.8 games/s  ETA 1h52m30s
[nnue-g1] 47142/79314  4.8 games/s  ETA 1h52m26s
[nnue-g1] 47157/79314  4.8 games/s  ETA 1h52m22s
[nnue-g1] 47173/79314  4.8 games/s  ETA 1h52m18s
[nnue-g1] 47187/79314  4.8 games/s  ETA 1h52m14s
[nnue-g1] 47208/79314  4.8 games/s  ETA 1h52m08s
[nnue-g1] 47217/79314  4.8 games/s  ETA 1h52m06s
[nnue-g1] 47232/79314  4.8 games/s  ETA 1h52m02s
[nnue-g1] 47249/79314  4.8 games/s  ETA 1h51m58s
[nnue-g1] 47262/79314  4.8 games/s  ETA 1h51m55s
[nnue-g1] 47277/79314  4.8 games/s  ETA 1h51m51s
[nnue-g1] 47296/79314  4.8 games/s  ETA 1h51m45s
[nnue-g1] 47312/79314  4.8 games/s  ETA 1h51m41s
[nnue-g1] 47326/79314  4.8 games/s  ETA 1h51m38s
[nnue-g1] 47341/79314  4.8 games/s  ETA 1h51m34s
[nnue-g1] 47355/79314  4.8 games/s  ETA 1h51m30s
[nnue-g1] 47373/79314  4.8 games/s  ETA 1h51m25s
[nnue-g1] 47391/79314  4.8 games/s  ETA 1h51m20s
[nnue-g1] 47407/79314  4.8 games/s  ETA 1h51m16s
[nnue-g1] 47425/79314  4.8 games/s  ETA 1h51m11s
[nnue-g1] 47438/79314  4.8 games/s  ETA 1h51m08s
[nnue-g1] 47452/79314  4.8 games/s  ETA 1h51m04s
[nnue-g1] 47473/79314  4.8 games/s  ETA 1h50m58s
[nnue-g1] 47489/79314  4.8 games/s  ETA 1h50m54s
[nnue-g1] 47505/79314  4.8 games/s  ETA 1h50m50s
[nnue-g1] 47520/79314  4.8 games/s  ETA 1h50m46s
[nnue-g1] 47537/79314  4.8 games/s  ETA 1h50m41s
[nnue-g1] 47554/79314  4.8 games/s  ETA 1h50m37s
[nnue-g1] 47565/79314  4.8 games/s  ETA 1h50m34s
[nnue-g1] 47579/79314  4.8 games/s  ETA 1h50m31s
[nnue-g1] 47595/79314  4.8 games/s  ETA 1h50m26s
[nnue-g1] 47614/79314  4.8 games/s  ETA 1h50m21s
[nnue-g1] 47626/79314  4.8 games/s  ETA 1h50m18s
[nnue-g1] 47642/79314  4.8 games/s  ETA 1h50m14s
[nnue-g1] 47660/79314  4.8 games/s  ETA 1h50m09s
[nnue-g1] 47675/79314  4.8 games/s  ETA 1h50m05s
[nnue-g1] 47689/79314  4.8 games/s  ETA 1h50m02s
[nnue-g1] 47704/79314  4.8 games/s  ETA 1h49m58s
[nnue-g1] 47720/79314  4.8 games/s  ETA 1h49m54s
[nnue-g1] 47735/79314  4.8 games/s  ETA 1h49m50s
[nnue-g1] 47749/79314  4.8 games/s  ETA 1h49m46s
[nnue-g1] 47761/79314  4.8 games/s  ETA 1h49m43s
[nnue-g1] 47777/79314  4.8 games/s  ETA 1h49m39s
[nnue-g1] 47793/79314  4.8 games/s  ETA 1h49m35s
[nnue-g1] 47810/79314  4.8 games/s  ETA 1h49m30s
[nnue-g1] 47824/79314  4.8 games/s  ETA 1h49m27s
[nnue-g1] 47837/79314  4.8 games/s  ETA 1h49m24s
[nnue-g1] 47852/79314  4.8 games/s  ETA 1h49m20s
[nnue-g1] 47864/79314  4.8 games/s  ETA 1h49m17s
[nnue-g1] 47878/79314  4.8 games/s  ETA 1h49m13s
[nnue-g1] 47892/79314  4.8 games/s  ETA 1h49m10s
[nnue-g1] 47906/79314  4.8 games/s  ETA 1h49m06s
[nnue-g1] 47916/79314  4.8 games/s  ETA 1h49m04s
[nnue-g1] 47931/79314  4.8 games/s  ETA 1h49m00s
[nnue-g1] 47946/79314  4.8 games/s  ETA 1h48m56s
[nnue-g1] 47958/79314  4.8 games/s  ETA 1h48m54s
[nnue-g1] 47972/79314  4.8 games/s  ETA 1h48m50s
[nnue-g1] 47981/79314  4.8 games/s  ETA 1h48m48s
[nnue-g1] 48000/79314  4.8 games/s  ETA 1h48m43s
[nnue-g1] 48016/79314  4.8 games/s  ETA 1h48m39s
[nnue-g1] 48030/79314  4.8 games/s  ETA 1h48m35s
[nnue-g1] 48043/79314  4.8 games/s  ETA 1h48m32s
[nnue-g1] 48057/79314  4.8 games/s  ETA 1h48m29s
[nnue-g1] 48077/79314  4.8 games/s  ETA 1h48m23s
[nnue-g1] 48092/79314  4.8 games/s  ETA 1h48m19s
[nnue-g1] 48109/79314  4.8 games/s  ETA 1h48m15s
[nnue-g1] 48123/79314  4.8 games/s  ETA 1h48m11s
[nnue-g1] 48136/79314  4.8 games/s  ETA 1h48m08s
[nnue-g1] 48150/79314  4.8 games/s  ETA 1h48m05s
[nnue-g1] 48165/79314  4.8 games/s  ETA 1h48m01s
[nnue-g1] 48182/79314  4.8 games/s  ETA 1h47m56s
[nnue-g1] 48197/79314  4.8 games/s  ETA 1h47m52s
[nnue-g1] 48212/79314  4.8 games/s  ETA 1h47m49s
[nnue-g1] 48226/79314  4.8 games/s  ETA 1h47m45s
[nnue-g1] 48239/79314  4.8 games/s  ETA 1h47m42s
[nnue-g1] 48255/79314  4.8 games/s  ETA 1h47m38s
[nnue-g1] 48271/79314  4.8 games/s  ETA 1h47m34s
[nnue-g1] 48288/79314  4.8 games/s  ETA 1h47m29s
[nnue-g1] 48300/79314  4.8 games/s  ETA 1h47m26s
[nnue-g1] 48318/79314  4.8 games/s  ETA 1h47m21s
[nnue-g1] 48330/79314  4.8 games/s  ETA 1h47m19s
[nnue-g1] 48346/79314  4.8 games/s  ETA 1h47m14s
[nnue-g1] 48359/79314  4.8 games/s  ETA 1h47m11s
[nnue-g1] 48374/79314  4.8 games/s  ETA 1h47m07s
[nnue-g1] 48387/79314  4.8 games/s  ETA 1h47m04s
[nnue-g1] 48400/79314  4.8 games/s  ETA 1h47m01s
[nnue-g1] 48417/79314  4.8 games/s  ETA 1h46m57s
[nnue-g1] 48433/79314  4.8 games/s  ETA 1h46m52s
[nnue-g1] 48448/79314  4.8 games/s  ETA 1h46m49s
[nnue-g1] 48466/79314  4.8 games/s  ETA 1h46m44s
[nnue-g1] 48486/79314  4.8 games/s  ETA 1h46m38s
[nnue-g1] 48502/79314  4.8 games/s  ETA 1h46m34s
[nnue-g1] 48518/79314  4.8 games/s  ETA 1h46m30s
[nnue-g1] 48537/79314  4.8 games/s  ETA 1h46m25s
[nnue-g1] 48552/79314  4.8 games/s  ETA 1h46m21s
[nnue-g1] 48570/79314  4.8 games/s  ETA 1h46m16s
[nnue-g1] 48585/79314  4.8 games/s  ETA 1h46m12s
[nnue-g1] 48602/79314  4.8 games/s  ETA 1h46m08s
[nnue-g1] 48620/79314  4.8 games/s  ETA 1h46m03s
[nnue-g1] 48639/79314  4.8 games/s  ETA 1h45m58s
[nnue-g1] 48652/79314  4.8 games/s  ETA 1h45m55s
[nnue-g1] 48669/79314  4.8 games/s  ETA 1h45m50s
[nnue-g1] 48691/79314  4.8 games/s  ETA 1h45m44s
[nnue-g1] 48709/79314  4.8 games/s  ETA 1h45m39s
[nnue-g1] 48729/79314  4.8 games/s  ETA 1h45m34s
[nnue-g1] 48750/79314  4.8 games/s  ETA 1h45m28s
[nnue-g1] 48766/79314  4.8 games/s  ETA 1h45m24s
[nnue-g1] 48782/79314  4.8 games/s  ETA 1h45m20s
[nnue-g1] 48801/79314  4.8 games/s  ETA 1h45m15s
[nnue-g1] 48818/79314  4.8 games/s  ETA 1h45m10s
[nnue-g1] 48831/79314  4.8 games/s  ETA 1h45m07s
[nnue-g1] 48847/79314  4.8 games/s  ETA 1h45m03s
[nnue-g1] 48864/79314  4.8 games/s  ETA 1h44m58s
[nnue-g1] 48883/79314  4.8 games/s  ETA 1h44m53s
[nnue-g1] 48897/79314  4.8 games/s  ETA 1h44m50s
[nnue-g1] 48917/79314  4.8 games/s  ETA 1h44m44s
[nnue-g1] 48934/79314  4.8 games/s  ETA 1h44m40s
[nnue-g1] 48944/79314  4.8 games/s  ETA 1h44m38s
[nnue-g1] 48960/79314  4.8 games/s  ETA 1h44m34s
[nnue-g1] 48978/79314  4.8 games/s  ETA 1h44m29s
[nnue-g1] 48992/79314  4.8 games/s  ETA 1h44m25s
[nnue-g1] 49001/79314  4.8 games/s  ETA 1h44m24s
[nnue-g1] 49010/79314  4.8 games/s  ETA 1h44m22s
[nnue-g1] 49021/79314  4.8 games/s  ETA 1h44m19s
[nnue-g1] 49029/79314  4.8 games/s  ETA 1h44m18s
[nnue-g1] 49040/79314  4.8 games/s  ETA 1h44m16s
[nnue-g1] 49054/79314  4.8 games/s  ETA 1h44m12s
[nnue-g1] 49066/79314  4.8 games/s  ETA 1h44m09s
[nnue-g1] 49080/79314  4.8 games/s  ETA 1h44m06s
[nnue-g1] 49092/79314  4.8 games/s  ETA 1h44m03s
[nnue-g1] 49099/79314  4.8 games/s  ETA 1h44m02s
[nnue-g1] 49108/79314  4.8 games/s  ETA 1h44m00s
[nnue-g1] 49116/79314  4.8 games/s  ETA 1h43m59s
[nnue-g1] 49122/79314  4.8 games/s  ETA 1h43m58s
[nnue-g1] 49133/79314  4.8 games/s  ETA 1h43m56s
[nnue-g1] 49147/79314  4.8 games/s  ETA 1h43m52s
[nnue-g1] 49162/79314  4.8 games/s  ETA 1h43m48s
[nnue-g1] 49175/79314  4.8 games/s  ETA 1h43m45s
[nnue-g1] 49189/79314  4.8 games/s  ETA 1h43m42s
[nnue-g1] 49200/79314  4.8 games/s  ETA 1h43m39s
[nnue-g1] 49208/79314  4.8 games/s  ETA 1h43m38s
[nnue-g1] 49218/79314  4.8 games/s  ETA 1h43m36s
[nnue-g1] 49226/79314  4.8 games/s  ETA 1h43m34s
[nnue-g1] 49238/79314  4.8 games/s  ETA 1h43m32s
[nnue-g1] 49250/79314  4.8 games/s  ETA 1h43m29s
[nnue-g1] 49263/79314  4.8 games/s  ETA 1h43m26s
[nnue-g1] 49278/79314  4.8 games/s  ETA 1h43m22s
[nnue-g1] 49293/79314  4.8 games/s  ETA 1h43m18s
[nnue-g1] 49306/79314  4.8 games/s  ETA 1h43m15s
[nnue-g1] 49323/79314  4.8 games/s  ETA 1h43m11s
[nnue-g1] 49339/79314  4.8 games/s  ETA 1h43m07s
[nnue-g1] 49352/79314  4.8 games/s  ETA 1h43m04s
[nnue-g1] 49365/79314  4.8 games/s  ETA 1h43m00s
[nnue-g1] 49379/79314  4.8 games/s  ETA 1h42m57s
[nnue-g1] 49394/79314  4.8 games/s  ETA 1h42m53s
[nnue-g1] 49409/79314  4.8 games/s  ETA 1h42m50s
[nnue-g1] 49424/79314  4.8 games/s  ETA 1h42m46s
[nnue-g1] 49438/79314  4.8 games/s  ETA 1h42m42s
[nnue-g1] 49457/79314  4.8 games/s  ETA 1h42m37s
[nnue-g1] 49472/79314  4.8 games/s  ETA 1h42m34s
[nnue-g1] 49485/79314  4.8 games/s  ETA 1h42m30s
[nnue-g1] 49509/79314  4.9 games/s  ETA 1h42m24s
[nnue-g1] 49522/79314  4.9 games/s  ETA 1h42m21s
[nnue-g1] 49538/79314  4.9 games/s  ETA 1h42m17s
[nnue-g1] 49554/79314  4.9 games/s  ETA 1h42m12s
[nnue-g1] 49574/79314  4.9 games/s  ETA 1h42m07s
[nnue-g1] 49589/79314  4.9 games/s  ETA 1h42m03s
[nnue-g1] 49606/79314  4.9 games/s  ETA 1h41m59s
[nnue-g1] 49620/79314  4.9 games/s  ETA 1h41m56s
[nnue-g1] 49634/79314  4.9 games/s  ETA 1h41m52s
[nnue-g1] 49647/79314  4.9 games/s  ETA 1h41m49s
[nnue-g1] 49665/79314  4.9 games/s  ETA 1h41m44s
[nnue-g1] 49679/79314  4.9 games/s  ETA 1h41m41s
[nnue-g1] 49698/79314  4.9 games/s  ETA 1h41m36s
[nnue-g1] 49711/79314  4.9 games/s  ETA 1h41m33s
[nnue-g1] 49729/79314  4.9 games/s  ETA 1h41m28s
[nnue-g1] 49746/79314  4.9 games/s  ETA 1h41m24s
[nnue-g1] 49759/79314  4.9 games/s  ETA 1h41m21s
[nnue-g1] 49775/79314  4.9 games/s  ETA 1h41m17s
[nnue-g1] 49796/79314  4.9 games/s  ETA 1h41m11s
[nnue-g1] 49811/79314  4.9 games/s  ETA 1h41m07s
[nnue-g1] 49827/79314  4.9 games/s  ETA 1h41m03s
[nnue-g1] 49841/79314  4.9 games/s  ETA 1h41m00s
[nnue-g1] 49854/79314  4.9 games/s  ETA 1h40m57s
[nnue-g1] 49873/79314  4.9 games/s  ETA 1h40m52s
[nnue-g1] 49888/79314  4.9 games/s  ETA 1h40m48s
[nnue-g1] 49901/79314  4.9 games/s  ETA 1h40m45s
[nnue-g1] 49916/79314  4.9 games/s  ETA 1h40m41s
[nnue-g1] 49933/79314  4.9 games/s  ETA 1h40m37s
[nnue-g1] 49948/79314  4.9 games/s  ETA 1h40m33s
[nnue-g1] 49963/79314  4.9 games/s  ETA 1h40m29s
[nnue-g1] 49975/79314  4.9 games/s  ETA 1h40m27s
[nnue-g1] 49988/79314  4.9 games/s  ETA 1h40m23s
[nnue-g1] 50003/79314  4.9 games/s  ETA 1h40m20s
[nnue-g1] 50022/79314  4.9 games/s  ETA 1h40m15s
[nnue-g1] 50039/79314  4.9 games/s  ETA 1h40m10s
[nnue-g1] 50054/79314  4.9 games/s  ETA 1h40m07s
[nnue-g1] 50071/79314  4.9 games/s  ETA 1h40m02s
[nnue-g1] 50091/79314  4.9 games/s  ETA 1h39m57s
[nnue-g1] 50105/79314  4.9 games/s  ETA 1h39m54s
[nnue-g1] 50119/79314  4.9 games/s  ETA 1h39m50s
[nnue-g1] 50132/79314  4.9 games/s  ETA 1h39m47s
[nnue-g1] 50147/79314  4.9 games/s  ETA 1h39m43s
[nnue-g1] 50163/79314  4.9 games/s  ETA 1h39m39s
[nnue-g1] 50173/79314  4.9 games/s  ETA 1h39m37s
[nnue-g1] 50187/79314  4.9 games/s  ETA 1h39m34s
[nnue-g1] 50200/79314  4.9 games/s  ETA 1h39m31s
[nnue-g1] 50213/79314  4.9 games/s  ETA 1h39m28s
[nnue-g1] 50224/79314  4.9 games/s  ETA 1h39m25s
[nnue-g1] 50236/79314  4.9 games/s  ETA 1h39m23s
[nnue-g1] 50247/79314  4.9 games/s  ETA 1h39m20s
[nnue-g1] 50259/79314  4.9 games/s  ETA 1h39m18s
[nnue-g1] 50272/79314  4.9 games/s  ETA 1h39m15s
[nnue-g1] 50289/79314  4.9 games/s  ETA 1h39m10s
[nnue-g1] 50302/79314  4.9 games/s  ETA 1h39m07s
[nnue-g1] 50312/79314  4.9 games/s  ETA 1h39m05s
[nnue-g1] 50328/79314  4.9 games/s  ETA 1h39m01s
[nnue-g1] 50339/79314  4.9 games/s  ETA 1h38m59s
[nnue-g1] 50355/79314  4.9 games/s  ETA 1h38m55s
[nnue-g1] 50364/79314  4.9 games/s  ETA 1h38m53s
[nnue-g1] 50377/79314  4.9 games/s  ETA 1h38m50s
[nnue-g1] 50394/79314  4.9 games/s  ETA 1h38m46s
[nnue-g1] 50404/79314  4.9 games/s  ETA 1h38m43s
[nnue-g1] 50421/79314  4.9 games/s  ETA 1h38m39s
[nnue-g1] 50435/79314  4.9 games/s  ETA 1h38m36s
[nnue-g1] 50449/79314  4.9 games/s  ETA 1h38m32s
[nnue-g1] 50463/79314  4.9 games/s  ETA 1h38m29s
[nnue-g1] 50475/79314  4.9 games/s  ETA 1h38m26s
[nnue-g1] 50488/79314  4.9 games/s  ETA 1h38m23s
[nnue-g1] 50502/79314  4.9 games/s  ETA 1h38m20s
[nnue-g1] 50515/79314  4.9 games/s  ETA 1h38m17s
[nnue-g1] 50526/79314  4.9 games/s  ETA 1h38m14s
[nnue-g1] 50539/79314  4.9 games/s  ETA 1h38m11s
[nnue-g1] 50552/79314  4.9 games/s  ETA 1h38m08s
[nnue-g1] 50564/79314  4.9 games/s  ETA 1h38m06s
[nnue-g1] 50572/79314  4.9 games/s  ETA 1h38m04s
[nnue-g1] 50583/79314  4.9 games/s  ETA 1h38m02s
[nnue-g1] 50594/79314  4.9 games/s  ETA 1h37m59s
[nnue-g1] 50606/79314  4.9 games/s  ETA 1h37m57s
[nnue-g1] 50622/79314  4.9 games/s  ETA 1h37m53s
[nnue-g1] 50635/79314  4.9 games/s  ETA 1h37m50s
[nnue-g1] 50648/79314  4.9 games/s  ETA 1h37m47s
[nnue-g1] 50660/79314  4.9 games/s  ETA 1h37m44s
[nnue-g1] 50678/79314  4.9 games/s  ETA 1h37m39s
[nnue-g1] 50693/79314  4.9 games/s  ETA 1h37m36s
[nnue-g1] 50706/79314  4.9 games/s  ETA 1h37m33s
[nnue-g1] 50717/79314  4.9 games/s  ETA 1h37m30s
[nnue-g1] 50729/79314  4.9 games/s  ETA 1h37m28s
[nnue-g1] 50742/79314  4.9 games/s  ETA 1h37m25s
[nnue-g1] 50756/79314  4.9 games/s  ETA 1h37m21s
[nnue-g1] 50771/79314  4.9 games/s  ETA 1h37m18s
[nnue-g1] 50787/79314  4.9 games/s  ETA 1h37m14s
[nnue-g1] 50804/79314  4.9 games/s  ETA 1h37m09s
[nnue-g1] 50821/79314  4.9 games/s  ETA 1h37m05s
[nnue-g1] 50833/79314  4.9 games/s  ETA 1h37m02s
[nnue-g1] 50847/79314  4.9 games/s  ETA 1h36m59s
[nnue-g1] 50862/79314  4.9 games/s  ETA 1h36m55s
[nnue-g1] 50876/79314  4.9 games/s  ETA 1h36m52s
[nnue-g1] 50885/79314  4.9 games/s  ETA 1h36m50s
[nnue-g1] 50900/79314  4.9 games/s  ETA 1h36m46s
[nnue-g1] 50916/79314  4.9 games/s  ETA 1h36m42s
[nnue-g1] 50929/79314  4.9 games/s  ETA 1h36m39s
[nnue-g1] 50940/79314  4.9 games/s  ETA 1h36m37s
[nnue-g1] 50955/79314  4.9 games/s  ETA 1h36m33s
[nnue-g1] 50963/79314  4.9 games/s  ETA 1h36m32s
[nnue-g1] 50976/79314  4.9 games/s  ETA 1h36m29s
[nnue-g1] 50988/79314  4.9 games/s  ETA 1h36m26s
[nnue-g1] 50997/79314  4.9 games/s  ETA 1h36m25s
[nnue-g1] 51010/79314  4.9 games/s  ETA 1h36m22s
[nnue-g1] 51021/79314  4.9 games/s  ETA 1h36m19s
[nnue-g1] 51034/79314  4.9 games/s  ETA 1h36m16s
[nnue-g1] 51048/79314  4.9 games/s  ETA 1h36m13s
[nnue-g1] 51057/79314  4.9 games/s  ETA 1h36m11s
[nnue-g1] 51072/79314  4.9 games/s  ETA 1h36m07s
[nnue-g1] 51088/79314  4.9 games/s  ETA 1h36m03s
[nnue-g1] 51102/79314  4.9 games/s  ETA 1h36m00s
[nnue-g1] 51117/79314  4.9 games/s  ETA 1h35m56s
[nnue-g1] 51131/79314  4.9 games/s  ETA 1h35m53s
[nnue-g1] 51147/79314  4.9 games/s  ETA 1h35m49s
[nnue-g1] 51160/79314  4.9 games/s  ETA 1h35m46s
[nnue-g1] 51173/79314  4.9 games/s  ETA 1h35m43s
[nnue-g1] 51188/79314  4.9 games/s  ETA 1h35m39s
[nnue-g1] 51204/79314  4.9 games/s  ETA 1h35m36s
[nnue-g1] 51217/79314  4.9 games/s  ETA 1h35m33s
[nnue-g1] 51236/79314  4.9 games/s  ETA 1h35m28s
[nnue-g1] 51251/79314  4.9 games/s  ETA 1h35m24s
[nnue-g1] 51268/79314  4.9 games/s  ETA 1h35m20s
[nnue-g1] 51283/79314  4.9 games/s  ETA 1h35m16s
[nnue-g1] 51294/79314  4.9 games/s  ETA 1h35m14s
[nnue-g1] 51308/79314  4.9 games/s  ETA 1h35m10s
[nnue-g1] 51318/79314  4.9 games/s  ETA 1h35m08s
[nnue-g1] 51332/79314  4.9 games/s  ETA 1h35m05s
[nnue-g1] 51347/79314  4.9 games/s  ETA 1h35m01s
[nnue-g1] 51355/79314  4.9 games/s  ETA 1h35m00s
[nnue-g1] 51369/79314  4.9 games/s  ETA 1h34m57s
[nnue-g1] 51381/79314  4.9 games/s  ETA 1h34m54s
[nnue-g1] 51392/79314  4.9 games/s  ETA 1h34m52s
[nnue-g1] 51401/79314  4.9 games/s  ETA 1h34m50s
[nnue-g1] 51411/79314  4.9 games/s  ETA 1h34m48s
[nnue-g1] 51426/79314  4.9 games/s  ETA 1h34m44s
[nnue-g1] 51439/79314  4.9 games/s  ETA 1h34m41s
[nnue-g1] 51451/79314  4.9 games/s  ETA 1h34m38s
[nnue-g1] 51466/79314  4.9 games/s  ETA 1h34m35s
[nnue-g1] 51477/79314  4.9 games/s  ETA 1h34m32s
[nnue-g1] 51492/79314  4.9 games/s  ETA 1h34m29s
[nnue-g1] 51506/79314  4.9 games/s  ETA 1h34m25s
[nnue-g1] 51514/79314  4.9 games/s  ETA 1h34m24s
[nnue-g1] 51528/79314  4.9 games/s  ETA 1h34m21s
[nnue-g1] 51543/79314  4.9 games/s  ETA 1h34m17s
[nnue-g1] 51554/79314  4.9 games/s  ETA 1h34m15s
[nnue-g1] 51566/79314  4.9 games/s  ETA 1h34m12s
[nnue-g1] 51577/79314  4.9 games/s  ETA 1h34m10s
[nnue-g1] 51593/79314  4.9 games/s  ETA 1h34m06s
[nnue-g1] 51608/79314  4.9 games/s  ETA 1h34m02s
[nnue-g1] 51618/79314  4.9 games/s  ETA 1h34m00s
[nnue-g1] 51629/79314  4.9 games/s  ETA 1h33m58s
[nnue-g1] 51643/79314  4.9 games/s  ETA 1h33m54s
[nnue-g1] 51657/79314  4.9 games/s  ETA 1h33m51s
[nnue-g1] 51666/79314  4.9 games/s  ETA 1h33m49s
[nnue-g1] 51680/79314  4.9 games/s  ETA 1h33m46s
[nnue-g1] 51691/79314  4.9 games/s  ETA 1h33m44s
[nnue-g1] 51704/79314  4.9 games/s  ETA 1h33m41s
[nnue-g1] 51715/79314  4.9 games/s  ETA 1h33m38s
[nnue-g1] 51724/79314  4.9 games/s  ETA 1h33m37s
[nnue-g1] 51737/79314  4.9 games/s  ETA 1h33m34s
[nnue-g1] 51751/79314  4.9 games/s  ETA 1h33m30s
[nnue-g1] 51763/79314  4.9 games/s  ETA 1h33m28s
[nnue-g1] 51773/79314  4.9 games/s  ETA 1h33m26s
[nnue-g1] 51782/79314  4.9 games/s  ETA 1h33m24s
[nnue-g1] 51798/79314  4.9 games/s  ETA 1h33m20s
[nnue-g1] 51809/79314  4.9 games/s  ETA 1h33m18s
[nnue-g1] 51822/79314  4.9 games/s  ETA 1h33m15s
[nnue-g1] 51837/79314  4.9 games/s  ETA 1h33m11s
[nnue-g1] 51846/79314  4.9 games/s  ETA 1h33m09s
[nnue-g1] 51854/79314  4.9 games/s  ETA 1h33m08s
[nnue-g1] 51864/79314  4.9 games/s  ETA 1h33m06s
[nnue-g1] 51873/79314  4.9 games/s  ETA 1h33m04s
[nnue-g1] 51887/79314  4.9 games/s  ETA 1h33m01s
[nnue-g1] 51898/79314  4.9 games/s  ETA 1h32m58s
[nnue-g1] 51909/79314  4.9 games/s  ETA 1h32m56s
[nnue-g1] 51920/79314  4.9 games/s  ETA 1h32m54s
[nnue-g1] 51930/79314  4.9 games/s  ETA 1h32m52s
[nnue-g1] 51938/79314  4.9 games/s  ETA 1h32m50s
[nnue-g1] 51953/79314  4.9 games/s  ETA 1h32m47s
[nnue-g1] 51963/79314  4.9 games/s  ETA 1h32m44s
[nnue-g1] 51976/79314  4.9 games/s  ETA 1h32m41s
[nnue-g1] 51987/79314  4.9 games/s  ETA 1h32m39s
[nnue-g1] 51998/79314  4.9 games/s  ETA 1h32m37s
[nnue-g1] 52009/79314  4.9 games/s  ETA 1h32m34s
[nnue-g1] 52018/79314  4.9 games/s  ETA 1h32m33s
[nnue-g1] 52027/79314  4.9 games/s  ETA 1h32m31s
[nnue-g1] 52038/79314  4.9 games/s  ETA 1h32m29s
[nnue-g1] 52046/79314  4.9 games/s  ETA 1h32m27s
[nnue-g1] 52052/79314  4.9 games/s  ETA 1h32m26s
[nnue-g1] 52061/79314  4.9 games/s  ETA 1h32m25s
[nnue-g1] 52067/79314  4.9 games/s  ETA 1h32m24s
[nnue-g1] 52077/79314  4.9 games/s  ETA 1h32m22s
[nnue-g1] 52086/79314  4.9 games/s  ETA 1h32m20s
[nnue-g1] 52095/79314  4.9 games/s  ETA 1h32m18s
[nnue-g1] 52111/79314  4.9 games/s  ETA 1h32m14s
[nnue-g1] 52116/79314  4.9 games/s  ETA 1h32m14s
[nnue-g1] 52126/79314  4.9 games/s  ETA 1h32m12s
[nnue-g1] 52133/79314  4.9 games/s  ETA 1h32m11s
[nnue-g1] 52148/79314  4.9 games/s  ETA 1h32m07s
[nnue-g1] 52154/79314  4.9 games/s  ETA 1h32m06s
[nnue-g1] 52165/79314  4.9 games/s  ETA 1h32m04s
[nnue-g1] 52172/79314  4.9 games/s  ETA 1h32m03s
[nnue-g1] 52180/79314  4.9 games/s  ETA 1h32m01s
[nnue-g1] 52189/79314  4.9 games/s  ETA 1h32m00s
[nnue-g1] 52197/79314  4.9 games/s  ETA 1h31m58s
[nnue-g1] 52207/79314  4.9 games/s  ETA 1h31m56s
[nnue-g1] 52217/79314  4.9 games/s  ETA 1h31m54s
[nnue-g1] 52222/79314  4.9 games/s  ETA 1h31m54s
[nnue-g1] 52226/79314  4.9 games/s  ETA 1h31m53s
[nnue-g1] 52237/79314  4.9 games/s  ETA 1h31m51s
[nnue-g1] 52245/79314  4.9 games/s  ETA 1h31m50s
[nnue-g1] 52254/79314  4.9 games/s  ETA 1h31m48s
[nnue-g1] 52261/79314  4.9 games/s  ETA 1h31m47s
[nnue-g1] 52269/79314  4.9 games/s  ETA 1h31m45s
[nnue-g1] 52276/79314  4.9 games/s  ETA 1h31m44s
[nnue-g1] 52286/79314  4.9 games/s  ETA 1h31m42s
[nnue-g1] 52296/79314  4.9 games/s  ETA 1h31m40s
[nnue-g1] 52302/79314  4.9 games/s  ETA 1h31m39s
[nnue-g1] 52309/79314  4.9 games/s  ETA 1h31m38s
[nnue-g1] 52318/79314  4.9 games/s  ETA 1h31m36s
[nnue-g1] 52321/79314  4.9 games/s  ETA 1h31m36s
[nnue-g1] 52329/79314  4.9 games/s  ETA 1h31m35s
[nnue-g1] 52337/79314  4.9 games/s  ETA 1h31m34s
[nnue-g1] 52344/79314  4.9 games/s  ETA 1h31m32s
[nnue-g1] 52354/79314  4.9 games/s  ETA 1h31m30s
[nnue-g1] 52364/79314  4.9 games/s  ETA 1h31m28s
[nnue-g1] 52371/79314  4.9 games/s  ETA 1h31m27s
[nnue-g1] 52379/79314  4.9 games/s  ETA 1h31m26s
[nnue-g1] 52384/79314  4.9 games/s  ETA 1h31m25s
[nnue-g1] 52390/79314  4.9 games/s  ETA 1h31m24s
[nnue-g1] 52397/79314  4.9 games/s  ETA 1h31m23s
[nnue-g1] 52400/79314  4.9 games/s  ETA 1h31m23s
[nnue-g1] 52411/79314  4.9 games/s  ETA 1h31m21s
[nnue-g1] 52417/79314  4.9 games/s  ETA 1h31m20s
[nnue-g1] 52423/79314  4.9 games/s  ETA 1h31m19s
[nnue-g1] 52431/79314  4.9 games/s  ETA 1h31m18s
[nnue-g1] 52437/79314  4.9 games/s  ETA 1h31m17s
[nnue-g1] 52449/79314  4.9 games/s  ETA 1h31m14s
[nnue-g1] 52457/79314  4.9 games/s  ETA 1h31m13s
[nnue-g1] 52465/79314  4.9 games/s  ETA 1h31m12s
[nnue-g1] 52471/79314  4.9 games/s  ETA 1h31m11s
[nnue-g1] 52477/79314  4.9 games/s  ETA 1h31m10s
[nnue-g1] 52486/79314  4.9 games/s  ETA 1h31m08s
[nnue-g1] 52493/79314  4.9 games/s  ETA 1h31m07s
[nnue-g1] 52500/79314  4.9 games/s  ETA 1h31m06s
[nnue-g1] 52509/79314  4.9 games/s  ETA 1h31m04s
[nnue-g1] 52518/79314  4.9 games/s  ETA 1h31m02s
[nnue-g1] 52528/79314  4.9 games/s  ETA 1h31m00s
[nnue-g1] 52538/79314  4.9 games/s  ETA 1h30m58s
[nnue-g1] 52546/79314  4.9 games/s  ETA 1h30m57s
[nnue-g1] 52553/79314  4.9 games/s  ETA 1h30m56s
[nnue-g1] 52563/79314  4.9 games/s  ETA 1h30m54s
[nnue-g1] 52573/79314  4.9 games/s  ETA 1h30m52s
[nnue-g1] 52585/79314  4.9 games/s  ETA 1h30m49s
[nnue-g1] 52593/79314  4.9 games/s  ETA 1h30m48s
[nnue-g1] 52603/79314  4.9 games/s  ETA 1h30m46s
[nnue-g1] 52613/79314  4.9 games/s  ETA 1h30m43s
[nnue-g1] 52623/79314  4.9 games/s  ETA 1h30m41s
[nnue-g1] 52634/79314  4.9 games/s  ETA 1h30m39s
[nnue-g1] 52644/79314  4.9 games/s  ETA 1h30m37s
[nnue-g1] 52653/79314  4.9 games/s  ETA 1h30m35s
[nnue-g1] 52661/79314  4.9 games/s  ETA 1h30m34s
[nnue-g1] 52670/79314  4.9 games/s  ETA 1h30m32s
[nnue-g1] 52680/79314  4.9 games/s  ETA 1h30m30s
[nnue-g1] 52689/79314  4.9 games/s  ETA 1h30m28s
[nnue-g1] 52698/79314  4.9 games/s  ETA 1h30m26s
[nnue-g1] 52706/79314  4.9 games/s  ETA 1h30m25s
[nnue-g1] 52714/79314  4.9 games/s  ETA 1h30m24s
[nnue-g1] 52727/79314  4.9 games/s  ETA 1h30m21s
[nnue-g1] 52738/79314  4.9 games/s  ETA 1h30m18s
[nnue-g1] 52748/79314  4.9 games/s  ETA 1h30m16s
[nnue-g1] 52756/79314  4.9 games/s  ETA 1h30m15s
[nnue-g1] 52765/79314  4.9 games/s  ETA 1h30m13s
[nnue-g1] 52773/79314  4.9 games/s  ETA 1h30m12s
[nnue-g1] 52782/79314  4.9 games/s  ETA 1h30m10s
[nnue-g1] 52796/79314  4.9 games/s  ETA 1h30m07s
[nnue-g1] 52803/79314  4.9 games/s  ETA 1h30m05s
[nnue-g1] 52816/79314  4.9 games/s  ETA 1h30m02s
[nnue-g1] 52824/79314  4.9 games/s  ETA 1h30m01s
[nnue-g1] 52835/79314  4.9 games/s  ETA 1h29m59s
[nnue-g1] 52841/79314  4.9 games/s  ETA 1h29m58s
[nnue-g1] 52847/79314  4.9 games/s  ETA 1h29m57s
[nnue-g1] 52858/79314  4.9 games/s  ETA 1h29m55s
[nnue-g1] 52870/79314  4.9 games/s  ETA 1h29m52s
[nnue-g1] 52878/79314  4.9 games/s  ETA 1h29m50s
[nnue-g1] 52888/79314  4.9 games/s  ETA 1h29m48s
[nnue-g1] 52897/79314  4.9 games/s  ETA 1h29m47s
[nnue-g1] 52904/79314  4.9 games/s  ETA 1h29m46s
[nnue-g1] 52911/79314  4.9 games/s  ETA 1h29m44s
[nnue-g1] 52917/79314  4.9 games/s  ETA 1h29m44s
[nnue-g1] 52925/79314  4.9 games/s  ETA 1h29m42s
[nnue-g1] 52931/79314  4.9 games/s  ETA 1h29m41s
[nnue-g1] 52941/79314  4.9 games/s  ETA 1h29m39s
[nnue-g1] 52951/79314  4.9 games/s  ETA 1h29m37s
[nnue-g1] 52963/79314  4.9 games/s  ETA 1h29m34s
[nnue-g1] 52964/79314  4.9 games/s  ETA 1h29m35s
[nnue-g1] 52977/79314  4.9 games/s  ETA 1h29m32s
[nnue-g1] 52985/79314  4.9 games/s  ETA 1h29m31s
[nnue-g1] 52995/79314  4.9 games/s  ETA 1h29m29s
[nnue-g1] 53000/79314  4.9 games/s  ETA 1h29m28s
[nnue-g1] 53012/79314  4.9 games/s  ETA 1h29m25s
[nnue-g1] 53026/79314  4.9 games/s  ETA 1h29m22s
[nnue-g1] 53037/79314  4.9 games/s  ETA 1h29m20s
[nnue-g1] 53044/79314  4.9 games/s  ETA 1h29m19s
[nnue-g1] 53055/79314  4.9 games/s  ETA 1h29m16s
[nnue-g1] 53064/79314  4.9 games/s  ETA 1h29m15s
[nnue-g1] 53075/79314  4.9 games/s  ETA 1h29m12s
[nnue-g1] 53082/79314  4.9 games/s  ETA 1h29m11s
[nnue-g1] 53092/79314  4.9 games/s  ETA 1h29m09s
[nnue-g1] 53101/79314  4.9 games/s  ETA 1h29m07s
[nnue-g1] 53108/79314  4.9 games/s  ETA 1h29m06s
[nnue-g1] 53119/79314  4.9 games/s  ETA 1h29m04s
[nnue-g1] 53125/79314  4.9 games/s  ETA 1h29m03s
[nnue-g1] 53133/79314  4.9 games/s  ETA 1h29m01s
[nnue-g1] 53143/79314  4.9 games/s  ETA 1h28m59s
[nnue-g1] 53152/79314  4.9 games/s  ETA 1h28m58s
[nnue-g1] 53162/79314  4.9 games/s  ETA 1h28m56s
[nnue-g1] 53170/79314  4.9 games/s  ETA 1h28m54s
[nnue-g1] 53178/79314  4.9 games/s  ETA 1h28m53s
[nnue-g1] 53189/79314  4.9 games/s  ETA 1h28m50s
[nnue-g1] 53194/79314  4.9 games/s  ETA 1h28m50s
[nnue-g1] 53203/79314  4.9 games/s  ETA 1h28m48s
[nnue-g1] 53213/79314  4.9 games/s  ETA 1h28m46s
[nnue-g1] 53221/79314  4.9 games/s  ETA 1h28m45s
[nnue-g1] 53232/79314  4.9 games/s  ETA 1h28m42s
[nnue-g1] 53243/79314  4.9 games/s  ETA 1h28m40s
[nnue-g1] 53252/79314  4.9 games/s  ETA 1h28m38s
[nnue-g1] 53262/79314  4.9 games/s  ETA 1h28m36s
[nnue-g1] 53274/79314  4.9 games/s  ETA 1h28m33s
[nnue-g1] 53282/79314  4.9 games/s  ETA 1h28m32s
[nnue-g1] 53290/79314  4.9 games/s  ETA 1h28m30s
[nnue-g1] 53302/79314  4.9 games/s  ETA 1h28m28s
[nnue-g1] 53309/79314  4.9 games/s  ETA 1h28m27s
[nnue-g1] 53317/79314  4.9 games/s  ETA 1h28m25s
[nnue-g1] 53326/79314  4.9 games/s  ETA 1h28m23s
[nnue-g1] 53335/79314  4.9 games/s  ETA 1h28m22s
[nnue-g1] 53344/79314  4.9 games/s  ETA 1h28m20s
[nnue-g1] 53357/79314  4.9 games/s  ETA 1h28m17s
[nnue-g1] 53368/79314  4.9 games/s  ETA 1h28m15s
[nnue-g1] 53375/79314  4.9 games/s  ETA 1h28m13s
[nnue-g1] 53385/79314  4.9 games/s  ETA 1h28m11s
[nnue-g1] 53398/79314  4.9 games/s  ETA 1h28m08s
[nnue-g1] 53411/79314  4.9 games/s  ETA 1h28m05s
[nnue-g1] 53423/79314  4.9 games/s  ETA 1h28m03s
[nnue-g1] 53432/79314  4.9 games/s  ETA 1h28m01s
[nnue-g1] 53444/79314  4.9 games/s  ETA 1h27m58s
[nnue-g1] 53456/79314  4.9 games/s  ETA 1h27m56s
[nnue-g1] 53465/79314  4.9 games/s  ETA 1h27m54s
[nnue-g1] 53476/79314  4.9 games/s  ETA 1h27m52s
[nnue-g1] 53485/79314  4.9 games/s  ETA 1h27m50s
[nnue-g1] 53496/79314  4.9 games/s  ETA 1h27m47s
[nnue-g1] 53508/79314  4.9 games/s  ETA 1h27m45s
[nnue-g1] 53520/79314  4.9 games/s  ETA 1h27m42s
[nnue-g1] 53529/79314  4.9 games/s  ETA 1h27m40s
[nnue-g1] 53540/79314  4.9 games/s  ETA 1h27m38s
[nnue-g1] 53553/79314  4.9 games/s  ETA 1h27m35s
[nnue-g1] 53560/79314  4.9 games/s  ETA 1h27m34s
[nnue-g1] 53573/79314  4.9 games/s  ETA 1h27m31s
[nnue-g1] 53581/79314  4.9 games/s  ETA 1h27m29s
[nnue-g1] 53594/79314  4.9 games/s  ETA 1h27m26s
[nnue-g1] 53605/79314  4.9 games/s  ETA 1h27m24s
[nnue-g1] 53611/79314  4.9 games/s  ETA 1h27m23s
[nnue-g1] 53623/79314  4.9 games/s  ETA 1h27m21s
[nnue-g1] 53635/79314  4.9 games/s  ETA 1h27m18s
[nnue-g1] 53645/79314  4.9 games/s  ETA 1h27m16s
[nnue-g1] 53656/79314  4.9 games/s  ETA 1h27m14s
[nnue-g1] 53669/79314  4.9 games/s  ETA 1h27m11s
[nnue-g1] 53676/79314  4.9 games/s  ETA 1h27m09s
[nnue-g1] 53687/79314  4.9 games/s  ETA 1h27m07s
[nnue-g1] 53699/79314  4.9 games/s  ETA 1h27m04s
[nnue-g1] 53708/79314  4.9 games/s  ETA 1h27m03s
[nnue-g1] 53721/79314  4.9 games/s  ETA 1h27m00s
[nnue-g1] 53734/79314  4.9 games/s  ETA 1h26m57s
[nnue-g1] 53744/79314  4.9 games/s  ETA 1h26m55s
[nnue-g1] 53754/79314  4.9 games/s  ETA 1h26m53s
[nnue-g1] 53766/79314  4.9 games/s  ETA 1h26m50s
[nnue-g1] 53781/79314  4.9 games/s  ETA 1h26m46s
[nnue-g1] 53792/79314  4.9 games/s  ETA 1h26m44s
[nnue-g1] 53806/79314  4.9 games/s  ETA 1h26m41s
[nnue-g1] 53819/79314  4.9 games/s  ETA 1h26m38s
[nnue-g1] 53827/79314  4.9 games/s  ETA 1h26m36s
[nnue-g1] 53837/79314  4.9 games/s  ETA 1h26m34s
[nnue-g1] 53850/79314  4.9 games/s  ETA 1h26m31s
[nnue-g1] 53861/79314  4.9 games/s  ETA 1h26m29s
[nnue-g1] 53870/79314  4.9 games/s  ETA 1h26m27s
[nnue-g1] 53883/79314  4.9 games/s  ETA 1h26m24s
[nnue-g1] 53898/79314  4.9 games/s  ETA 1h26m21s
[nnue-g1] 53912/79314  4.9 games/s  ETA 1h26m17s
[nnue-g1] 53923/79314  4.9 games/s  ETA 1h26m15s
[nnue-g1] 53935/79314  4.9 games/s  ETA 1h26m12s
[nnue-g1] 53943/79314  4.9 games/s  ETA 1h26m11s
[nnue-g1] 53954/79314  4.9 games/s  ETA 1h26m09s
[nnue-g1] 53965/79314  4.9 games/s  ETA 1h26m06s
[nnue-g1] 53977/79314  4.9 games/s  ETA 1h26m04s
[nnue-g1] 53990/79314  4.9 games/s  ETA 1h26m01s
[nnue-g1] 53999/79314  4.9 games/s  ETA 1h25m59s
[nnue-g1] 54009/79314  4.9 games/s  ETA 1h25m57s
[nnue-g1] 54020/79314  4.9 games/s  ETA 1h25m55s
[nnue-g1] 54027/79314  4.9 games/s  ETA 1h25m53s
[nnue-g1] 54038/79314  4.9 games/s  ETA 1h25m51s
[nnue-g1] 54050/79314  4.9 games/s  ETA 1h25m48s
[nnue-g1] 54063/79314  4.9 games/s  ETA 1h25m45s
[nnue-g1] 54072/79314  4.9 games/s  ETA 1h25m44s
[nnue-g1] 54083/79314  4.9 games/s  ETA 1h25m41s
[nnue-g1] 54099/79314  4.9 games/s  ETA 1h25m37s
[nnue-g1] 54109/79314  4.9 games/s  ETA 1h25m35s
[nnue-g1] 54121/79314  4.9 games/s  ETA 1h25m33s
[nnue-g1] 54132/79314  4.9 games/s  ETA 1h25m30s
[nnue-g1] 54139/79314  4.9 games/s  ETA 1h25m29s
[nnue-g1] 54149/79314  4.9 games/s  ETA 1h25m27s
[nnue-g1] 54159/79314  4.9 games/s  ETA 1h25m25s
[nnue-g1] 54169/79314  4.9 games/s  ETA 1h25m23s
[nnue-g1] 54176/79314  4.9 games/s  ETA 1h25m22s
[nnue-g1] 54188/79314  4.9 games/s  ETA 1h25m19s
[nnue-g1] 54196/79314  4.9 games/s  ETA 1h25m18s
[nnue-g1] 54205/79314  4.9 games/s  ETA 1h25m16s
[nnue-g1] 54215/79314  4.9 games/s  ETA 1h25m14s
[nnue-g1] 54227/79314  4.9 games/s  ETA 1h25m11s
[nnue-g1] 54234/79314  4.9 games/s  ETA 1h25m10s
[nnue-g1] 54246/79314  4.9 games/s  ETA 1h25m08s
[nnue-g1] 54257/79314  4.9 games/s  ETA 1h25m05s
[nnue-g1] 54267/79314  4.9 games/s  ETA 1h25m03s
[nnue-g1] 54277/79314  4.9 games/s  ETA 1h25m01s
[nnue-g1] 54289/79314  4.9 games/s  ETA 1h24m58s
[nnue-g1] 54299/79314  4.9 games/s  ETA 1h24m56s
[nnue-g1] 54313/79314  4.9 games/s  ETA 1h24m53s
[nnue-g1] 54326/79314  4.9 games/s  ETA 1h24m50s
[nnue-g1] 54333/79314  4.9 games/s  ETA 1h24m49s
[nnue-g1] 54346/79314  4.9 games/s  ETA 1h24m46s
[nnue-g1] 54359/79314  4.9 games/s  ETA 1h24m43s
[nnue-g1] 54370/79314  4.9 games/s  ETA 1h24m41s
[nnue-g1] 54383/79314  4.9 games/s  ETA 1h24m38s
[nnue-g1] 54390/79314  4.9 games/s  ETA 1h24m37s
[nnue-g1] 54399/79314  4.9 games/s  ETA 1h24m35s
[nnue-g1] 54409/79314  4.9 games/s  ETA 1h24m33s
[nnue-g1] 54419/79314  4.9 games/s  ETA 1h24m31s
[nnue-g1] 54430/79314  4.9 games/s  ETA 1h24m28s
[nnue-g1] 54441/79314  4.9 games/s  ETA 1h24m26s
[nnue-g1] 54451/79314  4.9 games/s  ETA 1h24m24s
[nnue-g1] 54456/79314  4.9 games/s  ETA 1h24m24s
[nnue-g1] 54466/79314  4.9 games/s  ETA 1h24m21s
[nnue-g1] 54474/79314  4.9 games/s  ETA 1h24m20s
[nnue-g1] 54487/79314  4.9 games/s  ETA 1h24m17s
[nnue-g1] 54494/79314  4.9 games/s  ETA 1h24m16s
[nnue-g1] 54507/79314  4.9 games/s  ETA 1h24m13s
[nnue-g1] 54521/79314  4.9 games/s  ETA 1h24m10s
[nnue-g1] 54530/79314  4.9 games/s  ETA 1h24m08s
[nnue-g1] 54539/79314  4.9 games/s  ETA 1h24m06s
[nnue-g1] 54550/79314  4.9 games/s  ETA 1h24m04s
[nnue-g1] 54561/79314  4.9 games/s  ETA 1h24m01s
[nnue-g1] 54570/79314  4.9 games/s  ETA 1h24m00s
[nnue-g1] 54584/79314  4.9 games/s  ETA 1h23m56s
[nnue-g1] 54590/79314  4.9 games/s  ETA 1h23m56s
[nnue-g1] 54601/79314  4.9 games/s  ETA 1h23m53s
[nnue-g1] 54609/79314  4.9 games/s  ETA 1h23m52s
[nnue-g1] 54618/79314  4.9 games/s  ETA 1h23m50s
[nnue-g1] 54627/79314  4.9 games/s  ETA 1h23m48s
[nnue-g1] 54635/79314  4.9 games/s  ETA 1h23m47s
[nnue-g1] 54647/79314  4.9 games/s  ETA 1h23m44s
[nnue-g1] 54658/79314  4.9 games/s  ETA 1h23m42s
[nnue-g1] 54664/79314  4.9 games/s  ETA 1h23m41s
[nnue-g1] 54678/79314  4.9 games/s  ETA 1h23m38s
[nnue-g1] 54682/79314  4.9 games/s  ETA 1h23m37s
[nnue-g1] 54692/79314  4.9 games/s  ETA 1h23m35s
[nnue-g1] 54701/79314  4.9 games/s  ETA 1h23m34s
[nnue-g1] 54707/79314  4.9 games/s  ETA 1h23m33s
[nnue-g1] 54719/79314  4.9 games/s  ETA 1h23m30s
[nnue-g1] 54726/79314  4.9 games/s  ETA 1h23m29s
[nnue-g1] 54737/79314  4.9 games/s  ETA 1h23m27s
[nnue-g1] 54740/79314  4.9 games/s  ETA 1h23m27s
[nnue-g1] 54748/79314  4.9 games/s  ETA 1h23m25s
[nnue-g1] 54762/79314  4.9 games/s  ETA 1h23m22s
[nnue-g1] 54774/79314  4.9 games/s  ETA 1h23m19s
[nnue-g1] 54784/79314  4.9 games/s  ETA 1h23m17s
[nnue-g1] 54799/79314  4.9 games/s  ETA 1h23m14s
[nnue-g1] 54815/79314  4.9 games/s  ETA 1h23m10s
[nnue-g1] 54826/79314  4.9 games/s  ETA 1h23m08s
[nnue-g1] 54840/79314  4.9 games/s  ETA 1h23m04s
[nnue-g1] 54853/79314  4.9 games/s  ETA 1h23m01s
[nnue-g1] 54863/79314  4.9 games/s  ETA 1h22m59s
[nnue-g1] 54877/79314  4.9 games/s  ETA 1h22m56s
[nnue-g1] 54890/79314  4.9 games/s  ETA 1h22m53s
[nnue-g1] 54902/79314  4.9 games/s  ETA 1h22m51s
[nnue-g1] 54915/79314  4.9 games/s  ETA 1h22m48s
[nnue-g1] 54931/79314  4.9 games/s  ETA 1h22m44s
[nnue-g1] 54944/79314  4.9 games/s  ETA 1h22m41s
[nnue-g1] 54961/79314  4.9 games/s  ETA 1h22m37s
[nnue-g1] 54972/79314  4.9 games/s  ETA 1h22m34s
[nnue-g1] 54986/79314  4.9 games/s  ETA 1h22m31s
[nnue-g1] 54998/79314  4.9 games/s  ETA 1h22m29s
[nnue-g1] 55013/79314  4.9 games/s  ETA 1h22m25s
[nnue-g1] 55029/79314  4.9 games/s  ETA 1h22m21s
[nnue-g1] 55044/79314  4.9 games/s  ETA 1h22m18s
[nnue-g1] 55057/79314  4.9 games/s  ETA 1h22m15s
[nnue-g1] 55076/79314  4.9 games/s  ETA 1h22m10s
[nnue-g1] 55085/79314  4.9 games/s  ETA 1h22m08s
[nnue-g1] 55098/79314  4.9 games/s  ETA 1h22m05s
[nnue-g1] 55111/79314  4.9 games/s  ETA 1h22m02s
[nnue-g1] 55122/79314  4.9 games/s  ETA 1h22m00s
[nnue-g1] 55136/79314  4.9 games/s  ETA 1h21m57s
[nnue-g1] 55149/79314  4.9 games/s  ETA 1h21m54s
[nnue-g1] 55169/79314  4.9 games/s  ETA 1h21m49s
[nnue-g1] 55187/79314  4.9 games/s  ETA 1h21m45s
[nnue-g1] 55199/79314  4.9 games/s  ETA 1h21m42s
[nnue-g1] 55218/79314  4.9 games/s  ETA 1h21m37s
[nnue-g1] 55235/79314  4.9 games/s  ETA 1h21m33s
[nnue-g1] 55260/79314  4.9 games/s  ETA 1h21m27s
[nnue-g1] 55275/79314  4.9 games/s  ETA 1h21m23s
[nnue-g1] 55296/79314  4.9 games/s  ETA 1h21m18s
[nnue-g1] 55313/79314  4.9 games/s  ETA 1h21m14s
[nnue-g1] 55332/79314  4.9 games/s  ETA 1h21m09s
[nnue-g1] 55349/79314  4.9 games/s  ETA 1h21m05s
[nnue-g1] 55364/79314  4.9 games/s  ETA 1h21m02s
[nnue-g1] 55383/79314  4.9 games/s  ETA 1h20m57s
[nnue-g1] 55404/79314  4.9 games/s  ETA 1h20m52s
[nnue-g1] 55421/79314  4.9 games/s  ETA 1h20m48s
[nnue-g1] 55440/79314  4.9 games/s  ETA 1h20m43s
[nnue-g1] 55459/79314  4.9 games/s  ETA 1h20m38s
[nnue-g1] 55476/79314  4.9 games/s  ETA 1h20m34s
[nnue-g1] 55493/79314  4.9 games/s  ETA 1h20m30s
[nnue-g1] 55511/79314  4.9 games/s  ETA 1h20m26s
[nnue-g1] 55531/79314  4.9 games/s  ETA 1h20m21s
[nnue-g1] 55547/79314  4.9 games/s  ETA 1h20m17s
[nnue-g1] 55561/79314  4.9 games/s  ETA 1h20m14s
[nnue-g1] 55574/79314  4.9 games/s  ETA 1h20m11s
[nnue-g1] 55582/79314  4.9 games/s  ETA 1h20m10s
[nnue-g1] 55596/79314  4.9 games/s  ETA 1h20m07s
[nnue-g1] 55610/79314  4.9 games/s  ETA 1h20m03s
[nnue-g1] 55628/79314  4.9 games/s  ETA 1h19m59s
[nnue-g1] 55647/79314  4.9 games/s  ETA 1h19m54s
[nnue-g1] 55665/79314  4.9 games/s  ETA 1h19m50s
[nnue-g1] 55685/79314  4.9 games/s  ETA 1h19m45s
[nnue-g1] 55698/79314  4.9 games/s  ETA 1h19m42s
[nnue-g1] 55717/79314  4.9 games/s  ETA 1h19m38s
[nnue-g1] 55734/79314  4.9 games/s  ETA 1h19m33s
[nnue-g1] 55746/79314  4.9 games/s  ETA 1h19m31s
[nnue-g1] 55763/79314  4.9 games/s  ETA 1h19m27s
[nnue-g1] 55782/79314  4.9 games/s  ETA 1h19m22s
[nnue-g1] 55798/79314  4.9 games/s  ETA 1h19m18s
[nnue-g1] 55817/79314  4.9 games/s  ETA 1h19m14s
[nnue-g1] 55833/79314  4.9 games/s  ETA 1h19m10s
[nnue-g1] 55853/79314  4.9 games/s  ETA 1h19m05s
[nnue-g1] 55867/79314  4.9 games/s  ETA 1h19m02s
[nnue-g1] 55885/79314  4.9 games/s  ETA 1h18m58s
[nnue-g1] 55901/79314  4.9 games/s  ETA 1h18m54s
[nnue-g1] 55919/79314  4.9 games/s  ETA 1h18m50s
[nnue-g1] 55935/79314  4.9 games/s  ETA 1h18m46s
[nnue-g1] 55952/79314  4.9 games/s  ETA 1h18m42s
[nnue-g1] 55970/79314  4.9 games/s  ETA 1h18m37s
[nnue-g1] 55984/79314  4.9 games/s  ETA 1h18m34s
[nnue-g1] 56003/79314  4.9 games/s  ETA 1h18m30s
[nnue-g1] 56015/79314  4.9 games/s  ETA 1h18m27s
[nnue-g1] 56033/79314  4.9 games/s  ETA 1h18m23s
[nnue-g1] 56050/79314  5.0 games/s  ETA 1h18m19s
[nnue-g1] 56064/79314  5.0 games/s  ETA 1h18m16s
[nnue-g1] 56079/79314  5.0 games/s  ETA 1h18m12s
[nnue-g1] 56093/79314  5.0 games/s  ETA 1h18m09s
[nnue-g1] 56110/79314  5.0 games/s  ETA 1h18m05s
[nnue-g1] 56127/79314  5.0 games/s  ETA 1h18m01s
[nnue-g1] 56142/79314  5.0 games/s  ETA 1h17m57s
[nnue-g1] 56155/79314  5.0 games/s  ETA 1h17m55s
[nnue-g1] 56173/79314  5.0 games/s  ETA 1h17m50s
[nnue-g1] 56195/79314  5.0 games/s  ETA 1h17m45s
[nnue-g1] 56212/79314  5.0 games/s  ETA 1h17m41s
[nnue-g1] 56232/79314  5.0 games/s  ETA 1h17m36s
[nnue-g1] 56249/79314  5.0 games/s  ETA 1h17m32s
[nnue-g1] 56266/79314  5.0 games/s  ETA 1h17m28s
[nnue-g1] 56285/79314  5.0 games/s  ETA 1h17m23s
[nnue-g1] 56302/79314  5.0 games/s  ETA 1h17m19s
[nnue-g1] 56319/79314  5.0 games/s  ETA 1h17m15s
[nnue-g1] 56334/79314  5.0 games/s  ETA 1h17m12s
[nnue-g1] 56350/79314  5.0 games/s  ETA 1h17m08s
[nnue-g1] 56372/79314  5.0 games/s  ETA 1h17m03s
[nnue-g1] 56385/79314  5.0 games/s  ETA 1h17m00s
[nnue-g1] 56400/79314  5.0 games/s  ETA 1h16m56s
[nnue-g1] 56413/79314  5.0 games/s  ETA 1h16m54s
[nnue-g1] 56431/79314  5.0 games/s  ETA 1h16m49s
[nnue-g1] 56449/79314  5.0 games/s  ETA 1h16m45s
[nnue-g1] 56464/79314  5.0 games/s  ETA 1h16m42s
[nnue-g1] 56483/79314  5.0 games/s  ETA 1h16m37s
[nnue-g1] 56497/79314  5.0 games/s  ETA 1h16m34s
[nnue-g1] 56509/79314  5.0 games/s  ETA 1h16m31s
[nnue-g1] 56525/79314  5.0 games/s  ETA 1h16m28s
[nnue-g1] 56541/79314  5.0 games/s  ETA 1h16m24s
[nnue-g1] 56558/79314  5.0 games/s  ETA 1h16m20s
[nnue-g1] 56573/79314  5.0 games/s  ETA 1h16m16s
[nnue-g1] 56586/79314  5.0 games/s  ETA 1h16m14s
[nnue-g1] 56598/79314  5.0 games/s  ETA 1h16m11s
[nnue-g1] 56608/79314  5.0 games/s  ETA 1h16m09s
[nnue-g1] 56622/79314  5.0 games/s  ETA 1h16m06s
[nnue-g1] 56638/79314  5.0 games/s  ETA 1h16m02s
[nnue-g1] 56657/79314  5.0 games/s  ETA 1h15m58s
[nnue-g1] 56673/79314  5.0 games/s  ETA 1h15m54s
[nnue-g1] 56686/79314  5.0 games/s  ETA 1h15m51s
[nnue-g1] 56707/79314  5.0 games/s  ETA 1h15m46s
[nnue-g1] 56725/79314  5.0 games/s  ETA 1h15m42s
[nnue-g1] 56741/79314  5.0 games/s  ETA 1h15m38s
[nnue-g1] 56758/79314  5.0 games/s  ETA 1h15m34s
[nnue-g1] 56774/79314  5.0 games/s  ETA 1h15m30s
[nnue-g1] 56788/79314  5.0 games/s  ETA 1h15m27s
[nnue-g1] 56802/79314  5.0 games/s  ETA 1h15m24s
[nnue-g1] 56822/79314  5.0 games/s  ETA 1h15m19s
[nnue-g1] 56839/79314  5.0 games/s  ETA 1h15m15s
[nnue-g1] 56857/79314  5.0 games/s  ETA 1h15m11s
[nnue-g1] 56872/79314  5.0 games/s  ETA 1h15m07s
[nnue-g1] 56887/79314  5.0 games/s  ETA 1h15m04s
[nnue-g1] 56907/79314  5.0 games/s  ETA 1h14m59s
[nnue-g1] 56924/79314  5.0 games/s  ETA 1h14m55s
[nnue-g1] 56941/79314  5.0 games/s  ETA 1h14m51s
[nnue-g1] 56954/79314  5.0 games/s  ETA 1h14m48s
[nnue-g1] 56969/79314  5.0 games/s  ETA 1h14m45s
[nnue-g1] 56989/79314  5.0 games/s  ETA 1h14m40s
[nnue-g1] 57005/79314  5.0 games/s  ETA 1h14m37s
[nnue-g1] 57024/79314  5.0 games/s  ETA 1h14m32s
[nnue-g1] 57038/79314  5.0 games/s  ETA 1h14m29s
[nnue-g1] 57052/79314  5.0 games/s  ETA 1h14m26s
[nnue-g1] 57070/79314  5.0 games/s  ETA 1h14m22s
[nnue-g1] 57088/79314  5.0 games/s  ETA 1h14m17s
[nnue-g1] 57105/79314  5.0 games/s  ETA 1h14m13s
[nnue-g1] 57119/79314  5.0 games/s  ETA 1h14m10s
[nnue-g1] 57135/79314  5.0 games/s  ETA 1h14m07s
[nnue-g1] 57151/79314  5.0 games/s  ETA 1h14m03s
[nnue-g1] 57164/79314  5.0 games/s  ETA 1h14m00s
[nnue-g1] 57178/79314  5.0 games/s  ETA 1h13m57s
[nnue-g1] 57196/79314  5.0 games/s  ETA 1h13m53s
[nnue-g1] 57214/79314  5.0 games/s  ETA 1h13m49s
[nnue-g1] 57230/79314  5.0 games/s  ETA 1h13m45s
[nnue-g1] 57249/79314  5.0 games/s  ETA 1h13m40s
[nnue-g1] 57264/79314  5.0 games/s  ETA 1h13m37s
[nnue-g1] 57278/79314  5.0 games/s  ETA 1h13m34s
[nnue-g1] 57295/79314  5.0 games/s  ETA 1h13m30s
[nnue-g1] 57319/79314  5.0 games/s  ETA 1h13m24s
[nnue-g1] 57335/79314  5.0 games/s  ETA 1h13m20s
[nnue-g1] 57352/79314  5.0 games/s  ETA 1h13m16s
[nnue-g1] 57366/79314  5.0 games/s  ETA 1h13m13s
[nnue-g1] 57382/79314  5.0 games/s  ETA 1h13m10s
[nnue-g1] 57397/79314  5.0 games/s  ETA 1h13m06s
[nnue-g1] 57416/79314  5.0 games/s  ETA 1h13m02s
[nnue-g1] 57438/79314  5.0 games/s  ETA 1h12m56s
[nnue-g1] 57454/79314  5.0 games/s  ETA 1h12m53s
[nnue-g1] 57468/79314  5.0 games/s  ETA 1h12m50s
[nnue-g1] 57487/79314  5.0 games/s  ETA 1h12m45s
[nnue-g1] 57504/79314  5.0 games/s  ETA 1h12m41s
[nnue-g1] 57521/79314  5.0 games/s  ETA 1h12m37s
[nnue-g1] 57541/79314  5.0 games/s  ETA 1h12m33s
[nnue-g1] 57556/79314  5.0 games/s  ETA 1h12m29s
[nnue-g1] 57574/79314  5.0 games/s  ETA 1h12m25s
[nnue-g1] 57591/79314  5.0 games/s  ETA 1h12m21s
[nnue-g1] 57605/79314  5.0 games/s  ETA 1h12m18s
[nnue-g1] 57621/79314  5.0 games/s  ETA 1h12m14s
[nnue-g1] 57637/79314  5.0 games/s  ETA 1h12m11s
[nnue-g1] 57653/79314  5.0 games/s  ETA 1h12m07s
[nnue-g1] 57671/79314  5.0 games/s  ETA 1h12m03s
[nnue-g1] 57689/79314  5.0 games/s  ETA 1h11m59s
[nnue-g1] 57705/79314  5.0 games/s  ETA 1h11m55s
[nnue-g1] 57727/79314  5.0 games/s  ETA 1h11m50s
[nnue-g1] 57743/79314  5.0 games/s  ETA 1h11m46s
[nnue-g1] 57757/79314  5.0 games/s  ETA 1h11m43s
[nnue-g1] 57774/79314  5.0 games/s  ETA 1h11m39s
[nnue-g1] 57786/79314  5.0 games/s  ETA 1h11m37s
[nnue-g1] 57803/79314  5.0 games/s  ETA 1h11m33s
[nnue-g1] 57815/79314  5.0 games/s  ETA 1h11m30s
[nnue-g1] 57832/79314  5.0 games/s  ETA 1h11m26s
[nnue-g1] 57851/79314  5.0 games/s  ETA 1h11m22s
[nnue-g1] 57868/79314  5.0 games/s  ETA 1h11m18s
[nnue-g1] 57885/79314  5.0 games/s  ETA 1h11m14s
[nnue-g1] 57905/79314  5.0 games/s  ETA 1h11m09s
[nnue-g1] 57918/79314  5.0 games/s  ETA 1h11m06s
[nnue-g1] 57930/79314  5.0 games/s  ETA 1h11m04s
[nnue-g1] 57947/79314  5.0 games/s  ETA 1h11m00s
[nnue-g1] 57965/79314  5.0 games/s  ETA 1h10m56s
[nnue-g1] 57978/79314  5.0 games/s  ETA 1h10m53s
[nnue-g1] 57997/79314  5.0 games/s  ETA 1h10m48s
[nnue-g1] 58014/79314  5.0 games/s  ETA 1h10m45s
[nnue-g1] 58031/79314  5.0 games/s  ETA 1h10m41s
[nnue-g1] 58050/79314  5.0 games/s  ETA 1h10m36s
[nnue-g1] 58060/79314  5.0 games/s  ETA 1h10m34s
[nnue-g1] 58077/79314  5.0 games/s  ETA 1h10m30s
[nnue-g1] 58092/79314  5.0 games/s  ETA 1h10m27s
[nnue-g1] 58110/79314  5.0 games/s  ETA 1h10m23s
[nnue-g1] 58119/79314  5.0 games/s  ETA 1h10m21s
[nnue-g1] 58132/79314  5.0 games/s  ETA 1h10m18s
[nnue-g1] 58146/79314  5.0 games/s  ETA 1h10m15s
[nnue-g1] 58159/79314  5.0 games/s  ETA 1h10m12s
[nnue-g1] 58173/79314  5.0 games/s  ETA 1h10m09s
[nnue-g1] 58186/79314  5.0 games/s  ETA 1h10m07s
[nnue-g1] 58200/79314  5.0 games/s  ETA 1h10m04s
[nnue-g1] 58219/79314  5.0 games/s  ETA 1h09m59s
[nnue-g1] 58233/79314  5.0 games/s  ETA 1h09m56s
[nnue-g1] 58248/79314  5.0 games/s  ETA 1h09m53s
[nnue-g1] 58263/79314  5.0 games/s  ETA 1h09m49s
[nnue-g1] 58277/79314  5.0 games/s  ETA 1h09m46s
[nnue-g1] 58298/79314  5.0 games/s  ETA 1h09m41s
[nnue-g1] 58314/79314  5.0 games/s  ETA 1h09m38s
[nnue-g1] 58328/79314  5.0 games/s  ETA 1h09m35s
[nnue-g1] 58344/79314  5.0 games/s  ETA 1h09m31s
[nnue-g1] 58359/79314  5.0 games/s  ETA 1h09m28s
[nnue-g1] 58374/79314  5.0 games/s  ETA 1h09m24s
[nnue-g1] 58389/79314  5.0 games/s  ETA 1h09m21s
[nnue-g1] 58399/79314  5.0 games/s  ETA 1h09m19s
[nnue-g1] 58417/79314  5.0 games/s  ETA 1h09m15s
[nnue-g1] 58433/79314  5.0 games/s  ETA 1h09m11s
[nnue-g1] 58450/79314  5.0 games/s  ETA 1h09m07s
[nnue-g1] 58465/79314  5.0 games/s  ETA 1h09m04s
[nnue-g1] 58482/79314  5.0 games/s  ETA 1h09m00s
[nnue-g1] 58496/79314  5.0 games/s  ETA 1h08m57s
[nnue-g1] 58513/79314  5.0 games/s  ETA 1h08m53s
[nnue-g1] 58531/79314  5.0 games/s  ETA 1h08m49s
[nnue-g1] 58543/79314  5.0 games/s  ETA 1h08m47s
[nnue-g1] 58561/79314  5.0 games/s  ETA 1h08m42s
[nnue-g1] 58580/79314  5.0 games/s  ETA 1h08m38s
[nnue-g1] 58597/79314  5.0 games/s  ETA 1h08m34s
[nnue-g1] 58616/79314  5.0 games/s  ETA 1h08m30s
[nnue-g1] 58632/79314  5.0 games/s  ETA 1h08m26s
[nnue-g1] 58653/79314  5.0 games/s  ETA 1h08m21s
[nnue-g1] 58668/79314  5.0 games/s  ETA 1h08m18s
[nnue-g1] 58685/79314  5.0 games/s  ETA 1h08m14s
[nnue-g1] 58702/79314  5.0 games/s  ETA 1h08m10s
[nnue-g1] 58716/79314  5.0 games/s  ETA 1h08m07s
[nnue-g1] 58728/79314  5.0 games/s  ETA 1h08m05s
[nnue-g1] 58745/79314  5.0 games/s  ETA 1h08m01s
[nnue-g1] 58761/79314  5.0 games/s  ETA 1h07m57s
[nnue-g1] 58774/79314  5.0 games/s  ETA 1h07m54s
[nnue-g1] 58788/79314  5.0 games/s  ETA 1h07m51s
[nnue-g1] 58800/79314  5.0 games/s  ETA 1h07m49s
[nnue-g1] 58818/79314  5.0 games/s  ETA 1h07m45s
[nnue-g1] 58830/79314  5.0 games/s  ETA 1h07m42s
[nnue-g1] 58843/79314  5.0 games/s  ETA 1h07m40s
[nnue-g1] 58857/79314  5.0 games/s  ETA 1h07m36s
[nnue-g1] 58873/79314  5.0 games/s  ETA 1h07m33s
[nnue-g1] 58888/79314  5.0 games/s  ETA 1h07m30s
[nnue-g1] 58900/79314  5.0 games/s  ETA 1h07m27s
[nnue-g1] 58918/79314  5.0 games/s  ETA 1h07m23s
[nnue-g1] 58935/79314  5.0 games/s  ETA 1h07m19s
[nnue-g1] 58953/79314  5.0 games/s  ETA 1h07m15s
[nnue-g1] 58969/79314  5.0 games/s  ETA 1h07m11s
[nnue-g1] 58984/79314  5.0 games/s  ETA 1h07m08s
[nnue-g1] 58994/79314  5.0 games/s  ETA 1h07m06s
[nnue-g1] 59012/79314  5.0 games/s  ETA 1h07m02s
[nnue-g1] 59029/79314  5.0 games/s  ETA 1h06m58s
[nnue-g1] 59043/79314  5.0 games/s  ETA 1h06m55s
[nnue-g1] 59055/79314  5.0 games/s  ETA 1h06m53s
[nnue-g1] 59072/79314  5.0 games/s  ETA 1h06m49s
[nnue-g1] 59088/79314  5.0 games/s  ETA 1h06m45s
[nnue-g1] 59104/79314  5.0 games/s  ETA 1h06m42s
[nnue-g1] 59119/79314  5.1 games/s  ETA 1h06m38s
[nnue-g1] 59131/79314  5.1 games/s  ETA 1h06m36s
[nnue-g1] 59144/79314  5.1 games/s  ETA 1h06m33s
[nnue-g1] 59159/79314  5.1 games/s  ETA 1h06m30s
[nnue-g1] 59175/79314  5.1 games/s  ETA 1h06m26s
[nnue-g1] 59192/79314  5.1 games/s  ETA 1h06m22s
[nnue-g1] 59207/79314  5.1 games/s  ETA 1h06m19s
[nnue-g1] 59221/79314  5.1 games/s  ETA 1h06m16s
[nnue-g1] 59235/79314  5.1 games/s  ETA 1h06m13s
[nnue-g1] 59254/79314  5.1 games/s  ETA 1h06m09s
[nnue-g1] 59269/79314  5.1 games/s  ETA 1h06m05s
[nnue-g1] 59287/79314  5.1 games/s  ETA 1h06m01s
[nnue-g1] 59301/79314  5.1 games/s  ETA 1h05m58s
[nnue-g1] 59322/79314  5.1 games/s  ETA 1h05m53s
[nnue-g1] 59338/79314  5.1 games/s  ETA 1h05m50s
[nnue-g1] 59352/79314  5.1 games/s  ETA 1h05m47s
[nnue-g1] 59367/79314  5.1 games/s  ETA 1h05m44s
[nnue-g1] 59388/79314  5.1 games/s  ETA 1h05m39s
[nnue-g1] 59403/79314  5.1 games/s  ETA 1h05m35s
[nnue-g1] 59415/79314  5.1 games/s  ETA 1h05m33s
[nnue-g1] 59429/79314  5.1 games/s  ETA 1h05m30s
[nnue-g1] 59443/79314  5.1 games/s  ETA 1h05m27s
[nnue-g1] 59463/79314  5.1 games/s  ETA 1h05m22s
[nnue-g1] 59478/79314  5.1 games/s  ETA 1h05m19s
[nnue-g1] 59493/79314  5.1 games/s  ETA 1h05m16s
[nnue-g1] 59508/79314  5.1 games/s  ETA 1h05m12s
[nnue-g1] 59527/79314  5.1 games/s  ETA 1h05m08s
[nnue-g1] 59541/79314  5.1 games/s  ETA 1h05m05s
[nnue-g1] 59561/79314  5.1 games/s  ETA 1h05m00s
[nnue-g1] 59578/79314  5.1 games/s  ETA 1h04m57s
[nnue-g1] 59595/79314  5.1 games/s  ETA 1h04m53s
[nnue-g1] 59614/79314  5.1 games/s  ETA 1h04m48s
[nnue-g1] 59631/79314  5.1 games/s  ETA 1h04m45s
[nnue-g1] 59651/79314  5.1 games/s  ETA 1h04m40s
[nnue-g1] 59673/79314  5.1 games/s  ETA 1h04m35s
[nnue-g1] 59681/79314  5.1 games/s  ETA 1h04m34s
[nnue-g1] 59698/79314  5.1 games/s  ETA 1h04m30s
[nnue-g1] 59717/79314  5.1 games/s  ETA 1h04m25s
[nnue-g1] 59732/79314  5.1 games/s  ETA 1h04m22s
[nnue-g1] 59750/79314  5.1 games/s  ETA 1h04m18s
[nnue-g1] 59762/79314  5.1 games/s  ETA 1h04m16s
[nnue-g1] 59778/79314  5.1 games/s  ETA 1h04m12s
[nnue-g1] 59793/79314  5.1 games/s  ETA 1h04m09s
[nnue-g1] 59813/79314  5.1 games/s  ETA 1h04m04s
[nnue-g1] 59830/79314  5.1 games/s  ETA 1h04m00s
[nnue-g1] 59846/79314  5.1 games/s  ETA 1h03m57s
[nnue-g1] 59860/79314  5.1 games/s  ETA 1h03m54s
[nnue-g1] 59876/79314  5.1 games/s  ETA 1h03m50s
[nnue-g1] 59888/79314  5.1 games/s  ETA 1h03m48s
[nnue-g1] 59903/79314  5.1 games/s  ETA 1h03m45s
[nnue-g1] 59914/79314  5.1 games/s  ETA 1h03m42s
[nnue-g1] 59928/79314  5.1 games/s  ETA 1h03m39s
[nnue-g1] 59943/79314  5.1 games/s  ETA 1h03m36s
[nnue-g1] 59958/79314  5.1 games/s  ETA 1h03m33s
[nnue-g1] 59969/79314  5.1 games/s  ETA 1h03m31s
[nnue-g1] 59985/79314  5.1 games/s  ETA 1h03m27s
[nnue-g1] 60006/79314  5.1 games/s  ETA 1h03m22s
[nnue-g1] 60022/79314  5.1 games/s  ETA 1h03m19s
[nnue-g1] 60041/79314  5.1 games/s  ETA 1h03m14s
[nnue-g1] 60051/79314  5.1 games/s  ETA 1h03m13s
[nnue-g1] 60071/79314  5.1 games/s  ETA 1h03m08s
[nnue-g1] 60084/79314  5.1 games/s  ETA 1h03m05s
[nnue-g1] 60103/79314  5.1 games/s  ETA 1h03m01s
[nnue-g1] 60119/79314  5.1 games/s  ETA 1h02m57s
[nnue-g1] 60132/79314  5.1 games/s  ETA 1h02m55s
[nnue-g1] 60147/79314  5.1 games/s  ETA 1h02m51s
[nnue-g1] 60159/79314  5.1 games/s  ETA 1h02m49s
[nnue-g1] 60173/79314  5.1 games/s  ETA 1h02m46s
[nnue-g1] 60191/79314  5.1 games/s  ETA 1h02m42s
[nnue-g1] 60210/79314  5.1 games/s  ETA 1h02m38s
[nnue-g1] 60224/79314  5.1 games/s  ETA 1h02m35s
[nnue-g1] 60237/79314  5.1 games/s  ETA 1h02m32s
[nnue-g1] 60254/79314  5.1 games/s  ETA 1h02m28s
[nnue-g1] 60270/79314  5.1 games/s  ETA 1h02m25s
[nnue-g1] 60289/79314  5.1 games/s  ETA 1h02m20s
[nnue-g1] 60308/79314  5.1 games/s  ETA 1h02m16s
[nnue-g1] 60325/79314  5.1 games/s  ETA 1h02m12s
[nnue-g1] 60343/79314  5.1 games/s  ETA 1h02m08s
[nnue-g1] 60357/79314  5.1 games/s  ETA 1h02m05s
[nnue-g1] 60375/79314  5.1 games/s  ETA 1h02m01s
[nnue-g1] 60394/79314  5.1 games/s  ETA 1h01m57s
[nnue-g1] 60410/79314  5.1 games/s  ETA 1h01m53s
[nnue-g1] 60428/79314  5.1 games/s  ETA 1h01m49s
[nnue-g1] 60450/79314  5.1 games/s  ETA 1h01m44s
[nnue-g1] 60469/79314  5.1 games/s  ETA 1h01m40s
[nnue-g1] 60487/79314  5.1 games/s  ETA 1h01m36s
[nnue-g1] 60504/79314  5.1 games/s  ETA 1h01m32s
[nnue-g1] 60523/79314  5.1 games/s  ETA 1h01m28s
[nnue-g1] 60538/79314  5.1 games/s  ETA 1h01m25s
[nnue-g1] 60553/79314  5.1 games/s  ETA 1h01m22s
[nnue-g1] 60571/79314  5.1 games/s  ETA 1h01m18s
[nnue-g1] 60588/79314  5.1 games/s  ETA 1h01m14s
[nnue-g1] 60600/79314  5.1 games/s  ETA 1h01m11s
[nnue-g1] 60612/79314  5.1 games/s  ETA 1h01m09s
[nnue-g1] 60628/79314  5.1 games/s  ETA 1h01m05s
[nnue-g1] 60646/79314  5.1 games/s  ETA 1h01m01s
[nnue-g1] 60664/79314  5.1 games/s  ETA 1h00m57s
[nnue-g1] 60679/79314  5.1 games/s  ETA 1h00m54s
[nnue-g1] 60691/79314  5.1 games/s  ETA 1h00m52s
[nnue-g1] 60704/79314  5.1 games/s  ETA 1h00m49s
[nnue-g1] 60719/79314  5.1 games/s  ETA 1h00m46s
[nnue-g1] 60735/79314  5.1 games/s  ETA 1h00m42s
[nnue-g1] 60751/79314  5.1 games/s  ETA 1h00m39s
[nnue-g1] 60765/79314  5.1 games/s  ETA 1h00m36s
[nnue-g1] 60784/79314  5.1 games/s  ETA 1h00m32s
[nnue-g1] 60802/79314  5.1 games/s  ETA 1h00m28s
[nnue-g1] 60825/79314  5.1 games/s  ETA 1h00m22s
[nnue-g1] 60840/79314  5.1 games/s  ETA 1h00m19s
[nnue-g1] 60859/79314  5.1 games/s  ETA 1h00m15s
[nnue-g1] 60877/79314  5.1 games/s  ETA 1h00m11s
[nnue-g1] 60893/79314  5.1 games/s  ETA 1h00m07s
[nnue-g1] 60913/79314  5.1 games/s  ETA 1h00m03s
[nnue-g1] 60933/79314  5.1 games/s  ETA 0h59m58s
[nnue-g1] 60946/79314  5.1 games/s  ETA 0h59m56s
[nnue-g1] 60957/79314  5.1 games/s  ETA 0h59m54s
[nnue-g1] 60975/79314  5.1 games/s  ETA 0h59m50s
[nnue-g1] 60989/79314  5.1 games/s  ETA 0h59m47s
[nnue-g1] 61004/79314  5.1 games/s  ETA 0h59m43s
[nnue-g1] 61019/79314  5.1 games/s  ETA 0h59m40s
[nnue-g1] 61037/79314  5.1 games/s  ETA 0h59m36s
[nnue-g1] 61051/79314  5.1 games/s  ETA 0h59m33s
[nnue-g1] 61067/79314  5.1 games/s  ETA 0h59m30s
[nnue-g1] 61084/79314  5.1 games/s  ETA 0h59m26s
[nnue-g1] 61100/79314  5.1 games/s  ETA 0h59m23s
[nnue-g1] 61119/79314  5.1 games/s  ETA 0h59m18s
[nnue-g1] 61133/79314  5.1 games/s  ETA 0h59m15s
[nnue-g1] 61151/79314  5.1 games/s  ETA 0h59m11s
[nnue-g1] 61167/79314  5.1 games/s  ETA 0h59m08s
[nnue-g1] 61183/79314  5.1 games/s  ETA 0h59m05s
[nnue-g1] 61197/79314  5.1 games/s  ETA 0h59m02s
[nnue-g1] 61207/79314  5.1 games/s  ETA 0h59m00s
[nnue-g1] 61224/79314  5.1 games/s  ETA 0h58m56s
[nnue-g1] 61240/79314  5.1 games/s  ETA 0h58m52s
[nnue-g1] 61256/79314  5.1 games/s  ETA 0h58m49s
[nnue-g1] 61273/79314  5.1 games/s  ETA 0h58m45s
[nnue-g1] 61288/79314  5.1 games/s  ETA 0h58m42s
[nnue-g1] 61307/79314  5.1 games/s  ETA 0h58m38s
[nnue-g1] 61319/79314  5.1 games/s  ETA 0h58m35s
[nnue-g1] 61335/79314  5.1 games/s  ETA 0h58m32s
[nnue-g1] 61349/79314  5.1 games/s  ETA 0h58m29s
[nnue-g1] 61364/79314  5.1 games/s  ETA 0h58m26s
[nnue-g1] 61381/79314  5.1 games/s  ETA 0h58m22s
[nnue-g1] 61396/79314  5.1 games/s  ETA 0h58m19s
[nnue-g1] 61415/79314  5.1 games/s  ETA 0h58m15s
[nnue-g1] 61429/79314  5.1 games/s  ETA 0h58m12s
[nnue-g1] 61447/79314  5.1 games/s  ETA 0h58m08s
[nnue-g1] 61464/79314  5.1 games/s  ETA 0h58m04s
[nnue-g1] 61477/79314  5.1 games/s  ETA 0h58m01s
[nnue-g1] 61493/79314  5.1 games/s  ETA 0h57m58s
[nnue-g1] 61510/79314  5.1 games/s  ETA 0h57m54s
[nnue-g1] 61526/79314  5.1 games/s  ETA 0h57m51s
[nnue-g1] 61543/79314  5.1 games/s  ETA 0h57m47s
[nnue-g1] 61558/79314  5.1 games/s  ETA 0h57m44s
[nnue-g1] 61572/79314  5.1 games/s  ETA 0h57m41s
[nnue-g1] 61589/79314  5.1 games/s  ETA 0h57m37s
[nnue-g1] 61602/79314  5.1 games/s  ETA 0h57m35s
[nnue-g1] 61616/79314  5.1 games/s  ETA 0h57m32s
[nnue-g1] 61630/79314  5.1 games/s  ETA 0h57m29s
[nnue-g1] 61648/79314  5.1 games/s  ETA 0h57m25s
[nnue-g1] 61660/79314  5.1 games/s  ETA 0h57m22s
[nnue-g1] 61673/79314  5.1 games/s  ETA 0h57m20s
[nnue-g1] 61692/79314  5.1 games/s  ETA 0h57m15s
[nnue-g1] 61708/79314  5.1 games/s  ETA 0h57m12s
[nnue-g1] 61722/79314  5.1 games/s  ETA 0h57m09s
[nnue-g1] 61736/79314  5.1 games/s  ETA 0h57m06s
[nnue-g1] 61754/79314  5.1 games/s  ETA 0h57m02s
[nnue-g1] 61769/79314  5.1 games/s  ETA 0h56m59s
[nnue-g1] 61784/79314  5.1 games/s  ETA 0h56m56s
[nnue-g1] 61794/79314  5.1 games/s  ETA 0h56m54s
[nnue-g1] 61808/79314  5.1 games/s  ETA 0h56m51s
[nnue-g1] 61820/79314  5.1 games/s  ETA 0h56m49s
[nnue-g1] 61838/79314  5.1 games/s  ETA 0h56m45s
[nnue-g1] 61855/79314  5.1 games/s  ETA 0h56m41s
[nnue-g1] 61868/79314  5.1 games/s  ETA 0h56m38s
[nnue-g1] 61884/79314  5.1 games/s  ETA 0h56m35s
[nnue-g1] 61904/79314  5.1 games/s  ETA 0h56m30s
[nnue-g1] 61923/79314  5.1 games/s  ETA 0h56m26s
[nnue-g1] 61938/79314  5.1 games/s  ETA 0h56m23s
[nnue-g1] 61955/79314  5.1 games/s  ETA 0h56m19s
[nnue-g1] 61968/79314  5.1 games/s  ETA 0h56m17s
[nnue-g1] 61985/79314  5.1 games/s  ETA 0h56m13s
[nnue-g1] 62001/79314  5.1 games/s  ETA 0h56m10s
[nnue-g1] 62018/79314  5.1 games/s  ETA 0h56m06s
[nnue-g1] 62033/79314  5.1 games/s  ETA 0h56m03s
[nnue-g1] 62052/79314  5.1 games/s  ETA 0h55m59s
[nnue-g1] 62066/79314  5.1 games/s  ETA 0h55m56s
[nnue-g1] 62078/79314  5.1 games/s  ETA 0h55m53s
[nnue-g1] 62091/79314  5.1 games/s  ETA 0h55m51s
[nnue-g1] 62110/79314  5.1 games/s  ETA 0h55m46s
[nnue-g1] 62119/79314  5.1 games/s  ETA 0h55m45s
[nnue-g1] 62132/79314  5.1 games/s  ETA 0h55m42s
[nnue-g1] 62147/79314  5.1 games/s  ETA 0h55m39s
[nnue-g1] 62162/79314  5.1 games/s  ETA 0h55m36s
[nnue-g1] 62174/79314  5.1 games/s  ETA 0h55m33s
[nnue-g1] 62190/79314  5.1 games/s  ETA 0h55m30s
[nnue-g1] 62202/79314  5.1 games/s  ETA 0h55m27s
[nnue-g1] 62216/79314  5.1 games/s  ETA 0h55m24s
[nnue-g1] 62235/79314  5.1 games/s  ETA 0h55m20s
[nnue-g1] 62247/79314  5.1 games/s  ETA 0h55m18s
[nnue-g1] 62263/79314  5.1 games/s  ETA 0h55m14s
[nnue-g1] 62281/79314  5.1 games/s  ETA 0h55m11s
[nnue-g1] 62299/79314  5.1 games/s  ETA 0h55m07s
[nnue-g1] 62314/79314  5.1 games/s  ETA 0h55m03s
[nnue-g1] 62330/79314  5.1 games/s  ETA 0h55m00s
[nnue-g1] 62344/79314  5.1 games/s  ETA 0h54m57s
[nnue-g1] 62357/79314  5.1 games/s  ETA 0h54m54s
[nnue-g1] 62373/79314  5.1 games/s  ETA 0h54m51s
[nnue-g1] 62390/79314  5.1 games/s  ETA 0h54m47s
[nnue-g1] 62404/79314  5.1 games/s  ETA 0h54m44s
[nnue-g1] 62423/79314  5.1 games/s  ETA 0h54m40s
[nnue-g1] 62439/79314  5.1 games/s  ETA 0h54m37s
[nnue-g1] 62459/79314  5.1 games/s  ETA 0h54m33s
[nnue-g1] 62477/79314  5.2 games/s  ETA 0h54m29s
[nnue-g1] 62496/79314  5.2 games/s  ETA 0h54m25s
[nnue-g1] 62511/79314  5.2 games/s  ETA 0h54m21s
[nnue-g1] 62528/79314  5.2 games/s  ETA 0h54m18s
[nnue-g1] 62548/79314  5.2 games/s  ETA 0h54m13s
[nnue-g1] 62565/79314  5.2 games/s  ETA 0h54m10s
[nnue-g1] 62582/79314  5.2 games/s  ETA 0h54m06s
[nnue-g1] 62601/79314  5.2 games/s  ETA 0h54m02s
[nnue-g1] 62619/79314  5.2 games/s  ETA 0h53m58s
[nnue-g1] 62640/79314  5.2 games/s  ETA 0h53m53s
[nnue-g1] 62658/79314  5.2 games/s  ETA 0h53m49s
[nnue-g1] 62674/79314  5.2 games/s  ETA 0h53m46s
[nnue-g1] 62694/79314  5.2 games/s  ETA 0h53m42s
[nnue-g1] 62712/79314  5.2 games/s  ETA 0h53m38s
[nnue-g1] 62729/79314  5.2 games/s  ETA 0h53m34s
[nnue-g1] 62745/79314  5.2 games/s  ETA 0h53m31s
[nnue-g1] 62767/79314  5.2 games/s  ETA 0h53m26s
[nnue-g1] 62790/79314  5.2 games/s  ETA 0h53m21s
[nnue-g1] 62804/79314  5.2 games/s  ETA 0h53m18s
[nnue-g1] 62818/79314  5.2 games/s  ETA 0h53m15s
[nnue-g1] 62840/79314  5.2 games/s  ETA 0h53m10s
[nnue-g1] 62855/79314  5.2 games/s  ETA 0h53m07s
[nnue-g1] 62879/79314  5.2 games/s  ETA 0h53m02s
[nnue-g1] 62899/79314  5.2 games/s  ETA 0h52m57s
[nnue-g1] 62914/79314  5.2 games/s  ETA 0h52m54s
[nnue-g1] 62940/79314  5.2 games/s  ETA 0h52m48s
[nnue-g1] 62962/79314  5.2 games/s  ETA 0h52m44s
[nnue-g1] 62978/79314  5.2 games/s  ETA 0h52m40s
[nnue-g1] 62995/79314  5.2 games/s  ETA 0h52m37s
[nnue-g1] 63016/79314  5.2 games/s  ETA 0h52m32s
[nnue-g1] 63032/79314  5.2 games/s  ETA 0h52m29s
[nnue-g1] 63048/79314  5.2 games/s  ETA 0h52m25s
[nnue-g1] 63071/79314  5.2 games/s  ETA 0h52m20s
[nnue-g1] 63090/79314  5.2 games/s  ETA 0h52m16s
[nnue-g1] 63112/79314  5.2 games/s  ETA 0h52m11s
[nnue-g1] 63130/79314  5.2 games/s  ETA 0h52m07s
[nnue-g1] 63144/79314  5.2 games/s  ETA 0h52m04s
[nnue-g1] 63158/79314  5.2 games/s  ETA 0h52m02s
[nnue-g1] 63171/79314  5.2 games/s  ETA 0h51m59s
[nnue-g1] 63186/79314  5.2 games/s  ETA 0h51m56s
[nnue-g1] 63201/79314  5.2 games/s  ETA 0h51m53s
[nnue-g1] 63220/79314  5.2 games/s  ETA 0h51m49s
[nnue-g1] 63237/79314  5.2 games/s  ETA 0h51m45s
[nnue-g1] 63254/79314  5.2 games/s  ETA 0h51m41s
[nnue-g1] 63279/79314  5.2 games/s  ETA 0h51m36s
[nnue-g1] 63297/79314  5.2 games/s  ETA 0h51m32s
[nnue-g1] 63313/79314  5.2 games/s  ETA 0h51m29s
[nnue-g1] 63330/79314  5.2 games/s  ETA 0h51m25s
[nnue-g1] 63351/79314  5.2 games/s  ETA 0h51m20s
[nnue-g1] 63367/79314  5.2 games/s  ETA 0h51m17s
[nnue-g1] 63390/79314  5.2 games/s  ETA 0h51m12s
[nnue-g1] 63406/79314  5.2 games/s  ETA 0h51m09s
[nnue-g1] 63420/79314  5.2 games/s  ETA 0h51m06s
[nnue-g1] 63434/79314  5.2 games/s  ETA 0h51m03s
[nnue-g1] 63450/79314  5.2 games/s  ETA 0h51m00s
[nnue-g1] 63472/79314  5.2 games/s  ETA 0h50m55s
[nnue-g1] 63490/79314  5.2 games/s  ETA 0h50m51s
[nnue-g1] 63508/79314  5.2 games/s  ETA 0h50m47s
[nnue-g1] 63525/79314  5.2 games/s  ETA 0h50m43s
[nnue-g1] 63543/79314  5.2 games/s  ETA 0h50m40s
[nnue-g1] 63560/79314  5.2 games/s  ETA 0h50m36s
[nnue-g1] 63579/79314  5.2 games/s  ETA 0h50m32s
[nnue-g1] 63598/79314  5.2 games/s  ETA 0h50m28s
[nnue-g1] 63614/79314  5.2 games/s  ETA 0h50m25s
[nnue-g1] 63632/79314  5.2 games/s  ETA 0h50m21s
[nnue-g1] 63652/79314  5.2 games/s  ETA 0h50m16s
[nnue-g1] 63669/79314  5.2 games/s  ETA 0h50m13s
[nnue-g1] 63685/79314  5.2 games/s  ETA 0h50m09s
[nnue-g1] 63703/79314  5.2 games/s  ETA 0h50m06s
[nnue-g1] 63724/79314  5.2 games/s  ETA 0h50m01s
[nnue-g1] 63739/79314  5.2 games/s  ETA 0h49m58s
[nnue-g1] 63757/79314  5.2 games/s  ETA 0h49m54s
[nnue-g1] 63776/79314  5.2 games/s  ETA 0h49m50s
[nnue-g1] 63791/79314  5.2 games/s  ETA 0h49m47s
[nnue-g1] 63811/79314  5.2 games/s  ETA 0h49m43s
[nnue-g1] 63830/79314  5.2 games/s  ETA 0h49m39s
[nnue-g1] 63848/79314  5.2 games/s  ETA 0h49m35s
[nnue-g1] 63865/79314  5.2 games/s  ETA 0h49m31s
[nnue-g1] 63884/79314  5.2 games/s  ETA 0h49m27s
[nnue-g1] 63901/79314  5.2 games/s  ETA 0h49m24s
[nnue-g1] 63919/79314  5.2 games/s  ETA 0h49m20s
[nnue-g1] 63935/79314  5.2 games/s  ETA 0h49m16s
[nnue-g1] 63955/79314  5.2 games/s  ETA 0h49m12s
[nnue-g1] 63976/79314  5.2 games/s  ETA 0h49m08s
[nnue-g1] 63993/79314  5.2 games/s  ETA 0h49m04s
[nnue-g1] 64011/79314  5.2 games/s  ETA 0h49m00s
[nnue-g1] 64032/79314  5.2 games/s  ETA 0h48m56s
[nnue-g1] 64051/79314  5.2 games/s  ETA 0h48m52s
[nnue-g1] 64073/79314  5.2 games/s  ETA 0h48m47s
[nnue-g1] 64094/79314  5.2 games/s  ETA 0h48m42s
[nnue-g1] 64117/79314  5.2 games/s  ETA 0h48m37s
[nnue-g1] 64140/79314  5.2 games/s  ETA 0h48m32s
[nnue-g1] 64161/79314  5.2 games/s  ETA 0h48m28s
[nnue-g1] 64181/79314  5.2 games/s  ETA 0h48m24s
[nnue-g1] 64201/79314  5.2 games/s  ETA 0h48m19s
[nnue-g1] 64216/79314  5.2 games/s  ETA 0h48m16s
[nnue-g1] 64237/79314  5.2 games/s  ETA 0h48m12s
[nnue-g1] 64258/79314  5.2 games/s  ETA 0h48m07s
[nnue-g1] 64279/79314  5.2 games/s  ETA 0h48m03s
[nnue-g1] 64302/79314  5.2 games/s  ETA 0h47m58s
[nnue-g1] 64321/79314  5.2 games/s  ETA 0h47m54s
[nnue-g1] 64338/79314  5.2 games/s  ETA 0h47m50s
[nnue-g1] 64355/79314  5.2 games/s  ETA 0h47m47s
[nnue-g1] 64371/79314  5.2 games/s  ETA 0h47m43s
[nnue-g1] 64386/79314  5.2 games/s  ETA 0h47m40s
[nnue-g1] 64403/79314  5.2 games/s  ETA 0h47m37s
[nnue-g1] 64423/79314  5.2 games/s  ETA 0h47m33s
[nnue-g1] 64438/79314  5.2 games/s  ETA 0h47m29s
[nnue-g1] 64452/79314  5.2 games/s  ETA 0h47m27s
[nnue-g1] 64473/79314  5.2 games/s  ETA 0h47m22s
[nnue-g1] 64495/79314  5.2 games/s  ETA 0h47m17s
[nnue-g1] 64514/79314  5.2 games/s  ETA 0h47m13s
[nnue-g1] 64535/79314  5.2 games/s  ETA 0h47m09s
[nnue-g1] 64552/79314  5.2 games/s  ETA 0h47m05s
[nnue-g1] 64568/79314  5.2 games/s  ETA 0h47m02s
[nnue-g1] 64591/79314  5.2 games/s  ETA 0h46m57s
[nnue-g1] 64615/79314  5.2 games/s  ETA 0h46m52s
[nnue-g1] 64632/79314  5.2 games/s  ETA 0h46m48s
[nnue-g1] 64646/79314  5.2 games/s  ETA 0h46m46s
[nnue-g1] 64666/79314  5.2 games/s  ETA 0h46m41s
[nnue-g1] 64681/79314  5.2 games/s  ETA 0h46m38s
[nnue-g1] 64701/79314  5.2 games/s  ETA 0h46m34s
[nnue-g1] 64717/79314  5.2 games/s  ETA 0h46m31s
[nnue-g1] 64735/79314  5.2 games/s  ETA 0h46m27s
[nnue-g1] 64752/79314  5.2 games/s  ETA 0h46m23s
[nnue-g1] 64766/79314  5.2 games/s  ETA 0h46m21s
[nnue-g1] 64779/79314  5.2 games/s  ETA 0h46m18s
[nnue-g1] 64799/79314  5.2 games/s  ETA 0h46m14s
[nnue-g1] 64814/79314  5.2 games/s  ETA 0h46m11s
[nnue-g1] 64831/79314  5.2 games/s  ETA 0h46m07s
[nnue-g1] 64848/79314  5.2 games/s  ETA 0h46m04s
[nnue-g1] 64872/79314  5.2 games/s  ETA 0h45m58s
[nnue-g1] 64891/79314  5.2 games/s  ETA 0h45m55s
[nnue-g1] 64906/79314  5.2 games/s  ETA 0h45m51s
[nnue-g1] 64927/79314  5.2 games/s  ETA 0h45m47s
[nnue-g1] 64944/79314  5.2 games/s  ETA 0h45m43s
[nnue-g1] 64961/79314  5.2 games/s  ETA 0h45m40s
[nnue-g1] 64978/79314  5.2 games/s  ETA 0h45m36s
[nnue-g1] 64998/79314  5.2 games/s  ETA 0h45m32s
[nnue-g1] 65016/79314  5.2 games/s  ETA 0h45m28s
[nnue-g1] 65034/79314  5.2 games/s  ETA 0h45m25s
[nnue-g1] 65046/79314  5.2 games/s  ETA 0h45m22s
[nnue-g1] 65069/79314  5.2 games/s  ETA 0h45m17s
[nnue-g1] 65087/79314  5.2 games/s  ETA 0h45m14s
[nnue-g1] 65102/79314  5.2 games/s  ETA 0h45m11s
[nnue-g1] 65119/79314  5.2 games/s  ETA 0h45m07s
[nnue-g1] 65136/79314  5.2 games/s  ETA 0h45m04s
[nnue-g1] 65151/79314  5.2 games/s  ETA 0h45m01s
[nnue-g1] 65167/79314  5.2 games/s  ETA 0h44m57s
[nnue-g1] 65184/79314  5.2 games/s  ETA 0h44m54s
[nnue-g1] 65198/79314  5.2 games/s  ETA 0h44m51s
[nnue-g1] 65217/79314  5.2 games/s  ETA 0h44m47s
[nnue-g1] 65237/79314  5.2 games/s  ETA 0h44m43s
[nnue-g1] 65256/79314  5.2 games/s  ETA 0h44m39s
[nnue-g1] 65271/79314  5.2 games/s  ETA 0h44m36s
[nnue-g1] 65287/79314  5.2 games/s  ETA 0h44m33s
[nnue-g1] 65306/79314  5.2 games/s  ETA 0h44m29s
[nnue-g1] 65317/79314  5.2 games/s  ETA 0h44m26s
[nnue-g1] 65337/79314  5.2 games/s  ETA 0h44m22s
[nnue-g1] 65357/79314  5.2 games/s  ETA 0h44m18s
[nnue-g1] 65375/79314  5.3 games/s  ETA 0h44m14s
[nnue-g1] 65394/79314  5.3 games/s  ETA 0h44m10s
[nnue-g1] 65410/79314  5.3 games/s  ETA 0h44m07s
[nnue-g1] 65430/79314  5.3 games/s  ETA 0h44m03s
[nnue-g1] 65443/79314  5.3 games/s  ETA 0h44m00s
[nnue-g1] 65464/79314  5.3 games/s  ETA 0h43m56s
[nnue-g1] 65486/79314  5.3 games/s  ETA 0h43m51s
[nnue-g1] 65500/79314  5.3 games/s  ETA 0h43m48s
[nnue-g1] 65515/79314  5.3 games/s  ETA 0h43m45s
[nnue-g1] 65533/79314  5.3 games/s  ETA 0h43m42s
[nnue-g1] 65550/79314  5.3 games/s  ETA 0h43m38s
[nnue-g1] 65568/79314  5.3 games/s  ETA 0h43m34s
[nnue-g1] 65587/79314  5.3 games/s  ETA 0h43m30s
[nnue-g1] 65602/79314  5.3 games/s  ETA 0h43m27s
[nnue-g1] 65615/79314  5.3 games/s  ETA 0h43m25s
[nnue-g1] 65630/79314  5.3 games/s  ETA 0h43m22s
[nnue-g1] 65650/79314  5.3 games/s  ETA 0h43m18s
[nnue-g1] 65669/79314  5.3 games/s  ETA 0h43m14s
[nnue-g1] 65686/79314  5.3 games/s  ETA 0h43m10s
[nnue-g1] 65703/79314  5.3 games/s  ETA 0h43m07s
[nnue-g1] 65715/79314  5.3 games/s  ETA 0h43m04s
[nnue-g1] 65732/79314  5.3 games/s  ETA 0h43m01s
[nnue-g1] 65751/79314  5.3 games/s  ETA 0h42m57s
[nnue-g1] 65765/79314  5.3 games/s  ETA 0h42m54s
[nnue-g1] 65786/79314  5.3 games/s  ETA 0h42m50s
[nnue-g1] 65801/79314  5.3 games/s  ETA 0h42m47s
[nnue-g1] 65821/79314  5.3 games/s  ETA 0h42m43s
[nnue-g1] 65835/79314  5.3 games/s  ETA 0h42m40s
[nnue-g1] 65853/79314  5.3 games/s  ETA 0h42m36s
[nnue-g1] 65873/79314  5.3 games/s  ETA 0h42m32s
[nnue-g1] 65893/79314  5.3 games/s  ETA 0h42m28s
[nnue-g1] 65906/79314  5.3 games/s  ETA 0h42m25s
[nnue-g1] 65924/79314  5.3 games/s  ETA 0h42m22s
[nnue-g1] 65941/79314  5.3 games/s  ETA 0h42m18s
[nnue-g1] 65962/79314  5.3 games/s  ETA 0h42m14s
[nnue-g1] 65980/79314  5.3 games/s  ETA 0h42m10s
[nnue-g1] 65997/79314  5.3 games/s  ETA 0h42m06s
[nnue-g1] 66016/79314  5.3 games/s  ETA 0h42m03s
[nnue-g1] 66035/79314  5.3 games/s  ETA 0h41m59s
[nnue-g1] 66052/79314  5.3 games/s  ETA 0h41m55s
[nnue-g1] 66070/79314  5.3 games/s  ETA 0h41m51s
[nnue-g1] 66088/79314  5.3 games/s  ETA 0h41m48s
[nnue-g1] 66109/79314  5.3 games/s  ETA 0h41m43s
[nnue-g1] 66124/79314  5.3 games/s  ETA 0h41m40s
[nnue-g1] 66139/79314  5.3 games/s  ETA 0h41m37s
[nnue-g1] 66156/79314  5.3 games/s  ETA 0h41m34s
[nnue-g1] 66180/79314  5.3 games/s  ETA 0h41m29s
[nnue-g1] 66194/79314  5.3 games/s  ETA 0h41m26s
[nnue-g1] 66213/79314  5.3 games/s  ETA 0h41m22s
[nnue-g1] 66227/79314  5.3 games/s  ETA 0h41m19s
[nnue-g1] 66243/79314  5.3 games/s  ETA 0h41m16s
[nnue-g1] 66258/79314  5.3 games/s  ETA 0h41m13s
[nnue-g1] 66281/79314  5.3 games/s  ETA 0h41m08s
[nnue-g1] 66302/79314  5.3 games/s  ETA 0h41m04s
[nnue-g1] 66320/79314  5.3 games/s  ETA 0h41m00s
[nnue-g1] 66335/79314  5.3 games/s  ETA 0h40m57s
[nnue-g1] 66353/79314  5.3 games/s  ETA 0h40m54s
[nnue-g1] 66371/79314  5.3 games/s  ETA 0h40m50s
[nnue-g1] 66388/79314  5.3 games/s  ETA 0h40m46s
[nnue-g1] 66411/79314  5.3 games/s  ETA 0h40m42s
[nnue-g1] 66434/79314  5.3 games/s  ETA 0h40m37s
[nnue-g1] 66452/79314  5.3 games/s  ETA 0h40m33s
[nnue-g1] 66472/79314  5.3 games/s  ETA 0h40m29s
[nnue-g1] 66488/79314  5.3 games/s  ETA 0h40m26s
[nnue-g1] 66510/79314  5.3 games/s  ETA 0h40m21s
[nnue-g1] 66530/79314  5.3 games/s  ETA 0h40m17s
[nnue-g1] 66545/79314  5.3 games/s  ETA 0h40m14s
[nnue-g1] 66565/79314  5.3 games/s  ETA 0h40m10s
[nnue-g1] 66585/79314  5.3 games/s  ETA 0h40m06s
[nnue-g1] 66604/79314  5.3 games/s  ETA 0h40m02s
[nnue-g1] 66622/79314  5.3 games/s  ETA 0h39m58s
[nnue-g1] 66639/79314  5.3 games/s  ETA 0h39m55s
[nnue-g1] 66659/79314  5.3 games/s  ETA 0h39m51s
[nnue-g1] 66677/79314  5.3 games/s  ETA 0h39m47s
[nnue-g1] 66697/79314  5.3 games/s  ETA 0h39m43s
[nnue-g1] 66713/79314  5.3 games/s  ETA 0h39m40s
[nnue-g1] 66731/79314  5.3 games/s  ETA 0h39m36s
[nnue-g1] 66748/79314  5.3 games/s  ETA 0h39m33s
[nnue-g1] 66768/79314  5.3 games/s  ETA 0h39m28s
[nnue-g1] 66784/79314  5.3 games/s  ETA 0h39m25s
[nnue-g1] 66802/79314  5.3 games/s  ETA 0h39m22s
[nnue-g1] 66822/79314  5.3 games/s  ETA 0h39m18s
[nnue-g1] 66841/79314  5.3 games/s  ETA 0h39m14s
[nnue-g1] 66860/79314  5.3 games/s  ETA 0h39m10s
[nnue-g1] 66879/79314  5.3 games/s  ETA 0h39m06s
[nnue-g1] 66898/79314  5.3 games/s  ETA 0h39m02s
[nnue-g1] 66915/79314  5.3 games/s  ETA 0h38m59s
[nnue-g1] 66936/79314  5.3 games/s  ETA 0h38m54s
[nnue-g1] 66954/79314  5.3 games/s  ETA 0h38m51s
[nnue-g1] 66971/79314  5.3 games/s  ETA 0h38m47s
[nnue-g1] 66989/79314  5.3 games/s  ETA 0h38m43s
[nnue-g1] 67007/79314  5.3 games/s  ETA 0h38m40s
[nnue-g1] 67024/79314  5.3 games/s  ETA 0h38m36s
[nnue-g1] 67041/79314  5.3 games/s  ETA 0h38m33s
[nnue-g1] 67058/79314  5.3 games/s  ETA 0h38m30s
[nnue-g1] 67078/79314  5.3 games/s  ETA 0h38m25s
[nnue-g1] 67099/79314  5.3 games/s  ETA 0h38m21s
[nnue-g1] 67117/79314  5.3 games/s  ETA 0h38m18s
[nnue-g1] 67137/79314  5.3 games/s  ETA 0h38m13s
[nnue-g1] 67155/79314  5.3 games/s  ETA 0h38m10s
[nnue-g1] 67172/79314  5.3 games/s  ETA 0h38m06s
[nnue-g1] 67192/79314  5.3 games/s  ETA 0h38m02s
[nnue-g1] 67212/79314  5.3 games/s  ETA 0h37m58s
[nnue-g1] 67227/79314  5.3 games/s  ETA 0h37m55s
[nnue-g1] 67249/79314  5.3 games/s  ETA 0h37m51s
[nnue-g1] 67265/79314  5.3 games/s  ETA 0h37m48s
[nnue-g1] 67282/79314  5.3 games/s  ETA 0h37m44s
[nnue-g1] 67301/79314  5.3 games/s  ETA 0h37m40s
[nnue-g1] 67321/79314  5.3 games/s  ETA 0h37m36s
[nnue-g1] 67341/79314  5.3 games/s  ETA 0h37m32s
[nnue-g1] 67361/79314  5.3 games/s  ETA 0h37m28s
[nnue-g1] 67381/79314  5.3 games/s  ETA 0h37m24s
[nnue-g1] 67399/79314  5.3 games/s  ETA 0h37m20s
[nnue-g1] 67425/79314  5.3 games/s  ETA 0h37m15s
[nnue-g1] 67446/79314  5.3 games/s  ETA 0h37m11s
[nnue-g1] 67464/79314  5.3 games/s  ETA 0h37m07s
[nnue-g1] 67483/79314  5.3 games/s  ETA 0h37m03s
[nnue-g1] 67505/79314  5.3 games/s  ETA 0h36m59s
[nnue-g1] 67521/79314  5.3 games/s  ETA 0h36m55s
[nnue-g1] 67539/79314  5.3 games/s  ETA 0h36m52s
[nnue-g1] 67559/79314  5.3 games/s  ETA 0h36m48s
[nnue-g1] 67577/79314  5.3 games/s  ETA 0h36m44s
[nnue-g1] 67598/79314  5.3 games/s  ETA 0h36m40s
[nnue-g1] 67616/79314  5.3 games/s  ETA 0h36m36s
[nnue-g1] 67636/79314  5.3 games/s  ETA 0h36m32s
[nnue-g1] 67655/79314  5.3 games/s  ETA 0h36m28s
[nnue-g1] 67678/79314  5.3 games/s  ETA 0h36m24s
[nnue-g1] 67697/79314  5.3 games/s  ETA 0h36m20s
[nnue-g1] 67712/79314  5.3 games/s  ETA 0h36m17s
[nnue-g1] 67734/79314  5.3 games/s  ETA 0h36m12s
[nnue-g1] 67751/79314  5.3 games/s  ETA 0h36m09s
[nnue-g1] 67770/79314  5.3 games/s  ETA 0h36m05s
[nnue-g1] 67789/79314  5.3 games/s  ETA 0h36m01s
[nnue-g1] 67808/79314  5.3 games/s  ETA 0h35m57s
[nnue-g1] 67833/79314  5.3 games/s  ETA 0h35m52s
[nnue-g1] 67851/79314  5.3 games/s  ETA 0h35m49s
[nnue-g1] 67864/79314  5.3 games/s  ETA 0h35m46s
[nnue-g1] 67885/79314  5.3 games/s  ETA 0h35m42s
[nnue-g1] 67908/79314  5.3 games/s  ETA 0h35m37s
[nnue-g1] 67925/79314  5.3 games/s  ETA 0h35m34s
[nnue-g1] 67940/79314  5.3 games/s  ETA 0h35m31s
[nnue-g1] 67963/79314  5.3 games/s  ETA 0h35m26s
[nnue-g1] 67983/79314  5.3 games/s  ETA 0h35m22s
[nnue-g1] 68000/79314  5.3 games/s  ETA 0h35m19s
[nnue-g1] 68014/79314  5.3 games/s  ETA 0h35m16s
[nnue-g1] 68031/79314  5.3 games/s  ETA 0h35m13s
[nnue-g1] 68048/79314  5.3 games/s  ETA 0h35m09s
[nnue-g1] 68066/79314  5.3 games/s  ETA 0h35m06s
[nnue-g1] 68085/79314  5.3 games/s  ETA 0h35m02s
[nnue-g1] 68102/79314  5.3 games/s  ETA 0h34m59s
[nnue-g1] 68119/79314  5.3 games/s  ETA 0h34m55s
[nnue-g1] 68137/79314  5.3 games/s  ETA 0h34m52s
[nnue-g1] 68156/79314  5.3 games/s  ETA 0h34m48s
[nnue-g1] 68172/79314  5.3 games/s  ETA 0h34m45s
[nnue-g1] 68190/79314  5.3 games/s  ETA 0h34m41s
[nnue-g1] 68205/79314  5.3 games/s  ETA 0h34m38s
[nnue-g1] 68226/79314  5.3 games/s  ETA 0h34m34s
[nnue-g1] 68238/79314  5.3 games/s  ETA 0h34m32s
[nnue-g1] 68259/79314  5.3 games/s  ETA 0h34m27s
[nnue-g1] 68271/79314  5.3 games/s  ETA 0h34m25s
[nnue-g1] 68291/79314  5.3 games/s  ETA 0h34m21s
[nnue-g1] 68307/79314  5.3 games/s  ETA 0h34m18s
[nnue-g1] 68330/79314  5.3 games/s  ETA 0h34m13s
[nnue-g1] 68344/79314  5.3 games/s  ETA 0h34m10s
[nnue-g1] 68364/79314  5.3 games/s  ETA 0h34m06s
[nnue-g1] 68383/79314  5.4 games/s  ETA 0h34m03s
[nnue-g1] 68403/79314  5.4 games/s  ETA 0h33m59s
[nnue-g1] 68421/79314  5.4 games/s  ETA 0h33m55s
[nnue-g1] 68440/79314  5.4 games/s  ETA 0h33m51s
[nnue-g1] 68463/79314  5.4 games/s  ETA 0h33m47s
[nnue-g1] 68481/79314  5.4 games/s  ETA 0h33m43s
[nnue-g1] 68504/79314  5.4 games/s  ETA 0h33m38s
[nnue-g1] 68524/79314  5.4 games/s  ETA 0h33m34s
[nnue-g1] 68537/79314  5.4 games/s  ETA 0h33m32s
[nnue-g1] 68557/79314  5.4 games/s  ETA 0h33m28s
[nnue-g1] 68571/79314  5.4 games/s  ETA 0h33m25s
[nnue-g1] 68591/79314  5.4 games/s  ETA 0h33m21s
[nnue-g1] 68609/79314  5.4 games/s  ETA 0h33m18s
[nnue-g1] 68627/79314  5.4 games/s  ETA 0h33m14s
[nnue-g1] 68646/79314  5.4 games/s  ETA 0h33m10s
[nnue-g1] 68662/79314  5.4 games/s  ETA 0h33m07s
[nnue-g1] 68682/79314  5.4 games/s  ETA 0h33m03s
[nnue-g1] 68703/79314  5.4 games/s  ETA 0h32m59s
[nnue-g1] 68726/79314  5.4 games/s  ETA 0h32m54s
[nnue-g1] 68742/79314  5.4 games/s  ETA 0h32m51s
[nnue-g1] 68760/79314  5.4 games/s  ETA 0h32m48s
[nnue-g1] 68775/79314  5.4 games/s  ETA 0h32m45s
[nnue-g1] 68798/79314  5.4 games/s  ETA 0h32m40s
[nnue-g1] 68816/79314  5.4 games/s  ETA 0h32m36s
[nnue-g1] 68829/79314  5.4 games/s  ETA 0h32m34s
[nnue-g1] 68847/79314  5.4 games/s  ETA 0h32m30s
[nnue-g1] 68866/79314  5.4 games/s  ETA 0h32m27s
[nnue-g1] 68886/79314  5.4 games/s  ETA 0h32m23s
[nnue-g1] 68906/79314  5.4 games/s  ETA 0h32m19s
[nnue-g1] 68926/79314  5.4 games/s  ETA 0h32m15s
[nnue-g1] 68939/79314  5.4 games/s  ETA 0h32m12s
[nnue-g1] 68955/79314  5.4 games/s  ETA 0h32m09s
[nnue-g1] 68974/79314  5.4 games/s  ETA 0h32m05s
[nnue-g1] 68993/79314  5.4 games/s  ETA 0h32m01s
[nnue-g1] 69010/79314  5.4 games/s  ETA 0h31m58s
[nnue-g1] 69029/79314  5.4 games/s  ETA 0h31m54s
[nnue-g1] 69043/79314  5.4 games/s  ETA 0h31m52s
[nnue-g1] 69059/79314  5.4 games/s  ETA 0h31m49s
[nnue-g1] 69076/79314  5.4 games/s  ETA 0h31m45s
[nnue-g1] 69088/79314  5.4 games/s  ETA 0h31m43s
[nnue-g1] 69100/79314  5.4 games/s  ETA 0h31m41s
[nnue-g1] 69116/79314  5.4 games/s  ETA 0h31m38s
[nnue-g1] 69134/79314  5.4 games/s  ETA 0h31m34s
[nnue-g1] 69154/79314  5.4 games/s  ETA 0h31m30s
[nnue-g1] 69169/79314  5.4 games/s  ETA 0h31m27s
[nnue-g1] 69188/79314  5.4 games/s  ETA 0h31m23s
[nnue-g1] 69205/79314  5.4 games/s  ETA 0h31m20s
[nnue-g1] 69222/79314  5.4 games/s  ETA 0h31m17s
[nnue-g1] 69244/79314  5.4 games/s  ETA 0h31m12s
[nnue-g1] 69263/79314  5.4 games/s  ETA 0h31m09s
[nnue-g1] 69280/79314  5.4 games/s  ETA 0h31m05s
[nnue-g1] 69300/79314  5.4 games/s  ETA 0h31m01s
[nnue-g1] 69315/79314  5.4 games/s  ETA 0h30m58s
[nnue-g1] 69329/79314  5.4 games/s  ETA 0h30m56s
[nnue-g1] 69344/79314  5.4 games/s  ETA 0h30m53s
[nnue-g1] 69365/79314  5.4 games/s  ETA 0h30m49s
[nnue-g1] 69380/79314  5.4 games/s  ETA 0h30m46s
[nnue-g1] 69400/79314  5.4 games/s  ETA 0h30m42s
[nnue-g1] 69417/79314  5.4 games/s  ETA 0h30m38s
[nnue-g1] 69433/79314  5.4 games/s  ETA 0h30m35s
[nnue-g1] 69449/79314  5.4 games/s  ETA 0h30m32s
[nnue-g1] 69467/79314  5.4 games/s  ETA 0h30m29s
[nnue-g1] 69482/79314  5.4 games/s  ETA 0h30m26s
[nnue-g1] 69501/79314  5.4 games/s  ETA 0h30m22s
[nnue-g1] 69524/79314  5.4 games/s  ETA 0h30m17s
[nnue-g1] 69541/79314  5.4 games/s  ETA 0h30m14s
[nnue-g1] 69558/79314  5.4 games/s  ETA 0h30m11s
[nnue-g1] 69576/79314  5.4 games/s  ETA 0h30m07s
[nnue-g1] 69593/79314  5.4 games/s  ETA 0h30m04s
[nnue-g1] 69607/79314  5.4 games/s  ETA 0h30m01s
[nnue-g1] 69622/79314  5.4 games/s  ETA 0h29m58s
[nnue-g1] 69637/79314  5.4 games/s  ETA 0h29m55s
[nnue-g1] 69653/79314  5.4 games/s  ETA 0h29m52s
[nnue-g1] 69667/79314  5.4 games/s  ETA 0h29m50s
[nnue-g1] 69686/79314  5.4 games/s  ETA 0h29m46s
[nnue-g1] 69705/79314  5.4 games/s  ETA 0h29m42s
[nnue-g1] 69718/79314  5.4 games/s  ETA 0h29m40s
[nnue-g1] 69730/79314  5.4 games/s  ETA 0h29m37s
[nnue-g1] 69747/79314  5.4 games/s  ETA 0h29m34s
[nnue-g1] 69761/79314  5.4 games/s  ETA 0h29m31s
[nnue-g1] 69776/79314  5.4 games/s  ETA 0h29m29s
[nnue-g1] 69794/79314  5.4 games/s  ETA 0h29m25s
[nnue-g1] 69806/79314  5.4 games/s  ETA 0h29m23s
[nnue-g1] 69822/79314  5.4 games/s  ETA 0h29m20s
[nnue-g1] 69842/79314  5.4 games/s  ETA 0h29m16s
[nnue-g1] 69862/79314  5.4 games/s  ETA 0h29m12s
[nnue-g1] 69882/79314  5.4 games/s  ETA 0h29m08s
[nnue-g1] 69900/79314  5.4 games/s  ETA 0h29m04s
[nnue-g1] 69918/79314  5.4 games/s  ETA 0h29m01s
[nnue-g1] 69937/79314  5.4 games/s  ETA 0h28m57s
[nnue-g1] 69957/79314  5.4 games/s  ETA 0h28m53s
[nnue-g1] 69976/79314  5.4 games/s  ETA 0h28m49s
[nnue-g1] 69995/79314  5.4 games/s  ETA 0h28m46s
[nnue-g1] 70014/79314  5.4 games/s  ETA 0h28m42s
[nnue-g1] 70032/79314  5.4 games/s  ETA 0h28m39s
[nnue-g1] 70051/79314  5.4 games/s  ETA 0h28m35s
[nnue-g1] 70070/79314  5.4 games/s  ETA 0h28m31s
[nnue-g1] 70087/79314  5.4 games/s  ETA 0h28m28s
[nnue-g1] 70106/79314  5.4 games/s  ETA 0h28m24s
[nnue-g1] 70120/79314  5.4 games/s  ETA 0h28m21s
[nnue-g1] 70139/79314  5.4 games/s  ETA 0h28m18s
[nnue-g1] 70158/79314  5.4 games/s  ETA 0h28m14s
[nnue-g1] 70175/79314  5.4 games/s  ETA 0h28m11s
[nnue-g1] 70196/79314  5.4 games/s  ETA 0h28m07s
[nnue-g1] 70216/79314  5.4 games/s  ETA 0h28m03s
[nnue-g1] 70237/79314  5.4 games/s  ETA 0h27m58s
[nnue-g1] 70259/79314  5.4 games/s  ETA 0h27m54s
[nnue-g1] 70282/79314  5.4 games/s  ETA 0h27m50s
[nnue-g1] 70305/79314  5.4 games/s  ETA 0h27m45s
[nnue-g1] 70324/79314  5.4 games/s  ETA 0h27m41s
[nnue-g1] 70340/79314  5.4 games/s  ETA 0h27m38s
[nnue-g1] 70360/79314  5.4 games/s  ETA 0h27m34s
[nnue-g1] 70374/79314  5.4 games/s  ETA 0h27m32s
[nnue-g1] 70393/79314  5.4 games/s  ETA 0h27m28s
[nnue-g1] 70410/79314  5.4 games/s  ETA 0h27m25s
[nnue-g1] 70426/79314  5.4 games/s  ETA 0h27m22s
[nnue-g1] 70443/79314  5.4 games/s  ETA 0h27m18s
[nnue-g1] 70464/79314  5.4 games/s  ETA 0h27m14s
[nnue-g1] 70480/79314  5.4 games/s  ETA 0h27m11s
[nnue-g1] 70493/79314  5.4 games/s  ETA 0h27m09s
[nnue-g1] 70515/79314  5.4 games/s  ETA 0h27m04s
[nnue-g1] 70538/79314  5.4 games/s  ETA 0h27m00s
[nnue-g1] 70556/79314  5.4 games/s  ETA 0h26m56s
[nnue-g1] 70573/79314  5.4 games/s  ETA 0h26m53s
[nnue-g1] 70595/79314  5.4 games/s  ETA 0h26m49s
[nnue-g1] 70611/79314  5.4 games/s  ETA 0h26m46s
[nnue-g1] 70628/79314  5.4 games/s  ETA 0h26m42s
[nnue-g1] 70655/79314  5.4 games/s  ETA 0h26m37s
[nnue-g1] 70671/79314  5.4 games/s  ETA 0h26m34s
[nnue-g1] 70693/79314  5.4 games/s  ETA 0h26m30s
[nnue-g1] 70709/79314  5.4 games/s  ETA 0h26m27s
[nnue-g1] 70726/79314  5.4 games/s  ETA 0h26m23s
[nnue-g1] 70743/79314  5.4 games/s  ETA 0h26m20s
[nnue-g1] 70759/79314  5.4 games/s  ETA 0h26m17s
[nnue-g1] 70776/79314  5.4 games/s  ETA 0h26m14s
[nnue-g1] 70792/79314  5.4 games/s  ETA 0h26m11s
[nnue-g1] 70813/79314  5.4 games/s  ETA 0h26m07s
[nnue-g1] 70833/79314  5.4 games/s  ETA 0h26m03s
[nnue-g1] 70850/79314  5.4 games/s  ETA 0h25m59s
[nnue-g1] 70867/79314  5.4 games/s  ETA 0h25m56s
[nnue-g1] 70887/79314  5.4 games/s  ETA 0h25m52s
[nnue-g1] 70908/79314  5.4 games/s  ETA 0h25m48s
[nnue-g1] 70929/79314  5.4 games/s  ETA 0h25m44s
[nnue-g1] 70950/79314  5.4 games/s  ETA 0h25m40s
[nnue-g1] 70969/79314  5.4 games/s  ETA 0h25m36s
[nnue-g1] 70986/79314  5.4 games/s  ETA 0h25m33s
[nnue-g1] 71005/79314  5.4 games/s  ETA 0h25m29s
[nnue-g1] 71018/79314  5.4 games/s  ETA 0h25m27s
[nnue-g1] 71040/79314  5.4 games/s  ETA 0h25m23s
[nnue-g1] 71057/79314  5.4 games/s  ETA 0h25m19s
[nnue-g1] 71076/79314  5.4 games/s  ETA 0h25m16s
[nnue-g1] 71091/79314  5.4 games/s  ETA 0h25m13s
[nnue-g1] 71115/79314  5.4 games/s  ETA 0h25m08s
[nnue-g1] 71137/79314  5.4 games/s  ETA 0h25m04s
[nnue-g1] 71154/79314  5.4 games/s  ETA 0h25m01s
[nnue-g1] 71172/79314  5.4 games/s  ETA 0h24m57s
[nnue-g1] 71194/79314  5.4 games/s  ETA 0h24m53s
[nnue-g1] 71213/79314  5.4 games/s  ETA 0h24m49s
[nnue-g1] 71230/79314  5.4 games/s  ETA 0h24m46s
[nnue-g1] 71243/79314  5.4 games/s  ETA 0h24m44s
[nnue-g1] 71260/79314  5.4 games/s  ETA 0h24m40s
[nnue-g1] 71280/79314  5.4 games/s  ETA 0h24m36s
[nnue-g1] 71301/79314  5.4 games/s  ETA 0h24m32s
[nnue-g1] 71323/79314  5.4 games/s  ETA 0h24m28s
[nnue-g1] 71337/79314  5.4 games/s  ETA 0h24m25s
[nnue-g1] 71359/79314  5.4 games/s  ETA 0h24m21s
[nnue-g1] 71380/79314  5.4 games/s  ETA 0h24m17s
[nnue-g1] 71397/79314  5.4 games/s  ETA 0h24m14s
[nnue-g1] 71417/79314  5.4 games/s  ETA 0h24m10s
[nnue-g1] 71436/79314  5.4 games/s  ETA 0h24m06s
[nnue-g1] 71454/79314  5.4 games/s  ETA 0h24m03s
[nnue-g1] 71469/79314  5.4 games/s  ETA 0h24m00s
[nnue-g1] 71492/79314  5.4 games/s  ETA 0h23m56s
[nnue-g1] 71510/79314  5.4 games/s  ETA 0h23m52s
[nnue-g1] 71527/79314  5.4 games/s  ETA 0h23m49s
[nnue-g1] 71540/79314  5.4 games/s  ETA 0h23m47s
[nnue-g1] 71559/79314  5.4 games/s  ETA 0h23m43s
[nnue-g1] 71578/79314  5.4 games/s  ETA 0h23m39s
[nnue-g1] 71591/79314  5.4 games/s  ETA 0h23m37s
[nnue-g1] 71611/79314  5.4 games/s  ETA 0h23m33s
[nnue-g1] 71627/79314  5.5 games/s  ETA 0h23m30s
[nnue-g1] 71645/79314  5.5 games/s  ETA 0h23m26s
[nnue-g1] 71661/79314  5.5 games/s  ETA 0h23m23s
[nnue-g1] 71675/79314  5.5 games/s  ETA 0h23m21s
[nnue-g1] 71692/79314  5.5 games/s  ETA 0h23m18s
[nnue-g1] 71712/79314  5.5 games/s  ETA 0h23m14s
[nnue-g1] 71731/79314  5.5 games/s  ETA 0h23m10s
[nnue-g1] 71751/79314  5.5 games/s  ETA 0h23m06s
[nnue-g1] 71766/79314  5.5 games/s  ETA 0h23m03s
[nnue-g1] 71783/79314  5.5 games/s  ETA 0h23m00s
[nnue-g1] 71798/79314  5.5 games/s  ETA 0h22m57s
[nnue-g1] 71817/79314  5.5 games/s  ETA 0h22m54s
[nnue-g1] 71835/79314  5.5 games/s  ETA 0h22m50s
[nnue-g1] 71854/79314  5.5 games/s  ETA 0h22m47s
[nnue-g1] 71872/79314  5.5 games/s  ETA 0h22m43s
[nnue-g1] 71886/79314  5.5 games/s  ETA 0h22m41s
[nnue-g1] 71906/79314  5.5 games/s  ETA 0h22m37s
[nnue-g1] 71928/79314  5.5 games/s  ETA 0h22m32s
[nnue-g1] 71948/79314  5.5 games/s  ETA 0h22m29s
[nnue-g1] 71967/79314  5.5 games/s  ETA 0h22m25s
[nnue-g1] 71987/79314  5.5 games/s  ETA 0h22m21s
[nnue-g1] 72005/79314  5.5 games/s  ETA 0h22m18s
[nnue-g1] 72027/79314  5.5 games/s  ETA 0h22m14s
[nnue-g1] 72044/79314  5.5 games/s  ETA 0h22m10s
[nnue-g1] 72061/79314  5.5 games/s  ETA 0h22m07s
[nnue-g1] 72082/79314  5.5 games/s  ETA 0h22m03s
[nnue-g1] 72099/79314  5.5 games/s  ETA 0h22m00s
[nnue-g1] 72119/79314  5.5 games/s  ETA 0h21m56s
[nnue-g1] 72138/79314  5.5 games/s  ETA 0h21m52s
[nnue-g1] 72156/79314  5.5 games/s  ETA 0h21m49s
[nnue-g1] 72176/79314  5.5 games/s  ETA 0h21m45s
[nnue-g1] 72197/79314  5.5 games/s  ETA 0h21m41s
[nnue-g1] 72213/79314  5.5 games/s  ETA 0h21m38s
[nnue-g1] 72234/79314  5.5 games/s  ETA 0h21m34s
[nnue-g1] 72253/79314  5.5 games/s  ETA 0h21m30s
[nnue-g1] 72274/79314  5.5 games/s  ETA 0h21m26s
[nnue-g1] 72292/79314  5.5 games/s  ETA 0h21m23s
[nnue-g1] 72311/79314  5.5 games/s  ETA 0h21m19s
[nnue-g1] 72331/79314  5.5 games/s  ETA 0h21m16s
[nnue-g1] 72349/79314  5.5 games/s  ETA 0h21m12s
[nnue-g1] 72366/79314  5.5 games/s  ETA 0h21m09s
[nnue-g1] 72382/79314  5.5 games/s  ETA 0h21m06s
[nnue-g1] 72405/79314  5.5 games/s  ETA 0h21m02s
[nnue-g1] 72426/79314  5.5 games/s  ETA 0h20m58s
[nnue-g1] 72444/79314  5.5 games/s  ETA 0h20m54s
[nnue-g1] 72466/79314  5.5 games/s  ETA 0h20m50s
[nnue-g1] 72484/79314  5.5 games/s  ETA 0h20m47s
[nnue-g1] 72508/79314  5.5 games/s  ETA 0h20m42s
[nnue-g1] 72530/79314  5.5 games/s  ETA 0h20m38s
[nnue-g1] 72545/79314  5.5 games/s  ETA 0h20m35s
[nnue-g1] 72566/79314  5.5 games/s  ETA 0h20m31s
[nnue-g1] 72587/79314  5.5 games/s  ETA 0h20m27s
[nnue-g1] 72607/79314  5.5 games/s  ETA 0h20m23s
[nnue-g1] 72629/79314  5.5 games/s  ETA 0h20m19s
[nnue-g1] 72648/79314  5.5 games/s  ETA 0h20m15s
[nnue-g1] 72664/79314  5.5 games/s  ETA 0h20m12s
[nnue-g1] 72681/79314  5.5 games/s  ETA 0h20m09s
[nnue-g1] 72702/79314  5.5 games/s  ETA 0h20m05s
[nnue-g1] 72721/79314  5.5 games/s  ETA 0h20m02s
[nnue-g1] 72742/79314  5.5 games/s  ETA 0h19m58s
[nnue-g1] 72761/79314  5.5 games/s  ETA 0h19m54s
[nnue-g1] 72781/79314  5.5 games/s  ETA 0h19m50s
[nnue-g1] 72798/79314  5.5 games/s  ETA 0h19m47s
[nnue-g1] 72816/79314  5.5 games/s  ETA 0h19m44s
[nnue-g1] 72832/79314  5.5 games/s  ETA 0h19m41s
[nnue-g1] 72845/79314  5.5 games/s  ETA 0h19m38s
[nnue-g1] 72869/79314  5.5 games/s  ETA 0h19m34s
[nnue-g1] 72886/79314  5.5 games/s  ETA 0h19m30s
[nnue-g1] 72901/79314  5.5 games/s  ETA 0h19m28s
[nnue-g1] 72916/79314  5.5 games/s  ETA 0h19m25s
[nnue-g1] 72935/79314  5.5 games/s  ETA 0h19m21s
[nnue-g1] 72951/79314  5.5 games/s  ETA 0h19m18s
[nnue-g1] 72960/79314  5.5 games/s  ETA 0h19m17s
[nnue-g1] 72973/79314  5.5 games/s  ETA 0h19m14s
[nnue-g1] 72990/79314  5.5 games/s  ETA 0h19m11s
[nnue-g1] 73005/79314  5.5 games/s  ETA 0h19m08s
[nnue-g1] 73018/79314  5.5 games/s  ETA 0h19m06s
[nnue-g1] 73033/79314  5.5 games/s  ETA 0h19m03s
[nnue-g1] 73049/79314  5.5 games/s  ETA 0h19m00s
[nnue-g1] 73064/79314  5.5 games/s  ETA 0h18m57s
[nnue-g1] 73077/79314  5.5 games/s  ETA 0h18m55s
[nnue-g1] 73094/79314  5.5 games/s  ETA 0h18m52s
[nnue-g1] 73107/79314  5.5 games/s  ETA 0h18m49s
[nnue-g1] 73124/79314  5.5 games/s  ETA 0h18m46s
[nnue-g1] 73138/79314  5.5 games/s  ETA 0h18m43s
[nnue-g1] 73153/79314  5.5 games/s  ETA 0h18m41s
[nnue-g1] 73174/79314  5.5 games/s  ETA 0h18m37s
[nnue-g1] 73190/79314  5.5 games/s  ETA 0h18m34s
[nnue-g1] 73203/79314  5.5 games/s  ETA 0h18m31s
[nnue-g1] 73221/79314  5.5 games/s  ETA 0h18m28s
[nnue-g1] 73234/79314  5.5 games/s  ETA 0h18m26s
[nnue-g1] 73250/79314  5.5 games/s  ETA 0h18m23s
[nnue-g1] 73265/79314  5.5 games/s  ETA 0h18m20s
[nnue-g1] 73283/79314  5.5 games/s  ETA 0h18m16s
[nnue-g1] 73299/79314  5.5 games/s  ETA 0h18m13s
[nnue-g1] 73319/79314  5.5 games/s  ETA 0h18m10s
[nnue-g1] 73338/79314  5.5 games/s  ETA 0h18m06s
[nnue-g1] 73359/79314  5.5 games/s  ETA 0h18m02s
[nnue-g1] 73376/79314  5.5 games/s  ETA 0h17m59s
[nnue-g1] 73389/79314  5.5 games/s  ETA 0h17m57s
[nnue-g1] 73407/79314  5.5 games/s  ETA 0h17m53s
[nnue-g1] 73422/79314  5.5 games/s  ETA 0h17m50s
[nnue-g1] 73433/79314  5.5 games/s  ETA 0h17m48s
[nnue-g1] 73452/79314  5.5 games/s  ETA 0h17m45s
[nnue-g1] 73470/79314  5.5 games/s  ETA 0h17m41s
[nnue-g1] 73486/79314  5.5 games/s  ETA 0h17m38s
[nnue-g1] 73504/79314  5.5 games/s  ETA 0h17m35s
[nnue-g1] 73521/79314  5.5 games/s  ETA 0h17m32s
[nnue-g1] 73536/79314  5.5 games/s  ETA 0h17m29s
[nnue-g1] 73551/79314  5.5 games/s  ETA 0h17m26s
[nnue-g1] 73566/79314  5.5 games/s  ETA 0h17m24s
[nnue-g1] 73586/79314  5.5 games/s  ETA 0h17m20s
[nnue-g1] 73601/79314  5.5 games/s  ETA 0h17m17s
[nnue-g1] 73618/79314  5.5 games/s  ETA 0h17m14s
[nnue-g1] 73638/79314  5.5 games/s  ETA 0h17m10s
[nnue-g1] 73651/79314  5.5 games/s  ETA 0h17m08s
[nnue-g1] 73668/79314  5.5 games/s  ETA 0h17m05s
[nnue-g1] 73685/79314  5.5 games/s  ETA 0h17m01s
[nnue-g1] 73701/79314  5.5 games/s  ETA 0h16m58s
[nnue-g1] 73716/79314  5.5 games/s  ETA 0h16m56s
[nnue-g1] 73734/79314  5.5 games/s  ETA 0h16m52s
[nnue-g1] 73753/79314  5.5 games/s  ETA 0h16m49s
[nnue-g1] 73769/79314  5.5 games/s  ETA 0h16m46s
[nnue-g1] 73789/79314  5.5 games/s  ETA 0h16m42s
[nnue-g1] 73809/79314  5.5 games/s  ETA 0h16m38s
[nnue-g1] 73827/79314  5.5 games/s  ETA 0h16m35s
[nnue-g1] 73844/79314  5.5 games/s  ETA 0h16m32s
[nnue-g1] 73863/79314  5.5 games/s  ETA 0h16m28s
[nnue-g1] 73883/79314  5.5 games/s  ETA 0h16m24s
[nnue-g1] 73902/79314  5.5 games/s  ETA 0h16m21s
[nnue-g1] 73920/79314  5.5 games/s  ETA 0h16m17s
[nnue-g1] 73938/79314  5.5 games/s  ETA 0h16m14s
[nnue-g1] 73957/79314  5.5 games/s  ETA 0h16m11s
[nnue-g1] 73972/79314  5.5 games/s  ETA 0h16m08s
[nnue-g1] 73990/79314  5.5 games/s  ETA 0h16m04s
[nnue-g1] 74010/79314  5.5 games/s  ETA 0h16m01s
[nnue-g1] 74030/79314  5.5 games/s  ETA 0h15m57s
[nnue-g1] 74046/79314  5.5 games/s  ETA 0h15m54s
[nnue-g1] 74064/79314  5.5 games/s  ETA 0h15m51s
[nnue-g1] 74079/79314  5.5 games/s  ETA 0h15m48s
[nnue-g1] 74098/79314  5.5 games/s  ETA 0h15m44s
[nnue-g1] 74119/79314  5.5 games/s  ETA 0h15m40s
[nnue-g1] 74142/79314  5.5 games/s  ETA 0h15m36s
[nnue-g1] 74155/79314  5.5 games/s  ETA 0h15m34s
[nnue-g1] 74178/79314  5.5 games/s  ETA 0h15m29s
[nnue-g1] 74193/79314  5.5 games/s  ETA 0h15m27s
[nnue-g1] 74207/79314  5.5 games/s  ETA 0h15m24s
[nnue-g1] 74230/79314  5.5 games/s  ETA 0h15m20s
[nnue-g1] 74249/79314  5.5 games/s  ETA 0h15m16s
[nnue-g1] 74271/79314  5.5 games/s  ETA 0h15m12s
[nnue-g1] 74288/79314  5.5 games/s  ETA 0h15m09s
[nnue-g1] 74310/79314  5.5 games/s  ETA 0h15m05s
[nnue-g1] 74326/79314  5.5 games/s  ETA 0h15m02s
[nnue-g1] 74345/79314  5.5 games/s  ETA 0h14m58s
[nnue-g1] 74363/79314  5.5 games/s  ETA 0h14m55s
[nnue-g1] 74381/79314  5.5 games/s  ETA 0h14m52s
[nnue-g1] 74395/79314  5.5 games/s  ETA 0h14m49s
[nnue-g1] 74412/79314  5.5 games/s  ETA 0h14m46s
[nnue-g1] 74431/79314  5.5 games/s  ETA 0h14m42s
[nnue-g1] 74450/79314  5.5 games/s  ETA 0h14m39s
[nnue-g1] 74464/79314  5.5 games/s  ETA 0h14m36s
[nnue-g1] 74475/79314  5.5 games/s  ETA 0h14m34s
[nnue-g1] 74491/79314  5.5 games/s  ETA 0h14m31s
[nnue-g1] 74504/79314  5.5 games/s  ETA 0h14m29s
[nnue-g1] 74524/79314  5.5 games/s  ETA 0h14m25s
[nnue-g1] 74543/79314  5.5 games/s  ETA 0h14m22s
[nnue-g1] 74558/79314  5.5 games/s  ETA 0h14m19s
[nnue-g1] 74576/79314  5.5 games/s  ETA 0h14m16s
[nnue-g1] 74593/79314  5.5 games/s  ETA 0h14m13s
[nnue-g1] 74608/79314  5.5 games/s  ETA 0h14m10s
[nnue-g1] 74621/79314  5.5 games/s  ETA 0h14m07s
[nnue-g1] 74642/79314  5.5 games/s  ETA 0h14m04s
[nnue-g1] 74659/79314  5.5 games/s  ETA 0h14m00s
[nnue-g1] 74673/79314  5.5 games/s  ETA 0h13m58s
[nnue-g1] 74690/79314  5.5 games/s  ETA 0h13m55s
[nnue-g1] 74705/79314  5.5 games/s  ETA 0h13m52s
[nnue-g1] 74720/79314  5.5 games/s  ETA 0h13m49s
[nnue-g1] 74739/79314  5.5 games/s  ETA 0h13m46s
[nnue-g1] 74754/79314  5.5 games/s  ETA 0h13m43s
[nnue-g1] 74771/79314  5.5 games/s  ETA 0h13m40s
[nnue-g1] 74783/79314  5.5 games/s  ETA 0h13m38s
[nnue-g1] 74804/79314  5.5 games/s  ETA 0h13m34s
[nnue-g1] 74819/79314  5.5 games/s  ETA 0h13m31s
[nnue-g1] 74838/79314  5.5 games/s  ETA 0h13m27s
[nnue-g1] 74857/79314  5.5 games/s  ETA 0h13m24s
[nnue-g1] 74877/79314  5.5 games/s  ETA 0h13m20s
[nnue-g1] 74894/79314  5.5 games/s  ETA 0h13m17s
[nnue-g1] 74911/79314  5.5 games/s  ETA 0h13m14s
[nnue-g1] 74924/79314  5.5 games/s  ETA 0h13m12s
[nnue-g1] 74943/79314  5.5 games/s  ETA 0h13m08s
[nnue-g1] 74965/79314  5.5 games/s  ETA 0h13m04s
[nnue-g1] 74982/79314  5.5 games/s  ETA 0h13m01s
[nnue-g1] 75001/79314  5.5 games/s  ETA 0h12m57s
[nnue-g1] 75020/79314  5.5 games/s  ETA 0h12m54s
[nnue-g1] 75037/79314  5.5 games/s  ETA 0h12m51s
[nnue-g1] 75054/79314  5.5 games/s  ETA 0h12m48s
[nnue-g1] 75073/79314  5.5 games/s  ETA 0h12m44s
[nnue-g1] 75090/79314  5.5 games/s  ETA 0h12m41s
[nnue-g1] 75110/79314  5.5 games/s  ETA 0h12m37s
[nnue-g1] 75130/79314  5.5 games/s  ETA 0h12m34s
[nnue-g1] 75146/79314  5.5 games/s  ETA 0h12m31s
[nnue-g1] 75172/79314  5.6 games/s  ETA 0h12m26s
[nnue-g1] 75189/79314  5.6 games/s  ETA 0h12m23s
[nnue-g1] 75205/79314  5.6 games/s  ETA 0h12m20s
[nnue-g1] 75225/79314  5.6 games/s  ETA 0h12m16s
[nnue-g1] 75246/79314  5.6 games/s  ETA 0h12m12s
[nnue-g1] 75266/79314  5.6 games/s  ETA 0h12m08s
[nnue-g1] 75285/79314  5.6 games/s  ETA 0h12m05s
[nnue-g1] 75301/79314  5.6 games/s  ETA 0h12m02s
[nnue-g1] 75320/79314  5.6 games/s  ETA 0h11m59s
[nnue-g1] 75338/79314  5.6 games/s  ETA 0h11m55s
[nnue-g1] 75353/79314  5.6 games/s  ETA 0h11m53s
[nnue-g1] 75368/79314  5.6 games/s  ETA 0h11m50s
[nnue-g1] 75390/79314  5.6 games/s  ETA 0h11m46s
[nnue-g1] 75408/79314  5.6 games/s  ETA 0h11m42s
[nnue-g1] 75425/79314  5.6 games/s  ETA 0h11m39s
[nnue-g1] 75442/79314  5.6 games/s  ETA 0h11m36s
[nnue-g1] 75459/79314  5.6 games/s  ETA 0h11m33s
[nnue-g1] 75478/79314  5.6 games/s  ETA 0h11m30s
[nnue-g1] 75495/79314  5.6 games/s  ETA 0h11m26s
[nnue-g1] 75513/79314  5.6 games/s  ETA 0h11m23s
[nnue-g1] 75532/79314  5.6 games/s  ETA 0h11m20s
[nnue-g1] 75549/79314  5.6 games/s  ETA 0h11m17s
[nnue-g1] 75568/79314  5.6 games/s  ETA 0h11m13s
[nnue-g1] 75588/79314  5.6 games/s  ETA 0h11m09s
[nnue-g1] 75605/79314  5.6 games/s  ETA 0h11m06s
[nnue-g1] 75628/79314  5.6 games/s  ETA 0h11m02s
[nnue-g1] 75650/79314  5.6 games/s  ETA 0h10m58s
[nnue-g1] 75666/79314  5.6 games/s  ETA 0h10m55s
[nnue-g1] 75684/79314  5.6 games/s  ETA 0h10m52s
[nnue-g1] 75707/79314  5.6 games/s  ETA 0h10m48s
[nnue-g1] 75726/79314  5.6 games/s  ETA 0h10m44s
[nnue-g1] 75746/79314  5.6 games/s  ETA 0h10m40s
[nnue-g1] 75765/79314  5.6 games/s  ETA 0h10m37s
[nnue-g1] 75786/79314  5.6 games/s  ETA 0h10m33s
[nnue-g1] 75806/79314  5.6 games/s  ETA 0h10m29s
[nnue-g1] 75823/79314  5.6 games/s  ETA 0h10m26s
[nnue-g1] 75840/79314  5.6 games/s  ETA 0h10m23s
[nnue-g1] 75858/79314  5.6 games/s  ETA 0h10m20s
[nnue-g1] 75872/79314  5.6 games/s  ETA 0h10m17s
[nnue-g1] 75890/79314  5.6 games/s  ETA 0h10m14s
[nnue-g1] 75910/79314  5.6 games/s  ETA 0h10m10s
[nnue-g1] 75927/79314  5.6 games/s  ETA 0h10m07s
[nnue-g1] 75941/79314  5.6 games/s  ETA 0h10m05s
[nnue-g1] 75962/79314  5.6 games/s  ETA 0h10m01s
[nnue-g1] 75977/79314  5.6 games/s  ETA 0h09m58s
[nnue-g1] 75995/79314  5.6 games/s  ETA 0h09m55s
[nnue-g1] 76014/79314  5.6 games/s  ETA 0h09m52s
[nnue-g1] 76034/79314  5.6 games/s  ETA 0h09m48s
[nnue-g1] 76052/79314  5.6 games/s  ETA 0h09m45s
[nnue-g1] 76066/79314  5.6 games/s  ETA 0h09m42s
[nnue-g1] 76086/79314  5.6 games/s  ETA 0h09m38s
[nnue-g1] 76105/79314  5.6 games/s  ETA 0h09m35s
[nnue-g1] 76127/79314  5.6 games/s  ETA 0h09m31s
[nnue-g1] 76143/79314  5.6 games/s  ETA 0h09m28s
[nnue-g1] 76164/79314  5.6 games/s  ETA 0h09m24s
[nnue-g1] 76181/79314  5.6 games/s  ETA 0h09m21s
[nnue-g1] 76197/79314  5.6 games/s  ETA 0h09m18s
[nnue-g1] 76218/79314  5.6 games/s  ETA 0h09m14s
[nnue-g1] 76234/79314  5.6 games/s  ETA 0h09m11s
[nnue-g1] 76254/79314  5.6 games/s  ETA 0h09m08s
[nnue-g1] 76274/79314  5.6 games/s  ETA 0h09m04s
[nnue-g1] 76293/79314  5.6 games/s  ETA 0h09m01s
[nnue-g1] 76311/79314  5.6 games/s  ETA 0h08m57s
[nnue-g1] 76325/79314  5.6 games/s  ETA 0h08m55s
[nnue-g1] 76344/79314  5.6 games/s  ETA 0h08m51s
[nnue-g1] 76359/79314  5.6 games/s  ETA 0h08m49s
[nnue-g1] 76379/79314  5.6 games/s  ETA 0h08m45s
[nnue-g1] 76398/79314  5.6 games/s  ETA 0h08m42s
[nnue-g1] 76418/79314  5.6 games/s  ETA 0h08m38s
[nnue-g1] 76437/79314  5.6 games/s  ETA 0h08m34s
[nnue-g1] 76466/79314  5.6 games/s  ETA 0h08m29s
[nnue-g1] 76483/79314  5.6 games/s  ETA 0h08m26s
[nnue-g1] 76508/79314  5.6 games/s  ETA 0h08m22s
[nnue-g1] 76523/79314  5.6 games/s  ETA 0h08m19s
[nnue-g1] 76543/79314  5.6 games/s  ETA 0h08m15s
[nnue-g1] 76561/79314  5.6 games/s  ETA 0h08m12s
[nnue-g1] 76580/79314  5.6 games/s  ETA 0h08m08s
[nnue-g1] 76597/79314  5.6 games/s  ETA 0h08m05s
[nnue-g1] 76619/79314  5.6 games/s  ETA 0h08m01s
[nnue-g1] 76639/79314  5.6 games/s  ETA 0h07m58s
[nnue-g1] 76659/79314  5.6 games/s  ETA 0h07m54s
[nnue-g1] 76674/79314  5.6 games/s  ETA 0h07m51s
[nnue-g1] 76694/79314  5.6 games/s  ETA 0h07m48s
[nnue-g1] 76711/79314  5.6 games/s  ETA 0h07m45s
[nnue-g1] 76732/79314  5.6 games/s  ETA 0h07m41s
[nnue-g1] 76753/79314  5.6 games/s  ETA 0h07m37s
[nnue-g1] 76769/79314  5.6 games/s  ETA 0h07m34s
[nnue-g1] 76790/79314  5.6 games/s  ETA 0h07m30s
[nnue-g1] 76809/79314  5.6 games/s  ETA 0h07m27s
[nnue-g1] 76827/79314  5.6 games/s  ETA 0h07m24s
[nnue-g1] 76846/79314  5.6 games/s  ETA 0h07m20s
[nnue-g1] 76861/79314  5.6 games/s  ETA 0h07m18s
[nnue-g1] 76876/79314  5.6 games/s  ETA 0h07m15s
[nnue-g1] 76898/79314  5.6 games/s  ETA 0h07m11s
[nnue-g1] 76913/79314  5.6 games/s  ETA 0h07m08s
[nnue-g1] 76930/79314  5.6 games/s  ETA 0h07m05s
[nnue-g1] 76946/79314  5.6 games/s  ETA 0h07m02s
[nnue-g1] 76962/79314  5.6 games/s  ETA 0h06m59s
[nnue-g1] 76980/79314  5.6 games/s  ETA 0h06m56s
[nnue-g1] 76996/79314  5.6 games/s  ETA 0h06m53s
[nnue-g1] 77014/79314  5.6 games/s  ETA 0h06m50s
[nnue-g1] 77035/79314  5.6 games/s  ETA 0h06m46s
[nnue-g1] 77054/79314  5.6 games/s  ETA 0h06m43s
[nnue-g1] 77072/79314  5.6 games/s  ETA 0h06m40s
[nnue-g1] 77092/79314  5.6 games/s  ETA 0h06m36s
[nnue-g1] 77116/79314  5.6 games/s  ETA 0h06m32s
[nnue-g1] 77133/79314  5.6 games/s  ETA 0h06m28s
[nnue-g1] 77149/79314  5.6 games/s  ETA 0h06m26s
[nnue-g1] 77170/79314  5.6 games/s  ETA 0h06m22s
[nnue-g1] 77184/79314  5.6 games/s  ETA 0h06m19s
[nnue-g1] 77205/79314  5.6 games/s  ETA 0h06m16s
[nnue-g1] 77223/79314  5.6 games/s  ETA 0h06m12s
[nnue-g1] 77243/79314  5.6 games/s  ETA 0h06m09s
[nnue-g1] 77260/79314  5.6 games/s  ETA 0h06m06s
[nnue-g1] 77282/79314  5.6 games/s  ETA 0h06m02s
[nnue-g1] 77306/79314  5.6 games/s  ETA 0h05m57s
[nnue-g1] 77325/79314  5.6 games/s  ETA 0h05m54s
[nnue-g1] 77344/79314  5.6 games/s  ETA 0h05m50s
[nnue-g1] 77363/79314  5.6 games/s  ETA 0h05m47s
[nnue-g1] 77383/79314  5.6 games/s  ETA 0h05m43s
[nnue-g1] 77398/79314  5.6 games/s  ETA 0h05m41s
[nnue-g1] 77417/79314  5.6 games/s  ETA 0h05m37s
[nnue-g1] 77439/79314  5.6 games/s  ETA 0h05m33s
[nnue-g1] 77458/79314  5.6 games/s  ETA 0h05m30s
[nnue-g1] 77475/79314  5.6 games/s  ETA 0h05m27s
[nnue-g1] 77494/79314  5.6 games/s  ETA 0h05m23s
[nnue-g1] 77514/79314  5.6 games/s  ETA 0h05m20s
[nnue-g1] 77535/79314  5.6 games/s  ETA 0h05m16s
[nnue-g1] 77551/79314  5.6 games/s  ETA 0h05m13s
[nnue-g1] 77577/79314  5.6 games/s  ETA 0h05m09s
[nnue-g1] 77595/79314  5.6 games/s  ETA 0h05m05s
[nnue-g1] 77618/79314  5.6 games/s  ETA 0h05m01s
[nnue-g1] 77637/79314  5.6 games/s  ETA 0h04m58s
[nnue-g1] 77657/79314  5.6 games/s  ETA 0h04m54s
[nnue-g1] 77672/79314  5.6 games/s  ETA 0h04m52s
[nnue-g1] 77693/79314  5.6 games/s  ETA 0h04m48s
[nnue-g1] 77712/79314  5.6 games/s  ETA 0h04m44s
[nnue-g1] 77725/79314  5.6 games/s  ETA 0h04m42s
[nnue-g1] 77744/79314  5.6 games/s  ETA 0h04m39s
[nnue-g1] 77763/79314  5.6 games/s  ETA 0h04m35s
[nnue-g1] 77783/79314  5.6 games/s  ETA 0h04m32s
[nnue-g1] 77799/79314  5.6 games/s  ETA 0h04m29s
[nnue-g1] 77819/79314  5.6 games/s  ETA 0h04m25s
[nnue-g1] 77834/79314  5.6 games/s  ETA 0h04m22s
[nnue-g1] 77849/79314  5.6 games/s  ETA 0h04m20s
[nnue-g1] 77872/79314  5.6 games/s  ETA 0h04m16s
[nnue-g1] 77890/79314  5.6 games/s  ETA 0h04m12s
[nnue-g1] 77910/79314  5.6 games/s  ETA 0h04m09s
[nnue-g1] 77928/79314  5.6 games/s  ETA 0h04m06s
[nnue-g1] 77949/79314  5.6 games/s  ETA 0h04m02s
[nnue-g1] 77969/79314  5.6 games/s  ETA 0h03m58s
[nnue-g1] 77990/79314  5.6 games/s  ETA 0h03m55s
[nnue-g1] 78010/79314  5.6 games/s  ETA 0h03m51s
[nnue-g1] 78030/79314  5.6 games/s  ETA 0h03m47s
[nnue-g1] 78046/79314  5.6 games/s  ETA 0h03m45s
[nnue-g1] 78068/79314  5.6 games/s  ETA 0h03m41s
[nnue-g1] 78086/79314  5.6 games/s  ETA 0h03m37s
[nnue-g1] 78103/79314  5.6 games/s  ETA 0h03m34s
[nnue-g1] 78122/79314  5.6 games/s  ETA 0h03m31s
[nnue-g1] 78138/79314  5.6 games/s  ETA 0h03m28s
[nnue-g1] 78161/79314  5.6 games/s  ETA 0h03m24s
[nnue-g1] 78183/79314  5.6 games/s  ETA 0h03m20s
[nnue-g1] 78198/79314  5.6 games/s  ETA 0h03m17s
[nnue-g1] 78210/79314  5.6 games/s  ETA 0h03m15s
[nnue-g1] 78229/79314  5.6 games/s  ETA 0h03m12s
[nnue-g1] 78245/79314  5.6 games/s  ETA 0h03m09s
[nnue-g1] 78260/79314  5.6 games/s  ETA 0h03m06s
[nnue-g1] 78276/79314  5.6 games/s  ETA 0h03m04s
[nnue-g1] 78295/79314  5.6 games/s  ETA 0h03m00s
[nnue-g1] 78314/79314  5.6 games/s  ETA 0h02m57s
[nnue-g1] 78333/79314  5.6 games/s  ETA 0h02m53s
[nnue-g1] 78347/79314  5.6 games/s  ETA 0h02m51s
[nnue-g1] 78367/79314  5.6 games/s  ETA 0h02m47s
[nnue-g1] 78384/79314  5.6 games/s  ETA 0h02m44s
[nnue-g1] 78400/79314  5.6 games/s  ETA 0h02m41s
[nnue-g1] 78418/79314  5.6 games/s  ETA 0h02m38s
[nnue-g1] 78438/79314  5.6 games/s  ETA 0h02m35s
[nnue-g1] 78457/79314  5.6 games/s  ETA 0h02m31s
[nnue-g1] 78473/79314  5.6 games/s  ETA 0h02m28s
[nnue-g1] 78495/79314  5.6 games/s  ETA 0h02m25s
[nnue-g1] 78514/79314  5.6 games/s  ETA 0h02m21s
[nnue-g1] 78531/79314  5.6 games/s  ETA 0h02m18s
[nnue-g1] 78549/79314  5.6 games/s  ETA 0h02m15s
[nnue-g1] 78573/79314  5.6 games/s  ETA 0h02m11s
[nnue-g1] 78587/79314  5.6 games/s  ETA 0h02m08s
[nnue-g1] 78606/79314  5.6 games/s  ETA 0h02m05s
[nnue-g1] 78627/79314  5.6 games/s  ETA 0h02m01s
[nnue-g1] 78643/79314  5.7 games/s  ETA 0h01m58s
[nnue-g1] 78662/79314  5.7 games/s  ETA 0h01m55s
[nnue-g1] 78681/79314  5.7 games/s  ETA 0h01m52s
[nnue-g1] 78698/79314  5.7 games/s  ETA 0h01m48s
[nnue-g1] 78713/79314  5.7 games/s  ETA 0h01m46s
[nnue-g1] 78733/79314  5.7 games/s  ETA 0h01m42s
[nnue-g1] 78753/79314  5.7 games/s  ETA 0h01m39s
[nnue-g1] 78773/79314  5.7 games/s  ETA 0h01m35s
[nnue-g1] 78789/79314  5.7 games/s  ETA 0h01m32s
[nnue-g1] 78808/79314  5.7 games/s  ETA 0h01m29s
[nnue-g1] 78825/79314  5.7 games/s  ETA 0h01m26s
[nnue-g1] 78846/79314  5.7 games/s  ETA 0h01m22s
[nnue-g1] 78862/79314  5.7 games/s  ETA 0h01m19s
[nnue-g1] 78886/79314  5.7 games/s  ETA 0h01m15s
[nnue-g1] 78901/79314  5.7 games/s  ETA 0h01m13s
[nnue-g1] 78921/79314  5.7 games/s  ETA 0h01m09s
[nnue-g1] 78938/79314  5.7 games/s  ETA 0h01m06s
[nnue-g1] 78959/79314  5.7 games/s  ETA 0h01m02s
[nnue-g1] 78982/79314  5.7 games/s  ETA 0h00m58s
[nnue-g1] 78997/79314  5.7 games/s  ETA 0h00m56s
[nnue-g1] 79017/79314  5.7 games/s  ETA 0h00m52s
[nnue-g1] 79035/79314  5.7 games/s  ETA 0h00m49s
[nnue-g1] 79057/79314  5.7 games/s  ETA 0h00m45s
[nnue-g1] 79077/79314  5.7 games/s  ETA 0h00m41s
[nnue-g1] 79097/79314  5.7 games/s  ETA 0h00m38s
[nnue-g1] 79115/79314  5.7 games/s  ETA 0h00m35s
[nnue-g1] 79132/79314  5.7 games/s  ETA 0h00m32s
[nnue-g1] 79151/79314  5.7 games/s  ETA 0h00m28s
[nnue-g1] 79171/79314  5.7 games/s  ETA 0h00m25s
[nnue-g1] 79189/79314  5.7 games/s  ETA 0h00m22s
[nnue-g1] 79209/79314  5.7 games/s  ETA 0h00m18s
[nnue-g1] 79228/79314  5.7 games/s  ETA 0h00m15s
[nnue-g1] 79247/79314  5.7 games/s  ETA 0h00m11s
[nnue-g1] 79268/79314  5.7 games/s  ETA 0h00m08s
[nnue-g1] 79289/79314  5.7 games/s  ETA 0h00m04s
[nnue-g1] 79312/79314  5.7 games/s  ETA 0h00m00s
[nnue-g1] 79314 games in 3h53m09s (5.7 games/s)
Error: Cannot create a string longer than 0x1fffffe8 characters
    at readFileSync (node:fs:436:20)
    at writeSummary (/Users/za/Documents/king down chess/src/sim/run.ts:75:16)
    at run (/Users/za/Documents/king down chess/src/sim/run.ts:71:3)
    at process.processTicksAndRejections (node:internal/process/task_queues:104:5) {
  code: 'ERR_STRING_TOO_LONG'
}
== exit 1 08:43:17
== 08:43:17 npm run nnue -- sample --runs nnue-g1

> king-down-chess@0.0.1 nnue
> tsx src/sim/gen.ts sample --runs nnue-g1

[nnue] runs: nnue-g1
[nnue] nnue-g1                80000 games,  7487107 positions so far
[nnue] 80000 games -> 7487107 positions (752039 held out); skipped 320000 unscored, 17983 decided, 323919 in check, 1238822 noisy
== exit 0 08:48:49
== 08:48:49 npm run nnue -- train --loss res --lambda 0 --epochs 16 --batch 8192 --lr 0.015

> king-down-chess@0.0.1 nnue
> tsx src/sim/gen.ts train --loss res --lambda 0 --epochs 16 --batch 8192 --lr 0.015

[nnue] 7487107 positions (486 MB)
[nnue] 6735068 training positions, 752039 held out
[nnue] residual target: |search - linear| > 150 cp on 4.0% of positions (clipped)
[nnue] epoch   1  lr 0.0150  train 0.000795  val 0.000806  27s
[nnue] epoch   2  lr 0.0149  train 0.000767  val 0.000784  54s
[nnue] epoch   3  lr 0.0145  train 0.000745  val 0.000769  81s
[nnue] epoch   4  lr 0.0138  train 0.000728  val 0.000759  108s
[nnue] epoch   5  lr 0.0129  train 0.000712  val 0.000755  135s
[nnue] epoch   6  lr 0.0118  train 0.000703  val 0.000752  161s
[nnue] epoch   7  lr 0.0106  train 0.000700  val 0.000750  189s
[nnue] epoch   8  lr 0.0093  train 0.000701  val 0.000751  216s
[nnue] epoch   9  lr 0.0079  train 0.000681  val 0.000750  243s
[nnue] epoch  10  lr 0.0065  train 0.000697  val 0.000749  270s
[nnue] epoch  11  lr 0.0051  train 0.000692  val 0.000748  298s
[nnue] epoch  12  lr 0.0039  train 0.000688  val 0.000744  325s
[nnue] epoch  13  lr 0.0028  train 0.000676  val 0.000744  352s
[nnue] epoch  14  lr 0.0020  train 0.000669  val 0.000742  379s
[nnue] epoch  15  lr 0.0013  train 0.000668  val 0.000742  406s
[nnue] epoch  16  lr 0.0009  train 0.000679  val 0.000743  434s
[nnue] best validation 0.000742 at epoch 14
[nnue] src/ai/nnue/weights.ts: residual net, 45153 weights, 117.6 kB of base64
== exit 0 08:56:07
== 08:56:07 npm run nnue -- arms

> king-down-chess@0.0.1 nnue
> tsx src/sim/gen.ts arms

[nnue] wrote eval-{nnue,linear,residual}.json in sim/nnue from the live evaluation
== exit 0 08:56:08
== 08:56:08 npm run tune -- match --id nnue-res-d3 --games 1600 --depth 3 --seed 7103 --workers 16 --tuned sim/nnue/eval-residual.json --base sim/nnue/eval-linear.json

> king-down-chess@0.0.1 tune
> tsx src/sim/tune.ts match --id nnue-res-d3 --games 1600 --depth 3 --seed 7103 --workers 16 --tuned sim/nnue/eval-residual.json --base sim/nnue/eval-linear.json

[nnue-res-d3] 1600 games (0 already done), 1600 to play on 16 workers -> sim/out/nnue-res-d3.jsonl
[nnue-res-d3] depth 3, 4 random opening plies, ply cap 300, pairs on
[nnue-res-d3] rules {}, values {}
[nnue-res-d3] 2/1600  1.0 games/s  ETA 0h26m38s
[nnue-res-d3] 19/1600  4.7 games/s  ETA 0h05m33s
[nnue-res-d3] 32/1600  5.3 games/s  ETA 0h04m54s
[nnue-res-d3] 48/1600  6.0 games/s  ETA 0h04m19s
[nnue-res-d3] 60/1600  6.0 games/s  ETA 0h04m16s
[nnue-res-d3] 82/1600  6.8 games/s  ETA 0h03m42s
[nnue-res-d3] 96/1600  6.8 games/s  ETA 0h03m39s
[nnue-res-d3] 105/1600  6.6 games/s  ETA 0h03m48s
[nnue-res-d3] 118/1600  6.5 games/s  ETA 0h03m46s
[nnue-res-d3] 129/1600  6.4 games/s  ETA 0h03m48s
[nnue-res-d3] 141/1600  6.4 games/s  ETA 0h03m47s
[nnue-res-d3] 154/1600  6.4 games/s  ETA 0h03m45s
[nnue-res-d3] 168/1600  6.5 games/s  ETA 0h03m41s
[nnue-res-d3] 181/1600  6.5 games/s  ETA 0h03m39s
[nnue-res-d3] 191/1600  6.4 games/s  ETA 0h03m41s
[nnue-res-d3] 204/1600  6.4 games/s  ETA 0h03m39s
[nnue-res-d3] 217/1600  6.4 games/s  ETA 0h03m36s
[nnue-res-d3] 232/1600  6.4 games/s  ETA 0h03m32s
[nnue-res-d3] 242/1600  6.4 games/s  ETA 0h03m33s
[nnue-res-d3] 254/1600  6.3 games/s  ETA 0h03m32s
[nnue-res-d3] 264/1600  6.3 games/s  ETA 0h03m32s
[nnue-res-d3] 282/1600  6.4 games/s  ETA 0h03m25s
[nnue-res-d3] 293/1600  6.4 games/s  ETA 0h03m25s
[nnue-res-d3] 305/1600  6.3 games/s  ETA 0h03m24s
[nnue-res-d3] 318/1600  6.4 games/s  ETA 0h03m21s
[nnue-res-d3] 334/1600  6.4 games/s  ETA 0h03m17s
[nnue-res-d3] 348/1600  6.4 games/s  ETA 0h03m14s
[nnue-res-d3] 361/1600  6.4 games/s  ETA 0h03m12s
[nnue-res-d3] 376/1600  6.5 games/s  ETA 0h03m09s
[nnue-res-d3] 391/1600  6.5 games/s  ETA 0h03m05s
[nnue-res-d3] 402/1600  6.5 games/s  ETA 0h03m04s
[nnue-res-d3] 415/1600  6.5 games/s  ETA 0h03m02s
[nnue-res-d3] 429/1600  6.5 games/s  ETA 0h03m00s
[nnue-res-d3] 444/1600  6.5 games/s  ETA 0h02m57s
[nnue-res-d3] 456/1600  6.5 games/s  ETA 0h02m55s
[nnue-res-d3] 468/1600  6.5 games/s  ETA 0h02m54s
[nnue-res-d3] 479/1600  6.5 games/s  ETA 0h02m53s
[nnue-res-d3] 496/1600  6.5 games/s  ETA 0h02m49s
[nnue-res-d3] 509/1600  6.5 games/s  ETA 0h02m47s
[nnue-res-d3] 522/1600  6.5 games/s  ETA 0h02m45s
[nnue-res-d3] 536/1600  6.5 games/s  ETA 0h02m42s
[nnue-res-d3] 544/1600  6.5 games/s  ETA 0h02m43s
[nnue-res-d3] 553/1600  6.4 games/s  ETA 0h02m42s
[nnue-res-d3] 568/1600  6.5 games/s  ETA 0h02m39s
[nnue-res-d3] 581/1600  6.5 games/s  ETA 0h02m37s
[nnue-res-d3] 594/1600  6.5 games/s  ETA 0h02m35s
[nnue-res-d3] 604/1600  6.4 games/s  ETA 0h02m35s
[nnue-res-d3] 618/1600  6.4 games/s  ETA 0h02m32s
[nnue-res-d3] 628/1600  6.4 games/s  ETA 0h02m31s
[nnue-res-d3] 639/1600  6.4 games/s  ETA 0h02m30s
[nnue-res-d3] 649/1600  6.4 games/s  ETA 0h02m29s
[nnue-res-d3] 667/1600  6.4 games/s  ETA 0h02m25s
[nnue-res-d3] 677/1600  6.4 games/s  ETA 0h02m24s
[nnue-res-d3] 690/1600  6.4 games/s  ETA 0h02m22s
[nnue-res-d3] 703/1600  6.4 games/s  ETA 0h02m20s
[nnue-res-d3] 714/1600  6.4 games/s  ETA 0h02m19s
[nnue-res-d3] 726/1600  6.4 games/s  ETA 0h02m17s
[nnue-res-d3] 736/1600  6.3 games/s  ETA 0h02m16s
[nnue-res-d3] 752/1600  6.4 games/s  ETA 0h02m13s
[nnue-res-d3] 765/1600  6.4 games/s  ETA 0h02m11s
[nnue-res-d3] 780/1600  6.4 games/s  ETA 0h02m08s
[nnue-res-d3] 793/1600  6.4 games/s  ETA 0h02m06s
[nnue-res-d3] 809/1600  6.4 games/s  ETA 0h02m03s
[nnue-res-d3] 814/1600  6.4 games/s  ETA 0h02m03s
[nnue-res-d3] 831/1600  6.4 games/s  ETA 0h02m00s
[nnue-res-d3] 843/1600  6.4 games/s  ETA 0h01m58s
[nnue-res-d3] 856/1600  6.4 games/s  ETA 0h01m56s
[nnue-res-d3] 869/1600  6.4 games/s  ETA 0h01m54s
[nnue-res-d3] 883/1600  6.4 games/s  ETA 0h01m52s
[nnue-res-d3] 896/1600  6.4 games/s  ETA 0h01m50s
[nnue-res-d3] 912/1600  6.4 games/s  ETA 0h01m47s
[nnue-res-d3] 925/1600  6.4 games/s  ETA 0h01m45s
[nnue-res-d3] 940/1600  6.4 games/s  ETA 0h01m42s
[nnue-res-d3] 951/1600  6.4 games/s  ETA 0h01m41s
[nnue-res-d3] 965/1600  6.4 games/s  ETA 0h01m38s
[nnue-res-d3] 982/1600  6.5 games/s  ETA 0h01m35s
[nnue-res-d3] 997/1600  6.5 games/s  ETA 0h01m33s
[nnue-res-d3] 1006/1600  6.4 games/s  ETA 0h01m32s
[nnue-res-d3] 1021/1600  6.5 games/s  ETA 0h01m29s
[nnue-res-d3] 1036/1600  6.5 games/s  ETA 0h01m27s
[nnue-res-d3] 1048/1600  6.5 games/s  ETA 0h01m25s
[nnue-res-d3] 1062/1600  6.5 games/s  ETA 0h01m23s
[nnue-res-d3] 1076/1600  6.5 games/s  ETA 0h01m20s
[nnue-res-d3] 1087/1600  6.5 games/s  ETA 0h01m19s
[nnue-res-d3] 1101/1600  6.5 games/s  ETA 0h01m17s
[nnue-res-d3] 1111/1600  6.5 games/s  ETA 0h01m15s
[nnue-res-d3] 1125/1600  6.5 games/s  ETA 0h01m13s
[nnue-res-d3] 1137/1600  6.5 games/s  ETA 0h01m11s
[nnue-res-d3] 1152/1600  6.5 games/s  ETA 0h01m09s
[nnue-res-d3] 1168/1600  6.5 games/s  ETA 0h01m06s
[nnue-res-d3] 1182/1600  6.5 games/s  ETA 0h01m04s
[nnue-res-d3] 1193/1600  6.5 games/s  ETA 0h01m02s
[nnue-res-d3] 1207/1600  6.5 games/s  ETA 0h01m00s
[nnue-res-d3] 1217/1600  6.5 games/s  ETA 0h00m59s
[nnue-res-d3] 1233/1600  6.5 games/s  ETA 0h00m56s
[nnue-res-d3] 1247/1600  6.5 games/s  ETA 0h00m54s
[nnue-res-d3] 1260/1600  6.5 games/s  ETA 0h00m52s
[nnue-res-d3] 1274/1600  6.5 games/s  ETA 0h00m50s
[nnue-res-d3] 1291/1600  6.5 games/s  ETA 0h00m47s
[nnue-res-d3] 1303/1600  6.5 games/s  ETA 0h00m45s
[nnue-res-d3] 1317/1600  6.5 games/s  ETA 0h00m43s
[nnue-res-d3] 1331/1600  6.5 games/s  ETA 0h00m41s
[nnue-res-d3] 1343/1600  6.5 games/s  ETA 0h00m39s
[nnue-res-d3] 1353/1600  6.5 games/s  ETA 0h00m38s
[nnue-res-d3] 1368/1600  6.5 games/s  ETA 0h00m35s
[nnue-res-d3] 1381/1600  6.5 games/s  ETA 0h00m33s
[nnue-res-d3] 1396/1600  6.5 games/s  ETA 0h00m31s
[nnue-res-d3] 1414/1600  6.5 games/s  ETA 0h00m28s
[nnue-res-d3] 1426/1600  6.5 games/s  ETA 0h00m26s
[nnue-res-d3] 1439/1600  6.5 games/s  ETA 0h00m24s
[nnue-res-d3] 1455/1600  6.5 games/s  ETA 0h00m22s
[nnue-res-d3] 1469/1600  6.6 games/s  ETA 0h00m19s
[nnue-res-d3] 1484/1600  6.6 games/s  ETA 0h00m17s
[nnue-res-d3] 1498/1600  6.6 games/s  ETA 0h00m15s
[nnue-res-d3] 1511/1600  6.6 games/s  ETA 0h00m13s
[nnue-res-d3] 1524/1600  6.6 games/s  ETA 0h00m11s
[nnue-res-d3] 1538/1600  6.6 games/s  ETA 0h00m09s
[nnue-res-d3] 1550/1600  6.6 games/s  ETA 0h00m07s
[nnue-res-d3] 1563/1600  6.6 games/s  ETA 0h00m05s
[nnue-res-d3] 1576/1600  6.6 games/s  ETA 0h00m03s
[nnue-res-d3] 1588/1600  6.6 games/s  ETA 0h00m01s
[nnue-res-d3] 1597/1600  6.5 games/s  ETA 0h00m00s
[nnue-res-d3] 1600 games in 0h04m05s (6.5 games/s)
[nnue-res-d3] summary -> sim/out/nnue-res-d3.summary.json

[tune] nnue-res-d3: 1600 games, 800 pairs, pentanomial [56, 69, 286, 154, 235]
[tune] tuned score 0.638  Elo +99 ± 14  nElo 114  LOS 100.0%  draws 15.7%  plies 113

== exit 0 09:00:14
== 09:00:14 npm run tune -- match --id nnue-res-d4 --games 200 --depth 4 --seed 7104 --workers 16 --tuned sim/nnue/eval-residual.json --base sim/nnue/eval-linear.json

> king-down-chess@0.0.1 tune
> tsx src/sim/tune.ts match --id nnue-res-d4 --games 200 --depth 4 --seed 7104 --workers 16 --tuned sim/nnue/eval-residual.json --base sim/nnue/eval-linear.json

[nnue-res-d4] 200 games (0 already done), 200 to play on 16 workers -> sim/out/nnue-res-d4.jsonl
[nnue-res-d4] depth 4, 4 random opening plies, ply cap 300, pairs on
[nnue-res-d4] rules {}, values {}
[nnue-res-d4] 0/200  0.0 games/s  ETA ?
[nnue-res-d4] 0/200  0.0 games/s  ETA ?
[nnue-res-d4] 0/200  0.0 games/s  ETA ?
[nnue-res-d4] 4/200  0.5 games/s  ETA 0h06m32s
[nnue-res-d4] 6/200  0.6 games/s  ETA 0h05m23s
[nnue-res-d4] 10/200  0.8 games/s  ETA 0h03m48s
[nnue-res-d4] 12/200  0.9 games/s  ETA 0h03m39s
[nnue-res-d4] 14/200  0.9 games/s  ETA 0h03m32s
[nnue-res-d4] 17/200  0.9 games/s  ETA 0h03m14s
[nnue-res-d4] 19/200  0.9 games/s  ETA 0h03m10s
[nnue-res-d4] 20/200  0.9 games/s  ETA 0h03m18s
[nnue-res-d4] 22/200  0.9 games/s  ETA 0h03m14s
[nnue-res-d4] 26/200  1.0 games/s  ETA 0h02m54s
[nnue-res-d4] 29/200  1.0 games/s  ETA 0h02m45s
[nnue-res-d4] 32/200  1.1 games/s  ETA 0h02m37s
[nnue-res-d4] 34/200  1.1 games/s  ETA 0h02m36s
[nnue-res-d4] 36/200  1.1 games/s  ETA 0h02m35s
[nnue-res-d4] 41/200  1.1 games/s  ETA 0h02m19s
[nnue-res-d4] 43/200  1.1 games/s  ETA 0h02m18s
[nnue-res-d4] 45/200  1.1 games/s  ETA 0h02m17s
[nnue-res-d4] 47/200  1.1 games/s  ETA 0h02m16s
[nnue-res-d4] 50/200  1.1 games/s  ETA 0h02m12s
[nnue-res-d4] 52/200  1.1 games/s  ETA 0h02m11s
[nnue-res-d4] 55/200  1.1 games/s  ETA 0h02m06s
[nnue-res-d4] 55/200  1.1 games/s  ETA 0h02m12s
[nnue-res-d4] 57/200  1.1 games/s  ETA 0h02m10s
[nnue-res-d4] 60/200  1.1 games/s  ETA 0h02m06s
[nnue-res-d4] 63/200  1.1 games/s  ETA 0h02m01s
[nnue-res-d4] 65/200  1.1 games/s  ETA 0h02m00s
[nnue-res-d4] 68/200  1.1 games/s  ETA 0h01m56s
[nnue-res-d4] 71/200  1.1 games/s  ETA 0h01m52s
[nnue-res-d4] 73/200  1.1 games/s  ETA 0h01m51s
[nnue-res-d4] 74/200  1.1 games/s  ETA 0h01m52s
[nnue-res-d4] 76/200  1.1 games/s  ETA 0h01m51s
[nnue-res-d4] 78/200  1.1 games/s  ETA 0h01m49s
[nnue-res-d4] 82/200  1.1 games/s  ETA 0h01m43s
[nnue-res-d4] 84/200  1.1 games/s  ETA 0h01m42s
[nnue-res-d4] 86/200  1.1 games/s  ETA 0h01m40s
[nnue-res-d4] 89/200  1.1 games/s  ETA 0h01m37s
[nnue-res-d4] 90/200  1.1 games/s  ETA 0h01m37s
[nnue-res-d4] 91/200  1.1 games/s  ETA 0h01m38s
[nnue-res-d4] 93/200  1.1 games/s  ETA 0h01m36s
[nnue-res-d4] 99/200  1.1 games/s  ETA 0h01m27s
[nnue-res-d4] 102/200  1.2 games/s  ETA 0h01m24s
[nnue-res-d4] 103/200  1.1 games/s  ETA 0h01m24s
[nnue-res-d4] 104/200  1.1 games/s  ETA 0h01m25s
[nnue-res-d4] 105/200  1.1 games/s  ETA 0h01m25s
[nnue-res-d4] 108/200  1.1 games/s  ETA 0h01m21s
[nnue-res-d4] 108/200  1.1 games/s  ETA 0h01m23s
[nnue-res-d4] 110/200  1.1 games/s  ETA 0h01m21s
[nnue-res-d4] 112/200  1.1 games/s  ETA 0h01m20s
[nnue-res-d4] 116/200  1.1 games/s  ETA 0h01m15s
[nnue-res-d4] 119/200  1.1 games/s  ETA 0h01m12s
[nnue-res-d4] 122/200  1.1 games/s  ETA 0h01m09s
[nnue-res-d4] 124/200  1.1 games/s  ETA 0h01m07s
[nnue-res-d4] 127/200  1.1 games/s  ETA 0h01m04s
[nnue-res-d4] 128/200  1.1 games/s  ETA 0h01m04s
[nnue-res-d4] 129/200  1.1 games/s  ETA 0h01m03s
[nnue-res-d4] 132/200  1.1 games/s  ETA 0h01m00s
[nnue-res-d4] 134/200  1.1 games/s  ETA 0h00m59s
[nnue-res-d4] 134/200  1.1 games/s  ETA 0h01m00s
[nnue-res-d4] 136/200  1.1 games/s  ETA 0h00m58s
[nnue-res-d4] 139/200  1.1 games/s  ETA 0h00m55s
[nnue-res-d4] 141/200  1.1 games/s  ETA 0h00m53s
[nnue-res-d4] 143/200  1.1 games/s  ETA 0h00m51s
[nnue-res-d4] 148/200  1.1 games/s  ETA 0h00m46s
[nnue-res-d4] 149/200  1.1 games/s  ETA 0h00m45s
[nnue-res-d4] 153/200  1.1 games/s  ETA 0h00m41s
[nnue-res-d4] 156/200  1.1 games/s  ETA 0h00m38s
[nnue-res-d4] 160/200  1.1 games/s  ETA 0h00m35s
[nnue-res-d4] 162/200  1.1 games/s  ETA 0h00m33s
[nnue-res-d4] 162/200  1.1 games/s  ETA 0h00m33s
[nnue-res-d4] 164/200  1.1 games/s  ETA 0h00m32s
[nnue-res-d4] 165/200  1.1 games/s  ETA 0h00m31s
[nnue-res-d4] 166/200  1.1 games/s  ETA 0h00m30s
[nnue-res-d4] 170/200  1.1 games/s  ETA 0h00m26s
[nnue-res-d4] 173/200  1.1 games/s  ETA 0h00m24s
[nnue-res-d4] 174/200  1.1 games/s  ETA 0h00m23s
[nnue-res-d4] 175/200  1.1 games/s  ETA 0h00m22s
[nnue-res-d4] 179/200  1.1 games/s  ETA 0h00m18s
[nnue-res-d4] 180/200  1.1 games/s  ETA 0h00m18s
[nnue-res-d4] 182/200  1.1 games/s  ETA 0h00m16s
[nnue-res-d4] 185/200  1.1 games/s  ETA 0h00m13s
[nnue-res-d4] 188/200  1.1 games/s  ETA 0h00m10s
[nnue-res-d4] 193/200  1.1 games/s  ETA 0h00m06s
[nnue-res-d4] 195/200  1.1 games/s  ETA 0h00m04s
[nnue-res-d4] 197/200  1.1 games/s  ETA 0h00m02s
[nnue-res-d4] 199/200  1.1 games/s  ETA 0h00m00s
[nnue-res-d4] 199/200  1.1 games/s  ETA 0h00m00s
[nnue-res-d4] 199/200  1.1 games/s  ETA 0h00m00s
[nnue-res-d4] 199/200  1.1 games/s  ETA 0h00m00s
[nnue-res-d4] 200 games in 0h03m02s (1.1 games/s)
[nnue-res-d4] summary -> sim/out/nnue-res-d4.summary.json

[tune] nnue-res-d4: 200 games, 100 pairs, pentanomial [4, 9, 36, 25, 26]
[tune] tuned score 0.650  Elo +108 ± 37  nElo 136  LOS 100.0%  draws 19.0%  plies 132

== exit 0 09:03:17
== 09:03:17 npm run nnue -- bench

> king-down-chess@0.0.1 nnue
> tsx src/sim/gen.ts bench

[nnue] linear depth 5: 388k nodes/s over 2.46s   1s search reaches depth 6.08
[nnue] residual depth 5: 282k nodes/s over 3.39s   1s search reaches depth 5.92
== exit 0 09:03:43
